sequence_id,role,group_id,pair_id
0007e1aeec6019a0448d19c50b5c15c127f93fbec2480a20980d255de2faa245,a,K562_region_01348,chr2:232485775:C:G;chr2:232485833:A:G;var1;middle;OL41|K562|b45276fa61815d53
000954bb10c993ef863df200e135eddd16c2f60c7fee23ea29c3297f6fe1afc6,a,K562_region_00654,chr15:80206958:C:G;chr15:80206964:C:T;var1;middle;OL41|K562|b3d47bcc681c3eec
000a29360b62ac373b7aecb6858668ef7c525b314788b481eb19d722cee49538,a,K562_region_01859,chr6:107220167:C:T;chr6:107220247:A:T;var1;middle;OL41|K562|d1095a3968138565
001d1c1ad4b5430ea0c047d1d6146faaa075927bea7848e54f7554f5b76bb3c6,a,K562_region_01481,chr22:19689697:C:G;chr22:19689782:G:A;var1;middle;OL27|K562|aa59112c8589000b
002a71b725298b13435c154c9f731ab1294026a93443ac8594a28e384c362155,b,K562_region_00581,chr14:77787695:G:T;chr14:77787759:G:A;var1;middle;OL41|K562|753f7df91aded6cb
002c3e1809dab7419d467c8bdb41fd931701799596681fbba2e19c041b6c5e30,b,K562_region_00903,chr17:40824823:G:A;chr17:40824834:A:G;var1;middle;OL28|K562|4491db8ce6435603
002f0732ee31c8337b1007b396605f7a6d381f41c6af52482054612b14a9c5ff,b,K562_region_00353,chr11:64006907:G:T;chr11:64006909:T:G;var1;middle;OL28|K562|a892ade35c466dd1
0030d650dc0d0804c81f3357380ce50ef129f569af3ba96083a0aa39f1c8d3fa,a,K562_region_02235,chr9:140169246:G:A;chr9:140169249:G:A;var1;middle;OL41|K562|8cf5477adcd4b417
0038c6ca312f8f0934e3887f10af7605be04cb61fa43c9b21d841ec6476e3794,a,K562_region_00496,chr12:131519661:G:A;chr12:131519684:T:C;var1;middle;OL41|K562|124177efe565cf2e
003c1b2ede81607116acc1d00e7d90ddd160c869679ef4b769d72bf6801ebd92,b,K562_region_01656,chr4:1685137:C:T;chr4:1685211:T:C;var1;middle;OL41|K562|793fb54c64c623ac
003fcaf43d6ffa48741054ee7bfc169d6d22d9cf06a4f0cdda41d6c7ecd51762,b,K562_region_00813,chr16:88837243:C:T;chr16:88837298:C:T;var1;middle;OL27|K562|0f7bdb0831a99ea0
004f79dd39202481ca7eaeb8016be73df1e65220437c2a67131db3d761c48835,b,K562_region_00017,chr1:9343528:T:C;chr1:9343551:C:T;var1;middle;OL33|K562|d7d15c047f83b9d5
006465553d1e91674068a789af79f3ce7e7d51a4b53f82029e1a27df004905e0,b,K562_region_02060,chr8:11644751:A:G;chr8:11644821:C:T;var1;middle;OL41|K562|b2f05aa1b250d10f
0066784ca418ce7df81a8a67b7eb16b6ac90a842ff8ee5b523a42f151cd88ffd,b,K562_region_01414,chr20:56556061:C:T;chr20:56556146:A:C;var1;middle;OL30|K562|bfbe3e9d8a372030
0066f42a2d4027ff4c52dcc2fcca93e3cdc528da95037a7e0cb4b61de1b2c84d,b,K562_region_00440,chr12:10581591:A:G;chr12:10581595:G:C;var1;middle;OL27|K562|d2ab4ca8c5642496
007313bfb2c01a0ef5ceb7b7b4f5cd910a396a03b54fcf8598be7a6c4a9dcfae,b,K562_region_00918,chr17:48132727:G:A;chr17:48132763:G:T;var1;middle;OL41|K562|75471184d9db71e2
009a1d0440029283cd4d3d55dfb2c3016e75f07293f9e44b458378a854ce364f,b,K562_region_00301,chr11:805578:G:T;chr11:805589:G:A;var1;middle;OL41|K562|cdc76dad5c939e6e
00c014462431eac25cdaa53e274423c2bfe306ab61512372bef89d3556c432c8,a,K562_region_01408,chr20:55990370:A:T;chr20:55990405:T:C;var1;middle;OL31|K562|5a75d8f97952db7d
00c1cde4da01c0167bcdd181bb96f04185af8bb295202ce3c0343191c377ed1a,b,K562_region_01733,chr5:9547941:T:A;chr5:9547965:C:T;var1;middle;OL41|K562|78722586698e4bda
00cffe640f694020d989ef3bfad9161ca9f67e6efafb684f2b3f351be547fb47,a,K562_region_02102,chr8:126485294:T:A;chr8:126485337:A:G;var1;middle;OL30|K562|40a34c2a9e8721b1
00e1aeb00fbea2167d60d96e89d0a48ccf91c2dfd471b7df9d3cefedf4844beb,b,K562_region_00086,chr1:101620490:G:A;chr1:101620526:A:G;var1;middle;OL30|K562|ae2e554da62d548b
00e2f687024e49bef69899fd2dd3e5af6b31544a8b3c06bcabde1814b9993566,b,K562_region_01454,chr21:45198522:G:C;chr21:45198557:G:A;var1;middle;OL41|K562|d8f2f250630facf8
00fdd04fc0020c36744d6de27fda9055ff2df765a4453f944b84cab5dcca692f,b,K562_region_00052,chr1:43296173:C:T;chr1:43296195:C:T;var1;middle;OL41|K562|8ad87b459bf2fbd5
0105f5e2e2e2b9d4f6d75afbc7d7d85acfeb9507958d4482f720e89ce6f92abf,b,K562_region_01310,chr2:132796362:G:A;chr2:132796380:C:A;var1;middle;OL41|K562|f3850c784179a60d
0112d5c0a14ebfd0bf910fee34996002f2c0bcd642b01b4cc2281e4b2e64dec8,a,K562_region_00338,chr11:17298814:A:G;chr11:17298859:G:C;var1;middle;OL41|K562|5f0e9c4c3ef1332e
0113ebc3368615485821653ef46de4529d27caf05b060d2aca85df4ddab07a72,b,K562_region_02097,chr8:92775372:T:G;chr8:92775386:G:C;var1;middle;OL33|K562|e114229503732332
012e853919d05f622aa19dda8793fd001b5e994d498a5e47c9bd367e904ffc57,b,K562_region_01625,chr3:167453969:A:G;chr3:167454002:T:G;var1;middle;OL41|K562|446328e10ef0f7f4
0135699eb948c648a93addd5d0b044c53eac38bfcc655de7c59229c222a08ca9,b,K562_region_00482,chr12:116975822:T:C;chr12:116975847:T:C;var1;middle;OL41|K562|89a4b5054d7d32bf
014841b93946ac81e8d880f3e641b4b0fb604f3d6fd8ed12fa1c197ed7bdd895,b,K562_region_01150,chr19:46974728:C:T;chr19:46974781:G:A;var1;middle;OL41|K562|c520d95f9ce807e2
016046fb9bc6627e0319c68e5a2834cb721d73b030000090af520a33e16b90a6,a,K562_region_00515,chr13:43597865:A:G;chr13:43597932:C:G;var1;middle;OL41|K562|cea72269dcd68035
016c79259142d8b99089592cd4f9298132e7f456e9554671456b5511cb078f9b,b,K562_region_01737,chr5:32829929:T:C;chr5:32829975:C:G;var1;middle;OL30|K562|14cfd3da9a150108
0187fcba8352e646dcc87920636f8fb4befdd8de6c05ae042205872917959a5b,a,K562_region_01622,chr3:156795468:A:G;chr3:156795525:A:G;var1;middle;OL30|K562|05aabc1511c2f894
018c38fd8a0c82710a1e5052f4a34b27f498a07ee3e5f26b6f390fd7ee9915d3,b,K562_region_00740,chr16:15129158:A:G;chr16:15129162:A:G;var1;middle;OL41|K562|b3fee0bf85daeeff
01b23abd18ce11c283366dfea6312ad7f4084c4810b10e17f3eeb8cb9fc7e6e4,b,K562_region_02009,chr7:128712868:G:A;chr7:128712874:G:A;var1;middle;OL41|K562|51ae748b1bc65305
01cf973e02cfa16805e428cbc3bd0b6f13275aa41fb6085e8ee8b9016c16a06a,b,K562_region_00976,chr18:6728467:G:A;chr18:6728488:G:A;var1;middle;OL41|K562|d752de4068270e85
01e3e351e331660abc1b8a5777efffc182adb8f41578e2dbcb478455c0c487e0,b,K562_region_01878,chr6:141219600:T:A;chr6:141219631:A:T;var1;middle;OL41|K562|c71e135ac2cd354c
01f2d41c376e99d0af9018778623115cc858060ff9ee1e4ab44537e76e716630,b,K562_region_00484,chr12:119709698:A:G;chr12:119709787:A:T;var1;middle;OL33|K562|809b340da59aa02b
01f4d469d9fccdc71df5a9689537a4482c42dbe8c9d9c7835997432d68e31b46,a,K562_region_00314,chr11:3148003:G:A;chr11:3148037:G:A;var1;middle;OL41|K562|aedb989b23662e2d
01fdbc4db54f73bd9ec72351a25de7ddd75826719ba7b161019ad3bc0b746b0e,b,K562_region_01116,chr19:21950337:G:C;chr19:21950402:T:C;var1;middle;OL41|K562|a1414725af6d3d1c
020673b78684a051a6506ca9b674205c4c86b963a517f207057d360ddb903fb1,a,K562_region_01874,chr6:138426976:C:G;chr6:138427047:A:G;var1;middle;OL41|K562|b9f710f360ed8350
0220ae646fecdc500b940310181aa51fcfe85951a67f1cdc40bb9b1bab875ddd,b,K562_region_01086,chr19:15748675:C:T;chr19:15748681:T:G;var1;middle;OL41|K562|bfce5ebd23ea8c56
02312b6356defddca09400650df6c388d8db3a5e163a85f13be8f3154fe8ac3f,a,K562_region_01388,chr20:33871661:T:C;chr20:33871675:A:C;var1;middle;OL41|K562|6d60c20b971a616d
02344840963d431d5fe5c12ad3eaeb64fcaa27de64c108937925442900a58fe1,b,K562_region_01408,chr20:55990370:A:T;chr20:55990405:T:C;var1;middle;OL31|K562|5a75d8f97952db7d
023f97c2a285e4cebc926af6c3202bddf5de0d8b6a6f2cac3b3984018a59c0cc,a,K562_region_00990,chr18:42815791:T:C;chr18:42815793:T:C;var1;middle;OL27|K562|edebeb260ca148e8
0250a09ba150d36067d3010f19c2e956f5d214bec4151ab27f869458570f1e59,b,K562_region_00132,chr1:165406187:T:C;chr1:165406243:C:T;var1;middle;OL32|K562|740d925fba1eec1d
0250eb53349b2395321d3adcaa94d5698da8fb68663022cc4eab6158317af0b8,b,K562_region_00204,chr10:17010742:T:C;chr10:17010798:T:C;var1;middle;OL41|K562|27a4e70af0f87cb2
025893e4c6d36da060e3a3b61e5f0178c1a380f5882be6db5ec18ed4627d9fa7,b,K562_region_00796,chr16:85120500:C:T;chr16:85120510:A:G;var1;middle;OL41|K562|a80e1ceb5e2d873f
0266a9e8d7417ffa4ddbb6e0459e1fc3708253ddd256d643c3ef9eaf0bb9c339,b,K562_region_01176,chr19:54023986:A:T;chr19:54024017:G:T;var1;middle;OL41|K562|47c393c537c27afc
02790a0dba70988dabf739fb27ae35ccd5d393cc4b600f022c68a2aa2743dbe4,a,K562_region_01112,chr19:20844392:A:G;chr19:20844477:C:T;var1;middle;OL41|K562|5dd9bbb2b4a215d2
027c9e20d1c7144b8567e601e6f16f818ee07cff8f05dbaea4e8128e17f01dcb,b,K562_region_01643,chr3:194784551:G:A;chr3:194784560:G:A;var1;middle;OL41|K562|a3d380caeb9b67f4
027ce492e5e25821d94e20f6c11abae2702c278cb81e9a45998dd8691cbbb290,b,K562_region_00784,chr16:81531460:G:A;chr16:81531530:C:G;var1;middle;OL27|K562|487f5f1555aae169
027efd5ebdcff85dfac550c940134aed1b2ee37f93986178cd31321c031c8541,b,K562_region_01153,chr19:48097205:T:A;chr19:48097257:A:T;var1;middle;OL29|K562|6cc6547cd4ef2e93
028941cfbb6654240c10772bfecf7fb38f91d7e4e2e251da56e6f1013ae89b3e,b,K562_region_00022,chr1:11797186:T:C;chr1:11797234:T:C;var1;middle;OL41|K562|0d88a940530ddfd7
028f55422a33153dacbe5e6bb2a166dd9f773c25e4ba29bbe212fdbc51c601d8,a,K562_region_00691,chr16:997475:C:T;chr16:997534:G:A;var1;middle;OL41|K562|9c80546a6069e498
0292b22c1c51763a3685e41a65ac50df44dde0ef8b9adb04caf31edd8a54c2b7,a,K562_region_01295,chr2:119982576:C:T;chr2:119982624:C:T;var1;middle;OL41|K562|331e57a2fe564f07
02a02546932cfd1f49c52fdc22c08a248f2f0b189330c47da9057b4d883c53f5,b,K562_region_01871,chr6:135419631:A:G;chr6:135419636:C:T;var1;middle;OL28|K562|7660116514d311e3
02aa9bb4f2616349deb8f438044271726e543701cb269ef797b18883a83ff531,a,K562_region_01457,chr21:45515347:T:G;chr21:45515366:A:G;var1;middle;OL41|K562|b43a8ca241b0279a
02af647d34dfe1d54ed52f1cd5bd85860a2849213dd869800c21dcd32808e143,b,K562_region_00425,chr12:4331204:C:A;chr12:4331207:A:G;var1;middle;OL27|K562|f901e85122eba3fd
02b442ef67335ff393cf56647bd0950ba9ae939c3eb8d8e10a3a406d81c8bd22,a,K562_region_00360,chr11:66342611:G:A;chr11:66342691:G:A;var1;middle;OL28|K562|587fcd7184de6571
02b80af9f0e49a23ffa37cb1e6824c07ea52f7de2b86f26e9ad9fdb57ebe5393,a,K562_region_00318,chr11:3663224:G:A;chr11:3663273:C:T;var1;middle;OL41|K562|8dd23406b8885d16
02ba72c51b68a36ee952a9382806cd5c8ec7fe4e785f7058778919c848f30b0e,a,K562_region_01524,chr22:39063011:C:A;chr22:39063015:C:A;var1;middle;OL29|K562|4abb68b8f714a26e
02cac2f55a5cc71c131c43f44ea3058b998119d9061f61e91b1e8597e4a49ec7,b,K562_region_01539,chr22:44424108:C:T;chr22:44424192:G:T;var1;middle;OL30|K562|10ce97a8d1e2972d
02d6651fd4a28126808615fd1a1c7d8a70c1d576778d4997a0527d72a461b0c1,a,K562_region_01419,chr20:58252848:T:C;chr20:58252899:G:A;var1;middle;OL41|K562|f717cc9c219d0fcb
02dd19ab82cbd1a464c8dcde6087e4d0b06ff922240f6157aace521769c2900a,a,K562_region_00330,chr11:10519816:G:T;chr11:10519896:A:G;var1;middle;OL31|K562|9d23803d609ea542
030d6ba5f4fc878cf26e2164689f7226e45fb18eb612f9228d90c489b59dd5d2,a,K562_region_02181,chr9:106856910:C:T;chr9:106856952:C:T;var1;middle;OL41|K562|da53955717998610
031ecc552132a77959bdb7b99277c4791746ce0f9dfcc99f23be55702c88d9c1,a,K562_region_00370,chr11:72354025:G:A;chr11:72354028:C:A;var1;middle;OL41|K562|e98db4897fdd8a4e
032b442b380c04c40018d27bf1f6d5908d10c76cc7fc121f614ddbd9f49c7443,b,K562_region_01815,chr6:4133766:C:G;chr6:4133855:C:T;var1;middle;OL41|K562|06029bd171ba0ebb
0348240680197d18ca8e17ca0eb71daa33b0cc6109dbe69537174a569d616862,a,K562_region_00073,chr1:76612002:A:G;chr1:76612053:G:A;var1;middle;OL29|K562|137f4d22bac17504
036315a5c27a3c409aaa09e6018c66b11927a147e522697782bdc30980767fa3,a,K562_region_01507,chr22:24342840:A:C;chr22:24342860:G:C;var1;middle;OL41|K562|a4c3ff6835ee60b9
036d93b2608b4703240497e287fa239dd304f2aee869c334e251ffc91b759669,a,K562_region_01748,chr5:68043894:A:G;chr5:68043900:C:T;var1;middle;OL28|K562|5b44d905f07b2d5e
0385d686c941705760a96ce5d0e7ddefd92c67e5558fb7376a0b149edb1229f2,b,K562_region_00725,chr16:4460114:A:G;chr16:4460133:G:A;var1;middle;OL41|K562|dfcd876ef7d1a2a8
0388f3f51a69b7c7172d68430fc5949bbaa2dcdefebf295fa7386cbf66f2702f,b,K562_region_01024,chr19:990702:C:T;chr19:990736:C:T;var1;middle;OL41|K562|2f423718378de980
038ccb2db74d1fc91d7aaf6138ffa67028e1b8cabe69db6076a676da437e94bc,a,K562_region_01087,chr19:15890777:G:T;chr19:15890800:A:G;var1;middle;OL41|K562|35c88a17c56fdfe8
03952f0067c440a72a8d4ddf6f6196b376582ae1ac7640efe232599f97d791ed,b,K562_region_00215,chr10:48722514:A:G;chr10:48722524:C:G;var1;middle;OL41|K562|58d25260ebbb73da
0397226b656a40ecdd21a581a08516595605e454b46209204cf103f034809c6e,a,K562_region_00182,chr1:237194922:A:G;chr1:237194935:A:G;var1;middle;OL41|K562|405a75f3ce97c7f4
03a3d04aad47548db3c4ce9d19a55b8db55eccee57603051e87dfa3bd65ded81,a,K562_region_00219,chr10:48959560:G:A;chr10:48959607:G:T;var1;middle;OL41|K562|b3c8079288d63521
03b993d5be5e3133e0494cb1d0a30a8ced96b8797007b6964c4ba3601376180c,a,K562_region_01412,chr20:56137807:A:G;chr20:56137834:A:G;var1;middle;OL27|K562|bb64c10d50389f47
03cea9c85aa91ca7f6ba1feb1f4925b67d9adf18279f52a9d1e49c299834da3a,a,K562_region_01016,chr19:488470:C:G;chr19:488506:A:G;var1;middle;OL41|K562|7c0d0894fb9d92de
03d15382b73ecfde9f87b0fb51eb4578a5e03180704ba8ea620863ec672c29e3,b,K562_region_01472,chr21:47711967:G:A;chr21:47711984:C:T;var1;middle;OL41|K562|58847498b4a5a53e
03e67b6772078fb6913d14a64ac5bfbcfcb73e1d12a96ae315fd882272cb3b04,a,K562_region_01491,chr22:21332409:G:A;chr22:21332441:T:C;var1;middle;OL27|K562|4acaf0bbf6e0d756
0402f0f6ae98abda83d0954e3b61609106c27da678d7dd46875f0d4d987ab174,b,K562_region_00414,chr11:131449365:A:C;chr11:131449439:A:G;var1;middle;OL29|K562|2c0b606ad29769fd
04112148b938a0f6d82d0ddcf49502ee050550293fc3308303562c4f9dd7a219,a,K562_region_00622,chr15:46586088:C:T;chr15:46586095:T:C;var1;middle;OL29|K562|48c0e003865598d0
041305fd93351954a96128a7d2c3fc6a6b2f7ff79b879c45d55c0268a7b2174d,a,K562_region_01939,chr7:24796502:A:G;chr7:24796541:C:G;var1;middle;OL41|K562|3e275fb1862282f1
04154d90add944a161cce6d7f1c72bb10cc6491559685f92e9178f06d9f64145,a,K562_region_00555,chr14:24809185:T:C;chr14:24809191:T:C;var1;middle;OL41|K562|9b72700d789051b2
0421b3631ef9b19286b07a9a83970e4adeae96906071c00a301aee4324928a05,a,K562_region_01081,chr19:14492219:C:A;chr19:14492265:T:C;var1;middle;OL41|K562|c248e4b0584be407
0424a654a09661f5ce27c78cbffc83cdceb186d0f936d5bdd1b84e8f440950a0,a,K562_region_01027,chr19:995640:A:G;chr19:995676:T:C;var1;middle;OL41|K562|e10f29a039647540
0436f8004043566d5150f9b18cdc138f6bb6136f3d18ff5cc149df6a13ea8db5,b,K562_region_02198,chr9:116056111:T:C;chr9:116056140:C:G;var1;middle;OL41|K562|9c1146b5cd28321c
0447c6ab67126d801b28b5f5fc50096cf5e185ccb7724db51bbdf0f75d637092,a,K562_region_01302,chr2:131097247:G:A;chr2:131097253:G:C;var1;middle;OL41|K562|3044995c44eb6b22
044af6e91d676ca42cd5efbe60a306cff0a82881f879d93ec5a1f328a5bef7c6,b,K562_region_00739,chr16:12072124:G:A;chr16:12072203:G:A;var1;middle;OL41|K562|1d5214320a390623
04502a4e9c29b85ef9dfa051d839001692b15866c08d1fdbf42ca6e75c38c995,a,K562_region_01473,chr22:17488669:C:T;chr22:17488727:A:C;var1;middle;OL41|K562|45ff9b41afea5b38
045e60265004872e5f4cb236db830b7583da03a1a77fd06e6c0445cad3233f54,a,K562_region_01537,chr22:43549648:C:T;chr22:43549652:C:T;var1;middle;OL28|K562|82b23868336fb42a
0470155a9888863418c28868a4e3c5f4c01f983bcf62cccc1a18320522bf325f,b,K562_region_01079,chr19:13948312:G:A;chr19:13948397:T:G;var1;middle;OL27|K562|a8f71344dfc3b5be
047e4b87c0818529aeaf0e3dbb33f4fd7527baa79f924691e62d8b1daa418fce,b,K562_region_01685,chr4:40820469:G:T;chr4:40820533:A:G;var1;middle;OL41|K562|6e68322bbd9e33d4
048bce93e5b76c2e829fa2d9a1210367bff1560525e07bd7c6e53e9137bb786b,b,K562_region_02085,chr8:27935535:C:T;chr8:27935591:C:G;var1;middle;OL41|K562|195519cd6efdd1ac
048c0aa604e72054af798582bdce901c197e507e8c68a30b5bb3846e092a0f11,a,K562_region_01117,chr19:32585186:T:C;chr19:32585236:G:A;var1;middle;OL27|K562|3cbc4b501ef856ce
04a359e991031025c0591589f34a4e860958aab60fe8fb4e3cc45fe9777c7a9a,a,K562_region_01696,chr4:77608665:G:T;chr4:77608681:C:G;var1;middle;OL41|K562|1b2d3abacb81515e
04a86372dfedbc619efc4a0797b133fed597cb4394f5b09c7075ebce2a9ff5c8,b,K562_region_01298,chr2:128178191:T:C;chr2:128178272:G:A;var1;middle;OL41|K562|1c4afa12af6388aa
04ac216761a39ef5973809791e4bd91daf097132e6713ec5f0a025af8d45dedc,a,K562_region_00065,chr1:55521109:G:A;chr1:55521195:C:T;var1;middle;OL31|K562|08d0f06ded24b0d8
04acc092467e97bf9c0ff86b83480139787299017f9b39852916c7c165e341a7,a,K562_region_00934,chr17:66203079:C:A;chr17:66203119:T:G;var1;middle;OL41|K562|0b8041ccba2e756e
04bcef708c8f8bf284d27fe04d0e1302fb812b7d4b91f708d9f36eb8f1a7b71f,b,K562_region_00743,chr16:16038160:G:C;chr16:16038212:G:A;var1;middle;OL31|K562|40cc9df71057d587
04c4bc52c839c91bb4d0b96e943d4a8a1287fab11ead0bae4b443f91fd2b2b35,b,K562_region_00789,chr16:83794986:G:A;chr16:83795059:T:A;var1;middle;OL41|K562|2b384ed6d7a66d80
04c7790e9f8372707215175f6dfd52bf92dd9aecaae1916d05c51327935e4d3b,b,K562_region_00375,chr11:75455309:A:G;chr11:75455373:A:T;var1;middle;OL30|K562|c75c942ef8ae91b2
04c96a72d2153b6a0403f31cc81a8789045e3aff4eadc53e045c04bdc98e4fb0,b,K562_region_01713,chr4:175041378:T:G;chr4:175041460:G:T;var1;middle;OL41|K562|0d237a9063209813
04cf5ce8673122b1134b8e33182b7871320c1cc5c172a4fa1649311e4fd23a69,a,K562_region_02230,chr9:139847500:G:A;chr9:139847570:T:C;var1;middle;OL41|K562|e74f87490f47ec14
04d082000857e3ab1d4323eb28040598bdde15b96c1a08e4702fccba0da084a7,a,K562_region_00444,chr12:12618204:T:A;chr12:12618259:G:T;var1;middle;OL41|K562|e0d75cfcf6692e6d
04d704cb6855c498bd746b8322e2958e7788174de5d510bae57dca759dd5436b,b,K562_region_00918,chr17:48132643:T:C;chr17:48132727:G:A;var1;middle;OL41|K562|0cb3dd13e072c57d
05300ffd928fee7bf272b13b08ee7c3d786012f2c449f131b6d6e7186a5cd1ca,a,K562_region_01289,chr2:113934174:C:T;chr2:113934226:C:T;var1;middle;OL41|K562|3793db31e47f12f8
0541836b7b3574dfae57a0a01169d6a001a98b7c0eabc8cf2a1211c368526ed6,b,K562_region_02224,chr9:139428802:T:C;chr9:139428810:G:C;var1;middle;OL41|K562|f856ecb623282bdc
0547472581d8d6cf3a046f92cf484e4189b27b65f4d625e5460bdd40fc7c0054,a,K562_region_00356,chr11:64819168:G:A;chr11:64819218:A:G;var1;middle;OL41|K562|2bab8f0f17c9a35b
05495866175342fae3b445f7a50b6bccf62ea7ed1ad8616533ddec9029a2d1fb,b,K562_region_00292,chr11:324635:G:A;chr11:324699:C:T;var1;middle;OL41|K562|90b71d3f940b6e18
055ce8ca0e95f12e6c75502afd4d23892a4adb9923cbcf7dad729745f658008e,b,K562_region_00127,chr1:161646112:C:T;chr1:161646120:T:C;var1;middle;OL30|K562|d9bb1239b6f68a90
0582c8ec4f9eac914fc88c9411fee45c99914e52a4c23f6ac801903aa71c55e1,a,K562_region_02050,chr8:10009949:C:G;chr8:10009952:G:T;var1;middle;OL41|K562|a8233863ab9f328d
05846e61cc973f0ec5cf5eda992e9df7dd2c733f38650a299ae8253602784b17,b,K562_region_02012,chr7:130126780:G:A;chr7:130126860:G:A;var1;middle;OL41|K562|110b5d9914d2e718
058ce6683bff419fc9fd4bf5472861c0f7a6cd6736709a8930b3c2d789614ac4,b,K562_region_00225,chr10:52419989:C:A;chr10:52420016:T:C;var1;middle;OL41|K562|6c9fd37c4c9ef22f
058f36d55d7dc25a5651d4e18ba64dc8c256868ac22b187d8f13e4621590700d,b,K562_region_02129,chr9:4664836:A:T;chr9:4664852:A:G;var1;middle;OL41|K562|ce6972c0bcb8e1c0
05900cfde4fd6330c474947fd351c14a66522a99200cbaa914f4f28151ec1654,a,K562_region_00528,chr13:76123641:C:T;chr13:76123678:G:A;var1;middle;OL41|K562|06e24f71df2fac0e
059941e2d885edec6da672aa2274ff22dd8f12b669bbc3b8c5cdb975a3b68179,b,K562_region_00057,chr1:52007934:T:A;chr1:52007975:T:C;var1;middle;OL27|K562|de3e7fc50535495e
0599bad927283ea503767db10245b6c2ce4c3fa3c598c9fb8f42c79bb946d134,a,K562_region_01751,chr5:77811561:G:T;chr5:77811638:G:A;var1;middle;OL30|K562|06817d3cc2afe3af
05a13cb6258f98d976dcca7e68eb47c199025650187798b6b3bd42bef91b9f56,a,K562_region_01888,chr6:155635624:A:G;chr6:155635637:A:C;var1;middle;OL41|K562|456dc6bcb6aaf10e
05bc6c044d3e909c6f93ad87b5f932db6c10aa34c19aa91c7969ba9d76622210,b,K562_region_00202,chr10:16479251:C:G;chr10:16479256:T:C;var1;middle;OL41|K562|59adbfea522a62b0
05c92f0366ca716eba4f554842e266b6b43a47397081afeed8b04559c0e9a847,a,K562_region_01094,chr19:16443300:C:T;chr19:16443332:G:A;var1;middle;OL27|K562|c9b24ff23825e347
05d8f36b13c57a8a6e4ad909733cb24e4534156ab87a5d69cae6c4d9199d9637,a,K562_region_01359,chr2:242033696:T:C;chr2:242033770:T:A;var1;middle;OL41|K562|f3ccab3456f478df
05e38681c09d4df69bec70a1c48fff0cdc912292b439c0cd19305d1a380dc257,b,K562_region_02047,chr8:9018599:A:G;chr8:9018657:T:C;var1;middle;OL31|K562|bad106e47b7b68d6
05ea799004389b058e58228161fbeb719d4395a905ca1d7e4cff0f2e33d88df6,a,K562_region_01114,chr19:21778138:C:G;chr19:21778217:A:G;var1;middle;OL41|K562|6a27ec9aae86b57f
0609e8fd487eaefd0718d2bc53ad95ca114c06ea3c981065e89ba831daf4260b,b,K562_region_01927,chr7:19145326:T:C;chr7:19145340:A:G;var1;middle;OL32|K562|ceb77f004de0f981
06119e6cc6215e8b51833e99e818835d65ffdee9d5b43d7bf1c00d31b83cb726,b,K562_region_01010,chr18:77722378:G:A;chr18:77722401:G:A;var1;middle;OL41|K562|ed16ec041236e024
06175181775e1040c53b32a71aae9aafeff07e0094237884d4dc3cc814613662,a,K562_region_01205,chr2:5978658:A:T;chr2:5978739:A:T;var1;middle;OL29|K562|f2535e5ddd61954d
0618ec859fb54cab93ff1932a3938fa23d47e13429eac3e2bd7c558338e33aff,b,K562_region_02056,chr8:10964906:C:T;chr8:10964969:T:A;var1;middle;OL41|K562|7e9d39d753845b9b
06290d3b0c64b40f5b7791daa50447d5c1a9d66f7360142f9ff43d90dd5c0652,a,K562_region_02149,chr9:22132698:T:C;chr9:22132729:A:G;var1;middle;OL31|K562|df4dddde9431b32f
06332392265b57727dafc745575564ae102249b5fd5a7926597d8f23562d41e0,b,K562_region_01150,chr19:46974678:C:G;chr19:46974752:G:C;var1;middle;OL41|K562|8877334b09eed0fe
06541e4122e2c8bb7936954ea53b037d9940faadde5f04c3291153b617bfa56f,a,K562_region_01108,chr19:18811966:A:G;chr19:18812024:A:G;var1;middle;OL29|K562|566a9a43ecf3a891
0662421c08742f68908a7a2d33ef2dd32628ab3a32eda0e75d7d7cad1cc1e593,a,K562_region_02030,chr7:150784260:G:A;chr7:150784262:T:G;var1;middle;OL29|K562|08cee4419b9f6848
066e8e72dc3951662e8f151348e6bddbfa4a3921d80bd67c23c5eced1a60603c,a,K562_region_00137,chr1:183155399:A:G;chr1:183155482:C:A;var1;middle;OL41|K562|96c30a33e5b3fea5
0678a2d26067c282a2adc822f035c96337ed4258840318db7a950ff8bda31125,b,K562_region_00340,chr11:18433840:C:T;chr11:18433889:A:C;var1;middle;OL41|K562|171c47a7e921da13
068c2ceb2a692ae9d2f84da243636a578372e401b4ffb217a0c6f49935159cce,b,K562_region_01682,chr4:25954096:G:A;chr4:25954102:C:T;var1;middle;OL29|K562|a3e5c68d87a5321a
06b74d1e9f57db49bc4e1adbca27f87f069b83662ae3d64e184aa600cc487655,a,K562_region_01306,chr2:132250941:T:C;chr2:132250966:T:C;var1;middle;OL41|K562|e38f94d263fee1cb
06cb62966f050c9497a48a35829f83535c1b8a94d4df696e2a753624a0fff9dd,b,K562_region_01351,chr2:237779229:C:T;chr2:237779235:A:G;var1;middle;OL28|K562|e9bd9e11f2523d01
06d8bb20e0a926028ebfccf7df820ce6da5c84991f5c812271977a7683d0b528,b,K562_region_01124,chr19:35800662:G:T;chr19:35800720:G:C;var1;middle;OL41|K562|409f7412acd5b65c
06f4780b138a5d5e85470978b16e4701cf028b3c79cf9412aded0d51e83ef1ca,a,K562_region_01436,chr21:15352877:T:C;chr21:15352881:G:C;var1;middle;OL41|K562|3c6af06893abce43
06fbbd741e78b84bba469c320f9add0c3a742242d5dc9aa9103ea2e2e224e810,a,K562_region_01866,chr6:121763963:C:G;chr6:121764006:G:A;var1;middle;OL31|K562|ae338246cd0a7d2a
07020effb02c056d2f502ff1d85898f40acece53aa075aac4ad15c771f821fb7,a,K562_region_00480,chr12:110087006:G:A;chr12:110087038:C:T;var1;middle;OL28|K562|db0cc75f188e10ad
070b42de9681af3b3adea38f758cbd8f863446e2c20cda7d36a77c662530719e,b,K562_region_02145,chr9:14292104:T:C;chr9:14292138:G:A;var1;middle;OL30|K562|46ff4d5149bd7297
071462ab2976f79d1a12288502e3da49c1dad757be27c86bd4a2ffdc8545447f,a,K562_region_00628,chr15:58723426:A:G;chr15:58723479:T:C;var1;middle;OL30|K562|ded6f090917d5e02
07190e8d41c8b6cfb9f05bf4c9def6158384f0b20b540ed3adac8bbf493a0a49,b,K562_region_01055,chr19:3538646:A:G;chr19:3538654:G:C;var1;middle;OL41|K562|7264eaeaa20b05d1
072492364ad001cfdc2a5ea9e0b3d7039704e2f27b970941934fa270c03683af,b,K562_region_00900,chr17:39820170:T:G;chr17:39820177:A:G;var1;middle;OL41|K562|6e0249fa2a4d478d
072b52af985ccaecbd744fd620be5f11273d539d4cf1122e940865e74c64530d,a,K562_region_01307,chr2:132285310:C:A;chr2:132285356:C:A;var1;middle;OL41|K562|7d0884be85f2a4fc
0735c2a92e6ecb992e5abfef246d0962447f5376200c4684f3949f73788b3f2d,a,K562_region_01282,chr2:101179122:T:G;chr2:101179174:A:G;var1;middle;OL41|K562|2fb6348aae69581a
073c4d0650368e996e383c970f2b03db9c54e5515e8751deff6028bb858c1e6c,b,K562_region_01747,chr5:55861595:G:A;chr5:55861601:G:A;var1;middle;OL30|K562|85a40d15056c51e8
07474c5dfea1c19633bd697ed46b6412e26d4c15c0c2cf005021ff6d7b211dc5,a,K562_region_00928,chr17:58156330:A:G;chr17:58156392:A:G;var1;middle;OL41|K562|f1149fe5d017fa32
074a3813a54eaa63b66c5c8561203d3a94a876fb205ee8188d2b0858f2d45960,a,K562_region_00734,chr16:10635566:T:G;chr16:10635586:T:C;var1;middle;OL29|K562|82e448aa3f50638f
075369c2cc3d8de18fb8348c537a29390e9f412486b2d2bd86f68719be8c3d8b,a,K562_region_00109,chr1:144909155:G:A;chr1:144909163:C:T;var1;middle;OL41|K562|a43f985d8415e7f8
07560b9a583a1dc2b170238fcd84993ab7ddfe53163f7d6c9ccb69025ab9fa38,b,K562_region_01834,chr6:37484698:C:G;chr6:37484729:G:A;var1;middle;OL41|K562|50fd37cf1a9c13ea
075c218ca5c437530780d273890066a4ed0d9b8aa0b65d91f37661a8be1eacf1,b,K562_region_01195,chr19:58962958:C:T;chr19:58963018:C:G;var1;middle;OL41|K562|b0f9542e52df8d0f
075cc0e52cc1d1e328b98f47d2860f535813a3395325b761590256fa7077d0c9,b,K562_region_02220,chr9:136196161:G:C;chr9:136196174:G:A;var1;middle;OL41|K562|c52ecc55042c14c5
07680c4eee609f9da1e72b4ddb57da2659a150e58543315919fbb5f9be6afbc6,b,K562_region_01530,chr22:39496663:A:G;chr22:39496744:G:A;var1;middle;OL28|K562|d4d31130c372fe5e
07871cbb192aa55175b8ba6812e459cf16abb9db48d9bcfac68c49d3224fe3ba,a,K562_region_00590,chr14:98646886:C:G;chr14:98646939:T:C;var1;middle;OL28|K562|c2f344f47314ab17
078f932262f2a31ea31030ebe96c70e534155e3a87523c27ce10a5b3cda3ab75,b,K562_region_01528,chr22:39493294:T:C;chr22:39493356:C:T;var1;middle;OL28|K562|9ce69097d2c02f70
0790097d441a96b407de98a1706a32aa371c85ee75accd3f65c5afbbf4d86d5b,a,K562_region_00812,chr16:88812250:T:C;chr16:88812328:G:C;var1;middle;OL41|K562|0d8f8e4ea1266e99
0793e49203fb4c2c42bc3c439072519251334f7fa6403196d3456fc5fe43606b,b,K562_region_00668,chr15:100271757:C:T;chr15:100271821:G:A;var1;middle;OL41|K562|17d74f7462aa11d3
07ab50196b06b9d1316600e90ea2692cae3db0a913aa7caa000e5545989e5560,b,K562_region_00474,chr12:69753530:C:A;chr12:69753595:C:T;var1;middle;OL41|K562|e04d32d6b9a6e65f
07b8b20e6268ee0998826c194bbe3d67b5e261178e7c529c85528de77d7fd24c,b,K562_region_01952,chr7:38398781:G:T;chr7:38398813:T:C;var1;middle;OL41|K562|203a0af9708bbb5f
07d6647cea7742b88f86acd552ddf4106295263bcf3ad437c55241573b36c28c,b,K562_region_02184,chr9:107690057:C:A;chr9:107690124:A:G;var1;middle;OL32|K562|035e2fbe966dd44c
07df87a9418adb2cda5b06bdffc2d92c7e8a3a333c4581852b7f7b5320807179,a,K562_region_01565,chr3:4762697:A:G;chr3:4762734:A:T;var1;middle;OL30|K562|1f6da7386efb24cd
07dfb18c362eca5e9fe1f0708b52c7f54f90c791f8e7938813f79238f3732ef6,a,K562_region_00214,chr10:47139995:C:T;chr10:47140059:C:T;var1;middle;OL41|K562|0a97b23903be4f56
07ecb8897774bf99ccbd3acaf81708893c11a5bd35cfc7f48fb507325d6e489a,b,K562_region_02134,chr9:4844704:T:C;chr9:4844778:A:C;var1;middle;OL31|K562|4fd921832687a0ac
07fdfa34836a2cbf0af08b06c810d8a81ec167a268992217b52b9565225f4255,b,K562_region_01066,chr19:6745105:T:C;chr19:6745138:G:A;var1;middle;OL41|K562|b3f94bbcc8fdfd5c
07fe32c77cffd909964c7446317bfaabed0968a61b082c26be7096fd5986a467,b,K562_region_02151,chr9:22134094:T:C;chr9:22134172:C:T;var1;middle;OL31|K562|2f02acc4972e15a5
08007345006dee2f27682efe5e0d5c5a074696b19edeee81f39f522c8aa4cd34,a,K562_region_00421,chr12:1058688:A:C;chr12:1058738:C:G;var1;middle;OL41|K562|f5fa32c950934648
080d4f409b4aaf2834f4582c86974ebb45424ddcf93e3a40ea54cba8e0b18d62,a,K562_region_01464,chr21:46400778:G:A;chr21:46400789:C:T;var1;middle;OL41|K562|5dfb209b707f54ef
082c26477a04519b302cba75f2ad66853f16acd56878afcbeed8962ee766c2de,a,K562_region_02117,chr8:144766661:G:T;chr8:144766686:A:T;var1;middle;OL41|K562|2ce7fe9a6a4b7be4
0852ea3cee5ed9459350cdfdbd5aaf770a25d9cf0f2748de2a9d66c6d5f9aa40,b,K562_region_00621,chr15:46585492:A:T;chr15:46585511:G:A;var1;middle;OL29|K562|aba47038ee749b8f
085ee388dba5be14ce481c2a72d914c17d1f4cadb165f9a1f2b87e349088d061,b,K562_region_01525,chr22:39241262:A:G;chr22:39241294:G:T;var1;middle;OL41|K562|d95dd028bec661c2
0863a7a54b82a0aadc1ca9ef48fc6a4e796896b13edda71d2a6642b1f790ed99,b,K562_region_00847,chr17:4522811:T:G;chr17:4522898:C:T;var1;middle;OL28|K562|82f22fece2f11782
086f9098799adeb80eeb6252624801a836038bbad819425103242beb0d0719dc,b,K562_region_00402,chr11:120195689:G:A;chr11:120195702:T:C;var1;middle;OL41|K562|402c5c23e5281bbf
0889131fb255a4064fd7bcd3311d8b1e4237a7b561e4642439c5357c6a01853d,b,K562_region_01922,chr7:7592576:C:T;chr7:7592633:A:C;var1;middle;OL41|K562|7f221e0ff07534a9
08900e781f25ba3e035a001c4860d50d32789977419f337e6261d733e28455d1,b,K562_region_01652,chr3:197608381:T:A;chr3:197608454:C:A;var1;middle;OL41|K562|b2ea2bc7796be927
089712e1ff616eacd2e231dc4fb0192a107d385a8a974968b4812fe90dc4cdfa,b,K562_region_01329,chr2:197084587:T:C;chr2:197084595:T:C;var1;middle;OL29|K562|6c21732ed1dc8d28
08aaead066459205013b9a548d051afe969f329cb33027666889429be898828c,b,K562_region_02202,chr9:119711249:T:C;chr9:119711291:A:C;var1;middle;OL30|K562|3a00d9d382817eaf
08b584f85ad6c506f79932659ffa14e7494bb82fc44a1abdb757550d55e11577,b,K562_region_02138,chr9:5627446:G:A;chr9:5627487:G:T;var1;middle;OL41|K562|302904a10fdd6de1
08dc36efbe97a57af775e68d52459bcc93b766c0c55eb008dd48bd35822a5b53,a,K562_region_00118,chr1:159697343:C:A;chr1:159697359:T:C;var1;middle;OL32|K562|d47b5235c75cfd6d
08dd2cc2a3f4fc68f9ea1051961a5ae2e47d8507507b6bc80af1f80baa603f04,a,K562_region_00427,chr12:4757841:C:T;chr12:4757896:T:C;var1;middle;OL41|K562|e5108b96f720e1c4
08df7b6ccac14a7e4680885a3a9ab7ab0b995e5eb51c99b08b15774a3221766c,b,K562_region_00383,chr11:93865569:G:T;chr11:93865651:G:T;var1;middle;OL41|K562|d9ac51682fc80496
08ec2c7ff8e0bdcdb4a1fd7d1c92f0b6734d4677aa0635d65094e1e52697fc65,a,K562_region_02090,chr8:41630405:G:A;chr8:41630447:G:A;var1;middle;OL28|K562|384bd0491501db92
08f5bc9277d2ec49ab5152340a11027d361895acd2af1a1ba945bbf20a1646ad,b,K562_region_01096,chr19:17337344:T:G;chr19:17337413:G:T;var1;middle;OL41|K562|7c25ea879a82b950
08f609380adbd72758d660605e95f1a77da8c4418da587e6861ae82f09940aa3,b,K562_region_02128,chr9:4662286:G:C;chr9:4662369:A:C;var1;middle;OL41|K562|15084f33e917e44e
08f7b09691235d185f5417a4dc45d9165afdf2f481c51b11b997d0b0c837b1a6,b,K562_region_01727,chr5:1186086:C:T;chr5:1186121:G:A;var1;middle;OL41|K562|6fbb0ea4749614e4
0930ad733b5b5ceb4ee53a504e3055d13939c5dd9c0e023237492875a894b3a5,b,K562_region_01224,chr2:26584310:T:A;chr2:26584312:C:A;var1;middle;OL31|K562|28c7ab0c595e9b23
09385ee9960876f3c42c86c8ab2b6a0cf9cd0b874e36d28fd30198e3acf0ef11,a,K562_region_00829,chr17:205055:A:T;chr17:205065:A:G;var1;middle;OL41|K562|16ac977fc9d73c9d
0945ed21df721631a8578b683e5e2abfd8e86559dbc70c48f9142bd11af98153,b,K562_region_00003,chr1:1009223:C:T;chr1:1009234:T:C;var1;middle;OL41|K562|76b1db40bf8e33e7
094f38b941c58fa772a1e08565f42b75276b8905afa80154e010e26211ef946b,a,K562_region_01141,chr19:44952066:T:G;chr19:44952075:G:C;var1;middle;OL41|K562|ed2cb7b1d28f0782
095baf0e4285fa5071087b7da3f94ed1225371806f9e48d789b34d7ce6493a63,b,K562_region_02155,chr9:32432565:C:T;chr9:32432647:T:C;var1;middle;OL27|K562|bbfcb8e2de8c1968
0962ab37b64bdce4db54f9b198d164309ead3fa77289f5a1b314819eb15f494d,a,K562_region_02109,chr8:142139187:C:T;chr8:142139251:T:C;var1;middle;OL41|K562|664e67a19a3cbe5c
0968bc48637696070a81109717a9b394a7e9388648a81707f2082e71f2390abf,b,K562_region_01601,chr3:123349783:A:T;chr3:123349827:T:G;var1;middle;OL41|K562|c6a97da6d0ac2429
098313b6b7968771b3f5d6f6b8f6494bd8b2f94704074c14410dba5eb2c0f85b,b,K562_region_01911,chr7:2414567:G:A;chr7:2414587:T:C;var1;middle;OL41|K562|a2fae3625b9fb167
0985cba1ae2f55f64a0ad9b667cc5781372906db56432dbc511572aef311cb87,b,K562_region_00417,chr11:134625044:G:A;chr11:134625076:G:A;var1;middle;OL41|K562|368fba873f8586b3
098d683e79700083ae2b8df9fe8516935aeb78c6d143162764ae5043f0781e97,a,K562_region_01492,chr22:21344905:A:G;chr22:21344920:G:C;var1;middle;OL41|K562|79838ec73f97d48d
098da27837d843044b17b414110a110dcb3bdc4a49a8f264c496e40e479a67ea,a,K562_region_01243,chr2:42149319:G:T;chr2:42149344:C:T;var1;middle;OL41|K562|d1e45e7dc42b6568
09908f375e7834d79b4ac73a5925820893c52b45478ae49ff52e0663ea499c41,b,K562_region_00241,chr10:81132829:G:C;chr10:81132867:C:T;var1;middle;OL27|K562|d578d9dc39b92ef5
09b5f475c4eba6ddc55cd159546a6e43f77b42378cc25ea33047ab8580297955,a,K562_region_00405,chr11:122521105:C:T;chr11:122521123:C:T;var1;middle;OL30|K562|846a950afff487c2
09b7ee358808cbe2352b55dae783e03ed3e38a5605872a17259741b038103b79,a,K562_region_02024,chr7:149575707:C:G;chr7:149575725:C:T;var1;middle;OL41|K562|7f8ba03bd6707534
09ca47a2d99ded961893bd94704e59b189f12e781a16a816dec1df83cc432d1c,b,K562_region_00680,chr16:420648:A:T;chr16:420673:A:G;var1;middle;OL41|K562|9bc82aa0b4035c8a
09cc4eaf873a81a54d41b4c0efe33046838a004c0e6a492dd47d00a0fdce288d,b,K562_region_00032,chr1:16542876:A:T;chr1:16542937:T:G;var1;middle;OL41|K562|672384397d01b95f
09d4aa7be4193ab70eedeed1a6044cc8c8539875eb27344f1eaba0c57045746f,b,K562_region_01863,chr6:109822605:C:T;chr6:109822632:A:G;var1;middle;OL41|K562|8737867635f24d38
09e53aa6769024376215e143d61bf48590f893d4cfbeedc09c2e16b69c10d500,b,K562_region_00747,chr16:20420889:T:C;chr16:20420932:T:C;var1;middle;OL41|K562|160b8a524b64a0f4
09e7a4e79003de7ec84d887234a7418dbeb2c86be1b6ac6d3c4f7190e689e7a7,a,K562_region_00437,chr12:9885961:A:G;chr12:9885999:G:A;var1;middle;OL41|K562|c2dda4ff5e813cf0
09ee8be22add571658c668de599211ba132d1e321793fb7ddc1959f06bbfab1d,a,K562_region_00289,chr11:308015:T:C;chr11:308059:T:C;var1;middle;OL41|K562|e4c7a05b153b5262
09fbf82c4bdcbadc464ddbccd994707b508b39931bc73de4251128fe13f8f390,a,K562_region_00152,chr1:206676331:G:A;chr1:206676383:C:A;var1;middle;OL41|K562|5f438a5c6c09ccc7
0a0d163dcf5a121eca194c88fdb3db162b58ed425ac6d75b2310b0ff99f61334,b,K562_region_02250,chrX:152583090:G:C;chrX:152583097:A:C;var1;middle;OL41|K562|7d84c4d575e8faf2
0a11860136691e20e68c6d2e0833d175c98e3a7d11d9f4f1812e71ad56d78b7d,b,K562_region_02172,chr9:95857936:C:A;chr9:95857959:C:G;var1;middle;OL41|K562|103dc1140106bd02
0a1310b169afff2e773d59d403039442cecbec83b3c2849e831770f074e1b04c,b,K562_region_02091,chr8:54433888:C:T;chr8:54433922:A:C;var1;middle;OL41|K562|16f48b37103c08e1
0a14386bac70736e390dad6807d96f2bb98a688bdc49ebd5a63567dc892b68c4,b,K562_region_01501,chr22:23657875:A:C;chr22:23657939:T:C;var1;middle;OL41|K562|0c2f177131537ea1
0a22e89ae0a390b0725c416af51fb44a59d0e9e60aae173e12cc0dd215346089,b,K562_region_01078,chr19:13885437:C:A;chr19:13885484:A:G;var1;middle;OL41|K562|bb33663d4bb2349e
0a25e7c88dade990065808ad214c4d8e858cbf893d8d0773c5d0dd67d04c37f5,b,K562_region_00443,chr12:11791628:G:C;chr12:11791685:A:G;var1;middle;OL31|K562|a10751bcb493782e
0a4353a30e948101f27a5da5f7612ef625a43b4bb7ecbbcd0db2651f77494e22,b,K562_region_01189,chr19:57678258:C:T;chr19:57678336:C:T;var1;middle;OL33|K562|32be993ad60b4c8b
0a5dcc2a25ff0c680f8d78d4204af6cc2104d76f53b0e4f3e03eba5ddb04e469,b,K562_region_00790,chr16:83979317:T:C;chr16:83979322:A:G;var1;middle;OL27|K562|8316d64dee5f84ca
0a60f83ae7d0f02dc1e8001297d9a8033faff292bbc83a6ee4e1f58074decf11,b,K562_region_01222,chr2:23933356:A:G;chr2:23933378:G:A;var1;middle;OL31|K562|7c641c750075393d
0a657582e0f785333f7e180774c3ade331e4d43d8a38c8c0237328c55bbf3c33,b,K562_region_01687,chr4:48018170:C:T;chr4:48018229:A:G;var1;middle;OL41|K562|600e9dc96b015ef9
0a759e5d9e2636f671e8e9bece577770488979594d2a33407507a065048c5c14,a,K562_region_01470,chr21:47405593:C:G;chr21:47405598:G:A;var1;middle;OL41|K562|3b1633c2a3e496e4
0a813d9c570bda610a4190b378ac4d1dd9d958dcae1fdd6cd14d157f3aac476b,a,K562_region_00842,chr17:2729980:C:T;chr17:2730030:G:T;var1;middle;OL27|K562|2258c3456d8e9003
0a82f82ac28dcba6a04087189fae9dd66bbad8693c402890f4b64bc967b1235d,a,K562_region_00955,chr17:78018751:G:T;chr17:78018810:A:G;var1;middle;OL41|K562|c99319bdab1de69b
0a98448df43b63ee1e991735552e678b24a07a0d24d3f15e2d663e65b94e78c0,a,K562_region_01072,chr19:10338676:T:G;chr19:10338764:A:G;var1;middle;OL28|K562|1a1282f0d30ab5e0
0a99ba644102b6ef6577b3ff8045218bf4a389bc7f416c2fb934328878b30e08,b,K562_region_01352,chr2:238499998:A:G;chr2:238500046:A:G;var1;middle;OL41|K562|91981b4a442e0e21
0ab508f4fb200d7fcfc0e751dfe4a6ebfa5b768b7e47cf432a30d022db5c7543,b,K562_region_02064,chr8:17454313:A:T;chr8:17454353:C:A;var1;middle;OL41|K562|fa1e498fd6e44f1b
0ac883bce0b419fbf3a596b35baf5086852c5bb30a09eacf9e4fa075dce26cc9,a,K562_region_01519,chr22:37586672:A:C;chr22:37586676:G:C;var1;middle;OL28|K562|1a54af810e0c39c5
0b00fffad6776f0a0d2c050ef1e7d98486014973c002bc7e30c02f45c4079415,b,K562_region_00485,chr12:120043595:T:C;chr12:120043649:G:A;var1;middle;OL28|K562|2f6772e8bcaa700f
0b03e38704a6ed55b592788082adbe0bf52ab9d7f0dd0156f2f31c5d51e6c3b2,b,K562_region_00566,chr14:65230317:C:T;chr14:65230358:C:T;var1;middle;OL30|K562|1ed3fd71871b3ed1
0b07a1de673736b5f96b8d8dcef82d4e2c1dc66dcbcca194840b18be7959dc62,b,K562_region_02182,chr9:107589580:A:T;chr9:107589630:C:T;var1;middle;OL31|K562|01e4a36859707c8d
0b0a50ded4a94db9b1a95edd91d8ec500b7e9a008f755b5167e9d0752b6ba797,b,K562_region_00373,chr11:74171965:G:A;chr11:74171972:A:G;var1;middle;OL41|K562|bcfb26dd4fbe2a55
0b1d5cdd61268b86051b431e9790a853cb86106b3ec678db1127adeed9b1fb75,b,K562_region_01158,chr19:49218430:A:G;chr19:49218437:A:C;var1;middle;OL41|K562|f57c5e1c648fa201
0b244a0a31a8e223c43df8c887c6ba1670ea6a726cfc2882f753c86249752232,a,K562_region_00495,chr12:127941262:C:G;chr12:127941275:A:G;var1;middle;OL41|K562|3b13dbf85fa87fef
0b25ec076c88d8d89192e84e27e1bbc35c1f41ade84bbe72dcc384addb6e6efd,b,K562_region_00906,chr17:42406560:C:T;chr17:42406644:T:C;var1;middle;OL41|K562|13e9e5e29770a7e8
0b2626b8b00e488bd7018b2bef6a20ece289556b93c254f6f630f0910b3e3946,a,K562_region_01656,chr4:1685137:C:T;chr4:1685211:T:C;var1;middle;OL41|K562|793fb54c64c623ac
0b262aceef4fbf9785c327657356ff0ff930c7672ef7eeb9c0abd3d3d6968714,a,K562_region_01222,chr2:23933356:A:G;chr2:23933378:G:A;var1;middle;OL31|K562|7c641c750075393d
0b3ba274b09d057fb099fceeb7cbd8e57f5b1fb621665f77926f7f44385b0d47,b,K562_region_00849,chr17:4805389:G:A;chr17:4805437:C:A;var1;middle;OL41|K562|1c2e1e5053a33fc3
0b3cc32d9883fa961c6067401c68dedbc5030444e82eb595bc9fa56e496c7a0e,b,K562_region_01229,chr2:27741072:C:G;chr2:27741105:A:G;var1;middle;OL30|K562|5bee82ba569e5d92
0b4084c5f1579807be9929f7c1b336e0a15b87fbb617c7f7bdbbfba9de1f5bb8,a,K562_region_01376,chr20:6752176:T:A;chr20:6752183:C:T;var1;middle;OL29|K562|d0c108d84025a9c9
0b60e4e9023a515637c625a2434e2557186ad0c4bfacfc5042472d355bcf4caa,a,K562_region_00008,chr1:1366286:G:T;chr1:1366288:A:G;var1;middle;OL41|K562|c1233c366f1a9a69
0b69f9187ba315c0fa0316817fb6e667cdd403d123576cdbd6e05f15e4f55909,b,K562_region_00708,chr16:2010086:C:A;chr16:2010138:G:A;var1;middle;OL41|K562|b7a175522541f65e
0b6e2c3de977a999f0e2bfd24bbdafef2411de611b025c88b8d0e15fa7a15d07,b,K562_region_00794,chr16:84857345:A:G;chr16:84857378:A:G;var1;middle;OL33|K562|848b50d24bf987b3
0b8adf59250294a92090087dace739279396cfb0ba5c6e1c133db40885ef59ee,b,K562_region_00799,chr16:85938755:A:G;chr16:85938835:G:A;var1;middle;OL28|K562|b92d7de6f565d4cf
0b8dc22fc19c0d7375562ec6033e2303a004193f64b9aca96b01ef8e28fd3639,a,K562_region_00726,chr16:4587789:A:G;chr16:4587811:C:G;var1;middle;OL41|K562|6f25c73530f581d6
0b9d308e77d35337436e5801a22677689d81ff00ceb1ab39142c3fe2eb57ed07,a,K562_region_02121,chr8:145545920:C:T;chr8:145545949:T:C;var1;middle;OL31|K562|817abf236b86a691
0bbd0ddb4c4f5e9c4e4e0d7e0e077d09d659a802a0ffc6e9ed2663241edff884,b,K562_region_01870,chr6:135419018:T:C;chr6:135419039:C:A;var1;middle;OL27|K562|6cb695322fe5ad62
0be6708532f1547b247d090a12dfbb0a929917e2a511af8d089b59063eb164f0,b,K562_region_01051,chr19:3189634:T:C;chr19:3189652:C:T;var1;middle;OL41|K562|4620b08249bd15e5
0beda04bab6314eaddf571fa897bed44bfe36c42c4fd0baa1a9de0baf3e93cb2,a,K562_region_01838,chr6:42284470:T:A;chr6:42284472:G:A;var1;middle;OL28|K562|e6d62588950506da
0c0094409eeca6813fe3ae95a7566a43e705ac07cb6e03e635f9c927a2e1fc7a,b,K562_region_00272,chr10:122897959:G:A;chr10:122897984:G:T;var1;middle;OL29|K562|39fc7d50f145ca59
0c0230a58ba7f7d061c6b8d543828c98d032d493bfee72e0097d9fb3a04a90a2,b,K562_region_00841,chr17:2295633:C:A;chr17:2295635:T:C;var1;middle;OL41|K562|5daf4281e7f135c1
0c05e11d975a87bf0601dc7eb36f4e8a693961d0eb0d78fafe0386f076bc1d16,a,K562_region_00948,chr17:74706341:A:T;chr17:74706346:G:A;var1;middle;OL41|K562|6f0f613a6cd6d0a1
0c2a9840e71bd29fb20216c5e7d1e6f2e464cbc790cc75ac37da28f516d2a550,b,K562_region_02244,chrX:44203047:C:T;chrX:44203136:G:A;var1;middle;OL41|K562|2fb2db6a6ffb2b0c
0c378badde25c30639d1da9be92c96ffa7ffe8d8a00772afaa11c32d202ee3cd,b,K562_region_02132,chr9:4832888:T:C;chr9:4832941:A:G;var1;middle;OL32|K562|e0cf0835032d6822
0c6f42f36c36811d50ad6c99fb1525b8183a5bd8d3251fd39224b95311c07e5a,a,K562_region_00425,chr12:4331204:C:A;chr12:4331207:A:G;var1;middle;OL27|K562|f901e85122eba3fd
0cbb8fee42eedfc9d3744f7742fbc6443914ccab6b6445e343b5f4f989ddaceb,a,K562_region_02158,chr9:34336266:C:T;chr9:34336342:A:G;var1;middle;OL41|K562|2afbc4c3a6eedc1e
0cbbb7a56d57d51cbc33c9f41d9ed878e2dc02ac9f43e4285f7be4331ea9eb29,b,K562_region_00494,chr12:126467943:G:A;chr12:126468018:G:A;var1;middle;OL41|K562|518f5766ff62fdaa
0cbdf5b2207c6bc087235c4f0ed0d55c7def0c903de60918d76c16a6169ce734,a,K562_region_01930,chr7:22590681:T:C;chr7:22590699:A:G;var1;middle;OL32|K562|a5ca44f0831e97fd
0cc3aef5dc8160dadb2793193f132ed43c4f0fb6911495eb2957d67bba5a6ab2,a,K562_region_00816,chr16:89260826:C:T;chr16:89260909:C:T;var1;middle;OL41|K562|bc070c4ef078cebf
0cccdf9c55aa670ffd61f8ba9dd6ec133fc22750c5f853898b37b76a36bfd07b,a,K562_region_00456,chr12:29103864:G:A;chr12:29103922:A:G;var1;middle;OL29|K562|e5bb3ffe8caedeef
0cd2b625d00f9041473758ed1bca9a4704920a4567ee59bc2799bf7f9ae7c422,a,K562_region_02227,chr9:139638440:G:A;chr9:139638457:A:G;var1;middle;OL41|K562|cede5e0a5d146827
0ce1438733db60b4bc083c927b636d407d5090ada237b52ff5e5b591b3d37b1b,b,K562_region_00761,chr16:51091677:C:T;chr16:51091734:T:C;var1;middle;OL32|K562|2062754187894ed0
0cee3aad724643481c6893bffd79fc1d3a002afb98765881502106fc7871e01e,a,K562_region_01947,chr7:30764820:T:C;chr7:30764823:A:G;var1;middle;OL31|K562|b2b23d1f4d143a64
0cfa6f4c06d55f692c2b993913b5db10cadcf7fa91c466b7ac44d760316ee3d7,b,K562_region_00773,chr16:67005609:C:T;chr16:67005611:C:T;var1;middle;OL29|K562|cc2f49fa152169ec
0d1e29d05d978b12613e743c63019dc57e0f6b939f5a7424fa42f302feb2cea6,a,K562_region_01878,chr6:141219522:A:G;chr6:141219600:T:A;var1;middle;OL41|K562|9d8e4d7127b76bdd
0d3bd56f1ae3ba167544e350efafbd922c4713b5e3db8df78539c1a1768cceff,a,K562_region_02106,chr8:134214204:C:T;chr8:134214224:G:T;var1;middle;OL32|K562|cab7214d7bdd9d5e
0d500ad6f625d004633a97cc92795ccd181c7525e11e8b5026418d06ce3503ac,b,K562_region_01150,chr19:46974652:G:C;chr19:46974728:C:T;var1;middle;OL41|K562|c548d8cc622ff80a
0d581400a9725ae4b4d344a4cd4e1a220d06ca423a01f0a4704b9ed745f5ae4d,b,K562_region_00650,chr15:78423433:G:A;chr15:78423479:T:C;var1;middle;OL41|K562|e6bcc0eea0da5cbc
0d6208b4b3068eae342b9fbbe3e99a5225cad22de90cdd4f3fea4b8447a7a57a,b,K562_region_00651,chr15:79230969:A:G;chr15:79231046:G:T;var1;middle;OL41|K562|f6ad95240c9e779a
0d6c5fa924279e3a5186051410afe4c1eb3442c6241cd9ecb13f6a083472285a,b,K562_region_00295,chr11:531165:A:C;chr11:531224:A:G;var1;middle;OL41|K562|2625b8fde41414d9
0d70ade4ed765ed66ed37b9f6183effe4980240d5ffe48a882f27208de14cb42,b,K562_region_01980,chr7:76604348:A:G;chr7:76604361:T:C;var1;middle;OL41|K562|9c072cfd54ece4fc
0d8aa92fafeeb7a05145ff6a99b80244f5ff2dfc819154a971da813e5b4f38f3,b,K562_region_00529,chr13:95899643:C:T;chr13:95899716:C:A;var1;middle;OL27|K562|31f8fed0005061be
0d8ee397d9816a641d097bf4945e88e9ee0de34f98a7a2fc8e879d4193ac595f,b,K562_region_01717,chr4:186580610:A:G;chr4:186580675:G:A;var1;middle;OL30|K562|406b72a62958474c
0d9ed944ba03dec20238078862cdf1812f060cc09e7f0d8dd8ed77fc13e0c8cd,b,K562_region_00563,chr14:37116439:G:C;chr14:37116464:T:A;var1;middle;OL41|K562|6c4ddab4cf51c748
0d9f11c5d769044329024ae5c09d180566182cf35285df518ba3cf0a2cbd48aa,a,K562_region_00787,chr16:82203711:G:T;chr16:82203758:C:T;var1;middle;OL41|K562|c79162358cfa1c7c
0dc46d63252b91ce5c50c1b35d19e12883f5190544fc43ba198f7e204e88c09b,a,K562_region_01912,chr7:2452624:C:T;chr7:2452661:T:G;var1;middle;OL41|K562|20399adc65cf0ba9
0dcd62e7c94f8b0665380f25fb43435b92b66ce2e0728a5ea89f88a5c5d2fe00,a,K562_region_01258,chr2:48958626:A:G;chr2:48958647:C:T;var1;middle;OL32|K562|644fb751b46f4499
0dce08d89cb41aac560740679fcdd091a873755f55d1244d9535dd07fc3d2297,b,K562_region_00125,chr1:161024782:C:T;chr1:161024822:A:C;var1;middle;OL41|K562|ac28b74e09725b99
0dd2e1087323acf29a69696fe25cf0faa6ae32ef9334e0406233a41f6bf751c0,b,K562_region_00179,chr1:234764925:G:A;chr1:234764966:G:A;var1;middle;OL41|K562|784709b69218d6cf
0def20e54c3fa5f8f7b4200111a110036f841e428838c8d6d01d5529ea44e8c3,b,K562_region_01951,chr7:38384542:A:C;chr7:38384577:G:A;var1;middle;OL41|K562|5fa8704d29dc9aab
0df9601d131381f347843cb70d48e6f3c2b3b93a2a00669926e6f2eb7374badb,b,K562_region_00683,chr16:427999:C:G;chr16:428001:A:C;var1;middle;OL41|K562|143f37aa0b5461cd
0dfb96fbc0eadb86123a1ed483d9b76769b5bd2686098ec64868a9f9e56e2ad1,b,K562_region_01600,chr3:111730546:G:A;chr3:111730591:G:T;var1;middle;OL41|K562|c4d7becdaefdd27e
0e0be5d1303584c17aa88d05e297769d661b2699da26358680079119eb7b44f2,b,K562_region_01784,chr5:157158326:G:C;chr5:157158414:C:A;var1;middle;OL41|K562|b0f6245b96a57845
0e0d6e6042e329d29aad51ca1c08cdfae67ebd73c981588b4d13df311dae6c7b,a,K562_region_00700,chr16:1537455:T:C;chr16:1537458:G:T;var1;middle;OL41|K562|0b2bd04eccbb5068
0e11651cc3b1df3229fb5661d715696d3409d0d3272c4c55be11b336784e7ddd,b,K562_region_01186,chr19:56368812:G:T;chr19:56368863:G:A;var1;middle;OL41|K562|86488183f6162e8b
0e31a4b9eb9d89fcd1f7a2985453a2a31db845fdd39d0abe271acc80e89d8a2e,a,K562_region_00684,chr16:433552:T:C;chr16:433623:A:G;var1;middle;OL41|K562|3f611538434d2b7e
0e3884656d9c7e6f44c41b2bada0006486be63bf1055ca6b74ce9c986026ae2e,b,K562_region_02205,chr9:130908044:G:A;chr9:130908109:G:C;var1;middle;OL41|K562|8788a3e17af142d9
0e3be8a357d497d9ecfe4c9e9f7e379c50e614cd3d9b2b18d786387dd8cfb027,b,K562_region_00962,chr17:79303786:T:C;chr17:79303804:A:G;var1;middle;OL41|K562|8f0301d37b225051
0e3e4caf1f7ae29c0a8fdcddffa2eb857cbe13cc49833708c6aa395c908aa7f1,a,K562_region_00106,chr1:144533984:G:A;chr1:144534025:G:A;var1;middle;OL41|K562|a07f0e3c53f02ba9
0e7b3762f2be6bdf8f65f6ba07e43817dd2654188036b8afdaf8da9b5178cc8b,b,K562_region_02076,chr8:22943928:G:A;chr8:22943951:G:A;var1;middle;OL41|K562|6f7ede617cd2f47f
0e7bc0b0aff4d1b63feb40f1e08f5abb87b12a1c631c05f1ac9853deb506a2a9,b,K562_region_00312,chr11:2924591:G:A;chr11:2924610:G:A;var1;middle;OL41|K562|79618b1ed72604cb
0e9638d9fdbc509e479d35b5a67c1da5d33e56b940f6bda39d13943618b6ea99,a,K562_region_00000,chr1:910394:C:T;chr1:910409:T:C;var1;middle;OL41|K562|e65bcd63a5296fc8
0ea13d8d56423fb69441cac9d65d51708d0bb08768ce3008ce96bf5453172738,b,K562_region_01756,chr5:87969929:T:A;chr5:87969937:T:C;var1;middle;OL29|K562|4ffa5aecc34d02a3
0ea85b7b8ef9502e0ab0dace45eab3d7e4b3a23fe66c25f71ea78275aa703dae,a,K562_region_00956,chr17:78021493:A:G;chr17:78021529:A:G;var1;middle;OL41|K562|1ee01528372fa53b
0ea95559937f5f313127b2fbd095940c6686760545fbf910b442e12165d1b351,b,K562_region_02036,chr7:156124435:A:G;chr7:156124437:A:G;var1;middle;OL28|K562|d1da1ef094c3b803
0eb86b0499224337cb630bd4e105b28edcd67086055f6725b1fdc88c7687f190,b,K562_region_01291,chr2:113993344:A:C;chr2:113993385:C:G;var1;middle;OL41|K562|3cb84d9871de1c27
0ec989446e0a74e95180cfcb8326eb5a33adde406302841afcc94d0e4b2c92ca,a,K562_region_00389,chr11:107729126:G:A;chr11:107729205:C:G;var1;middle;OL41|K562|3299a0af93c0b1e6
0eca7dd29c701948cec2c9b371669bb1ff3583f8766b92a981876399203d26ec,a,K562_region_00278,chr10:130457648:C:T;chr10:130457732:G:A;var1;middle;OL29|K562|1a50e2ecc860e25a
0ed556f946d4c224e806f2ab8aa1dc4752dbdf2485b08859ef3538558c815bc9,a,K562_region_00856,chr17:5412932:C:A;chr17:5412937:G:T;var1;middle;OL41|K562|976a0f192d83d6dd
0ef17d8e40b3c0c62f3038785d7943049992dea7a4b7583bbf56a66e9467c230,a,K562_region_01903,chr7:1210554:G:T;chr7:1210575:G:A;var1;middle;OL41|K562|a3adfed7b324a74e
0f022132a258b40719d7d830bdbbcef50cd3a75407e114d6a35afaf604901a48,b,K562_region_00874,chr17:16874981:C:T;chr17:16875061:A:G;var1;middle;OL27|K562|2847c5e2533b826a
0f0575d8678e8df41bb1762f2b925399cb39262d498df6f40f7bdf13cd9de093,b,K562_region_00346,chr11:57202184:G:A;chr11:57202260:A:T;var1;middle;OL41|K562|91bf772a7f2e2bca
0f0d8a5396064d15c7bc4c29a298740a6fac4624e4200d4fcff6590cabfa69fc,b,K562_region_00935,chr17:66433179:A:G;chr17:66433181:A:G;var1;middle;OL28|K562|6fc39455d94e4e86
0f126e3b7b9d4663ecf1faeba1614d6ec157abd8ef11f2c5cf3327437bba1d49,b,K562_region_02239,chrX:229542:G:A;chrX:229627:C:T;var1;middle;OL41|K562|cf09b65afcc888c6
0f26f753a44f94049b5b65d13e51a71a9af5d577a60fd250faf2da62af4ed2fc,a,K562_region_00509,chr13:38289961:C:A;chr13:38289973:T:C;var1;middle;OL30|K562|f57a6642be46332e
0f3eec68de936d27ad5a2c19bb894128e46437064f04a5f81be35929fa531bef,a,K562_region_01386,chr20:26185364:C:G;chr20:26185373:T:C;var1;middle;OL32|K562|e1d237ae3d5f3f5e
0f529668c36619bf5880ed04d192e09f547594f69abb9b4cbd811ca3759ebf1c,b,K562_region_00365,chr11:69174982:A:G;chr11:69174986:G:T;var1;middle;OL29|K562|b9442a5d2fb4611e
0f5d1a6d8692b8afab0f34dfb37821597cb41bc0105ce1c2af205998d20f17c4,a,K562_region_00856,chr17:5412937:G:T;chr17:5412979:G:A;var1;middle;OL41|K562|97f35a9270eef505
0f626657019532267bf23d572b86e474f9ec0fc88ee2cf008d0e6b4584c12f42,a,K562_region_01479,chr22:19132380:A:T;chr22:19132385:G:A;var1;middle;OL41|K562|2d3d79bef24b3650
0f7a35d22419df409e1516213eb0774b321a29b417527cdcbafd18b46ad86d59,a,K562_region_01182,chr19:55697712:G:A;chr19:55697766:T:A;var1;middle;OL31|K562|aca41dfb7df09f52
0f8c3388be7c113cdcc6cca090ebea9980505d1ea69642a5d0d5d41e0b4225d1,a,K562_region_00564,chr14:51422573:A:T;chr14:51422624:A:G;var1;middle;OL41|K562|a827e54c7d4113cd
0f937c61c9316f53e4f77af31efaa1f508e83f82ec7761bb873b883db2803f47,a,K562_region_01452,chr21:44198015:G:A;chr21:44198080:C:T;var1;middle;OL41|K562|201a87601df2efaa
0f9bee5ccd9a3077a893b202d1d073823ca6d37d933fe35c5386d66ede086016,a,K562_region_02005,chr7:116920964:A:C;chr7:116920970:T:C;var1;middle;OL27|K562|7ec9b15be4c36d26
0fa4bc4139152b1f22a4cfb20d2f341e1f27c57827354265238b823d5e56b3a1,b,K562_region_01771,chr5:131781288:A:C;chr5:131781345:G:C;var1;middle;OL28|K562|941b87b0385e38bd
0fab3576cfe688bcee3c1d3299a2ba203a04a139ff11ab8289df575ed28f013a,b,K562_region_01513,chr22:30128380:C:T;chr22:30128443:T:C;var1;middle;OL41|K562|038abd4fbcdc0dd1
0fac8f735fc963008831205f8413e9036a2061bbac4040669c570983e4ce5625,b,K562_region_00219,chr10:48959560:G:A;chr10:48959607:G:T;var1;middle;OL41|K562|b3c8079288d63521
0fbd4e90dfb3492bc6703d9f63ac35997942a4d0eb1cb6652fe7bd7d6e346f84,b,K562_region_02233,chr9:139934020:G:A;chr9:139934107:G:A;var1;middle;OL41|K562|896706fa6f92e6ac
0fd342ebe72c2e7eae9ada738883de81bdd528141553dc22c1bda92720b71d61,b,K562_region_00855,chr17:5326089:C:T;chr17:5326162:G:A;var1;middle;OL41|K562|6c142d8fe5b9f837
0fe4d893110e500ffd82aeae750bcaab5184013c6a794e3cc57e2224508de644,b,K562_region_02059,chr8:11628162:G:T;chr8:11628172:C:T;var1;middle;OL41|K562|ee084945cfc9068c
0ff4321a5fb68921365db0e6acc52a6eb4028fd35f89c7a07420dfecec007801,b,K562_region_02050,chr8:10009949:C:G;chr8:10009952:G:T;var1;middle;OL41|K562|a8233863ab9f328d
0ff9d1312abed4e3040e2eadca02f40c78832ffce059d0357723ec5ecf14efcd,a,K562_region_01763,chr5:110153295:A:C;chr5:110153341:C:A;var1;middle;OL33|K562|0190270d367bd3fa
10001b4d3b1a2e1a961019d01561f1b15ddc1e4d287c9e4a027019ff4f23f6b5,b,K562_region_01806,chr6:397261:G:A;chr6:397269:T:G;var1;middle;OL28|K562|b6a4236430404119
10085dda67537872e20e34675d5938bc4451639ad5b99f3789f4dc8415e67067,b,K562_region_02181,chr9:106856952:C:T;chr9:106856972:G:C;var1;middle;OL41|K562|4d87808b1829ffd3
101ba876ce27b0d43de113090b8278c6a809c455d94630d710311805b899d462,b,K562_region_01670,chr4:6891435:G:A;chr4:6891455:T:G;var1;middle;OL27|K562|f26bfc7b24be2d35
101ebe067867c82d77cc839859f7545fd52abefc36091a6ac91da258ecd2dc90,a,K562_region_00240,chr10:81045207:T:C;chr10:81045280:T:C;var1;middle;OL28|K562|7fe5b88e7aef01a4
102f22528442a5b7c52f27e6f137e665fb4956ee7994fdfe74cd0fde0cc0aaa4,b,K562_region_00122,chr1:161008535:C:G;chr1:161008572:C:A;var1;middle;OL41|K562|deece55f1ad01d6d
10325e85d32200b99839e2f319b9655f689cc288d6f815aa984613b2673e553a,a,K562_region_00176,chr1:234527992:A:G;chr1:234528006:A:G;var1;middle;OL41|K562|1ca7f3378cdf00c9
104815d0a7d366a38b80ff0995c92e6afff49b976ba0e4f4551c000ad8801a9a,a,K562_region_00511,chr13:40721751:C:T;chr13:40721779:C:T;var1;middle;OL28|K562|6db11861fe8a3bc9
1063665fbde773a790a8338086d716319c273041720d8afb612817a9707682ba,a,K562_region_00846,chr17:3566209:G:C;chr17:3566213:G:A;var1;middle;OL41|K562|14c142a3733b9997
10691dec91c4aa2e241a5f90c4e310f0f7ef726f102de20b37df59578a8ed589,b,K562_region_01871,chr6:135419636:C:T;chr6:135419688:T:C;var1;middle;OL31|K562|b837a6c13733ce15
1069e4ce41d30b302274fcdaccd4e5191b709a95c84a2d4be3bd5bc8461ceed1,a,K562_region_01617,chr3:141404641:C:A;chr3:141404643:A:G;var1;middle;OL32|K562|5c077929d9829d9c
10733d49e763f6071b9348e5a2069821fba633ec803d22d958e7d0b37b4f2829,a,K562_region_01443,chr21:37553132:T:G;chr21:37553209:T:C;var1;middle;OL31|K562|5d3db6501840c464
107d9675fb520bb3ff9074a036db401ff0c40a99a4f6b2c30352461d59e72ca9,b,K562_region_01312,chr2:136808949:C:T;chr2:136809033:A:T;var1;middle;OL28|K562|e9c35e6dec5ba0b3
1082e26007044c124967e08f1cf2672a3460955d3fcaf8226c61ee955b447075,b,K562_region_01909,chr7:1711039:T:G;chr7:1711062:T:G;var1;middle;OL32|K562|87a3247d0d4258f0
10ac480e434eb9591328c437b17c3eb37edc32d7f4228dee6b653f581557a26b,b,K562_region_01537,chr22:43549637:G:A;chr22:43549646:C:T;var1;middle;OL28|K562|5ad99770b0c5fcb7
10b01e156843498a11b93d4fbd82c17b07b99e66b76a76476adb8bbd77a996d4,b,K562_region_00189,chr1:248010899:A:C;chr1:248010949:A:T;var1;middle;OL27|K562|69e4046e5c575ad5
10b3de95662c0e6454c2e0634aa814445f5926a12ce3013f6437b020a5912bbc,b,K562_region_01149,chr19:46974233:G:A;chr19:46974307:C:T;var1;middle;OL41|K562|f912b4501b40325c
10d18089c291e0950a16cb159b48f825a41f4c86d8a2e79b0769aaad6ce0ca01,b,K562_region_00672,chr15:102041117:G:A;chr15:102041143:G:A;var1;middle;OL41|K562|e8309f10d3ec2569
10e777d403fdcb523ff08dac504d88138ea9f226630675df8460008f9de49869,a,K562_region_01496,chr22:22697345:G:T;chr22:22697358:C:T;var1;middle;OL41|K562|d62764dfca9e234b
10ea637d9097da29730baa6bef576975557c7cf99c06a74cb0a5e6cf8a5957c0,a,K562_region_01325,chr2:182234940:T:A;chr2:182234986:G:T;var1;middle;OL27|K562|4516da710608b65a
10fad81de22a478d5190265529bd4372f25d8053a4b2ef7b0d842dcb0037bb74,a,K562_region_00885,chr17:27410546:G:A;chr17:27410548:G:A;var1;middle;OL41|K562|0ddcf263fa6b4442
10fe88b77c33d5563c024ede2c4a3e587efa6363a9c2b33b24e08d1bda11f02b,a,K562_region_00127,chr1:161646116:T:C;chr1:161646120:T:C;var1;middle;OL30|K562|2a385eea5c8e327f
111c6d6bfc271e20c9d08a6f3a7fdbbf201ac06d8202be9a1e9abc59fafbf024,a,K562_region_01650,chr3:197235627:C:G;chr3:197235668:T:C;var1;middle;OL41|K562|5d2109f24e14bcee
113760c5075a778e7efbf5fb817b9319c2acb86d01ba6a9fe70eaaf05bbd849a,a,K562_region_00238,chr10:79680434:A:T;chr10:79680514:C:A;var1;middle;OL30|K562|56887c8922b8eaed
1141286e364e03fd74c1b1b2603352c3e1557e63e3f9cef7670122b86026f139,b,K562_region_02029,chr7:150755173:T:G;chr7:150755205:G:C;var1;middle;OL27|K562|7ce6c867829a40a5
1157a53084103fcc6e4b61d8fed7b345d1db3777e9c9e6f906bddebf174f1086,a,K562_region_00061,chr1:55014099:C:T;chr1:55014160:C:T;var1;middle;OL41|K562|9e7660fd6cd7e79b
115ccfb3ac01c07e841ed55998dd56dfb0219ba8b8f3c4b379882c5557773cf4,a,K562_region_00838,chr17:1945201:T:G;chr17:1945225:T:G;var1;middle;OL41|K562|ed10513a2e10147d
1168d43a8aef417bd78fbcc81497882c48af5323fb5279871f5a7fa3f6407e62,b,K562_region_01332,chr2:202897288:G:A;chr2:202897368:C:T;var1;middle;OL27|K562|287d86b3d5586f72
117e34dcc880a0f5ae441be389715834527ec8491c264ad5fdb907eb46c5a2ee,a,K562_region_00951,chr17:77078871:C:A;chr17:77078955:T:C;var1;middle;OL41|K562|9ffeebd6007199e8
11a25a292bbb404a92d87c89a8a1ca561a08d2ce569389b4b006f731c1111670,a,K562_region_01042,chr19:2100331:A:G;chr19:2100346:A:G;var1;middle;OL41|K562|e9647fbc1932b73e
11a6ac1ba9728954d81d42dc355a945ad8281b662a5bf88c98e5c159b117f53f,a,K562_region_02239,chrX:229542:G:A;chrX:229627:C:T;var1;middle;OL41|K562|cf09b65afcc888c6
11c3595923c78849ac08d5d765a5c5eea623e0cfbbd1ebb83618b15e41a522d7,a,K562_region_01791,chr5:176053622:G:A;chr5:176053645:C:G;var1;middle;OL41|K562|bdcc025603491c81
11d0b5550f5d36dc4f24afe665e0d6193aae4793cc857432c32e316bf46fb988,a,K562_region_00599,chr14:103564995:C:T;chr14:103565080:T:C;var1;middle;OL41|K562|b0f42edc66e7606e
11d4f1d4aff8d898ebd26c69dbd4ad37a32007582e5341bc0fb986201fb41cfc,a,K562_region_00103,chr1:144512571:C:T;chr1:144512603:C:T;var1;middle;OL41|K562|416f710dee867895
11e9c833aaa3202098be9560ac6ecbfab12e60c368a950e57fe8883fe6cccbaf,a,K562_region_01799,chr5:179285428:C:G;chr5:179285451:G:C;var1;middle;OL41|K562|810d0e191b9e40cc
11edba59061f140c5a950f38e42e7cf93b051edbe1f84d51742dd61cd2eb86dc,b,K562_region_01459,chr21:45759689:C:T;chr21:45759746:T:A;var1;middle;OL41|K562|82b9224c5a379523
12026c6db253a4d17071c043d48ffcc989ec388a878851f47b3a2f82dabe1293,a,K562_region_00734,chr16:10635586:T:C;chr16:10635600:C:G;var1;middle;OL29|K562|e9d8e928f2bdf176
120a9bac6ec5cf6dd8f998f2d207810ab5b7f61af0253a01e731196ae7eeef0e,a,K562_region_02078,chr8:23315347:T:A;chr8:23315404:C:A;var1;middle;OL41|K562|882aeced81cf74fb
121ee76e2a95b8899e50ac32c625848f5ea2da1e107a3550b50ffcef1cfa5f4d,b,K562_region_01006,chr18:68158754:T:C;chr18:68158783:C:T;var1;middle;OL41|K562|8d4874318ca6a60b
122cd26c50c983740dd25123a8d6af5284238102762b7f6c7246b83a6eb6986b,b,K562_region_01268,chr2:71217538:G:A;chr2:71217621:G:A;var1;middle;OL41|K562|b5e5d0539ba3e0f1
1272bbc97ea9afbf82abb078d67ec51835b6bda4143af4ba62a76797b245440c,b,K562_region_00401,chr11:120039274:C:T;chr11:120039306:C:G;var1;middle;OL41|K562|8088f6049317ee32
127f9c0b5bcb62767bd44ab06a425cceff31e0e656f56ce9dd422c4fcbbf900d,a,K562_region_01257,chr2:48954842:A:G;chr2:48954905:T:C;var1;middle;OL29|K562|62f5922d114e8778
12894416f60dcff107b20ec6960eac7b7c1ce92c06e64cabe14103e9ea070e64,b,K562_region_01028,chr19:1015908:C:T;chr19:1015961:A:G;var1;middle;OL41|K562|18f0ea2f1bd77797
1296ec4075382af28a72cfb067005e46eb5b8baafa02c60b31560e0df2262933,b,K562_region_00908,chr17:42846305:C:A;chr17:42846331:G:T;var1;middle;OL41|K562|3cfb3d64d7fc2d75
12bb9696ff5e1a60f8a75048341c8d0fc8e23ea6d40dd22132806eb990a7de47,b,K562_region_01870,chr6:135419039:C:A;chr6:135419042:G:A;var1;middle;OL27|K562|62a58da1452cfe68
12c6fbadc54fdde4aab2f56b0fb3726d4d9f8c9d02aee7e8d75da2c499f8a0ac,b,K562_region_00951,chr17:77078871:C:A;chr17:77078955:T:C;var1;middle;OL41|K562|9ffeebd6007199e8
12d2aa9e007c90043bed0ddc2de29c8f7a4a9d0fb4eef1a891d4b3f3fdadfd7b,b,K562_region_01364,chr2:242764352:G:A;chr2:242764404:A:G;var1;middle;OL41|K562|f544cd79707d0bac
12d7d764d3b04491a047a189dc6361eeecec086fe10af33d71810a6a18efc304,a,K562_region_00930,chr17:62160382:C:A;chr17:62160439:A:G;var1;middle;OL41|K562|4b3132ca46c9dbc6
12e1db39f266dc881d7376f6789f6180a27ff0133c415ec4962deca0e56c916b,b,K562_region_02010,chr7:128742164:A:G;chr7:128742208:C:T;var1;middle;OL28|K562|bd4887f56174651c
12fcf811abd31f0db94629c021456e64b16f622ace5c144be71a4b308e2786b5,a,K562_region_01296,chr2:121124834:C:T;chr2:121124838:G:T;var1;middle;OL32|K562|d66fbdf32fb435c3
12ff2cce10a59745e453add37073bbfa60c0d1c1817f3c4790bb2d0617676307,a,K562_region_01709,chr4:154385570:T:C;chr4:154385594:A:G;var1;middle;OL32|K562|0d435eb384f44268
1306f984225a86a18a1007d1b0315aa9b3d242a47facc546cf262c69dc0f1721,a,K562_region_01934,chr7:23146112:C:T;chr7:23146189:A:G;var1;middle;OL41|K562|ec0efc04133180e0
1308cbaf06033c7cda24e9d670cf41adcc37defe8de3a6e55ccafe4ca8c2b2f3,a,K562_region_00249,chr10:94839642:G:A;chr10:94839724:G:T;var1;middle;OL27|K562|65fceb3da88196fc
13103d9a0b9c69a535db3983d90f6d965699079f5e7e2f5ca083f096be7780e5,b,K562_region_01122,chr19:35418182:G:A;chr19:35418193:C:T;var1;middle;OL41|K562|459d44ccaa8e8121
13117cb3ca02cd758e1a0aaad790ab82822023f1e3737eb22686ee9a7456a24c,b,K562_region_00061,chr1:55014099:C:T;chr1:55014160:C:T;var1;middle;OL41|K562|9e7660fd6cd7e79b
132cf765687260e0666ad0f733fc4dcb388026df47efddda2f4912988cd53ceb,b,K562_region_01721,chr5:203042:T:G;chr5:203114:G:A;var1;middle;OL41|K562|74270b7c6e90c549
1332942e042ab57d6e7df50ce23a05d46857cb9072da1f94c8071c05ff5d3849,b,K562_region_00109,chr1:144909149:A:G;chr1:144909155:G:A;var1;middle;OL41|K562|376c02abf3b63cb2
13335cc9b2fa03fa6217824c6ab8a5a171239a78c9aea6ee8d815c768e6b3d33,a,K562_region_00300,chr11:780395:C:T;chr11:780410:T:G;var1;middle;OL41|K562|ed3641ef75db1a9e
134f11c39298881411e3087a3db4904681dc41e970a882c5d59b52e4e8a710c6,b,K562_region_00964,chr17:79397611:T:G;chr17:79397678:C:T;var1;middle;OL29|K562|9977c90b4fed1f83
13511a09ba3dccdca0bcd9bd75e3735afc3743a455c1cf48be4cafee28a2508a,b,K562_region_00289,chr11:308059:T:C;chr11:308065:T:C;var1;middle;OL41|K562|a4118a2a38de70a6
136085f6f2f06a258eeb23edf0d2ea521b9f05fe95a945b55009748e952eb14b,b,K562_region_01143,chr19:45715680:T:C;chr19:45715717:C:T;var1;middle;OL27|K562|cda710dd2661e4b4
136be259d6e9c0285ac2573275700dc19e35d81878b7c14df808e9b314e71401,a,K562_region_00630,chr15:61069177:T:C;chr15:61069201:T:C;var1;middle;OL33|K562|9d872949ed4f3555
137ef1458b157b001e8e7c5c66c042b4693df31972d7b1ca3e082a44af9dfc63,a,K562_region_01993,chr7:97915635:T:G;chr7:97915637:A:G;var1;middle;OL41|K562|a14fc105686b9cbe
137f14c44244b7294e54831475620e8bba423cc2bdb665ea75e9adba1fa5f8e5,a,K562_region_01964,chr7:50470138:G:T;chr7:50470156:G:C;var1;middle;OL28|K562|ba57091d0048e4e7
138cd0fb83f8339e344037fc98129d35aa7248e7c379a61720d77467d15eae7e,b,K562_region_01774,chr5:139975626:A:T;chr5:139975636:A:C;var1;middle;OL41|K562|955f498b365fbac7
139b189f72c12eacfadfd7e0a02cddd586657930a59afb7509d784cdbc3c2f9c,b,K562_region_01052,chr19:3192277:T:C;chr19:3192280:T:C;var1;middle;OL41|K562|de024716b89d942a
13a2adb35a18e00a85573137efba48263acf5b8361ed6aa44b4d770f4b140d4a,b,K562_region_00801,chr16:85977911:G:A;chr16:85977999:C:T;var1;middle;OL28|K562|5d0fbdb7a7e1a7d3
13b62da57676d74f7bc283d3028a87458426ae4750666e9af6dbe57b69f7141c,a,K562_region_02021,chr7:148990858:C:T;chr7:148990933:G:A;var1;middle;OL41|K562|189f22a1d5bde4e5
13c07e28cd3f73e42616ccaea71a9dd086f80f8e38e9bd547d0b982b29c26b0b,b,K562_region_00266,chr10:115781527:T:C;chr10:115781547:T:C;var1;middle;OL30|K562|35f658a21eb76022
1402770aa09cea029e9a053b6e35bf6bbab535b6ac0399c3bd5b509aec30d722,b,K562_region_00046,chr1:26504697:A:G;chr1:26504756:G:A;var1;middle;OL41|K562|904ff81cd6716772
140cc6a5a5eb9d8fc4dbb4f22381d03959b528099407a9b2b758926647ad76f6,a,K562_region_00757,chr16:50099747:A:G;chr16:50099777:C:T;var1;middle;OL41|K562|e1be99591b7c8a1c
1411684fe46d659778d5df39ce618a2dc490e993794b8b94900866eaabe1b0a5,b,K562_region_00515,chr13:43597865:A:G;chr13:43597932:C:G;var1;middle;OL41|K562|cea72269dcd68035
142122f4f13f3aebb0fec81f2db02a13e1ecc6362bfdc721e30e8b851e97eb06,a,K562_region_00634,chr15:63680067:C:T;chr15:63680089:G:A;var1;middle;OL41|K562|7cded43481beb975
1437d3fd1f31d4ebcedb9ba2151ecbf646af2831bdbcc2f7f011be04799081c0,a,K562_region_00151,chr1:206654268:A:G;chr1:206654292:G:A;var1;middle;OL28|K562|910d553f3fe73cd6
1439fdf4557ff794c20bacb03fe68787ea2c5dde93093903cc755c48c1bb9ec4,b,K562_region_01987,chr7:95225731:T:C;chr7:95225813:T:C;var1;middle;OL41|K562|133609570baa2c91
143bbdfe450519c2bb7529dd295d1b66ee80b30ff3c26091fbfb48850c02d031,b,K562_region_01686,chr4:44431486:T:C;chr4:44431494:G:C;var1;middle;OL29|K562|52831d3f47eef90d
143e9c935a20ed2fc2cb1a8ab2c344b3111a27a588b68359d985d50acb463643,a,K562_region_01700,chr4:100065509:T:G;chr4:100065593:T:C;var1;middle;OL41|K562|207940823bf2304d
143f915dfcff54921927e9565fa14eef5ff84d6ec1eda12aa1cb878addc2706b,a,K562_region_01661,chr4:3578550:T:C;chr4:3578569:A:C;var1;middle;OL41|K562|d64574fba83e1098
1440927696e91919a29e61f97bd68b2ac61e56852bb6576bc6d27575c6993ef3,a,K562_region_00507,chr13:33554302:G:A;chr13:33554352:C:G;var1;middle;OL31|K562|21f4b155f879223b
144c2a4e7a365008f10446ba9c90ab66238a30e0d053a889f2e0d7b13e3f32ac,b,K562_region_01382,chr20:20033380:A:G;chr20:20033423:G:A;var1;middle;OL41|K562|63095bfe9ba8e3bd
145d50b7470946af6a5b800409a32ea85cd38066f0d1b9c0d5660ec25d1eec76,a,K562_region_01765,chr5:111061847:T:G;chr5:111061881:C:T;var1;middle;OL32|K562|51d310dfea95c2ef
1465cb6928651f82eee3cb840d93f87dafb9274f6c6583696899471a964b3607,b,K562_region_00834,chr17:812491:T:C;chr17:812534:C:T;var1;middle;OL41|K562|1b01caf1e0d16e54
1467c8b0e5ab77eae4ee7215a5db5663c8955b9d517005c3eb101d7c892175fd,a,K562_region_01830,chr6:35436922:C:T;chr6:35436925:C:T;var1;middle;OL41|K562|d990839d737f5d13
1473852ee4bb1ec30cc9d625799c9f0d35a2090e3f2e85415313a700dc69cfbb,a,K562_region_01857,chr6:100868721:G:A;chr6:100868779:G:T;var1;middle;OL32|K562|cae761588361aa74
1478fc60c81830ff7cbd8feadf76398ef35c8809f68e2fe6aeeabb9c1a6797eb,b,K562_region_01154,chr19:48836208:G:A;chr19:48836236:G:A;var1;middle;OL41|K562|1c8888790c879896
148a0b9eff990e973d469d06d19063ed6a6b525c99eb15045df7c60f48e63df3,a,K562_region_00036,chr1:19221621:C:T;chr1:19221656:G:A;var1;middle;OL41|K562|b6271623538d7bc8
1498f4642fd3e970e44b1ee73438d172076cd6b1e17b5627df971f90480917ae,a,K562_region_01315,chr2:160754050:T:C;chr2:160754132:A:C;var1;middle;OL41|K562|4a7ba2ae9c0a0c8b
14ae5c92b2ef8bb0c9b748dbba4d70b79132fdbd80ea704be171b2170d02cb68,b,K562_region_01071,chr19:10097536:G:T;chr19:10097593:C:T;var1;middle;OL41|K562|9aa0c689496c9ee8
14e6d042bf8e9e1c130f952847ab50a7a05003ac16f80dc1ef72f139dea3235d,a,K562_region_00811,chr16:88785072:G:C;chr16:88785126:A:G;var1;middle;OL27|K562|8488c9772232269b
14e9bd3125d4c7eef4515576fd80193691ca00ea4eda790f3b083c3b8537375b,b,K562_region_00457,chr12:30948824:G:C;chr12:30948848:G:C;var1;middle;OL41|K562|150668bf132b90f3
1503fae80aafcde2aef539bab626587f4c69a50c20a4e24251238bf9c4de656c,b,K562_region_00587,chr14:95053863:C:T;chr14:95053891:C:T;var1;middle;OL29|K562|dff63148ce544183
150b615a49dd363fd3ecb4072781c2c10e7aa724357565201b26bf12978481bd,b,K562_region_00921,chr17:48601328:G:A;chr17:48601381:G:C;var1;middle;OL41|K562|d08ca45b2b4e216f
150cb42df3663999d7b233bd97a4aacb03f3051b736c3f3a184ae8be60d2b054,b,K562_region_01520,chr22:37590203:A:C;chr22:37590207:A:T;var1;middle;OL41|K562|b62e0fa072553ba7
1521bddf7011c882e3ad728a28807ee30acfd0f59937a0e0a66546514508784f,b,K562_region_00948,chr17:74706341:A:T;chr17:74706346:G:A;var1;middle;OL41|K562|6f0f613a6cd6d0a1
153a477778349d4dd8ad6e7151186b1fb729a6d1f261fbfac7960bbb327342a7,b,K562_region_01788,chr5:172176886:C:T;chr5:172176904:C:T;var1;middle;OL32|K562|0b0bd532601ed03c
15423ac6358d126804a383d113b01f611e94af69fae1a2d5d5deaff61c3b8e18,b,K562_region_01916,chr7:5331620:G:C;chr7:5331651:G:A;var1;middle;OL41|K562|7acf5a06c3af8bbb
155a7b7b969063af0a54f3e30a62c2bce6827758461c165a6f8ac6b6023972b2,a,K562_region_00074,chr1:82957845:T:C;chr1:82957871:G:C;var1;middle;OL28|K562|83c279bf616623cc
157064bde55619471d3f39568bcc41f3a4a91922e2c8de18b0f63da709ccf328,b,K562_region_00959,chr17:78263429:C:G;chr17:78263514:G:A;var1;middle;OL41|K562|7753ed3059c5b553
1572191e72114df1686d059178b6c57f1cb3dc4944f06b0f173b8c11179300d4,b,K562_region_00982,chr18:11947651:T:A;chr18:11947700:C:A;var1;middle;OL41|K562|907082ade3c8816b
157d574e00df21e5abd5abfa2b35158962daad176ed573139b3c716a3639d46e,a,K562_region_01772,chr5:132201793:G:A;chr5:132201875:G:A;var1;middle;OL41|K562|cf10d7058c47465f
157fabacea305ad3f885aef9362caffac9f0515f8ce0bd2dd00feb0e642688bc,b,K562_region_00026,chr1:12046063:G:T;chr1:12046089:G:A;var1;middle;OL41|K562|142d26d42e0bb7a7
158329b642601321a3a6a36e88a2458a70d762c7e1ee310302d93eb8ce66fab9,a,K562_region_01919,chr7:6894629:T:C;chr7:6894649:C:T;var1;middle;OL41|K562|259a59dc4c07f70d
1584e5ac703e6cc01f54ac39e5db56c89a2a6c30db9c30d48db8f34348dbd5c0,a,K562_region_01714,chr4:181552420:T:C;chr4:181552424:A:C;var1;middle;OL29|K562|d29610cfd4ef7f52
15906eab8e1cdb0bf62f8d44756893833e88f26a8b5703a7b6589c327b60bbd1,a,K562_region_00764,chr16:54148547:C:A;chr16:54148628:C:T;var1;middle;OL29|K562|4a275cb7fc0258b2
1593e776d06ef985a70feaf3816cb8294d39e8c70e8f69b0a7b2949365ba10c9,a,K562_region_00357,chr11:64947240:T:C;chr11:64947279:A:C;var1;middle;OL41|K562|8c3d596134f8e6f0
1593f158d5c6c387f565508f833bba4b43f9fafa3003615a851d604d88fc00db,b,K562_region_01972,chr7:70144841:T:C;chr7:70144848:T:C;var1;middle;OL27|K562|77fff5b64093862b
1594555101ced7990566666c0ba06a670f81859e8beb2a905fdf91ef48a8fba2,b,K562_region_01128,chr19:39260682:A:T;chr19:39260702:C:G;var1;middle;OL41|K562|711f0ce14e4fa35a
15a9d18bb858462d3f39d50f836a0fccbb7754425c9e731017a41a6d61c037df,a,K562_region_01547,chr22:46025042:G:A;chr22:46025060:G:T;var1;middle;OL27|K562|18c5bf7c53327e70
15aacc0054475ce88f72771b586f13c8c91d743246c76975141c2fb14e269e72,a,K562_region_01049,chr19:3185553:G:A;chr19:3185563:C:T;var1;middle;OL41|K562|e795ff01cfdb8d8b
15c7be448b5ac72038db5e79f48ecd00539f813865087d01a6409ed01408cee7,a,K562_region_01175,chr19:53935766:A:G;chr19:53935803:C:T;var1;middle;OL41|K562|0d6b0c2a7d5499e4
15c9e1d7acf1b05d5dd4396df2f7836ac43998d1905a582ed758abc58a41ec8d,a,K562_region_02137,chr9:5453172:A:G;chr9:5453198:A:C;var1;middle;OL41|K562|cd95e81d649a7750
15cdebb5654c3ec08aea3ced47ad35417f76ccac323613af330a5cf33a780bed,b,K562_region_00494,chr12:126467920:C:A;chr12:126467943:G:A;var1;middle;OL41|K562|2a83d6ab2d1bb108
15da32bbaef0a93f4fa384a57c311ff4629b32260c406cc634eba4cd028d5486,b,K562_region_01694,chr4:77200805:C:T;chr4:77200875:A:G;var1;middle;OL41|K562|76458711f76ffc2b
15e9161286f86315fabd6fb10b6e403227a29685ff21dd3c93b55a0f85432b3a,b,K562_region_00817,chr16:89583578:G:A;chr16:89583610:C:T;var1;middle;OL41|K562|56557fc3c6633577
15f175841c88379734948d59ad5a7260fc1242664f1463eb0fceb03b7a3889b9,b,K562_region_01285,chr2:111609690:G:A;chr2:111609758:G:A;var1;middle;OL27|K562|da6b55a544e1b849
15f798050c890ff0ebdf61af14fa36ae4e47ba4b0d62a43f3a886e893245f581,b,K562_region_00846,chr17:3566209:G:C;chr17:3566213:G:A;var1;middle;OL41|K562|14c142a3733b9997
15fd7479de5d6706dcf593767ff226df04b82dd2f664c4768a438b77b91ffab8,a,K562_region_01254,chr2:46769095:C:T;chr2:46769135:T:C;var1;middle;OL41|K562|35c1484b93ba041a
15fdb71ac43f82246f8f3e988418aff08d479db8db9d9dfd05b48c8a73a8c05e,a,K562_region_01665,chr4:6593117:T:C;chr4:6593199:C:T;var1;middle;OL41|K562|966014b2fcf9c380
1601829d766a9ac63d359fa02968ee59e120dd1b276ed77e61d8d83f9887a622,a,K562_region_00483,chr12:118501565:T:C;chr12:118501598:G:A;var1;middle;OL41|K562|ac2c764f4da5ee42
1609176cec44d806978d05f572a344479480121d9b0b3fdbfb3c53f9c996aaa3,b,K562_region_01917,chr7:5864980:C:G;chr7:5865048:G:A;var1;middle;OL41|K562|bd00dd21eed520c4
1613101a934a5c8023eca11293d3d8e318645533d42ad1e29fbeda7e718624b5,b,K562_region_00204,chr10:17010732:T:A;chr10:17010798:T:C;var1;middle;OL41|K562|96faa38a16a94cce
1615cad8f996cb1f87baa4906236c6d04279f319efac88eed586d324d326e5d2,b,K562_region_00082,chr1:92021650:A:G;chr1:92021705:A:G;var1;middle;OL41|K562|7c30c4d934ed7244
1617011e5dd744955509d6dedfec0590529f4bc4578b34f12b8a3fcb7167bdbf,b,K562_region_00678,chr16:333138:T:C;chr16:333146:C:T;var1;middle;OL41|K562|e5ecb7eee5003bba
1617f53fc5484592218796dfb47ea86551cbe01e0109b82b52f0784bc3b6634e,a,K562_region_00035,chr1:18807897:C:G;chr1:18807953:C:A;var1;middle;OL41|K562|22fa40c69f833612
161b9fcbef2b11287968f43ec996a5fbd1370a01e62027a8b6a63db3bdec9a55,b,K562_region_00782,chr16:81129416:G:A;chr16:81129495:C:A;var1;middle;OL41|K562|e74029d2695ae78a
161e7fc0d85bcdb9696d83f54414d440d11938a09bf3634d20a2081838901554,a,K562_region_00150,chr1:205461535:A:T;chr1:205461563:T:C;var1;middle;OL30|K562|b27e4bde063ec8ce
163f74d505680f7b5b13d551fbd8d1624af5c8e141f0a547c650f3147dac187c,b,K562_region_00992,chr18:42829025:G:A;chr18:42829030:C:T;var1;middle;OL31|K562|6c9791e584cca645
165fea737459dd4278f0b5465e185091108a54b95ff9b7fa8a1c7e1cce69857b,b,K562_region_00832,chr17:781043:T:A;chr17:781115:C:A;var1;middle;OL41|K562|806801c9e5ad691d
166b96ccbc4a449c14b3877fa27b7f028c7b3ede4ab493cfaae1a3fa2120eb0d,b,K562_region_00340,chr11:18433720:C:G;chr11:18433780:A:G;var1;middle;OL41|K562|33e4cf6d08c59574
168a53c0663053dd6203e83cc17c6e11198afd5bd129dceff9959e387d81c540,b,K562_region_01560,chr22:51017394:G:C;chr22:51017476:A:G;var1;middle;OL41|K562|4b3c3f024de5b89e
1696a6d999e210d293d640878fa7711269d4a5e9a2ce2ab93e76d6451c2d5025,b,K562_region_01540,chr22:44577086:G:C;chr22:44577150:G:T;var1;middle;OL41|K562|abdfcc83b2caf7bc
1697b4e02e74b7fd3284175d42376ae3f6868872da0b7a34998fb09236ac66f1,b,K562_region_00745,chr16:20370810:C:T;chr16:20370816:C:T;var1;middle;OL32|K562|ccec14fc4ed2c5cf
16ae4b52e4e70d95061ddb12eecf42df981c01d50ca6d94b63101eab3f417715,b,K562_region_00350,chr11:62369881:G:A;chr11:62369884:C:G;var1;middle;OL41|K562|0ecacb207ddfe03f
16b21d566407caaafff130dd201173e010cf5ccf692e104d80f3ff3cfaf2b141,b,K562_region_01201,chr2:3509671:A:G;chr2:3509687:G:A;var1;middle;OL41|K562|3738d93b1688a4a6
16c58ee9444e2a003d560eae9f3199bd7dafd0100e9ca57a4aa141452c1728d0,b,K562_region_01709,chr4:154385570:T:C;chr4:154385594:A:G;var1;middle;OL32|K562|0d435eb384f44268
16ce7549dc8aaf01acc70638f5d5be36541d4fdc9e7660617e616354c40f7112,a,K562_region_01975,chr7:75442723:G:A;chr7:75442730:T:G;var1;middle;OL28|K562|34242652390dd323
16d75fe9b27d6b848b832eeabc8f1b0b49a59114fc902cec033a43991fa35b4f,b,K562_region_00619,chr15:45021705:C:T;chr15:45021766:C:T;var1;middle;OL41|K562|bf676fca160da469
16d9a464a2fffcdb71798f113c1be11fc7d158c0106a10e55cbe8ad85a16322c,b,K562_region_00974,chr18:1839564:A:G;chr18:1839601:A:T;var1;middle;OL29|K562|d014f1eab9da93ca
16dfbf664c5521e06309c7544b2ea585494fafa369b7cfa4a38a85c9fe44f4ef,a,K562_region_01280,chr2:89524565:A:G;chr2:89524614:T:A;var1;middle;OL41|K562|9aa3cb2a7417a77a
16e5c22a53b84eb434d72334803386bef70eee9bddf9f557d7e35d076158fc32,b,K562_region_01046,chr19:2534518:T:C;chr19:2534533:T:C;var1;middle;OL27|K562|f22485ec2915e03e
16ef930e1695dcf5a8e2ae96493410af0a0f6a4b645590f259c6cf75b959d7e0,a,K562_region_01902,chr7:1087426:G:T;chr7:1087454:T:C;var1;middle;OL41|K562|8eff95a8bad4579a
16efb004fe5228ab5034f3481381d5e2b1762996a75a8c8bbfb5bfdd324f1498,a,K562_region_01080,chr19:14172921:A:T;chr19:14172951:T:G;var1;middle;OL29|K562|8ad9a33f5c7b1d92
16f38743a29a8e447809d2760881c72472654c2984a489785ba591d26f23a341,a,K562_region_00491,chr12:124721371:C:T;chr12:124721419:T:A;var1;middle;OL41|K562|b9c579a7d47e941a
16fba6072ebefc78800f8a9691aa63a47ee6e54708a872784f245e8293be9672,b,K562_region_00981,chr18:10520290:T:A;chr18:10520309:C:G;var1;middle;OL41|K562|b3559077bc6a4c9d
16fe32716cf2d4009abf19b7e66f89cf9d38b74975a7e4f38d33e4730986b656,b,K562_region_01064,chr19:5293583:C:A;chr19:5293654:G:A;var1;middle;OL41|K562|aa71a2b2daa57f96
17046f5a344ac8645bbac81b5d96a2145ed04e02a52721e9cc12555509013c98,b,K562_region_02113,chr8:144093928:C:T;chr8:144094016:A:G;var1;middle;OL41|K562|7c305fb329e0037c
17155399d29af057f8c2c8778b8f97d7e989562b7aba7e684260121a1c712a5b,b,K562_region_00091,chr1:109265563:C:T;chr1:109265642:C:T;var1;middle;OL41|K562|cfa6a165d3e1b5a3
172b24ba7f86ea55deda8f6f98facdda301bacde2e4e3db3941d7c0f004c3d98,b,K562_region_01308,chr2:132440040:T:C;chr2:132440073:G:C;var1;middle;OL41|K562|93d5a05f3e06f177
17441bb4c4d5a6c10ad4d2ae1d58f5c543d4edc18dbda25d7906e99a50a40e97,a,K562_region_00075,chr1:86174772:T:C;chr1:86174814:T:C;var1;middle;OL41|K562|2476d555e7b567c9
17536ed0cdf1fcdb13796fb827c75eb48578c5e08d74ed65f50cbbe632d9631c,b,K562_region_02114,chr8:144097333:C:T;chr8:144097377:C:G;var1;middle;OL41|K562|786ca50e3a3ad983
175bcbc1bf0ae9da5ef9c2780a94a301704f0343e22d363e682f203ba63e7d68,a,K562_region_01465,chr21:46424569:C:T;chr21:46424652:G:A;var1;middle;OL41|K562|d273bf95fdae9c29
175d828306da481f7839de5f5ff9930cf6e111b64548d3b9d45dd46f4a7598dc,a,K562_region_00135,chr1:180124872:T:C;chr1:180124916:C:T;var1;middle;OL41|K562|ecd8e9cffe8b1ebb
1770e98c7c7358ce820c64a8e55ffb82d650dafc5c2d8352dbbfe0a0fd4dd565,b,K562_region_00380,chr11:76504698:G:A;chr11:76504732:A:G;var1;middle;OL41|K562|e584a901ec92de28
1773b45557889f447bd4471662822f742ec0ecb667895ae122ab31fb82172045,b,K562_region_02006,chr7:124032394:G:A;chr7:124032401:A:G;var1;middle;OL41|K562|d36c613c25780647
177eecd172066b7273dd62bdf3f189396b89da05001d64a7aeaecf11e10801d7,a,K562_region_00623,chr15:47754018:T:C;chr15:47754027:G:A;var1;middle;OL41|K562|b092133d97f18753
177f34e027bf808d92beb4a859ab487aaa6bf8058edd90533a1116eea877de74,b,K562_region_01145,chr19:46077862:C:G;chr19:46077867:T:C;var1;middle;OL41|K562|af6325511728a5cb
1795d038e0aacd1665eb4aa48206cda3def167c9f8a15524ae7510247eb1a67d,a,K562_region_00568,chr14:68066489:G:T;chr14:68066559:A:T;var1;middle;OL41|K562|fbaa3c7622635f54
17cbb10a87df63e0ba99e4d50401e01844ca802409186612c8f790c5bad4cc0c,a,K562_region_02094,chr8:72088123:G:T;chr8:72088171:A:G;var1;middle;OL29|K562|33a32e28b8db1da3
17d0803a1adb7a713a6be48f8d6e8920d87390de96a21d084dff6bb3af58f453,a,K562_region_00571,chr14:71107939:C:G;chr14:71107942:C:T;var1;middle;OL41|K562|d2600e5739ca3daf
17dbc7471eeeb8ef93cb5dc3242d9578a1e050c190c7f18394e64ba201751a41,a,K562_region_01854,chr6:52236778:G:T;chr6:52236814:T:C;var1;middle;OL41|K562|f2a8bea5ba6dca2d
17e0fb55caf2b2f86ba7806b1df4ef8e7de5fc38c2b04b459ffdd86f79b78620,b,K562_region_01773,chr5:138272249:T:C;chr5:138272286:A:C;var1;middle;OL41|K562|a929bf721bcc95a7
17f67670e2830605eb569b238246be25ef05539680c0cd9c8b4707c3fe70c6a5,a,K562_region_00171,chr1:230888426:A:T;chr1:230888501:G:T;var1;middle;OL41|K562|8b6e47b9ecdafc17
17ff9987d970be36180ebd28ade36337ba7174f8833e1d48cf1d2f8dea75ea33,a,K562_region_00055,chr1:46037357:C:T;chr1:46037394:T:C;var1;middle;OL28|K562|c28679eacfd2d96a
180d6444b2da1fef4528720e68ef7b37893e648cef293931c1cd5913945d691e,a,K562_region_01942,chr7:27138754:T:G;chr7:27138829:G:A;var1;middle;OL41|K562|56d07ce61217c935
181e8ca0747b7a63119cdfeae81ce830f7ab05a998dee878272ca3e28839a79a,a,K562_region_02117,chr8:144766644:A:T;chr8:144766661:G:T;var1;middle;OL41|K562|440a28097323a341
1829937571b23797a8452394a73e5023874f5160ae1a73cc2a1868208813152d,b,K562_region_01453,chr21:44199667:G:C;chr21:44199686:T:C;var1;middle;OL41|K562|1f3989cf698e4cb8
182e15348a7b0d3d0eaaa260aaa9f01ea67206e6a1d99c80d7344682af93afd1,b,K562_region_00580,chr14:76694852:T:G;chr14:76694877:T:C;var1;middle;OL31|K562|c265ece4a1bacde7
183871999de0001b84a3e4f3bc85d7db86d3b12b88690d4f1342075fc2308822,a,K562_region_00844,chr17:3435062:A:G;chr17:3435139:C:A;var1;middle;OL41|K562|e61d31f7ecc179b7
1839e46440fb422139ee94ebbb60ffd6fde428c3699cdb9e92f08e787e0cd3d5,a,K562_region_00713,chr16:2138218:A:C;chr16:2138269:T:C;var1;middle;OL41|K562|2017240115078432
1845ef4dc4efbccfb103c95c76a8daba6bdcefaaa771908f067b5a79fe9e455a,b,K562_region_01895,chr6:169587103:G:A;chr6:169587148:A:G;var1;middle;OL30|K562|53ad8572904935d2
184bb28f9267d786b54f4b63829f2a415fa553b2864f96ecf8d629ee77337a73,a,K562_region_02207,chr9:131564695:G:C;chr9:131564750:C:G;var1;middle;OL41|K562|44f9071956294642
1852aaeff0d05499cea54279c956cfe3a2a441e53f1d00654736902169884d58,a,K562_region_01219,chr2:20876736:T:C;chr2:20876760:G:T;var1;middle;OL41|K562|449605ac6e85e252
18596d93b2c9346e5684a7039294e273db1d75122c823aac4e59327470d622ec,a,K562_region_00760,chr16:51025426:G:C;chr16:51025468:G:A;var1;middle;OL29|K562|0f3bdc9716887708
187b9b6af1bc8917f9ab651539d148f7443a881f9b881ebdaef6e92ef9107fce,b,K562_region_01717,chr4:186580657:A:G;chr4:186580675:G:A;var1;middle;OL30|K562|eceb3068cfefe6ae
1885126ad5b432183c3cda9a8187575769835fded66945e8906db0a469753d13,b,K562_region_00133,chr1:172745284:T:C;chr1:172745316:T:C;var1;middle;OL28|K562|1f0f275b65ab5bee
189009a2c1917bec2c287ea803b4145c2a1cf8351899146786f197ea88453436,b,K562_region_00271,chr10:121028387:C:T;chr10:121028390:G:T;var1;middle;OL27|K562|38dc0ee44152d5bf
189d446cce35f84f667d27ff72a8458280c6fb619e443dad9a22582b02eadef4,b,K562_region_01440,chr21:36062937:T:C;chr21:36062986:A:G;var1;middle;OL41|K562|8645366d517c1d3b
18a0ce1f915753029cc10689aeb662a37bed1b6295a04ed6a828f45870647e30,a,K562_region_00680,chr16:420673:A:G;chr16:420723:T:G;var1;middle;OL41|K562|4bdffe8e596fbc82
18a513673e1343f169edf4d13882c2908d19860546fdc2bbeac15c1e374c2d07,a,K562_region_00855,chr17:5326089:C:T;chr17:5326145:C:G;var1;middle;OL41|K562|c460c55a2edac5d1
18a5d356bf6e5698266f8c4dda6de6c8db47839019bb676c4a54a9d963060993,a,K562_region_01421,chr20:60776310:T:C;chr20:60776352:A:G;var1;middle;OL41|K562|2589e25cec4ca46d
18a6d12e89773288d0103758af58045ea69c0c8b37f466c454a65fb707614efa,a,K562_region_01932,chr7:22862467:G:A;chr7:22862489:C:T;var1;middle;OL41|K562|51f779a7ae2de6bf
18b1c6a290f5b0314a7e0da54a702f5f42f5dfa79c654967fe9d92ec24ae0572,b,K562_region_01920,chr7:7244181:C:T;chr7:7244254:G:A;var1;middle;OL31|K562|37b8cd18c4136769
18d5ea9527f51483ddebee96ad1a52a071da8ff7a4c030f3b9519cff3ee96c43,a,K562_region_01737,chr5:32829929:T:C;chr5:32829975:C:G;var1;middle;OL30|K562|14cfd3da9a150108
18e6884514076f33cde72973f93bc0ecfd3e564a1080a34f6fe27d96414a763e,b,K562_region_01478,chr22:18975504:A:C;chr22:18975587:A:G;var1;middle;OL41|K562|4660b62b5a2b4b0a
1907b2ead60e6a89f3026a5f46f4dd76738a54b405b4811e9d911b7b09b629a6,a,K562_region_01209,chr2:8760364:T:G;chr2:8760439:A:C;var1;middle;OL28|K562|84465308b09855fb
19097fbb34bbbe8849687c1f3029edd97a4a8efabacc8b2c655daedba86c9baa,a,K562_region_01163,chr19:49950298:C:T;chr19:49950356:C:G;var1;middle;OL41|K562|3a1d83e891d1b357
1932cc907f10404c47615f48d4dd822debac9f85b62d3865114ae51ea20ddbbc,a,K562_region_01357,chr2:240900919:C:A;chr2:240900947:G:C;var1;middle;OL41|K562|8b97568746e51567
194628f5ab72d682a58b766e890027986134278dc1bf80dbdd33a1150a33d88d,b,K562_region_00659,chr15:85932249:G:A;chr15:85932267:A:G;var1;middle;OL41|K562|5b77b108fd3c7321
194d225ea46544f7cbbdfa3e2cd6e0ac62f58cd331eaf51c2905cf529bdb9446,a,K562_region_01598,chr3:100131897:A:G;chr3:100131976:C:G;var1;middle;OL41|K562|9b4d7ecabbfa9b45
194df132dc33eb7ded9ba85fafd21d3ef525c68fa3604abd5e7caa04f7c4d54d,a,K562_region_00569,chr14:69306299:A:T;chr14:69306338:C:T;var1;middle;OL28|K562|6c427bd7e8982375
19537d65f79cb9e85c2f8135e8c5f1a49e6cc93fb275e7d531cf9497f9d98ca3,b,K562_region_02024,chr7:149575638:T:G;chr7:149575707:C:G;var1;middle;OL41|K562|65c4655ccb67f1f7
195500ac73aacec72f11f837b9c5ee43a4856fdd513646375b317fc7c157d413,a,K562_region_00985,chr18:20735408:T:C;chr18:20735461:T:G;var1;middle;OL29|K562|60b33b2215696f89
1963f9b49fac710364416fd4cb21f3d692abe28aa7631828f57fabf54bc60a43,a,K562_region_01390,chr20:36932660:C:T;chr20:36932676:G:C;var1;middle;OL41|K562|692e854431a54604
196edde72f5b338977c4878d35384f0a4752bd5231231167ed72da48f63a1486,a,K562_region_02178,chr9:98878881:A:G;chr9:98878961:C:T;var1;middle;OL31|K562|cd7666184d4f92f3
19727bd47033a97bc8f18b687405b6b3025eb2c7f0fe768f36c470004f74d6e1,b,K562_region_00359,chr11:65653242:C:T;chr11:65653309:T:C;var1;middle;OL41|K562|8fee98f33c3bc853
197493507fbd01e5732010a640e62ad06dc6b1744c4e2ee4fcccde5970cc11ae,b,K562_region_02117,chr8:144766644:A:T;chr8:144766661:G:T;var1;middle;OL41|K562|440a28097323a341
197eb63af1b93f555d883e78869dc191a4aa712bf14cd677e7142332c24719be,b,K562_region_01081,chr19:14492219:C:A;chr19:14492272:T:C;var1;middle;OL41|K562|9d2d56ac6797bff9
1982a941242de0e3866e47883c8d65f381153d537e5f97493090874d9f008070,b,K562_region_00398,chr11:118942048:G:A;chr11:118942067:T:C;var1;middle;OL41|K562|0acd1903cf421172
1987d1568cc146601b9f72c7abc9930b0d9bea6150114de6591655ad89132a7d,b,K562_region_01391,chr20:38475982:T:C;chr20:38476056:C:T;var1;middle;OL30|K562|5ec4f2a7ce4dcd51
19949606ea188532494f6454eca63a81b331f8b8ed585a592cb9e6363b7a452e,b,K562_region_00126,chr1:161188587:G:A;chr1:161188649:G:A;var1;middle;OL41|K562|1e408eadc252a67d
199b873ce32b8b06cee87f4cf4ad5d2170466bd8763f7e975d08c3f99a900c6b,b,K562_region_02151,chr9:22133984:T:C;chr9:22134068:G:A;var1;middle;OL31|K562|76edbdb4af64aa4e
199be984032028285c543beab20fb8aa351ae8469a05730e0c65c0d6f1e4ad90,b,K562_region_02002,chr7:106373646:C:T;chr7:106373718:C:T;var1;middle;OL27|K562|db58f68fd50f43d8
19a754440cea4526963e403d022998a75dc52e9a7c8074c0e12cd5efd954edff,a,K562_region_00520,chr13:51290025:T:C;chr13:51290029:T:G;var1;middle;OL41|K562|64729789366364d5
19a9f1eac14c782673c3ce3090758f2154bff2551cf7c0b924367249be38e1bd,b,K562_region_01234,chr2:29288429:T:C;chr2:29288481:C:T;var1;middle;OL41|K562|ba5e6a3202811fb1
19b34099055a3c951ee4a21cab654453541807790c3356f2ca8a78e347213ace,a,K562_region_01166,chr19:50432789:G:C;chr19:50432810:T:C;var1;middle;OL41|K562|f5a8611708636135
19bbd3ffea790e61d5286cf99abd53c9b8f2636d89283345b94a34b9543caf64,b,K562_region_00904,chr17:41438653:A:G;chr17:41438698:G:A;var1;middle;OL41|K562|141a0b30302f2eff
19d5fc3722f75a906db550e0fad3028afe8def7a2cde8e377069c1bfda813a08,a,K562_region_00200,chr10:13535359:C:G;chr10:13535398:C:T;var1;middle;OL32|K562|c3e5fea53b94f575
19d67af78e043a0775d5ccffd4c0d293bbd52aecca0c33e832e4401c3efbf0f0,a,K562_region_01501,chr22:23657875:A:C;chr22:23657939:T:C;var1;middle;OL41|K562|0c2f177131537ea1
19d8eb934cd0973ac5ea5bee42f9bdc126d6babe7aac8833a38d00bae03ac203,b,K562_region_00945,chr17:74541137:C:T;chr17:74541171:T:C;var1;middle;OL41|K562|a026de0cff006fff
19dafd2f88091e8141f89609453e76f4f4efe8f06395f4a623466bf86ee8e872,b,K562_region_00374,chr11:75427984:T:A;chr11:75428027:A:T;var1;middle;OL41|K562|c549513896336ed4
19f5698875e32f0949c5c1a68497a7268df2ae5f7b6575c15a8b559abfe7db50,a,K562_region_01343,chr2:231034645:A:G;chr2:231034649:G:A;var1;middle;OL41|K562|8bced8c8a9d25a2b
19fb3203634cda0dba892cc9310de1c607e4d2fc408f61df8933b094b65ec7c9,a,K562_region_00017,chr1:9343528:T:C;chr1:9343551:C:T;var1;middle;OL33|K562|d7d15c047f83b9d5
1a0051fdae985e4de12ca625b87c2855d12771a37ebf3f06bacd1af9d32bb005,a,K562_region_00033,chr1:16840462:C:T;chr1:16840476:A:G;var1;middle;OL41|K562|58c97704776d49b6
1a19fb0ad39232639cd3e583250afc9773828b519bfb237111e06082b3e726bf,b,K562_region_00071,chr1:72751134:C:T;chr1:72751185:T:C;var1;middle;OL41|K562|aaa0ffd2f1213acb
1a266dbac29c70f5f3c47f79ed118417b25c229821df379a03813f12b0c428c5,b,K562_region_01318,chr2:169764141:A:C;chr2:169764176:G:C;var1;middle;OL31|K562|d51c7fbd91939fff
1a3449e1e9023e455156109484c27d8e40d0fab7b19c3a173b8c6530b06396bb,b,K562_region_00334,chr11:11144363:A:G;chr11:11144400:T:A;var1;middle;OL29|K562|c3d5233531419913
1a5b00594c13b02f72e8f6bd04e6a4edbce64fda3f603d9ad5833ffb0566c844,b,K562_region_01866,chr6:121763963:C:G;chr6:121764006:G:A;var1;middle;OL31|K562|ae338246cd0a7d2a
1a65b60ae14a53a082be24f1e1a3d09e254e509c70de02cb05fc2c8e942c54c8,b,K562_region_00533,chr13:107569280:G:T;chr13:107569298:G:T;var1;middle;OL41|K562|8fe326c46cc197b0
1a6c69c112456b973b51290e3515cd64d530aa892b244785150262da7c6f2084,b,K562_region_01561,chr22:51017713:G:A;chr22:51017794:A:G;var1;middle;OL41|K562|44c0e72e8c89effe
1a82b91a8ab8b2cc1271b8145f44a9b05c0b26bcbcbbbdba5bd5ac4da08068b3,b,K562_region_01387,chr20:31163565:G:T;chr20:31163573:G:T;var1;middle;OL28|K562|5b645f3c7a5b79bd
1a84fc121d0cb97a8fdc5c2ce0d5dd95f781f392cc118c37617ae675ae72bdda,b,K562_region_00335,chr11:13010967:A:G;chr11:13011003:C:A;var1;middle;OL41|K562|547cc0ad253a556d
1a882c8003e96c72c73c51e3a489da893c9a1a26f18493f434d2c811d78168ed,b,K562_region_01043,chr19:2324384:A:G;chr19:2324458:G:A;var1;middle;OL41|K562|2298ff5b6df89814
1a943a6ec1ddc5e1fa5827a48aa287dbe2ea31d121bb7376588a5a622559860a,b,K562_region_01772,chr5:132201793:G:A;chr5:132201875:G:A;var1;middle;OL41|K562|cf10d7058c47465f
1a9ba6149cc65a8995ae23d4740e544f76130a591dfa925df18e39994a4cdd28,a,K562_region_00549,chr14:23369294:C:G;chr14:23369378:T:C;var1;middle;OL41|K562|dc7612393e873eb0
1aa51f5894e050f2a54686949ac57bb6df8735ab2f20d1455b165dd7095be9f2,b,K562_region_01820,chr6:10887251:T:C;chr6:10887276:C:G;var1;middle;OL41|K562|2a63f313d017f5ae
1aab55d26077e63b44e6e852dd0dc58a0a97abad13b66f2f23af2c6bde54792d,b,K562_region_01307,chr2:132285310:C:A;chr2:132285356:C:A;var1;middle;OL41|K562|7d0884be85f2a4fc
1aaf285e6734418001e7c8df5ee09435964e67a9a96e61faea2db954280c3122,a,K562_region_00369,chr11:72341342:G:A;chr11:72341377:G:A;var1;middle;OL41|K562|5efb5af276724199
1ab0750de9e2461ce3b6e08f14b6c8d795278f0937eef76a324403954c62f810,a,K562_region_00716,chr16:2725045:G:A;chr16:2725094:C:G;var1;middle;OL41|K562|bb827590bff920cc
1ab7a16ba557c0ac807ab1e18b03e7e2c02d37b1b3655c38caa68ba02536b86e,b,K562_region_01628,chr3:172312614:G:A;chr3:172312670:G:A;var1;middle;OL41|K562|7cd3049d05b493fa
1ab86c6b2a926fd8d179bae328499ed51de0375c0370bbd7f55721b5ed82c831,b,K562_region_01929,chr7:20426263:T:C;chr7:20426297:T:C;var1;middle;OL33|K562|3e9e2f5908202957
1ad04eb9b30f03e4800a07b8c57f068d89538925bc372ec4f99eec22ed428fbe,a,K562_region_00438,chr12:10096010:G:C;chr12:10096086:G:C;var1;middle;OL41|K562|5eac9478b3f62f67
1ad170d9271449ce9773d227db8d1caacfa6b3ba7385839e0477040746201362,b,K562_region_00124,chr1:161014649:A:G;chr1:161014727:A:G;var1;middle;OL41|K562|e2fa370d22b9cd6c
1adf8d5eb24a37da21d582fcacd275e8dfbee192682862328cf07a7a4a7692c9,b,K562_region_02176,chr9:95899227:C:T;chr9:95899267:C:A;var1;middle;OL41|K562|01915c3ea3e9a9da
1ae668386d22b150dfdb9d744d720d5032e26caccaf4d5f4627ba67220eb99aa,a,K562_region_00629,chr15:60013172:G:C;chr15:60013178:T:C;var1;middle;OL27|K562|06b551ccf943d092
1ae7326831f57836c9e0775c78c288711ae79c09aae7e9bb36e987efe8b3426a,a,K562_region_01292,chr2:114360149:T:C;chr2:114360223:C:A;var1;middle;OL41|K562|017680acd5f9e96a
1af8b27c99fb388f0f9ef59b7215c68f2ca13061348e2c17f2587fa1e01b0950,b,K562_region_00845,chr17:3564716:T:G;chr17:3564779:C:T;var1;middle;OL41|K562|6d72a7b88b14fbd1
1aff851ccc492b64b21a948d744abb61b5db65544711f91a3a11043e9ff30349,a,K562_region_02159,chr9:35658062:G:T;chr9:35658072:A:G;var1;middle;OL41|K562|94ff640bd68088cd
1b0baeff060ca7d5431ed010ef0453c5f4896a6806f4cd972ba092108eb8753f,a,K562_region_00298,chr11:674458:G:A;chr11:674499:G:A;var1;middle;OL41|K562|524d71719528fbd4
1b149d01b4a8067a1588aec88c855971e3f471c24dfd30b0fba1dd931a3f5dca,b,K562_region_00363,chr11:68659403:A:G;chr11:68659488:G:A;var1;middle;OL41|K562|248ca30a6e773487
1b38464cc2d9e751c0d80a50d17faaf226364be81d14e458a117b8d2418931f6,b,K562_region_00946,chr17:74557976:G:A;chr17:74558010:T:A;var1;middle;OL41|K562|f8694bb38b62e4e5
1b486fe394e5e890f6c73604027bfb0744850f21aea8a4a48603b247e414f7ae,b,K562_region_00877,chr17:17116544:C:T;chr17:17116613:C:A;var1;middle;OL41|K562|1f9f729db0f1eb1a
1b4e9c31698dee2e1cadb0821357f1ddb6b8658be76505424b9ea25e8efc0135,a,K562_region_01586,chr3:37827350:C:A;chr3:37827376:A:G;var1;middle;OL41|K562|966558a1b88d9572
1b6aa0f1f7b9b963fa04371bc0fa5ae3f2a0d5b1fc4e388070363f50ccaa9ca1,a,K562_region_01092,chr19:16434937:C:T;chr19:16435011:G:A;var1;middle;OL33|K562|b69037dd210438d8
1b6af18f8b4f3173b40c039ce5418a1838778697e46c781fc6eccfd834cfa818,b,K562_region_01608,chr3:128284948:G:C;chr3:128284965:T:C;var1;middle;OL28|K562|98c36d56f4eb9aa9
1b756ffe2ca8f18b74543bcd04d31c7b2fab19a45ba465362a5b08692792fa61,b,K562_region_01213,chr2:10862188:G:A;chr2:10862276:T:C;var1;middle;OL41|K562|bfe71a56e13fb798
1b75f8d35b4580179307d2a0d7cc4b1f659e5402f03be6bbfb2fa397987205f6,a,K562_region_02046,chr8:8319963:G:C;chr8:8320029:G:A;var1;middle;OL41|K562|78adcd62fe3ec0ab
1b955264899b1b3f5506c276159d0d86d4cd93cffe3670d9e7cd59ae9a3f2e4d,a,K562_region_01326,chr2:187398614:T:C;chr2:187398616:G:A;var1;middle;OL41|K562|936fd16c0655658a
1ba3ecb8e28f027a3a81ed315eef484960ca05c46c7b9a1eb7c1c59d0b41f340,a,K562_region_01638,chr3:187451701:T:C;chr3:187451709:C:T;var1;middle;OL27|K562|ac88bce27b3bb6d6
1badc8530c3cb55452a4b6303e7056aee9cd21280e1145daed49556a7104e281,b,K562_region_02041,chr8:1807756:T:C;chr8:1807831:A:G;var1;middle;OL41|K562|3667f233393fe4ab
1bce00370c2cec36908186db8c2b60a8754adff537d01c107df25e7f14fe4883,b,K562_region_01325,chr2:182234900:G:A;chr2:182234986:G:T;var1;middle;OL27|K562|f45a0e48f4aa9858
1bcfc8916f5714cd630a80a0d4ae565233ec4dbadf8689c05801b7ab1f544246,a,K562_region_01989,chr7:95226709:G:C;chr7:95226733:A:G;var1;middle;OL41|K562|aad74a42e6529788
1bd0b46a5d7138b71f085675edc6551f7dce550dd87bf3b56d49ccd1a86277ec,b,K562_region_00680,chr16:420592:C:T;chr16:420673:A:G;var1;middle;OL41|K562|2882a72ddfbe2cb4
1bde0d54a294dcd325d6e260779b8c9043c565db59e75fdb9c5727c4557b9879,b,K562_region_00354,chr11:64016229:C:T;chr11:64016284:G:A;var1;middle;OL41|K562|bc7bae2def157701
1bf792c05d0ca54cf4e8293fc9082159ed44dc85f53355e422153bd204d1679a,a,K562_region_01026,chr19:994800:A:G;chr19:994813:G:T;var1;middle;OL41|K562|0c2c8e29ab7889f1
1bffcce3093ef2b1d1c066561faed376c0c6f1e38f64c92a58d1e63ca423df7d,a,K562_region_01825,chr6:21926224:G:T;chr6:21926313:C:T;var1;middle;OL32|K562|f23920da6f784373
1c09522b26ebe4e4ba5e5f0ef55a46eb96d84be7d3678ef86054b9099a0ffe9e,b,K562_region_02030,chr7:150784262:T:G;chr7:150784265:T:A;var1;middle;OL29|K562|b1c2a301fd7a6a15
1c111f19f8568f1faff716f339dbfa2fc3ea8f45d1cd3252437e09c6f870e6b8,a,K562_region_00286,chr11:287959:G:A;chr11:288003:T:G;var1;middle;OL41|K562|0e5ef5a3666d0b13
1c206d570fab6baf95b9e390010707c048295179ec0df985c09ebec3497e97bc,b,K562_region_02112,chr8:143799457:G:A;chr8:143799496:G:A;var1;middle;OL41|K562|bf069410b4576b5d
1c2887f0d15ec51d0b6964aa95bc7ad3370604fa813c6f2002b334ed1780428a,a,K562_region_00358,chr11:64979848:A:G;chr11:64979912:C:T;var1;middle;OL41|K562|549b2acdec33e9ca
1c29a5a47d5d2c968d299101a5abab963f9e3e8255318480efe133cec4271155,a,K562_region_00475,chr12:70068747:G:A;chr12:70068823:G:A;var1;middle;OL33|K562|f969a745070c7484
1c2b7c13be54d54ab7c0cd1f3dc4318ae3022d9ccb1e79de420b2317f05067ac,b,K562_region_01774,chr5:139975626:A:T;chr5:139975672:G:A;var1;middle;OL41|K562|01d61b1167121e9d
1c31010e88463ef4b669197496e3f8a505465f850bdae9f2a70dd78898998fde,a,K562_region_01727,chr5:1186086:C:T;chr5:1186121:G:A;var1;middle;OL41|K562|6fbb0ea4749614e4
1c38163f518a442437f45139b377c4e92e07832bfb5b065e7c766f8eeb1302d1,a,K562_region_01336,chr2:215674323:C:G;chr2:215674341:A:G;var1;middle;OL41|K562|84a769cb9c3d6fa8
1c3f6d4fffbe7da64c55d2bb1929e00bb08cb0aadc930c94704f72cf441d0a85,b,K562_region_01461,chr21:46289941:C:G;chr21:46290002:A:T;var1;middle;OL41|K562|336e9673fe034a34
1c48a473adf24efe84aa08d224b0d317f39cc5bc524e5d07984f6f2c4a780959,b,K562_region_01901,chr7:970035:C:T;chr7:970039:C:T;var1;middle;OL27|K562|3029f491d5e1032a
1c4dcf7bbef3862a9b8cf3d12df072e13bc8b00c5966243226080a64731d4b1e,a,K562_region_01037,chr19:1495723:C:G;chr19:1495756:C:T;var1;middle;OL41|K562|da0d372efc062066
1c5c3e950a15fba758c03d2de035ba3ac5cedad2f9fe53cf8ce45c7f12363c48,b,K562_region_00631,chr15:63414723:T:C;chr15:63414725:G:C;var1;middle;OL41|K562|01cc511bc7ff3e9b
1c66cb2e1509ca8f21caea19cce8f1a416bdc1145a26b97e0388439c23226639,a,K562_region_02182,chr9:107589567:C:T;chr9:107589580:A:T;var1;middle;OL31|K562|5597a7814b323085
1c73555b280c5a850a8e6292c2232b056962e0fca1fd772cb48224c4e0f1b1c5,a,K562_region_01146,chr19:46180184:C:T;chr19:46180223:G:T;var1;middle;OL29|K562|4c49353dd8eef96e
1c7af1a8d312ce316722bd7db6440d2b26eb3fed916345d0e883a3a32fa449d2,b,K562_region_00268,chr10:115786233:G:A;chr10:115786236:G:A;var1;middle;OL31|K562|31ac71bda5f39f2c
1c9989a1ad9b731d7674ef9588725857c1852e652573ef8150a3b0ee46a2a38a,a,K562_region_01889,chr6:159857587:C:G;chr6:159857662:T:C;var1;middle;OL41|K562|3f6e0e89b5af5a63
1ca2e07f8fa8bfa0005a287baf67890fb8de3abdc78d33d81c48227343de9825,b,K562_region_01363,chr2:242762838:T:G;chr2:242762923:A:G;var1;middle;OL41|K562|5cf1043881cd46b0
1ca3e2f1cc2585b5c385a736d35a7a6b005843a814afc55befbf13e0cbcc77fa,a,K562_region_00578,chr14:75428234:T:C;chr14:75428248:C:T;var1;middle;OL30|K562|eeca5096ad980971
1cad554e612ab2be2ff47197efca356b01427d419826e016929b5d5f5553bd43,b,K562_region_01926,chr7:17015156:C:T;chr7:17015162:A:G;var1;middle;OL28|K562|6081be663e8007e8
1cb38141af1b1b4e543d32868a810ccff6c41f33884b85e1f8cc66ad489b5ca3,a,K562_region_02054,chr8:10335260:A:T;chr8:10335262:T:C;var1;middle;OL41|K562|e5011fde8dec13db
1cb7dd6d11b5dc022e0819d5330d127bae9f1bef083bd09c2ff0e05b14aa3cd3,b,K562_region_00327,chr11:9569854:T:A;chr11:9569857:G:C;var1;middle;OL27|K562|1b5978ed94bb9ee4
1cc4487a94473e65ea24df080c7bd7affc969643e338aac147095c830698fd75,b,K562_region_02061,chr8:11872239:C:A;chr8:11872314:T:C;var1;middle;OL41|K562|f911523f7483e7a7
1cf45df572478aa08e567bb74288323bbb9ca0e960dcde4ea33e58cd9584e7f9,a,K562_region_00020,chr1:11024381:A:G;chr1:11024395:T:C;var1;middle;OL41|K562|2299d8e87730e7e1
1cf5e8a76076d74b1c2466e77055cea010204e1a2e4b9079372cfcd0023dfad3,a,K562_region_01285,chr2:111609690:G:A;chr2:111609758:G:A;var1;middle;OL27|K562|da6b55a544e1b849
1cf7c755c587e8b5bbd0bbc4b14b4e5e77cb4ca18cf77060af7c2a853c1eaf6f,b,K562_region_00836,chr17:1653979:C:T;chr17:1654048:A:G;var1;middle;OL41|K562|bb761395e06dd05b
1d13c3336732e1c9a456c67b34e64d3466fe60bc60baa0ec5a5da1092638023b,b,K562_region_02108,chr8:142137634:T:C;chr8:142137704:G:A;var1;middle;OL41|K562|da812c65168c2f78
1d157e8accc4e643ad665280a2295484a2bffd659c2ef3a14e7051a72d38b27a,b,K562_region_00227,chr10:52643179:C:T;chr10:52643221:T:C;var1;middle;OL30|K562|2e585872392ccd98
1d2ae02e83782dc33dbde0dca2490f06de5fe73a2c010208054b65b1d0105640,a,K562_region_00928,chr17:58156392:A:G;chr17:58156427:G:A;var1;middle;OL41|K562|a419a2f576184aa0
1d2d9d7e0f6f659eef81d9ef081c38c5b7ede05b7d2b70f87cca3b2afe3735cf,a,K562_region_01272,chr2:74358252:T:A;chr2:74358286:T:C;var1;middle;OL41|K562|408d23e575f4a04f
1d304a85c20399e5590663f15e01d668313202febbc0978a078d564d2046b030,a,K562_region_01451,chr21:43429588:G:A;chr21:43429623:G:A;var1;middle;OL41|K562|481d07725329df98
1d494b178e16bd916c7585641dec0220dd9de70b8186af4f4a3df18ebf13843e,a,K562_region_01684,chr4:40420131:G:A;chr4:40420183:C:G;var1;middle;OL31|K562|78469f1cfb3116d5
1d4c94d5c6a055bdb9ab7199466dbc62848d45d6d92ae6e081336d20d65cf714,b,K562_region_01874,chr6:138426976:C:G;chr6:138427047:A:G;var1;middle;OL41|K562|b9f710f360ed8350
1d4e3b708a3eebe66a723626ef63c7eb852e0ec56ec45c08fc6736b778aec48b,a,K562_region_00142,chr1:201884647:G:C;chr1:201884668:A:G;var1;middle;OL31|K562|771dc99cdb8a21ae
1d4f41e8c77ee9e1a73c7ee5ecd94ebd576a1492d9388ae71977d6a0a611ed61,b,K562_region_01139,chr19:43709798:C:T;chr19:43709815:T:C;var1;middle;OL41|K562|6bed72cea18fb941
1d5f0f03d93e17d002041287040cc3f4498b481da92fcac2d3ac2d9116735ad0,b,K562_region_00195,chr10:7709892:G:A;chr10:7709942:C:T;var1;middle;OL41|K562|570288c0a640a38e
1d75245a0a90ffc573853e60b8117ee444c1f2deb7a2f55107ec5d6dc2e4d68d,a,K562_region_00710,chr16:2013715:C:G;chr16:2013756:T:C;var1;middle;OL41|K562|dec9925f2bf9ed34
1da91ce28d665e4297f41c7969c6c57d27104b643bd370c25166a0f4e6be6d06,a,K562_region_00497,chr12:132674116:T:C;chr12:132674118:G:T;var1;middle;OL41|K562|173c734556bc210c
1daa9cb96a733b8449292ef890c2ab3b8bc8658bbb37485bfbf17fe1f05ed073,b,K562_region_00190,chr1:248903755:G:A;chr1:248903769:A:G;var1;middle;OL41|K562|afc12e7d93897e53
1db21b1c4660893b5b06f442328e6656002ff173c9ee2fc8f74eaafbf593dc02,b,K562_region_00989,chr18:33766982:G:A;chr18:33767017:G:C;var1;middle;OL41|K562|fba3be4c69de4186
1dbb249890b7cb31f541e37f084a8e8059a795cf60a582a258e9606e29915a64,a,K562_region_00198,chr10:12292286:C:G;chr10:12292344:A:G;var1;middle;OL41|K562|2469b16dcc6d4fdd
1dc82ce8bed69ad8ec6b26b4590b5b9a0a17f56e226f5ee5412f6e691132ff9c,a,K562_region_01581,chr3:24341264:A:T;chr3:24341268:A:T;var1;middle;OL27|K562|f0697f54dfa013b0
1dc9048a73b2a62ce95922017a5563f86c92101eff724836c182db480f57ace1,b,K562_region_01335,chr2:214018514:C:T;chr2:214018554:G:C;var1;middle;OL41|K562|a5c1e77151163aed
1dce2d57a51e1cb46f9799f7153d4d2e6f392be4f2917250b079436bc86c238f,b,K562_region_00137,chr1:183155228:C:A;chr1:183155305:G:A;var1;middle;OL41|K562|1cc9214b6f277b4c
1dcf65ecb2517af73140b8ed1c200b799b84ce39c96fc727eb6c486e420f86a1,b,K562_region_01421,chr20:60776310:T:C;chr20:60776352:A:G;var1;middle;OL41|K562|2589e25cec4ca46d
1dd0ab5a6f9daaf6414cc9e082cfc40ad8fdbf2ca15548ddfd7d959c46a6264b,b,K562_region_02117,chr8:144766661:G:T;chr8:144766686:A:T;var1;middle;OL41|K562|2ce7fe9a6a4b7be4
1dd33ecf298ea81edd0ef485c1265d0ddf21bc0f108b565e66b99c76057d468f,b,K562_region_00218,chr10:48957354:A:G;chr10:48957435:A:G;var1;middle;OL41|K562|eedab9df124ffd2d
1de3b859c7cb1b7b7001ca6d8f8ed32e61fc51e8d840444c3dffa645f73c258e,a,K562_region_01594,chr3:53878597:T:A;chr3:53878616:C:T;var1;middle;OL41|K562|9f5b7ff5966345ed
1de5c8dd0f2ad5cba5af1efac0aee694799ea4fcf1e6c0774043a0c46e7a1ba2,b,K562_region_01602,chr3:125634825:T:C;chr3:125634881:G:C;var1;middle;OL41|K562|a58a2c81e51f0484
1dfe15f629485d55ec89c966194cd61c53edd36d6dc06b33daf639081f255791,b,K562_region_00267,chr10:115782367:T:C;chr10:115782424:C:G;var1;middle;OL30|K562|192d1b5fe724c80c
1e0098df7470861722901d8d7d21b4fce4c7e4df06d8dd187d236e10f498ba8b,a,K562_region_01529,chr22:39494084:C:G;chr22:39494087:T:C;var1;middle;OL41|K562|a32e97a9b7ab88af
1e00e637accf79fa72be0f1f49b0cefdc0debb4a963c67d2e928d3e2d604804e,b,K562_region_00742,chr16:15498773:G:C;chr16:15498807:T:C;var1;middle;OL41|K562|fcf2b8e777a8bd1c
1e1ce1c9336b926e20a46ebe5dda80569f4709845ddc150aac5e7114184e7c4b,a,K562_region_01654,chr4:987276:T:C;chr4:987343:G:T;var1;middle;OL41|K562|b5a33d7925795431
1e1df8e838d3f03051f43afa356066261b2bf781d46679dd6f1d1b2448639a2e,a,K562_region_01802,chr5:180258087:G:A;chr5:180258113:C:T;var1;middle;OL41|K562|a7a8849db86fbbf5
1e306d4bf01d49d59ccd89800e46e6b39b5f3dd9336a86526c8295e45f2e8fb0,b,K562_region_00673,chr16:84130:A:G;chr16:84170:C:T;var1;middle;OL41|K562|d315b288a88f7005
1e31cd5872c6bec489015d4b82b1f7a139480d1785e53f12d0d65733261ec229,a,K562_region_01270,chr2:74347576:G:T;chr2:74347594:G:C;var1;middle;OL41|K562|0f41b2176e53c471
1e43d4ede1afed8f28a74cf89c2abfe0219f86f4897acb7bbfdbea8ee1cbaee9,a,K562_region_01291,chr2:113993344:A:C;chr2:113993385:C:G;var1;middle;OL41|K562|3cb84d9871de1c27
1e6292e53dc91a15242edefe502d2b28ae1772f6449a750277c6b32a14185e3a,b,K562_region_00569,chr14:69306299:A:T;chr14:69306338:C:T;var1;middle;OL28|K562|6c427bd7e8982375
1e780f5902266a3d18b8d8d19036b599b59089227768aa8ab922d86685b62ca6,a,K562_region_01211,chr2:9913779:C:A;chr2:9913813:G:C;var1;middle;OL41|K562|584f670a04added1
1e78e9428245d132605eb60c1bf82f6039391035d2bcbc6204e071e2b374337c,b,K562_region_01582,chr3:24715105:C:T;chr3:24715135:G:T;var1;middle;OL32|K562|1b8b2a56de86512a
1e97c04fc8070cdb55f2f5a99b1b12ce4a068dc0fbcc8bd700660f382e0aaf68,b,K562_region_01959,chr7:46753491:C:A;chr7:46753553:C:G;var1;middle;OL28|K562|69460faf4c3231ff
1e9fd07695ac869e07b530744d6bb561a3bd96cc729b16d6dad69311ca95951a,a,K562_region_01814,chr6:3912246:A:T;chr6:3912275:C:T;var1;middle;OL41|K562|3cf708fe55811899
1ea16c804b7438a33e2c9cc8cc3aa4308f7dc9391ded9f3a4516e25b903883bc,b,K562_region_01700,chr4:100065509:T:G;chr4:100065593:T:C;var1;middle;OL41|K562|207940823bf2304d
1eaca87d11f37b49b1875b83c8afbd6db826f3230a5e9690d1707f5ac9a311f7,b,K562_region_01352,chr2:238499997:T:C;chr2:238500046:A:G;var1;middle;OL41|K562|950d9912f2246023
1eb655d8b9c10a0a69e8cb3ed7913ddc103d0fd65d3e8f0b6c897395011afcef,a,K562_region_00861,chr17:7347042:A:C;chr17:7347123:C:T;var1;middle;OL41|K562|170fbedcee22bf81
1ec5c17197ce72916932170fd1342a9e5bb9bc41e10735d80847066359781dd2,b,K562_region_00254,chr10:100175477:A:G;chr10:100175536:A:T;var1;middle;OL41|K562|b8bb95a6f6554c83
1ecf21982265bb3114285df50a88525853188578c33664324ab2c967ce6bd493,b,K562_region_01087,chr19:15890725:G:T;chr19:15890777:G:T;var1;middle;OL41|K562|9529a2d0d5e93e16
1edc6c9be187043f8878128b83140bbedc0baa3c0311ab35b1d079b1706cd709,a,K562_region_01849,chr6:44229703:C:T;chr6:44229707:A:G;var1;middle;OL41|K562|d99b644f8d618dc3
1ee161c0cf9fa334f77f5806252298dfb8c9eb9f9c2107e727c8bb4b3961e51c,a,K562_region_00962,chr17:79303772:C:T;chr17:79303786:T:C;var1;middle;OL41|K562|49cfb1cb8f853319
1f0c071ab4f5e82c35d787a9c497f73016b6c23c5c726cb7cde1973d029b2375,a,K562_region_01238,chr2:37536436:C:T;chr2:37536488:G:A;var1;middle;OL41|K562|232ad10cdc98bef0
1f1916e929ca349de34151d53a818fc9745883364d96a446cd66fa9ffdc86997,b,K562_region_01200,chr2:3494301:C:A;chr2:3494374:A:G;var1;middle;OL41|K562|6a45f9e5bd9a2c32
1f30c26af51b5c433c614a695baad6650aef3a0d74aad0b8d1a8989bc0210d69,b,K562_region_01824,chr6:21164131:A:G;chr6:21164145:A:G;var1;middle;OL28|K562|667019a650e17e4b
1f36291d1cf7ea472b0a6dade0f36f43449ca0d8dd88310d511821443042f508,b,K562_region_01305,chr2:132243380:C:T;chr2:132243446:C:T;var1;middle;OL41|K562|acf35b94d982b412
1f649198407978995d0b5569480f3020163f0f7b7b22df5df83022bb359eae72,b,K562_region_00038,chr1:22351951:A:G;chr1:22352040:G:T;var1;middle;OL41|K562|9b0700dce8165939
1f666be190d772b162bc590efbbb10d3a56adfc4ddb9ec9142e1b590a34f0ff0,a,K562_region_00600,chr14:103576443:T:C;chr14:103576526:C:T;var1;middle;OL30|K562|bdbca0552ea051f3
1f72e330c2645fada45c0bcf12d6fb87ff28e5700983b38f5a908c5b4cc2c931,a,K562_region_00862,chr17:7358861:T:C;chr17:7358930:G:A;var1;middle;OL41|K562|621ae026bb23e628
1f8793bd295d48a9225ef4da43828093e861082ef689b61570bd2cd511df131d,b,K562_region_00576,chr14:74734614:C:T;chr14:74734660:G:A;var1;middle;OL41|K562|08bb8d40793d991c
1f9a2c4f44f7d67cca0c9906994bfbb7e07f15c3056143d20bfa1f28cc1c62b8,b,K562_region_00213,chr10:44880207:C:G;chr10:44880260:T:C;var1;middle;OL27|K562|69e16ef302de7f26
1fa1c3b26e2cf873f6604c9d0bf5c0feba3903391af0712785b3576a0f70c9e4,a,K562_region_00701,chr16:1558915:C:T;chr16:1558935:T:C;var1;middle;OL41|K562|4973b781f094152d
1fae0486ebe80356aa3e248c0864c17bc843ddf4199a3a5c6b9e5a6810a448ee,a,K562_region_02174,chr9:95894886:C:T;chr9:95894961:G:C;var1;middle;OL41|K562|5d195bef25332a73
1fba486d475cdd06818999d7cfa7e43cd0451e8ee5a54b2643be1f5cc533beb6,b,K562_region_01105,chr19:18297608:A:T;chr19:18297656:A:T;var1;middle;OL28|K562|7c91e8349f5b0560
1fbb75801401fafebb13e1d72bd199174a1ce2bd9c5d09eeeb6954a3ed7f2911,b,K562_region_01104,chr19:18166498:G:A;chr19:18166559:T:C;var1;middle;OL32|K562|f1463b052a1aead2
1fd3ebb0a7bd284d42a31ef8e8154bbee40228731e2c441a1775cb1b7a963c0e,b,K562_region_01563,chr3:3153259:T:C;chr3:3153339:G:A;var1;middle;OL28|K562|0c0573d3f8d06600
1fd5f5763e1e1a2d7f3a0b31ad4c2e645acfce85cec92498081a4d2bc83ee340,b,K562_region_00183,chr1:240778399:A:G;chr1:240778403:T:G;var1;middle;OL31|K562|7912864439de756a
1fe548284a941ed73e96bfd3d9b0e2c8ffc8eacebb9a0bf837c2ad0bc9ecd8a1,a,K562_region_02142,chr9:12759781:C:T;chr9:12759838:G:A;var1;middle;OL41|K562|4595b597238c3ccb
201d9e57693cec1828689f8f811be5c918f89c23f022e488f357dff882349332,a,K562_region_01497,chr22:23055533:G:A;chr22:23055539:G:T;var1;middle;OL41|K562|3ef8e789f58d7d21
2026b743e745709e83bad57f05abf500532af1f8234d64238db15472360ccbaa,a,K562_region_01882,chr6:150210685:C:T;chr6:150210723:C:T;var1;middle;OL41|K562|0c766582014e3da4
2028771e283a4cc064fb4846171b69ef0283af2e4612d0c2f700bb9370068aa5,a,K562_region_01599,chr3:101815428:T:G;chr3:101815432:T:G;var1;middle;OL32|K562|f7a39f378e553cfb
203f88798b6eb2c28bdf6b0788fc12afe9712af161f52310f725564650548bbc,a,K562_region_01202,chr2:3605528:T:G;chr2:3605538:A:C;var1;middle;OL41|K562|30dcf3b06ca37e6f
2041ead8127bd151c904691243183823adbb4ece8a5e6e6a380358416b2b277d,b,K562_region_00257,chr10:102103508:A:G;chr10:102103529:A:G;var1;middle;OL30|K562|3c31530790c6b9ac
2047e60f5cc4e0a07ee45b91bb224eb3379dca76ab21869cd115445d77024984,a,K562_region_01335,chr2:214018514:C:T;chr2:214018554:G:C;var1;middle;OL41|K562|a5c1e77151163aed
20492c1d1e11b16891f9c29cb92362910caca107050ba99156db4bd6e962f97e,a,K562_region_00123,chr1:161014370:C:G;chr1:161014446:C:T;var1;middle;OL41|K562|a71a46e12e7285f4
2069300f9120baeb4b5869c0cab112e7368e1ff3ff156e64dd755ab19a7d3971,b,K562_region_01377,chr20:10458616:G:A;chr20:10458688:A:G;var1;middle;OL30|K562|ef5fa3fc914cc9ca
20693e7a4022c50830fa0685f00ec58c8748cfa324272bef76c54b8993c9d0b2,b,K562_region_01949,chr7:33914327:A:G;chr7:33914394:T:C;var1;middle;OL41|K562|54e6b0eec3be2a54
206952771e65a6c2bbd302f7375541697b5cecec0e1acc104d6eabd9838fb4df,a,K562_region_00651,chr15:79230969:A:G;chr15:79231046:G:T;var1;middle;OL41|K562|f6ad95240c9e779a
20857848fda53cf8d063d831ee37b61dec2b4ed0b54f57cf877fc829a20f6b4e,a,K562_region_01020,chr19:634067:G:T;chr19:634095:A:G;var1;middle;OL41|K562|3ad38908f4a86588
208d85e0897a2b1e2d3e8c776899ead64902c8d413e319482e743559e40cacf4,b,K562_region_00379,chr11:76293726:G:T;chr11:76293758:G:A;var1;middle;OL33|K562|d0a1e01ff1e854d4
209a5dd1594f7d3a0bcfe4ef90254c05fd465526bf49bef14514fa11b250dd17,a,K562_region_00209,chr10:20143106:G:C;chr10:20143109:C:T;var1;middle;OL29|K562|68b92825f26efde7
20a46cb14ee03c9d97540a4dc8ba502d2790abc0688cd7afb6b352deec9fcf49,a,K562_region_00858,chr17:6656175:T:C;chr17:6656188:G:C;var1;middle;OL41|K562|aa9c303e7eaa8b25
20a4b2c72d5b0026fb888ebbe45f07593e44c26744ff95c8304a69212bd2ed6f,b,K562_region_00449,chr12:20582640:A:T;chr12:20582651:A:G;var1;middle;OL31|K562|e530816d4f1383cd
20a639d9b196aa008291e250eb08171a039ef58f4e108ea09a0e2e26d69b9baa,b,K562_region_02157,chr9:33524725:G:T;chr9:33524775:C:A;var1;middle;OL41|K562|8e865084fb02a2cb
20b8f41308ff638ece1044302b2e64d269939b7de1a884e0114083b8fa66ad9a,a,K562_region_01622,chr3:156795408:C:T;chr3:156795414:G:T;var1;middle;OL27|K562|1ba2e588ef36b954
20c623884176811a62048ad8b8ed41075c6a5fb518ff348797e08657c6c94f51,b,K562_region_01587,chr3:38044951:A:G;chr3:38044969:G:A;var1;middle;OL41|K562|8d8fdcca98958b57
20deedb2833e5f7aebb3cff47b10c6e1ab3640aeb0044c6eda350af4d147d0bb,b,K562_region_01244,chr2:42167183:G:A;chr2:42167256:G:A;var1;middle;OL41|K562|de93f965edcf7a9b
20e5a97bf2c9de61935f9887101a2576371d5764a509daf44d67bdaba9b62002,a,K562_region_00883,chr17:21551217:T:G;chr17:21551227:C:T;var1;middle;OL29|K562|48f0541c032e2b17
20e74cdcfe4e8f25641729d40f6890933cfe7aacbc09e557e9cfac61148ea182,b,K562_region_00259,chr10:104221529:T:C;chr10:104221539:A:G;var1;middle;OL41|K562|2d4e2bcd2bf51ada
20f9dfc1bbc86b01cc44155fe6e19f426986d9c9e4cda8f3300cc7856808449c,b,K562_region_02187,chr9:110172430:C:A;chr9:110172436:C:T;var1;middle;OL31|K562|26ce2420dbba06f6
2105bf6a932c7af0311041a33e847ed8d88f6351345d95a3a3c97e44f7327b84,a,K562_region_02110,chr8:142307749:C:T;chr8:142307753:A:G;var1;middle;OL27|K562|ac589848974c1176
21083cb78c2ef4f8fb389187e9b264822e5cd5ebe8fb0452558c2e816f8c1994,a,K562_region_02127,chr9:2493058:C:T;chr9:2493123:T:C;var1;middle;OL41|K562|64293156dcd1958f
2113c40d96bcbefe470c8654b34ba3a25b31b027c82807240c9e1b0a491fb9c1,b,K562_region_00965,chr17:79992138:T:C;chr17:79992140:T:C;var1;middle;OL29|K562|82a1e77b2b96f268
211811a062ea72200153ef7267764093e478fa35f25a4ca17135e1d7254432dc,a,K562_region_00612,chr15:35047969:A:G;chr15:35048026:C:T;var1;middle;OL41|K562|e814864e4569b21a
21225b0101e1c1484090532b2b0ddf68303ca40c3945395634969cabd9336a33,b,K562_region_01672,chr4:7315187:A:G;chr4:7315205:C:G;var1;middle;OL41|K562|dd5101c0f1e235fd
21254e1877499b0a716c690ddd09d935679671c1d84ab8b47c64edb1f614701f,b,K562_region_01341,chr2:220168607:C:T;chr2:220168616:C:T;var1;middle;OL41|K562|9fb4223dc9c4d513
2131fe2cbcb6e9db873a36b22bf0547ef0cddaa360bb75976f024a326e75d86b,a,K562_region_01478,chr22:18975446:G:C;chr22:18975504:A:C;var1;middle;OL41|K562|e6e85b55009bf70f
2148283f334eef79a0bf52d30d5bae0eb229299138356ab39f2a4e6251b380ac,a,K562_region_01018,chr19:539222:G:A;chr19:539250:G:A;var1;middle;OL31|K562|9d31ccaffb0b79e5
215205c7d98da2e15c2d24aed5d484937e148cc9c5f6b156db64156aea667385,a,K562_region_02225,chr9:139620267:G:A;chr9:139620333:C:T;var1;middle;OL41|K562|2716d78ef5c187b1
215fadeb6aad48aaa2822c17d87c3b8804676d0a46105943759ed847712ee633,a,K562_region_00012,chr1:3691490:G:A;chr1:3691528:A:G;var1;middle;OL41|K562|4a2b921459ad8c18
21655636ec823ec64fe5a8120475807bf09ca3d59ead183e623928beafae4deb,b,K562_region_01448,chr21:42653237:A:G;chr21:42653289:G:A;var1;middle;OL29|K562|8b1b82664aa26428
2166e222e9598e1de8b18834a1998b4074cde307c05b166796b77496e99eac99,a,K562_region_02071,chr8:21952205:C:T;chr8:21952226:T:C;var1;middle;OL41|K562|398dfd6b81781171
2185f1e233386c1830c8438577ea91d1ef9006b0466b0f116efb4a00a39e9887,a,K562_region_01303,chr2:131131866:A:G;chr2:131131869:A:G;var1;middle;OL41|K562|70c75e6137afdd28
219983884189fd3e15e78caedbf0cb8cd86941348f80a12182092021f9e424f7,b,K562_region_01602,chr3:125634873:T:C;chr3:125634881:G:C;var1;middle;OL41|K562|5145a1462f4bd6bd
21a55c264437c5fd5220d1c1567eda4c4205b4dadb1c08e1757b0a563ec77e21,a,K562_region_01681,chr4:25377777:A:C;chr4:25377811:A:C;var1;middle;OL29|K562|bf1eb4c878b7996a
21a95fc0aff70227758d925db4413fdcf0e3df3a853a11597ac047bc7dca41d7,a,K562_region_00550,chr14:23494987:T:C;chr14:23495048:T:C;var1;middle;OL41|K562|40717bee473e0a2f
21aaf0545443ae082b3f858dd0f86d2d61e11519d9080e41b91e7352555f8837,b,K562_region_00747,chr16:20420807:G:T;chr16:20420889:T:C;var1;middle;OL41|K562|d6759654034e5b6b
21b8e95a98bf6b2f2edfae0a9c5c9aac89d71f8c63b6609c3df35afaf374db08,a,K562_region_02186,chr9:109461021:G:T;chr9:109461098:C:G;var1;middle;OL31|K562|4ab4bae0b28c3cc8
21cffb19e5961edfb58ee42d2456306244214b8795302ff68df54ccba9ba0ee2,a,K562_region_01234,chr2:29288425:A:G;chr2:29288429:T:C;var1;middle;OL41|K562|d50c7980d22d3d15
21e0dac96c3acf768857fd2fef908722d9f1c005d05748c476225952a14d80d6,a,K562_region_01198,chr2:3484443:T:C;chr2:3484500:T:C;var1;middle;OL41|K562|dc002e3eefb60486
21e6068ac807d64b3e95e9b7e2014dcf678270852533a5b67c8441fbd6cdf34b,b,K562_region_00151,chr1:206654268:A:G;chr1:206654292:G:A;var1;middle;OL28|K562|910d553f3fe73cd6
21f549d4ec39df648aac6f4d4f74e0f0df5f4e7512fab3167d8abdd5100d6fd0,b,K562_region_00263,chr10:114546582:T:G;chr10:114546666:G:T;var1;middle;OL31|K562|3990e12ccbd233ff
21f582ebb81ac7d189f91a6b1fd2a97816b862ef4192e1fd81dee445335b6005,a,K562_region_00804,chr16:87889412:C:T;chr16:87889495:T:C;var1;middle;OL27|K562|5b4ed07df434f179
21feb88e962b74bc08528265cd91912a03e4af4605354e72ba9197024e7846a2,b,K562_region_02082,chr8:27603227:C:T;chr8:27603266:C:T;var1;middle;OL41|K562|31ea618f380d6f65
2209b83dfd730388ee3c27372e6aa85285477e9157378dee4b37b1518fc9725b,b,K562_region_00869,chr17:12191339:C:T;chr17:12191351:A:C;var1;middle;OL33|K562|453b67cfb127b1ee
221c7efc19330a4d07b473b4d9c63e2ab296dc5558a419f0afd941652e91b90e,b,K562_region_01581,chr3:24341268:A:T;chr3:24341272:A:T;var1;middle;OL27|K562|fc3046e84a51c5dd
2220a897e9f168fb5028cc373f90a10f9205850b1878b3cc9ee2393959a7ea1c,a,K562_region_00638,chr15:65176584:G:A;chr15:65176608:G:A;var1;middle;OL27|K562|90f35ef853ac01b6
2221f1fd5827e5ad555b672520efbd5e3450989ad2dd860971a378016193fb7a,a,K562_region_00703,chr16:1843873:A:C;chr16:1843900:G:A;var1;middle;OL41|K562|24c0a0d56a8e6091
225256ae8e8603a68f22dd073060da50cba2702b1f74fcc526f793ee1ea7cce9,b,K562_region_01785,chr5:157924232:G:A;chr5:157924280:G:T;var1;middle;OL32|K562|3e2cbdb6a53fbfd6
225301811e1ad37b8e67e763ef97d37493d306ee7ee75f2c1d0a3eb50adcd1cb,b,K562_region_01200,chr2:3494322:A:G;chr2:3494365:C:T;var1;middle;OL41|K562|b7e1880263640da1
225477626e29cdbac0e9ee22f09f89794360729063c6369c0fd6eb632e1ff3fc,b,K562_region_01717,chr4:186580601:T:C;chr4:186580675:G:A;var1;middle;OL30|K562|0f8a26645ba342ea
225b6cb1e0f19b29b26b7c584486142d03b67350595252c69e0db6a99660ff33,a,K562_region_01128,chr19:39260544:T:A;chr19:39260589:C:G;var1;middle;OL41|K562|5d44cc7bb83f824b
22722e43422b04a6781186c0b23675b92f0d8110c37c81ef1babcb43e6f8ed47,b,K562_region_01089,chr19:16197377:C:T;chr19:16197432:C:T;var1;middle;OL41|K562|af816ffd1677e044
22995b9d7e3d5c3101f70bb7a66e43328a6fbed3d90aa67b5b3378410cd76179,b,K562_region_02167,chr9:93195886:T:C;chr9:93195951:G:C;var1;middle;OL41|K562|03487a5b48234d92
22b392eb7cc528ace5e0640093020cc6bc6951a06ff19b253e28241f0323dc19,a,K562_region_01355,chr2:239035853:C:T;chr2:239035937:G:A;var1;middle;OL41|K562|7e3392a265b33b66
22c5e8224db89a3be6cb1168b5697af37babc9368b5261dd4ae00c52714f1e44,a,K562_region_00541,chr13:113260711:T:C;chr13:113260796:G:A;var1;middle;OL41|K562|a0705a49be536637
22c93e0621dc05cffa3b0791dbabdf7c843b81a0230d5d13755027c65f78eb73,b,K562_region_01296,chr2:121124834:C:T;chr2:121124887:C:T;var1;middle;OL32|K562|9d1ecc01f84ea295
22cfc5743b2da83fe03460a71ee42576a7747d6d081916a30e5d1a69575a1671,b,K562_region_02065,chr8:17507915:G:T;chr8:17507964:A:G;var1;middle;OL41|K562|6598dd1ce06f07a1
22d071ed2d42740bb981f9ee7cf22daa823096c693d26855e2b32fdc99a900c7,a,K562_region_00293,chr11:330973:C:T;chr11:330989:G:A;var1;middle;OL41|K562|84d5968c2b49a310
22d0d6604841038c1f637872eff68f096af66f1cb6116c4e985206a24795a7a4,b,K562_region_00144,chr1:202830160:A:G;chr1:202830219:A:C;var1;middle;OL41|K562|8f0db93240d300f5
22e498507ff07038f311a82516ef82736a8233160e6abbf536bdb6d62981bc73,b,K562_region_00141,chr1:201123745:C:G;chr1:201123799:G:C;var1;middle;OL41|K562|12e2187d93c7ad2f
22e9b1d7f1599ed7be4f6e3f3dd4bb51443b6ac820acb3df148101d96c83c969,a,K562_region_01324,chr2:182159245:G:A;chr2:182159255:C:G;var1;middle;OL27|K562|c1aeae10f11031c8
22fcc55dc7a36dc0f32dba1326fcd0c32542ab41af3730d4cd53fc39461fd879,a,K562_region_01332,chr2:202897288:G:A;chr2:202897368:C:T;var1;middle;OL27|K562|287d86b3d5586f72
23085d92ca4dcf9762f4170003189674f9ab7f054be7d4d3a3dbe8627b73838e,a,K562_region_02003,chr7:106628054:C:T;chr7:106628065:T:C;var1;middle;OL31|K562|7d469d1e0d1d1a28
232101ada6aa023f9f1e18b008df91361c7eb852fba446aeeedee0f98aa2f1ae,b,K562_region_00692,chr16:1030147:G:A;chr16:1030154:G:C;var1;middle;OL41|K562|8199a0a230908821
23234d9c9263167aa27554bcb46a7d5bda87a397db47eb7fcdd07f23ca037f84,b,K562_region_01447,chr21:38445069:T:C;chr21:38445095:G:A;var1;middle;OL41|K562|1f3b41ad69951bac
2324ba9ea8d6dd0e31ec8632a689d09bd14e24116b72a624e037a14bf947c04d,a,K562_region_00077,chr1:88292547:T:A;chr1:88292560:T:G;var1;middle;OL41|K562|c91aa9d7ebb993ed
232c4be19344258214b3658c57f0f6c9b3980cf1ce73beb202e535c8228a92e4,b,K562_region_01157,chr19:49206417:A:G;chr19:49206462:C:T;var1;middle;OL30|K562|459a4b8d2853a002
232e6c23047f7694c22b96331d8e4d7210e64b17773c266349b9f0b5875914e5,b,K562_region_00932,chr17:66179547:C:A;chr17:66179581:A:C;var1;middle;OL41|K562|9e5ce1c641e741fb
232f33663ddf0333a31f088a8f29282aeca6fc9dca96b9312b28681a8d0bdae4,b,K562_region_01289,chr2:113934085:A:G;chr2:113934174:C:T;var1;middle;OL41|K562|89309c7139ed1584
233a0cecff2595d15bd49f5c06bdd4e822548dca886ce66869d8a804506f5322,a,K562_region_00239,chr10:80944095:T:C;chr10:80944147:C:G;var1;middle;OL32|K562|f62c12ae0ef0c011
23430dfc881c4e11181b2cc67944d2999e0919a432a092bd49ec1d263b1bae84,b,K562_region_00177,chr1:234653672:T:G;chr1:234653716:A:G;var1;middle;OL28|K562|f644ddb36f731bd8
23653de373bd48ef320955b26baf8e5831ddb14d91930baad88908598038d39c,b,K562_region_00876,chr17:17110251:A:G;chr17:17110255:C:A;var1;middle;OL41|K562|c4ecd86a8703f450
236dd078e84bcad912c9ed9d628495efc94d2b08e27398c00fb7adefebdc2d8c,a,K562_region_02060,chr8:11644751:A:G;chr8:11644821:C:T;var1;middle;OL41|K562|b2f05aa1b250d10f
238424e0fc0bdf2fdc4fcc63a5eca74e1c975ab31a6a1411610dbe794f7d3e0c,a,K562_region_02224,chr9:139428802:T:C;chr9:139428810:G:C;var1;middle;OL41|K562|f856ecb623282bdc
2390185d4ed035addb1cc9bb6725a5ee909ce40719fed19c64bfde94b51b19b0,a,K562_region_00295,chr11:531165:A:C;chr11:531224:A:G;var1;middle;OL41|K562|2625b8fde41414d9
2395e57d77b34f9cb852467b7dfd19c78e8a07d7fe8ec487c0a94a087ed2e767,a,K562_region_00013,chr1:6259090:C:T;chr1:6259130:A:G;var1;middle;OL41|K562|43fd8f45cb2f0d1c
239e9e746c79896d0b2a75705d9d77f20b12cfeef5674a5c7134ff053f5e0390,b,K562_region_00570,chr14:70456664:G:T;chr14:70456699:T:G;var1;middle;OL41|K562|054fa626c5485b19
23a5ccb87ac4e2850dbf210972b4c88fafcbd09fecfb9ac37c244c9fe966915e,b,K562_region_00652,chr15:79237180:C:A;chr15:79237247:C:G;var1;middle;OL41|K562|03ed3fef6e10aee2
23a7486e525e0e23b84fc38ac98da94f462f90af125fc58aca8db6ac32775f02,b,K562_region_02231,chr9:139876141:A:C;chr9:139876154:A:G;var1;middle;OL41|K562|748f376c099a250e
23c6ae1697d2cf8d9641acd83b5dc1d5f5266471ceecd2611dcfae140cc590a3,a,K562_region_01331,chr2:202832094:C:T;chr2:202832130:T:C;var1;middle;OL29|K562|fa83391cb07bbeda
23d278c78fc6992aa6ba4b3f4531bbba86adaa15dbcea6d7ae265ed9955eb86d,a,K562_region_00922,chr17:48713096:C:T;chr17:48713180:A:G;var1;middle;OL41|K562|2e2723c44402c1f1
23d5cdbbaefd23b8b21f6726207291b8048cabb55c8bbf532ad854465c5df328,b,K562_region_00840,chr17:2278557:C:T;chr17:2278609:C:T;var1;middle;OL41|K562|8f6f9e6ccb23b5a7
23edd1c2e33387e5af5743c93e130ec1f3229a553c83059517c6f324ba04279c,b,K562_region_01484,chr22:19863593:T:C;chr22:19863638:C:T;var1;middle;OL41|K562|a0a99d677e99bc97
23f6df779958dba5e3d9024828a40d329332942ad70770904e8f26d7b7340f9b,a,K562_region_01434,chr20:62695878:C:A;chr20:62695931:G:A;var1;middle;OL41|K562|c3eb4e7810558342
2408754c268ad079e4fe8dbfe3fc7dda0d0d0aae314f513227d194e92a6549ca,b,K562_region_01855,chr6:52532652:G:A;chr6:52532731:A:G;var1;middle;OL41|K562|a3a181d41de62250
2409a96ada6a842a2e3564cd5c22313788d0b122d81f065bf83428849af8cf75,a,K562_region_00959,chr17:78263429:C:G;chr17:78263514:G:A;var1;middle;OL41|K562|7753ed3059c5b553
2409e4ec4d3d4750026190af6ebdd60d21ae07b0e46e635f80af57195e884048,b,K562_region_01040,chr19:1525382:G:A;chr19:1525392:C:T;var1;middle;OL41|K562|cab431e0791cb8db
241d01f864d75cd0b13d778e6bcd7cd598e8a4e37460c47a58c93a0c3ef5036d,b,K562_region_01883,chr6:150285128:G:C;chr6:150285209:G:C;var1;middle;OL41|K562|09ce858265bc89cd
241ececb76046f172eb83a68891b31b1b4ee56761c03b4b69a20de7d587446d5,b,K562_region_00134,chr1:177937738:T:C;chr1:177937755:A:G;var1;middle;OL30|K562|de94cf96eb23521d
241f42dd1cb0378b089a5461c37a42d0da6e9fe291614a19336385efc8b1616c,b,K562_region_01843,chr6:42946943:G:A;chr6:42947013:G:C;var1;middle;OL41|K562|b5811fab36fe180f
242a034b1e35bcdaad9da8e22f8bc56443645e3c5513f0fa1e6efae44e04271c,b,K562_region_01197,chr2:3475389:A:G;chr2:3475399:T:A;var1;middle;OL41|K562|e14f9ec1bceb98d9
242b0bfb52b40b3b4a1ed59b1a8a45c190dc0f5c3f04c8e74494fa2ca9d9c2db,a,K562_region_00854,chr17:5323206:T:G;chr17:5323269:C:T;var1;middle;OL41|K562|7fbb9c1205f48f26
243077b6806cd55f97f601198a070b5a7e89ecbea4816c64172bc714d48b579a,a,K562_region_01410,chr20:56131659:T:C;chr20:56131697:T:A;var1;middle;OL28|K562|3d1900a37a1f985b
2437e1a9d900b2eeadcb1024ac08fa94ebce3a86077742e752ef82830529fa1c,b,K562_region_01581,chr3:24341264:A:T;chr3:24341272:A:T;var1;middle;OL27|K562|34716d96876b43f0
2438c90c2c6f0fd872bc46b2f6d9c50238e6861335ed12f5ccd0f8d7eb0d8cf0,b,K562_region_00912,chr17:44800046:G:A;chr17:44800110:G:A;var1;middle;OL41|K562|27fb066e928edf8e
244cc31f7719a04e7676fbd49d89f510abc5ff0524e136149f3d079addf2fa63,a,K562_region_00163,chr1:223840374:T:C;chr1:223840398:C:T;var1;middle;OL41|K562|70bb4719825488df
247d7224c7cdff669b6f03734c7c0c7dc275c038c95a95d67869cdd4da05740f,b,K562_region_01011,chr18:77725625:G:C;chr18:77725699:A:G;var1;middle;OL41|K562|5bc216a14bf1acfd
24852239ffae619af9d292cef6962586432d943e6a2d864aeacf9b10d39b434b,a,K562_region_01214,chr2:10974238:G:C;chr2:10974303:T:C;var1;middle;OL41|K562|599af52ae1dd79b1
24919a08a3394c64a00c4b8f001cd0f7d0021766967cf86ec86b8071d4b8f18a,b,K562_region_01637,chr3:186434108:G:A;chr3:186434188:C:T;var1;middle;OL28|K562|95d521dbb559f38b
249370f28a84f00ae250702983f49a6eb92cad816a5ae9eb4eb7595d493dc7cf,a,K562_region_01972,chr7:70144841:T:C;chr7:70144848:T:C;var1;middle;OL27|K562|77fff5b64093862b
249b812c2546ef0de9f5b793fc396bf22465a45c032d26270fc7ce291e585c25,a,K562_region_01526,chr22:39241583:G:A;chr22:39241656:A:T;var1;middle;OL41|K562|94fc61965847831e
24a8f8dd3e54686657ebbc068417d501c472746c4466537da8e9b627f1e016d5,b,K562_region_01049,chr19:3185553:G:A;chr19:3185563:C:T;var1;middle;OL41|K562|e795ff01cfdb8d8b
24ac2a096f3f6a960ad90610f3a8157a362957ca07adfed266b3f148330e135c,b,K562_region_02177,chr9:95899884:G:A;chr9:95899933:G:C;var1;middle;OL41|K562|56d6ec9019a30a0e
24ac48196ff6af8d2b5cd9000d19e83ae73a2e88d245c452d684a92caeb2c449,a,K562_region_02057,chr8:11274481:G:C;chr8:11274554:C:T;var1;middle;OL41|K562|175a354ac52fa09b
24b56c2721fe7f68c175d5d1195f1099bbd6bc34cc380ce78b01c4000f64f6bf,a,K562_region_00128,chr1:162253826:T:C;chr1:162253908:C:G;var1;middle;OL41|K562|615af9f4d9f8203f
24c71fe9ce34b6a5fb4bee0d56a0c7992a644d69b6ecdeb495cfaf1564a2653e,a,K562_region_00276,chr10:126424823:G:A;chr10:126424835:C:T;var1;middle;OL41|K562|2d5e5841bb45fa4c
24cbe7c09745a88d58d1e0bb5de9cc66c478798c9a84dea57ab862e7d4ec3a16,a,K562_region_01583,chr3:24755717:A:T;chr3:24755790:G:T;var1;middle;OL29|K562|e5521d7c631c1b8f
24cd79c3de9855c4892336b176a1afc404b53522b44137ec6db88ce704b322d8,a,K562_region_00222,chr10:50215410:T:G;chr10:50215461:C:T;var1;middle;OL41|K562|a9c77ee701153185
24e85e09416ffbf637d11aad647fd2727a4d39a57163b078df23a8a7edbb7ca7,b,K562_region_00021,chr1:11783451:T:A;chr1:11783484:T:G;var1;middle;OL41|K562|6782c4061f1befe6
25003fbc6de1e67e105558b63d27279ef8b1951842e6adb652fd6730154c7363,a,K562_region_02141,chr9:8858303:C:G;chr9:8858350:G:A;var1;middle;OL41|K562|186b105a5db0c58f
2513b9743846aa3014551c3bb0b16760777c56199d84fde2b0f01849e6d6bc5f,b,K562_region_00258,chr10:102552663:G:A;chr10:102552752:G:T;var1;middle;OL31|K562|7cdc4bf22d7a6884
2514e0c95be186d76988d2192caf4d7297d2aa57884f321d6ebe96a10a83598d,b,K562_region_01112,chr19:20844531:T:A;chr19:20844599:C:A;var1;middle;OL41|K562|11919d745a71f149
252037b05a0770d40daf31764926785c2d1a4901af17040a289e311a272577cd,b,K562_region_00953,chr17:78011360:A:G;chr17:78011368:T:C;var1;middle;OL41|K562|dc205703848df207
253276448401245de1e42f0860954bb13674b473346cd2b530362443eac6e030,a,K562_region_00233,chr10:65027610:A:T;chr10:65027641:C:T;var1;middle;OL27|K562|75bf86086cb31b49
2539f5429ab7930fcf1e6ddcd235b4ae827e60e69b0e08e5f6ea56a19e61a3f5,b,K562_region_02118,chr8:144957899:G:A;chr8:144957951:T:C;var1;middle;OL41|K562|a9b0f293a2b427c5
254b51e7f1cddc8828670a1c6f2bd0d83fe6bf4d429559825f300435a654564f,b,K562_region_00002,chr1:948870:C:G;chr1:948921:T:C;var1;middle;OL41|K562|f95d643cae229622
254c6a58f9933df639b5d9921e4a1a402274f26ff4864e9eb713650bd6177ac9,b,K562_region_00248,chr10:91597627:C:G;chr10:91597636:A:G;var1;middle;OL41|K562|a9c9d5fb01b5f0fb
25528e286c61eea0ae911556f35953b0c049fe0cb999216307926cd4b9922dc5,b,K562_region_00779,chr16:79802634:T:C;chr16:79802663:T:C;var1;middle;OL41|K562|c5648e16aff0e54a
2552902ee5ac08f6f2af9faf6c06f4097fd354aee8117fd293caa5f1eef0b5f5,b,K562_region_01535,chr22:43019562:T:C;chr22:43019632:C:A;var1;middle;OL41|K562|0f49b566c6457847
2552fc7844a9c90c54bd9edd1e9c8014a5b5446c6a6f48b7faa27159802894f6,a,K562_region_00796,chr16:85120500:C:T;chr16:85120510:A:G;var1;middle;OL41|K562|a80e1ceb5e2d873f
25770baae539f5e575d03b21fc07e21326dce6a4b052fdbd5c0bb94917a9e509,a,K562_region_00803,chr16:87404052:C:G;chr16:87404088:C:G;var1;middle;OL41|K562|cea2da7e9a3d9f6f
25a00935cc1c7bcccc17b52c90d9cbdf9d70a87067f8d0be8e750f62bb3b5896,a,K562_region_00023,chr1:11905974:A:G;chr1:11905995:C:A;var1;middle;OL30|K562|a4067831a73dc91f
25a451aa9ab5c78ce29eb252ea82d0a88bb13b5f852498f564790e85b1bcbd63,b,K562_region_00924,chr17:49230491:A:T;chr17:49230552:T:G;var1;middle;OL41|K562|93dcacf25c4b9d5d
25b18175df71d10ea47b9a4cc3d8b22ecd3f18f9d0bbdd18fe4261d976c3b645,a,K562_region_02118,chr8:144957899:G:A;chr8:144957951:T:C;var1;middle;OL41|K562|a9b0f293a2b427c5
25b23ec68b598f6bd7eb0082e9dbad7b8de336d75c72c9192ccb87aba7afda94,a,K562_region_01649,chr3:197234978:G:C;chr3:197235040:A:G;var1;middle;OL41|K562|eeac73ddd9f7a549
25cc9365e45d52649a173c096f86a5a82aec4d4b48b6159a7b8f2e56e742133e,b,K562_region_00240,chr10:81045207:T:C;chr10:81045280:T:C;var1;middle;OL28|K562|7fe5b88e7aef01a4
25d4b7bd1aaeab1cce5f2f43057f8ba2d606dbb7d99337bc37535ffd4aa10178,a,K562_region_01373,chr20:3869057:A:G;chr20:3869099:A:C;var1;middle;OL41|K562|183020039b5dff60
25e5ef962e5a9cce381b5c07d60fd1e928a42fb722b02ab1ab1bcaf88ba44e08,a,K562_region_00108,chr1:144574778:C:T;chr1:144574828:G:A;var1;middle;OL41|K562|62bfdb844ccb5c16
25e8e718496f27e2a4934af1ae7082a0b01090fe2a4214d976683a378ab60ced,a,K562_region_01121,chr19:33752920:C:T;chr19:33752994:G:T;var1;middle;OL27|K562|02f9340ff3e0bf06
25f142a72025d6f2eacbd844be2ed22cd7f22d317e80ed302000ffe2d3e20e9a,b,K562_region_01618,chr3:145940051:A:C;chr3:145940063:G:A;var1;middle;OL41|K562|2f57019c1149fbbb
26008854ef4c6cee9c50d030c3e4134b0acc0520a1c3cf262ccbba7ca7074c73,a,K562_region_01327,chr2:190526205:C:T;chr2:190526224:C:T;var1;middle;OL41|K562|b3b4f9f7aa26f0a8
2603a32690a13f4acbf4477c37f6d1c1dbe86355cf203e9db574181011f193d0,b,K562_region_01862,chr6:109640864:A:G;chr6:109640878:G:A;var1;middle;OL29|K562|635affccf7e56887
26054ce752e6f052a03996e25d3a2b906e25f10ae4db9b9bc91154f0bf404461,a,K562_region_00174,chr1:232811909:C:A;chr1:232811928:T:C;var1;middle;OL30|K562|33c5c844d4d2214d
26059231bc6f389cc1bdc8ad05185a79d10beda0d1fe02b49ed272887805819f,b,K562_region_01156,chr19:49206108:C:G;chr19:49206172:C:T;var1;middle;OL30|K562|6fca26419962c65a
260a5439a1ba278d33e7f775cacaa8bbc22a19dca81b4275799f973c5773c233,a,K562_region_01534,chr22:42981138:T:C;chr22:42981167:G:A;var1;middle;OL41|K562|52e86962f7b5bbde
26260d814e18af4e4cc9dadfb7b02cac76f8083a05521bfb76ecc3528954639f,a,K562_region_01804,chr5:180634677:A:G;chr5:180634754:C:T;var1;middle;OL41|K562|2a5f068d7e5b5829
263943d1384d20f625416509352f85a46bc6b54d03925a1eb8af57a4b501564a,b,K562_region_00434,chr12:8379813:A:G;chr12:8379866:T:C;var1;middle;OL41|K562|49ece1716e2e6418
264a9820faae98e5fa57a34d5db1cd63b2535c991ec9e41c7703b572f922ac2c,a,K562_region_01817,chr6:6905599:G:T;chr6:6905677:C:A;var1;middle;OL27|K562|8a043f25f02d2ed2
26597df56404cfde1775eec84f942f01da23befa03664a917a9292b0adc45f30,a,K562_region_01200,chr2:3494365:C:T;chr2:3494374:A:G;var1;middle;OL41|K562|a1cf02f6149facdf
265ea28082b699f83bd7710f1ad1d868aa8e574c0ec6502c79a4bfe77803586f,a,K562_region_02006,chr7:124032394:G:A;chr7:124032401:A:G;var1;middle;OL41|K562|d36c613c25780647
26613e7c5a8b8d4826dd169a42a1a37375c3271096b863073c23c6f9149f1a5c,a,K562_region_01233,chr2:29093695:C:G;chr2:29093715:C:A;var1;middle;OL41|K562|22535c60ea9e844c
266e4f88f523934499bb7816212ba317f4e0a867bf9487a5c085bbc40afee395,b,K562_region_01547,chr22:46025042:G:A;chr22:46025060:G:T;var1;middle;OL27|K562|18c5bf7c53327e70
268057e927d8f0190f8cb0af2fb2a7222a375350fbb9eccd35ca31582c6dd25a,b,K562_region_01934,chr7:23146112:C:T;chr7:23146189:A:G;var1;middle;OL41|K562|ec0efc04133180e0
268298daa04c05d6cbb20ec687b21c144bef43fd1b91b3ea8e90834169b6fb56,a,K562_region_01584,chr3:30736551:C:T;chr3:30736573:T:C;var1;middle;OL29|K562|4daff43fa78012e1
26b6c7b17216442b62ce790359e248e6d2685c906aa344826ee75c9a3fa1c8ec,b,K562_region_00383,chr11:93865567:G:A;chr11:93865569:G:T;var1;middle;OL41|K562|89edd9a080d99675
26c35242d37d73c0d6da06ab0c6ddd9723c4da1cf1728308e8a33c10bb0eb4d1,a,K562_region_01508,chr22:24997309:G:C;chr22:24997357:G:A;var1;middle;OL41|K562|60b1e6907a910153
26df0f74af303015d3f0e735ec3233c8e663981cb731abb678e97421eae3ad08,a,K562_region_00529,chr13:95899607:A:G;chr13:95899643:C:T;var1;middle;OL27|K562|6ea8e827d2fd91ad
26e009424655594853613e509b079d179621a6c117ea43df322df5f8c5b66164,b,K562_region_01151,chr19:46975520:C:T;chr19:46975590:T:G;var1;middle;OL41|K562|1429990e8931ac1a
26f77921cef06d448d472334f21adb576bc2c128c7357e0e523128ef535d76fd,a,K562_region_01616,chr3:139396734:T:C;chr3:139396758:G:A;var1;middle;OL41|K562|9b6b1fc1db772753
26fe35d2bdb9c6beb300b5a5133988cd550f2ebc2ca462ae17387e8e8912c69c,a,K562_region_00999,chr18:54702677:T:C;chr18:54702725:G:A;var1;middle;OL41|K562|3b5cec134fe46409
26ffc0f3ad2804200175d5c1bb4ac6d76317f30066342461203f393db1ea4f22,b,K562_region_01896,chr6:169642243:G:A;chr6:169642301:C:T;var1;middle;OL41|K562|23ee4163aad9de28
27038123c935aa5539da3ba6cc93f9072637bff59814f80259115a8954264051,b,K562_region_01188,chr19:57183083:T:G;chr19:57183129:G:T;var1;middle;OL41|K562|4f9feeb5d9034278
270433b808053fbf20720be8d7d6651a7b35214903afa3309ebce05d54283c3b,b,K562_region_01564,chr3:3154931:G:A;chr3:3154942:A:T;var1;middle;OL27|K562|b3437231761c26f1
270dee6a4d0f7d4e584b4d166379702e691d73e1711b761839e1503a7ca0fd2a,a,K562_region_00010,chr1:2153930:T:C;chr1:2153935:T:C;var1;middle;OL27|K562|abd3de2c18b9f0bd
27308e71971c9f99a852ee686ee49a2c3fa1dbca60929fa05e7e5e39e0445a1c,b,K562_region_02087,chr8:30182907:C:T;chr8:30182929:A:G;var1;middle;OL30|K562|3633966248236ee8
2735bff5651aff7c4a55ce152a7be1179b4305ed583fb024364d9ce5b13d92e9,a,K562_region_01338,chr2:219020958:C:T;chr2:219021013:T:C;var1;middle;OL28|K562|e7ad05e02d2f9807
27567b97723c9175372f3fad02dcd0d496905c7eb9c9b2158e08b484fc6580cc,a,K562_region_00898,chr17:38128648:C:T;chr17:38128714:G:A;var1;middle;OL41|K562|a60125547c7817f1
275c95bbc9e4aa40b3d9c09d458568913525bf2cdbff1abe0ac1a16365744eb9,b,K562_region_00502,chr13:27603713:T:G;chr13:27603769:A:C;var1;middle;OL28|K562|2e3fcf7dd9cc0222
2776f3a4562026999047a6133e7584710de81b6f909d8d9c00dccf0f69e42f52,a,K562_region_01494,chr22:21399187:G:C;chr22:21399247:A:G;var1;middle;OL41|K562|5d21a835daf83c1d
2788e19a76a73cb31550e438be8b265c70dbd9879b3f8f85e0671641edc7d309,b,K562_region_01288,chr2:113389476:A:G;chr2:113389511:A:G;var1;middle;OL41|K562|a34ea191eec0d330
27931867d03082d3b081f54c91eacdd0c49e1e5684b0f9dfae3a24a194920b20,a,K562_region_01046,chr19:2534518:T:C;chr19:2534533:T:C;var1;middle;OL27|K562|f22485ec2915e03e
2798a8dc5eca61f2e6a774f911cb624ea1769ea7993cf0c1f9360cfa6dd236bc,a,K562_region_01207,chr2:7050887:C:T;chr2:7050968:T:C;var1;middle;OL41|K562|957bc6e83bf475a5
279aa0c84f78dde190d529ed493cb1c6cb856de1f79573a979e334a75b0b8b95,a,K562_region_00263,chr10:114546582:T:G;chr10:114546666:G:T;var1;middle;OL31|K562|3990e12ccbd233ff
279bbbad4ce6053174ced817fe588dd2aede047d6f3d7c9372b37c083a5618df,a,K562_region_01424,chr20:61464440:G:A;chr20:61464497:G:A;var1;middle;OL41|K562|f64ab8ee632cd5ed
27a2767c20e9aad6c7ef88a97656c9c266d57f1c14d9d8cad2416c3bdccc1a15,b,K562_region_01121,chr19:33752920:C:T;chr19:33752994:G:T;var1;middle;OL27|K562|02f9340ff3e0bf06
27a6e634e2e16c27eef1203d7393896c6137d0118670125f612c3231d9c4d090,b,K562_region_00339,chr11:17406607:C:G;chr11:17406632:T:C;var1;middle;OL41|K562|fde62ff40996a739
27a79a857af0914a946002177b216dab5571dc8f7fc3713155bd807de4498ec1,a,K562_region_01023,chr19:990185:G:C;chr19:990238:C:T;var1;middle;OL41|K562|f1bfd07ac8ef3aac
27ad18ef7725a6cf36e9ab9fc7f908a09f0eb13227e49691bf53e7c11c2f958d,a,K562_region_01260,chr2:60285450:T:A;chr2:60285477:C:A;var1;middle;OL29|K562|b21e17c984755150
27aea5ba2ef7cfedad52a55345845531845ab53cb89a2a11b0bfd2337ab62a9c,b,K562_region_00988,chr18:33074501:C:G;chr18:33074558:T:C;var1;middle;OL41|K562|478c78f97a975237
27c5c715bc24587aca6487d4296e21b26dd3d8c5bfe75c3283aad203fdc71868,b,K562_region_00950,chr17:76431285:C:G;chr17:76431368:C:G;var1;middle;OL41|K562|a9f2d399006e0c4e
27edc2375aefc30ae7af51bc6c80aac04405ab9ba6b647fa01347b1da5825a73,a,K562_region_01244,chr2:42167183:G:A;chr2:42167256:G:A;var1;middle;OL41|K562|de93f965edcf7a9b
2800cc2ef00b4da32a88b6d6916d6f5d7ab014227910c00a5fbb06b2c1cf24b2,a,K562_region_00563,chr14:37116439:G:C;chr14:37116464:T:A;var1;middle;OL41|K562|6c4ddab4cf51c748
2800fe427ab44d8875088b23805561e00243442aeebe424e6888e6bf3ec0790e,b,K562_region_01962,chr7:49815474:C:T;chr7:49815493:C:G;var1;middle;OL41|K562|c23a048543095291
2820039895ca31b9e6e16f8f9e3eec01d580cd8a018ad673f89e9af10aec58c5,a,K562_region_01297,chr2:127783773:A:C;chr2:127783846:T:G;var1;middle;OL41|K562|d5bbd286113a3117
2834e089625c881081f5ceb321eb15e51866e46515018b9aaa390516e2c595c3,a,K562_region_01824,chr6:21164131:A:G;chr6:21164145:A:G;var1;middle;OL28|K562|667019a650e17e4b
28364f04bd3d1e7fca781dd388d3f9f49a6024940fc3b81b73fd24f5327f1528,a,K562_region_02120,chr8:145162285:C:A;chr8:145162372:C:T;var1;middle;OL41|K562|7f09dc3f05e51bd5
283a2e0a4e6be18a5e9267ee0584fc5bb92a28724fa1212f2b6a91990e05c8cb,b,K562_region_02150,chr9:22133251:G:A;chr9:22133284:G:A;var1;middle;OL31|K562|98557ceed38de1ed
283de3f7d4f605db4ee163035f7f6ca3e55fd082e89b7ced79bdefa0fa12578e,b,K562_region_00640,chr15:67370368:C:G;chr15:67370389:A:G;var1;middle;OL29|K562|e4c1126310317b65
2844488f239e4089c927fd21f14990fc7ae940d1e36fe711189fbed540f8044b,b,K562_region_01710,chr4:169425339:A:G;chr4:169425372:G:A;var1;middle;OL41|K562|4907bff11703f94e
28520d749cf3c6b2656e195851fac16b547012fedcc70b92754f54e828f4437b,a,K562_region_01883,chr6:150285128:G:C;chr6:150285209:G:C;var1;middle;OL41|K562|09ce858265bc89cd
2864a147769a76cd67a96f45732776c08e2028e5dc8b6c9e77a7774ea8ccf3e1,a,K562_region_02072,chr8:22228970:G:A;chr8:22228978:G:A;var1;middle;OL30|K562|7c833250702338c2
2870c0203eeaee112bf4fd09f799e0444dd9298b36c74104ddbaedd064879111,b,K562_region_00130,chr1:165352839:C:T;chr1:165352846:T:A;var1;middle;OL32|K562|9c649188ef13bd69
288281bdb9406134e24f00c48ef5c1ef5fa15878250c71edb5939f16713fc1aa,a,K562_region_01891,chr6:168182835:A:G;chr6:168182911:C:T;var1;middle;OL41|K562|928abb09bf2056f6
2899792f008d4f1afdba9e3c718a238f601cf904627e616c81ba620953c2d90c,a,K562_region_01186,chr19:56368765:C:T;chr19:56368812:G:T;var1;middle;OL41|K562|ef868d42fffabfca
289f63dbc11efe5d72543867d5011a317e6feec2757f4e0ab104af03e9734f13,b,K562_region_01065,chr19:6737509:G:A;chr19:6737516:C:T;var1;middle;OL41|K562|576f9ddad2c2bec4
28aa60b5c20f805101f7339b5789fde2eb18aa635c4613ccd499bad24555fd1f,a,K562_region_00551,chr14:23717231:G:T;chr14:23717234:G:T;var1;middle;OL29|K562|58ad7428891b3d6e
28aeda27b56abbc61c03321e7f19063ecfc6aa444155a3408919f0d7d98ad73c,b,K562_region_01478,chr22:18975446:G:C;chr22:18975504:A:C;var1;middle;OL41|K562|e6e85b55009bf70f
28caedcb154a2b7e72a2d31e3d97aec7c61dac79ae08b12c128390f9ba4d8474,a,K562_region_00736,chr16:11495543:G:T;chr16:11495560:C:T;var1;middle;OL41|K562|46761444288746d0
28ceebf0f1890b049928a899d96d71d8e0c896f180f7b8915d8d04571fc76260,a,K562_region_01483,chr22:19861157:A:G;chr22:19861161:C:T;var1;middle;OL41|K562|c821ede9880e6f14
28e926f76624d0192612718bc194d79d55c3da43d07d009ef63c7955a0ed47f5,a,K562_region_01619,chr3:146261504:T:C;chr3:146261580:G:A;var1;middle;OL41|K562|78101e42d146f65d
28ff09c1799530e10666b151892df014f7e5c9a1176c5f71226c18290777ef59,a,K562_region_01196,chr2:3383662:C:T;chr2:3383741:G:A;var1;middle;OL41|K562|c76463d0d76a8be3
290aa998a883acd658f54b8afbbb11dbf676105f8c01596d77f167a82963f57e,b,K562_region_01579,chr3:23746133:A:C;chr3:23746187:C:T;var1;middle;OL27|K562|2eeffa7cfabcb79c
2911a1141d914042c8778d593647326bab74fd14a4a64119bfeecafbc7d78c03,a,K562_region_00476,chr12:70113230:C:T;chr12:70113243:G:A;var1;middle;OL41|K562|88c6fe2d30920f80
29180e5f63144d910cfd2a91ed332998a985e76cc4f75a5d91b6ddb15026eebe,a,K562_region_01255,chr2:47150575:T:C;chr2:47150626:A:G;var1;middle;OL41|K562|5f123cd0624b5ec5
291f0e0df852023f94347618c5ff7f86d7515476dded359d4d3b8e3c25a0fe13,b,K562_region_00926,chr17:50307873:C:G;chr17:50307888:G:A;var1;middle;OL33|K562|6679705f8e1de035
292123ba9fe840cc86008fb916ecf8b699801856b6435eec5f7c228bc5fc5264,b,K562_region_00438,chr12:10096010:G:C;chr12:10096086:G:C;var1;middle;OL41|K562|5eac9478b3f62f67
2933c86203ccb1e7635e5bc2578398fe514d3ab4a13a8f79eaf83ec0b58a3319,b,K562_region_00860,chr17:7185062:C:A;chr17:7185092:G:A;var1;middle;OL41|K562|04b7532af8bad0f2
29344d7b3a92b6b2767a096495757bf15067620e80b46c5190c6953ca5ad1d6c,a,K562_region_00992,chr18:42829025:G:A;chr18:42829030:C:T;var1;middle;OL31|K562|6c9791e584cca645
293ca8a2ec9b11d2b5b75fc666e91c2b63bf7b8441351ed2c8efb7b905b995f8,a,K562_region_00972,chr18:686782:C:T;chr18:686807:C:T;var1;middle;OL41|K562|303059d47b69e4ad
293df30aa77375af72cd61df8bf409931d09fb9d10e316cd3daa05ab33775c0e,b,K562_region_01096,chr19:17337413:G:T;chr19:17337447:C:T;var1;middle;OL41|K562|8a80f71403111553
294785d687a1fea5c2721e676b00a59ae12f38770562e59736a2d68e23875a82,b,K562_region_00343,chr11:26605240:C:A;chr11:26605250:G:A;var1;middle;OL41|K562|b4dca76243117c09
2964dc41ad57d232737f1b0c5f9006540b3b2e2005a2c4889dad80aac3f85a2a,a,K562_region_00098,chr1:113172278:G:T;chr1:113172282:C:A;var1;middle;OL29|K562|b1b22ef62b9f5d2e
296533d3c7afe2c0c7025458cdd33a24438de943403240307742bc37b4060a24,b,K562_region_01918,chr7:6746736:A:G;chr7:6746738:T:C;var1;middle;OL41|K562|65106da42db1326b
296e078bcb02ba869567c206d75744af34c3c2ea6737dd99fbb75d379befe46c,b,K562_region_01764,chr5:110878320:C:T;chr5:110878329:T:A;var1;middle;OL32|K562|d982c9207f4abcf8
296fef9b4143701a4eefcaac08eb088f57caf5088bc4bb4628f88053947c9c56,b,K562_region_01365,chr20:456452:T:C;chr20:456473:A:G;var1;middle;OL41|K562|64a982d9dda46df5
2970146787a80a07d2b61762b5be3063f1943c0ff61f02cc3e2b0a1cd32a12d5,b,K562_region_01206,chr2:7048708:T:C;chr2:7048776:C:A;var1;middle;OL41|K562|387e8d63926dd215
2977ff8ba459e61276599b94379daafd6cd159948afc0e5daf5a3640422aa734,a,K562_region_01469,chr21:47405375:G:A;chr21:47405450:G:A;var1;middle;OL41|K562|fb7cccc787a28561
2987b7ffb49f15ee1b66ba7d726acd6df554b11da1856f83e4fec804ed33aac0,a,K562_region_01980,chr7:76604348:A:G;chr7:76604361:T:C;var1;middle;OL41|K562|9c072cfd54ece4fc
29898dbc6d168f308adcad702212568dbeb45c94f8606b4f148a8634c92554c6,b,K562_region_00174,chr1:232811928:T:C;chr1:232812003:C:T;var1;middle;OL30|K562|83b54738e2843fb6
298aec52557f39d95676df4ffaccbb719df63e76043c03dd358ae5caa5244bc4,b,K562_region_01080,chr19:14172896:G:C;chr19:14172921:A:T;var1;middle;OL29|K562|5d68f652fd95af82
29911d7622c46aa39188bc018b48e0309a0da6d4c899df5c2c13f97ea8f6ed21,a,K562_region_00724,chr16:3181963:T:C;chr16:3181996:G:A;var1;middle;OL41|K562|695a9ea8c08817fe
299b10d6897ec5e1bf70c5670e6873989cbf18b7911e6a46f7300f250217038c,a,K562_region_00040,chr1:24467256:G:A;chr1:24467263:G:A;var1;middle;OL32|K562|33dd824a2122e847
299b9491b3ccb3d755ce1cb25acba256ca3cff4004e39e74cf9f63c18af6a751,a,K562_region_00246,chr10:91296924:G:A;chr10:91296961:A:G;var1;middle;OL28|K562|033688518c05a20f
299bec027215a8a3e3c02a4f2acf165a732a766387e1aa535b734365fb75b13d,b,K562_region_01503,chr22:24281620:G:C;chr22:24281628:A:G;var1;middle;OL41|K562|8986988bff75171d
299bfd470f0948d31c939a2a22967db87c5ded56e787af8c3f27e70791794701,b,K562_region_01603,chr3:125635682:A:G;chr3:125635718:C:A;var1;middle;OL41|K562|1bcb93aaba81579c
29ae1e5b3e2ebb0426c3d2a791bfb255a0606e8d7c419afa62cbfa86d949f88c,b,K562_region_00772,chr16:58752439:C:T;chr16:58752466:C:T;var1;middle;OL30|K562|2c3275e53e7ef785
29b541455fb0d6c0a6eed0b4f93fb23b938d96b3b86b37f6c2ff76924d065adc,b,K562_region_00027,chr1:14150709:C:T;chr1:14150740:G:T;var1;middle;OL32|K562|448c92802b8982b8
29ba6f895653a4d29ddb38d1ddcc9a30ca3dbaba3f1fffdaf6ba7f2508b7f118,a,K562_region_00599,chr14:103565044:G:A;chr14:103565080:T:C;var1;middle;OL41|K562|3c7bdb81ba96e368
29d7891e21ceafa52a592f4dc1a925c9bb638495de0b2c199a9d0b3385a1929a,a,K562_region_00248,chr10:91597627:C:G;chr10:91597636:A:G;var1;middle;OL41|K562|a9c9d5fb01b5f0fb
29e0ed8c804bf7df0a32b4deead767104c45f18e99f32ac99e70f309633f2b47,a,K562_region_01050,chr19:3185802:A:C;chr19:3185829:G:A;var1;middle;OL41|K562|74b3b7b6b55a7968
29f61cb0c88eb8949d92c136e2cb5e80e6024d9d1d74fde69233d18dd7612cd9,a,K562_region_00440,chr12:10581591:A:G;chr12:10581595:G:C;var1;middle;OL27|K562|d2ab4ca8c5642496
29fd36e8b963faef727d24ab07f00d22f5400fc8bb813b9001d199735c6b000d,a,K562_region_00032,chr1:16542835:A:G;chr1:16542876:A:T;var1;middle;OL41|K562|8d5dc96eef7b1cfd
2a04a76a1e8b24f4adad167dc232a12fe99fd44cfca44cc74f6cd2919b13a366,a,K562_region_00711,chr16:2014165:C:A;chr16:2014191:A:G;var1;middle;OL41|K562|26493cc709e069dc
2a0e7cdd7c54ed233e5d2717dd883466fe25d2c6a27c849ca4a9c3e2dec10c65,a,K562_region_00759,chr16:51003379:G:C;chr16:51003414:G:A;var1;middle;OL29|K562|e4e07f283b09afa0
2a1246210ea4d436d2b40ce9b8a8e416b6c72250c3dd41df5b2e122b2d453237,a,K562_region_01447,chr21:38445069:T:C;chr21:38445095:G:A;var1;middle;OL41|K562|1f3b41ad69951bac
2a1b609ab84d175f4e3342f0b01b0ce935a0a408134630750502f9a3020db41d,b,K562_region_01039,chr19:1520784:C:T;chr19:1520804:T:C;var1;middle;OL41|K562|2f9e05e55c5df1c7
2a2d194177704b04ab04136393c23cb6ea0913b9b8a1a09850b99303d44b54a6,a,K562_region_02119,chr8:145128890:A:G;chr8:145128896:T:A;var1;middle;OL41|K562|0f834efc2ca49dcd
2a33da004d8ee4e9b78af64ce402820e5d4dbd19206838db446ce031c62bd262,b,K562_region_01166,chr19:50432789:G:C;chr19:50432810:T:C;var1;middle;OL41|K562|f5a8611708636135
2a364f1c64c6d33659a1b4656dc4fb803debc6d44f47c469233ad41714042c56,a,K562_region_00620,chr15:45466409:T:C;chr15:45466432:A:G;var1;middle;OL41|K562|f7ff4147c94b538e
2a6288c3e647bbbb53df58a36ece4d86f02d5b31a1581ffe576a8d464f7dae4e,b,K562_region_01252,chr2:46067440:T:C;chr2:46067445:T:G;var1;middle;OL28|K562|efa9345eeda3b4fc
2a629ee80322c3ba73c0ced8196aea91edf0f8b6a53ebdfd373cd6e7d6d25698,b,K562_region_00199,chr10:13343488:C:A;chr10:13343521:A:C;var1;middle;OL41|K562|f71885762bb78060
2a671b34286d1bbf746b7e9951d592deba3616443d2961c3f533a5490d68f3ea,b,K562_region_01441,chr21:36386727:C:T;chr21:36386766:C:T;var1;middle;OL27|K562|67630a42afbae5de
2a71990a50579cbc4539e733fd29f716b850876bfdcae0d4a24aeae62f480698,a,K562_region_01053,chr19:3336804:G:A;chr19:3336818:G:T;var1;middle;OL31|K562|608035036955c700
2a8f484b8a61c3a8494510ea54446fea65ae4f7ce2cbc31379c7cd0153516193,a,K562_region_00607,chr15:30373225:G:C;chr15:30373242:T:C;var1;middle;OL41|K562|a6e6658071645b0c
2abe5f0199732c98a177eac94ca86009f1fa3146d1d17cd766c2eacdd7bb4cf9,b,K562_region_00163,chr1:223840374:T:C;chr1:223840398:C:T;var1;middle;OL41|K562|70bb4719825488df
2acc6427a47420a119242088764e504c98c8b459060d0460d69003e215a07bb9,b,K562_region_02214,chr9:135864436:C:G;chr9:135864513:C:T;var1;middle;OL31|K562|562311faea12fb66
2ae55a5b22d3e77427ff89e37bc67675650fe3cfe7bfab0711818e9225e7534f,b,K562_region_01318,chr2:169764148:G:A;chr2:169764176:G:C;var1;middle;OL31|K562|ebc05761af01eea2
2af757d70809f2680689425af992830b591f72656964695b5b2f2b53d5c6b822,a,K562_region_01936,chr7:23286315:G:A;chr7:23286325:A:G;var1;middle;OL41|K562|4ce98702023123d0
2aff85e4904f598cf84ad055a6b71603aec41ba7cd37a421fa11bfcc700d9823,a,K562_region_02184,chr9:107690057:C:A;chr9:107690124:A:G;var1;middle;OL32|K562|035e2fbe966dd44c
2b0066f8bb9c0019684f2a54d9d97a2ab5c9ee3c8ee4116f137546eff6d4cccc,a,K562_region_00941,chr17:72688028:G:A;chr17:72688065:C:T;var1;middle;OL27|K562|3ee590cef3a840ee
2b00c23feab908a8293500153db04e64c040385a357283e9d690b8a8406ab13c,a,K562_region_01612,chr3:131080830:A:G;chr3:131080881:C:T;var1;middle;OL41|K562|ac3453354f56fbbd
2b0401bd3b4bb2d6159bc10f882721999f898c681862216c6a7732c8d28e5a8d,a,K562_region_01038,chr19:1516565:C:T;chr19:1516567:T:C;var1;middle;OL41|K562|67f6e781fabad28e
2b101f197c7e8d41249637b8dc10684c6feb96aba5e0c5b58eb1c2c0ab7e6761,b,K562_region_01734,chr5:10308182:C:A;chr5:10308240:G:A;var1;middle;OL41|K562|b358676fe5c49ddd
2b21e3e8c7abc1e9bb31d6aaf5d7a35229156daa612375024bad5e17429de764,a,K562_region_02151,chr9:22133984:T:C;chr9:22134068:G:A;var1;middle;OL31|K562|76edbdb4af64aa4e
2b24254e9f5f996ce7304adb4163077c3114a8aed53205c602f67e8d88369bfb,b,K562_region_01234,chr2:29288425:A:G;chr2:29288481:C:T;var1;middle;OL41|K562|307bddf8f3ddc447
2b249795effc0759440f832c3468a4932c80e8f1d1f76a7ca087a185e35601f8,a,K562_region_00136,chr1:180125372:T:C;chr1:180125374:C:T;var1;middle;OL41|K562|d1a5c2d9057eab4c
2b37457b37b2431b9c40cb6b21cb7d52beb41a9843e1196dac43e824c570e0ef,a,K562_region_01443,chr21:37553209:T:C;chr21:37553248:C:T;var1;middle;OL31|K562|fe81f44609fb49f6
2b3dfa6117c9757df467d2d003b8fcfb32c38563d11cc308d531d54933d45daf,b,K562_region_00670,chr15:100510425:C:T;chr15:100510477:A:G;var1;middle;OL29|K562|1dd72da91fb114f7
2b51e96cae15df200c1dc34f1415aca16d4e3cd71974b748374454506a541ef5,a,K562_region_00837,chr17:1938721:A:G;chr17:1938726:A:G;var1;middle;OL31|K562|cc3d9c618b536721
2b5648b31806428a44b2873522b33e997a8a046391797a9bb38cb882148aff8d,b,K562_region_01501,chr22:23657966:G:A;chr22:23658007:G:A;var1;middle;OL41|K562|bc8dd6c5f7924e27
2b5edc9feae31e1d37ce44aa3b60e20ce86f03453be14aac10a6b053bcf06f32,b,K562_region_01784,chr5:157158393:G:A;chr5:157158439:C:A;var1;middle;OL41|K562|d644b7c08abec25f
2b90963df4059b5a1a3487564c0347f0dd1989670569346ac8d6b4ed46001922,a,K562_region_00533,chr13:107569280:G:T;chr13:107569298:G:T;var1;middle;OL41|K562|8fe326c46cc197b0
2b9d83a6c82a062319c2761da4a416ed0b831378969f5cc3ca91cb0761660ce1,b,K562_region_00287,chr11:297603:A:T;chr11:297638:T:A;var1;middle;OL41|K562|ba658b89d86ebf52
2ba85364f8bdd632345ab93df37ddd981939d757d7999954b595a769fe4b8e9d,a,K562_region_00195,chr10:7709892:G:A;chr10:7709942:C:T;var1;middle;OL41|K562|570288c0a640a38e
2bc763d45b2577b0c712f7a44c956c01b75691c7839f4b1da59bce5d70e823a6,a,K562_region_00751,chr16:27331894:A:G;chr16:27331974:C:G;var1;middle;OL32|K562|484d01d03c1c09a8
2be8ed8772b6eab08fb89cfc2636a7519f3327b6c5a501c6a173eee5dae2b385,b,K562_region_00985,chr18:20735408:T:C;chr18:20735461:T:G;var1;middle;OL29|K562|60b33b2215696f89
2bfa5cc9a1928a13e074396f3e44e46dfa9b08b393c9ec80c5f17702b36c9fbd,a,K562_region_00953,chr17:78011360:A:G;chr17:78011368:T:C;var1;middle;OL41|K562|dc205703848df207
2bfa8ee4e15b2493b9d1277fd7e1ed4416ccc225a467d977a121efac8ce068c7,b,K562_region_00697,chr16:1508975:C:A;chr16:1508988:T:C;var1;middle;OL41|K562|ef97bffeaa678d32
2bfcf85f06458c2b515d6d9d4b905be91248b9703653f31d3d82bdfabb7ac631,a,K562_region_01400,chr20:46355318:T:C;chr20:46355397:C:A;var1;middle;OL31|K562|ef40d31aab6959f7
2bff549553abe55c29032797830fd5cd1573c2fab40a72e3ed5904617e810433,a,K562_region_01625,chr3:167453969:A:G;chr3:167454002:T:G;var1;middle;OL41|K562|446328e10ef0f7f4
2c1e9e677818a7624892fed37e92a52c914b8856d1ccc6b06b5086be3cd90dcc,b,K562_region_00004,chr1:1152601:A:G;chr1:1152631:C:A;var1;middle;OL41|K562|09c4fee80534f0fd
2c1f67626321484b524a659f846186ae1a092eb172e6468069fa9dac4f22c273,b,K562_region_01159,chr19:49342145:T:G;chr19:49342188:C:T;var1;middle;OL41|K562|41af3cc4f2a9fc53
2c312f2538415e92945277859086e53b8733b98cb0051ea68ae87c6fad5e081a,a,K562_region_00668,chr15:100271757:C:T;chr15:100271821:G:A;var1;middle;OL41|K562|17d74f7462aa11d3
2c3e18af088e6f180d43ebc93ffccd1684c45b89092ebf06f28f945c463769a4,a,K562_region_00980,chr18:9870028:C:G;chr18:9870046:C:G;var1;middle;OL41|K562|3dd9e01ecdad012f
2c4461441ab09578ee30c24376fb7f2a796ccc8894a578c772876fc276115288,b,K562_region_00770,chr16:57319991:T:C;chr16:57320026:T:C;var1;middle;OL30|K562|e5496e05e2cfe1b7
2c46d43914b0c263e03ecf4abda66250ac12877b8ab91c846dab6c1e72e56422,a,K562_region_00840,chr17:2278609:C:T;chr17:2278644:C:T;var1;middle;OL41|K562|54b70fdc55e9d75a
2c656dda427eaf582f929c5788a5ff031b8b45c6b7a7919f4cbd88fd5d4656b7,b,K562_region_00008,chr1:1366286:G:T;chr1:1366288:A:G;var1;middle;OL41|K562|c1233c366f1a9a69
2c6ffbb40fd81442beabea2b03f49fb6d3feb2ad8d0df79652b6312c5dd20d20,b,K562_region_01928,chr7:20418134:C:T;chr7:20418190:A:G;var1;middle;OL31|K562|a6223ffe95e09b61
2c7baf179b7b224093bceb6dc34296ada8bf865606dea3240b2bfd48ef8a46bd,a,K562_region_00402,chr11:120195689:G:A;chr11:120195702:T:C;var1;middle;OL41|K562|402c5c23e5281bbf
2c87d6cc2a6da998c50263ce44cfdfdbb57f4d1980c97d5c38d27157cf27f4bc,a,K562_region_01333,chr2:204739781:A:G;chr2:204739823:A:G;var1;middle;OL32|K562|a739a45b015eb971
2c96d268248d81bbc2176951dc42ffafcafbd7eb95fb393982211df2feb5a8d0,a,K562_region_00096,chr1:110254411:C:T;chr1:110254456:A:G;var1;middle;OL41|K562|377054a19c479263
2c9bd4eb9a87b96aa69eb3e39de5fcfd7c0f04cd629beb6d831ae812f3a63e27,b,K562_region_00629,chr15:60013172:G:C;chr15:60013178:T:C;var1;middle;OL27|K562|06b551ccf943d092
2ca97c985a53bab48ad77f6b47b26c14c530251e8b9a6efff3de7464c362c3e5,b,K562_region_01950,chr7:36170883:G:A;chr7:36170904:C:G;var1;middle;OL31|K562|d269cafda16998a0
2cac96cf175ea15d875d70b2e0b7bd54b9d8f6d48872ee731939fb4fc5764550,b,K562_region_00606,chr15:28939797:G:T;chr15:28939824:G:A;var1;middle;OL41|K562|fe25fde1ee1de37e
2cbc50df7191f52f39b958e765fcb1a6381819b1d1a242c1c42fd252e253f090,b,K562_region_00441,chr12:11000560:G:C;chr12:11000612:G:A;var1;middle;OL41|K562|1cf1bd30ba4bfd65
2cbfa0251546c92113317e7f4317d1ad76919629effa9b46075fc117b7b35829,a,K562_region_01822,chr6:16244824:G:A;chr6:16244834:G:C;var1;middle;OL41|K562|3c7b45651eeaec11
2cc98dc72aa0bbe5be73050d0ce998a025a3bdb2a72ac1d7cdb3728d778a2eb1,a,K562_region_00467,chr12:54592103:G:A;chr12:54592187:T:C;var1;middle;OL27|K562|bded4846ba0daa6a
2ccd1d55258a7d025d2fe19368181b27fa41cf95f4eeed00d3512f9e6e69ac1b,b,K562_region_00180,chr1:235011460:T:C;chr1:235011530:T:G;var1;middle;OL31|K562|c3ecadfadc52c89b
2cd509a511de198643d21a8b4ecfaced70c4783e5251eb752ef65e7fbace0f4b,b,K562_region_01537,chr22:43549649:G:T;chr22:43549652:C:T;var1;middle;OL28|K562|d46f318c932f28ef
2ce25be42195b616c07d351867972febe8355ec6d86b40b11959f7f3c842b2c7,a,K562_region_00725,chr16:4460114:A:G;chr16:4460133:G:A;var1;middle;OL41|K562|dfcd876ef7d1a2a8
2ce40765e1eaf6bbe27dda7ea22fdf4bf7e0a09427f4305e5fefcc1c0bc533eb,b,K562_region_00962,chr17:79303772:C:T;chr17:79303786:T:C;var1;middle;OL41|K562|49cfb1cb8f853319
2ce8f3ef8818c0a557f2e1110685e3cef95ed2b9ce35d2f8ad0f3a88a098614f,b,K562_region_01240,chr2:38153462:G:C;chr2:38153486:T:A;var1;middle;OL41|K562|fda0417c6ac67397
2cf730c5dce76959a5411509eab06d3f0cb6df46724ee7e62f8834ece6114446,a,K562_region_01931,chr7:22862131:A:C;chr7:22862183:G:A;var1;middle;OL41|K562|28412e2b716dbafe
2cfa3508ad7fb2528f4b08fb61c8990d7d150030d880b32e3764e7f1a1600e7f,a,K562_region_01781,chr5:150831913:G:C;chr5:150831989:A:G;var1;middle;OL41|K562|81448be028c50ea1
2d1def2b46343648373f01be26afb164cd8e72bf89e1499b3c06a61d43ef87c1,b,K562_region_00348,chr11:58436406:T:C;chr11:58436478:A:C;var1;middle;OL28|K562|05736fb408b56477
2d1eb954170c2342302bd8969d962399310dbde4f5b05bbae777bf8074e6eb0d,b,K562_region_00639,chr15:66872266:G:A;chr15:66872325:T:C;var1;middle;OL31|K562|0dce8cce404cb55b
2d30a0cad3b1072d7688fb36401e38a60684940b7e1ee73037ff853239fbc1ea,b,K562_region_01173,chr19:53869405:A:T;chr19:53869408:T:C;var1;middle;OL41|K562|9b64a2964bf99277
2d3a433865f048d4922c5beffdc13ec8f6c53e7383833ac29ab0341eb7555408,a,K562_region_02076,chr8:22943928:G:A;chr8:22943951:G:A;var1;middle;OL41|K562|6f7ede617cd2f47f
2d41ad620f902f6bdeee06566818d9be82377cd493ba1950000959bb337048ec,b,K562_region_01593,chr3:52864635:A:G;chr3:52864693:T:G;var1;middle;OL41|K562|dc145b71a16daf37
2d42b81f0fb1b549247fe7f7b60c063678e7ff8fe7ad471b1f3e4cd5d3b967af,a,K562_region_00320,chr11:3856553:C:T;chr11:3856593:C:T;var1;middle;OL41|K562|5d8027f1d6de551a
2d600ba2bec5dd0de344774de6e7915a76575321ded45b2beb391780a2cd22ce,a,K562_region_02168,chr9:93919341:C:T;chr9:93919368:T:A;var1;middle;OL41|K562|70b765b0ff720d3c
2d68b5bc79085314e7493185026ec48d5f3ffd29642161d98b9c39183ad36185,a,K562_region_02077,chr8:23088174:G:T;chr8:23088245:T:C;var1;middle;OL41|K562|de8c9f035070a7b0
2d82b847966abc9f30aa96b930338eac9ccece719ffc37ea817adc30a3ea00b5,b,K562_region_01509,chr22:25792699:A:G;chr22:25792735:G:A;var1;middle;OL41|K562|07f95a9a140279ff
2d83ff793c2b709fd6c562b02f9ea1c9ffc57ad1c1e1c857d08ec4377832b117,b,K562_region_00700,chr16:1537455:T:C;chr16:1537458:G:T;var1;middle;OL41|K562|0b2bd04eccbb5068
2d95fe586a129c514d9bf9388111771dfec3d54781c72a7b270e6d4372c810e1,b,K562_region_00381,chr11:76922946:G:A;chr11:76923017:G:A;var1;middle;OL30|K562|df665247c08c0f7f
2da4772816e4ab33563d1ed593f0bff0bbc522af4a7a3b1296bea94cef7c47be,b,K562_region_00520,chr13:51290025:T:C;chr13:51290029:T:G;var1;middle;OL41|K562|64729789366364d5
2db36aed62512c9efa51c0e0bbb729548a56f8751d1ef96e9e1cb1890526510c,a,K562_region_02171,chr9:95840256:A:G;chr9:95840344:A:G;var1;middle;OL30|K562|f9f8bf8d51739dde
2db4761a7861b1a7aaeb32e34ab5731682047c697f59b41ac43166afb45a674a,b,K562_region_01890,chr6:160570114:G:A;chr6:160570172:A:G;var1;middle;OL30|K562|5130ac4484cb8c07
2dbdf1b1499999b4bcb70a956c1a066245be47f0a8b608b1c71468bfdfeeeb24,b,K562_region_00759,chr16:51003379:G:C;chr16:51003414:G:A;var1;middle;OL29|K562|e4e07f283b09afa0
2dc094573331314214ed365c5b4ef730bb99114d6517bdec2c21f1cfb162ce1a,b,K562_region_00654,chr15:80206958:C:G;chr15:80206964:C:T;var1;middle;OL41|K562|b3d47bcc681c3eec
2dc69de27b0f6fa53249488b65e70631de80b22b048938c9fb2d6290966e1088,a,K562_region_00070,chr1:68720412:G:T;chr1:68720435:C:T;var1;middle;OL27|K562|b07b2ffa1bc42d7d
2dd2c1f4ae5b9c1baa982d6e87c1fc2cee45d19f6d3680d573f12352dcd4deeb,a,K562_region_01173,chr19:53869405:A:T;chr19:53869408:T:C;var1;middle;OL41|K562|9b64a2964bf99277
2dd528cb5060065ad13dbac73b4c8c5c723ea965441c0f5a8ef31b514ee6cba3,a,K562_region_00674,chr16:101263:G:A;chr16:101277:G:T;var1;middle;OL41|K562|cb19405475d201be
2dd9cc7a5486077ae416ac07106fb549f65e84a3499f5f6e037dba94059e11ce,a,K562_region_00167,chr1:230296470:C:A;chr1:230296492:G:A;var1;middle;OL31|K562|93b5025c26feae55
2de11fa95819a6e3178aa079ad48df9a3f087ac5f108185de2e0e99a08038d91,a,K562_region_00588,chr14:95061585:T:G;chr14:95061657:T:C;var1;middle;OL29|K562|9faf2251f24724b5
2e0a00c69b51cf7e9cad83e87f9e289b14b46a0bf1c947e15694d1d859e24a26,a,K562_region_00179,chr1:234764925:G:A;chr1:234764966:G:A;var1;middle;OL41|K562|784709b69218d6cf
2e377f1851f7322b234d2cf70601c3192c8b39989e951a91b0ce13b7e328a0bf,b,K562_region_01963,chr7:50271827:G:A;chr7:50271831:A:G;var1;middle;OL28|K562|c0199e491e6bc719
2e3d3b5decbecb76bdd42326a8a308a5efa7b6a5b90f9eb80a8c28c12ec05a60,a,K562_region_01786,chr5:167956220:C:T;chr5:167956263:G:A;var1;middle;OL41|K562|47e185ce7a557569
2e4cbc969cefb8f600020a0c44c78ffade617f9731c7afa6a5ba0fc1f5f51ca4,a,K562_region_01078,chr19:13885437:C:A;chr19:13885484:A:G;var1;middle;OL41|K562|bb33663d4bb2349e
2e5a0f1aff37ceb81da8ed1a0a4e2fa436dc6030ccad0c2aa40be9bc7783346d,b,K562_region_00058,chr1:53970656:C:T;chr1:53970728:C:T;var1;middle;OL32|K562|9c03c38a897a03da
2e6869c5adb8ddda9aed305b35de4b7f0ab6b734277de0b8a587feb92f0d9718,a,K562_region_01485,chr22:19974032:T:C;chr22:19974074:T:C;var1;middle;OL41|K562|8e9d867eae78592a
2e711f1f3b79429a4a3b73147d571aaf01ea0ced17e3e99566aaabafbd123971,a,K562_region_01870,chr6:135419039:C:A;chr6:135419042:G:A;var1;middle;OL27|K562|62a58da1452cfe68
2e71906264b51fafb553fbf228d57359ef431ddbcb48effe908e0d67de69831c,b,K562_region_02174,chr9:95894961:G:C;chr9:95894964:G:A;var1;middle;OL41|K562|1ba6fd51b1d40163
2e74c09f2bc13e0a8a4720f243aea7d4440cad18f758da8c02b8e5b7ab57527b,b,K562_region_02109,chr8:142139187:C:T;chr8:142139251:T:C;var1;middle;OL41|K562|664e67a19a3cbe5c
2e852b2cf2bd92f8ab49ee5a60d7d26a8fb67e5f0ff2393f44c51f5d627ba7fc,a,K562_region_01675,chr4:16063761:G:A;chr4:16063834:G:A;var1;middle;OL41|K562|522e41fb4ec54f1e
2e874bfa6db3a9edb58977ef9acf0101bd5615f58cdeba8010f70ecc012adcd3,b,K562_region_00129,chr1:162254664:A:G;chr1:162254743:A:G;var1;middle;OL41|K562|043da4a1ea850563
2e8eb370e1de072d0584c22019213489326972f72cd8df340aeafe3dd21886fd,a,K562_region_00778,chr16:79636816:A:G;chr16:79636851:G:C;var1;middle;OL30|K562|a598f233d9d9aa8a
2ea905edb1872887f0b67e098f05ef90b82cec8176d23dc19dad0d11482afb9c,a,K562_region_01611,chr3:129118922:A:G;chr3:129119005:T:A;var1;middle;OL41|K562|4624bd18f734a472
2ebe756d8a9630fbf6f747367ce4f0ba248dff37bff0b116d1f01eca48b94cfa,b,K562_region_00253,chr10:100175060:C:T;chr10:100175082:C:T;var1;middle;OL41|K562|e3aecb97083036db
2ec988b288d7c00fc11811782e2746ec8be5afbfe51902e80021e64157d2314e,a,K562_region_02099,chr8:120711487:A:C;chr8:120711548:C:T;var1;middle;OL29|K562|1d429e0f7aa6bfa1
2ed859c8e23846618bcf40611bd9cf846e7150e3dc38b559a583bbf2107d672f,b,K562_region_01911,chr7:2414550:C:A;chr7:2414587:T:C;var1;middle;OL41|K562|d85d1f36c6652667
2eeadcdf04e36870fce040e4cf58b2205edbfeb128a0c47c910515013e77cdba,b,K562_region_01944,chr7:28998663:G:A;chr7:28998699:G:C;var1;middle;OL41|K562|0500167abc97408f
2eecd39f859224b2e9030235e11a70ca930f098c1a9089967e23f47928230f55,b,K562_region_01097,chr19:17338033:C:T;chr19:17338099:G:C;var1;middle;OL41|K562|6078abb06e10fc05
2f177df7abcdc1be474bd0d50dd8732d8166a808bd0f4445d3d4071afc2ac227,a,K562_region_00512,chr13:42964518:C:T;chr13:42964565:C:T;var1;middle;OL28|K562|dd1b8cdaf2f40c9a
2f21eeb442170e6a506bf89ee12d8920e5c8436968cc558e94ce672cfa7f9479,b,K562_region_00814,chr16:89230316:T:C;chr16:89230366:T:C;var1;middle;OL41|K562|ef270074f50221d5
2f35f8d6dd93d73f912f12ec2b8b9a346d59f5e006a1b445d50700ce516b7130,b,K562_region_00683,chr16:427925:T:C;chr16:428001:A:C;var1;middle;OL41|K562|05c0a6c81b03d762
2f3f2fef6f82461234151fa396478065012c0b867693ac6a00bc88f7a4c807a5,a,K562_region_01938,chr7:24758565:G:A;chr7:24758645:G:T;var1;middle;OL41|K562|3507873d0e69cfb9
2f4fe6c1ed9b5ac3d76a31b2ec0657409cd424b2ab59f888889ce439b087445d,a,K562_region_00559,chr14:24900209:C:G;chr14:24900231:G:C;var1;middle;OL41|K562|58fa10fb5fc83d68
2f515dbb43d34b74ae3d107e6c8e4d413b9e003eec2be80aba28218622bb1235,b,K562_region_01932,chr7:22862467:G:A;chr7:22862489:C:T;var1;middle;OL41|K562|51f779a7ae2de6bf
2f51f26ac3f1976c586ca17b12ef391707916db7a545d44b135d6e3cc45be748,b,K562_region_00338,chr11:17298814:A:G;chr11:17298859:G:C;var1;middle;OL41|K562|5f0e9c4c3ef1332e
2f52a9cbcd89214ca404233cae3ab3ace1fd9dab41141936a9079a183497955d,b,K562_region_00624,chr15:52472683:G:T;chr15:52472713:A:G;var1;middle;OL41|K562|00a1837ddc6384d2
2f744267ce4e89d08ae504f8c459345bd7bce64605c697fbcdc5c0706dbfbd73,b,K562_region_00977,chr18:6729022:G:A;chr18:6729046:T:C;var1;middle;OL41|K562|a7ac8950a221635f
2f81c8f028fa4488c16c8dc9cec090a85efae6a557d504fa5605a83a0c046d58,b,K562_region_01549,chr22:47135205:A:C;chr22:47135272:G:A;var1;middle;OL41|K562|4a39e4e6daccbac0
2fa77e1e95c40b81d2505d44ebed21a158177477918d35577daaf3e2b763c8ca,a,K562_region_01368,chr20:3681399:G:C;chr20:3681420:C:T;var1;middle;OL27|K562|8fe19c695b10e518
2fc3f2a5987098ac924e003424a741220124dad762db7cf05da6937ccb699f3d,a,K562_region_01996,chr7:100225135:C:A;chr7:100225193:G:A;var1;middle;OL27|K562|167a7b2b560e9bc3
2fca21b90704043ed8048d361cf71394ef2a300a8e31fc99b936a27f2faca72b,a,K562_region_01564,chr3:3154931:G:A;chr3:3154942:A:T;var1;middle;OL27|K562|b3437231761c26f1
2fe975dd31832f948727b5bba56307f84c325da7db6936f82ec6a7f910c046c9,b,K562_region_01507,chr22:24342791:C:T;chr22:24342860:G:C;var1;middle;OL41|K562|545b6e75d18b50e4
2ff1626f500c5c4441c188d7803886753faba0822a634c3d4d3013126abf04bc,a,K562_region_00423,chr12:2509608:A:G;chr12:2509650:T:G;var1;middle;OL29|K562|577d2abdf89d5fa5
300b276ae6f4ca4e5b6b0f5fcc3bd9078c5f18059b47db44b235ec86ef30c87f,a,K562_region_01901,chr7:970039:C:T;chr7:970041:C:T;var1;middle;OL27|K562|74c57b996f48ac82
30180b937ea06d520c04be9c22e3e859c7a7f726a54afe00079945f7dfef14a5,b,K562_region_00140,chr1:200035928:G:C;chr1:200035931:A:G;var1;middle;OL27|K562|7df5382d7b0eb9ad
3038f43e4d92a90b0be5b96150cda8d688eb7001a1729ad7be3b1f43cd63fd1c,b,K562_region_01765,chr5:111061847:T:G;chr5:111061881:C:T;var1;middle;OL32|K562|51d310dfea95c2ef
3050d74710bd5ede74b6414c595f56b16b600e9fcf554ad822cff0a0d83cbc05,b,K562_region_01867,chr6:126069636:G:C;chr6:126069702:C:A;var1;middle;OL41|K562|83b66ef7ff29a487
305764a52209bb1b8ebd4d61307c4b23170c06d533db931998eabcad4e9668ed,b,K562_region_01696,chr4:77608665:G:T;chr4:77608681:C:G;var1;middle;OL41|K562|1b2d3abacb81515e
3066e90eb8e6728c380ff15a57748fd85862317db27e3d74911458f8438c64a4,a,K562_region_01556,chr22:50837868:C:G;chr22:50837915:C:T;var1;middle;OL41|K562|c003b638168ec226
306a03b352feda40689069dff71c645200f3452b8bf980cc21abe6b1809bddb8,b,K562_region_00683,chr16:427925:T:C;chr16:427999:C:G;var1;middle;OL41|K562|2765ba1499afca3e
306ae68bde3b86d6a0f22439e489eadb98fbd62fdb7d5f87dff82b585483e959,a,K562_region_01084,chr19:14946017:T:C;chr19:14946075:G:C;var1;middle;OL41|K562|9d3fc311645f09a6
306ba2af94931340ee6e72f3e6cd640b62af737a4cf686b5fe694ecdcad30471,b,K562_region_01041,chr19:1986455:A:G;chr19:1986520:G:A;var1;middle;OL41|K562|9d5cb2faeef79de8
3071fdd2a57a7a65526237103ac56a05954154285aea527ea43037566f45a455,a,K562_region_02016,chr7:130585553:T:G;chr7:130585623:T:G;var1;middle;OL29|K562|d6e7472393c6d846
30797da764707b8bbad00447c81c53b1c5b044390f45ccdcac134b0513c7a4d4,b,K562_region_01114,chr19:21778138:C:G;chr19:21778217:A:G;var1;middle;OL41|K562|6a27ec9aae86b57f
3085cc81d9f41d71b1ee0ad39abdeff656817ec2d74addc15a062b8737417d62,b,K562_region_01820,chr6:10887253:G:C;chr6:10887276:C:G;var1;middle;OL41|K562|80141bc729dfc541
309ce35852604962db36c4e2aeb2fa6efe87fc63e6d491a9ffd4951feed96119,b,K562_region_01174,chr19:53935075:A:G;chr19:53935160:G:A;var1;middle;OL41|K562|51ebbb70dce631b7
309ed515e7a277898509696581cdf112c918d1cf008b18ff2137530330e63e38,b,K562_region_01777,chr5:148242667:A:G;chr5:148242723:A:C;var1;middle;OL28|K562|70d2c1f59a898726
30a166eca30a6543eb8d42ce66619c0d71a277fd08f2ca624ae1e4b993d2dffb,b,K562_region_01574,chr3:12466433:A:G;chr3:12466490:A:G;var1;middle;OL30|K562|12c93d2b62198e26
30ac8d35e49193ec50ec876bfedac617d898ae61c8e8d95ee705ab41ae84664d,a,K562_region_00579,chr14:76591144:G:A;chr14:76591206:A:C;var1;middle;OL31|K562|f75198c8a6775151
30ae55a8489cece27e54e38a3dcdb65b3839fedd8126b9624e7b424995c40509,b,K562_region_02017,chr7:134388240:T:G;chr7:134388255:A:G;var1;middle;OL28|K562|bbb369cc0c71f8e6
30b57dd49eaf64b4d613c5e82147936eaab708c1899edeb8282b4a056a89bb9e,a,K562_region_00852,chr17:5014145:T:A;chr17:5014212:G:A;var1;middle;OL41|K562|3fb610c0cb6451f5
30be3b9046933fbb5d3b35fa57652796b493b4fd122e7183756966f379826e69,b,K562_region_02144,chr9:13592687:C:T;chr9:13592698:G:A;var1;middle;OL31|K562|936496668b3c6ebc
30c1f23d5d9a6a8c2552ef5341a677734b6fbd4afa575e548260b6e1b8675b76,a,K562_region_00430,chr12:6982162:C:T;chr12:6982177:C:T;var1;middle;OL41|K562|ef043e411b79c902
30c8f8fa167367b20a4887d6bae3f1b226ad5b66feb0ce6b57c9484f643aacd9,a,K562_region_02138,chr9:5627446:G:A;chr9:5627487:G:T;var1;middle;OL41|K562|302904a10fdd6de1
30da7a5c880842624ec797679f89f2e4538ded1a773a76f4758373fa80871914,a,K562_region_01848,chr6:44170206:T:G;chr6:44170262:G:A;var1;middle;OL41|K562|d1b325f6ac1a1f2e
30e36428c738eac372f3d0b9695ccc90f4df29ad85f9e3e47c907bb2e0014d7d,b,K562_region_01708,chr4:153022292:G:A;chr4:153022375:G:A;var1;middle;OL41|K562|9f48e0c1c759e2f7
30e474900097f9facdda05aff3ba0510abeeb3b34978c86277e190fb88c54efa,a,K562_region_00801,chr16:85977911:G:A;chr16:85977999:C:T;var1;middle;OL28|K562|5d0fbdb7a7e1a7d3
30eabd25631ab2487e276570ccd30f7ed19b82d6045f0d8c185b809355ca1dd4,a,K562_region_01637,chr3:186434188:C:T;chr3:186434262:T:C;var1;middle;OL28|K562|655149640dbc0339
30fdaadcec336d25e153ccf50883aa87670688923b62e81096a7d5119cbd08cb,a,K562_region_01129,chr19:39283345:A:G;chr19:39283401:C:G;var1;middle;OL41|K562|e199a58ca8befa0d
3104726d862069b1813e4d71040d838367751de4edb374847f471f3eab9eba7b,b,K562_region_00127,chr1:161646112:C:T;chr1:161646116:T:C;var1;middle;OL30|K562|518122277dc40799
310fea6f239773d333eb6728dec97779f30901076ec27ee0906bf2b9373b3994,b,K562_region_00711,chr16:2014165:C:A;chr16:2014191:A:G;var1;middle;OL41|K562|26493cc709e069dc
3121663ab9ced19885b5118979108ddc7bdd7700b21443628c79cedd8c996922,a,K562_region_00924,chr17:49230491:A:T;chr17:49230552:T:G;var1;middle;OL41|K562|93dcacf25c4b9d5d
314227e6d0526536378aeddbf597a03b4c94d3f65dc6be4b85448fff79eef32f,a,K562_region_00466,chr12:54536459:T:C;chr12:54536534:C:G;var1;middle;OL41|K562|e0a6c4b5806fb752
314f5f6b8e804b3d1e8c77bb79fb3c0845bdaacf3e5bbba57a979fc55dfb897a,a,K562_region_01522,chr22:37594920:A:C;chr22:37594956:A:C;var1;middle;OL41|K562|9e07fe243012ccfc
3174ef5fd94272727ca1cf2b11b79f4dbf2bf0f22244bfb41677d4699a652d53,a,K562_region_02188,chr9:110532846:T:A;chr9:110532879:A:G;var1;middle;OL31|K562|f09a108bece0a39a
317a3c4d082289169a7dacef1bc48a85e0ff0c470748f1681bf919bf6f74a086,b,K562_region_02105,chr8:129950390:G:A;chr8:129950399:C:T;var1;middle;OL30|K562|20ee15d7a1ea0216
318136072257734ea262c4aa651f9da77a289c66c8248c6407eaea2e0bc9c72a,b,K562_region_01805,chr5:180650685:A:G;chr5:180650744:T:C;var1;middle;OL41|K562|c9bde6ccd96bf74e
3186f2e13072f51f1c034308cf96434cd2698706cb3de6383ab11b6a0e7d67c9,b,K562_region_01032,chr19:1083491:A:T;chr19:1083532:C:T;var1;middle;OL41|K562|9eab04bc78941192
318d44d01c25d170b39e8ac3f803604365a65336bd8788f4ed6f1f0f10c0f9d3,b,K562_region_01834,chr6:37484729:G:A;chr6:37484790:T:C;var1;middle;OL41|K562|616a5aea1a55314e
319301dcc3a838929c69ccc41661b791e77ea8fa9668cbd3e46d46d86a2a023c,a,K562_region_00889,chr17:33760128:G:C;chr17:33760211:C:T;var1;middle;OL41|K562|39de926c85f1b504
3195d3f732d7d2ba6965ef2a72e043f1e36e23c58600126b41e322ccc08857e9,b,K562_region_01683,chr4:26331433:A:G;chr4:26331471:A:G;var1;middle;OL29|K562|2d01fb10d89bb15e
31b3c44c9b59c301d93b6641af2f6d29ee7c7ebec8a496cf5995d4291f491a0b,b,K562_region_00035,chr1:18807897:C:G;chr1:18807953:C:A;var1;middle;OL41|K562|22fa40c69f833612
31d0078b769838e0e29f5962d079371ec3e16ec4d259209a92ccb7009606f71b,b,K562_region_00121,chr1:160990876:C:A;chr1:160990878:C:T;var1;middle;OL41|K562|cb4ae50bf670fe01
31d2ddc3c6abca034babc61a283190a913bccd5ba19bfa43daeec46a1b8808bc,a,K562_region_01024,chr19:990645:G:A;chr19:990702:C:T;var1;middle;OL41|K562|63f2f35bf3f55659
31e4a5f8cd6ad4cf9acc49483b16979ed9d9aa05ac8c1b0852598ddbaf4fd892,b,K562_region_00618,chr15:42229838:G:C;chr15:42229852:C:T;var1;middle;OL28|K562|61455f9452df644d
31f4734a9f4b422122ce29e8448d8b81883428d449cf2420fc45687299f1234c,b,K562_region_01689,chr4:55539253:A:G;chr4:55539264:C:T;var1;middle;OL28|K562|a1c155e30df57297
320ccb430efdd86fb5de782de7d6db9fac6ea940898991115789357e25a52a2e,a,K562_region_01032,chr19:1083532:C:T;chr19:1083556:A:G;var1;middle;OL41|K562|e1f8b2e259b3d4ba
322233ebcda04b129b27a6e1274d301b9c575a5a807675122e4a49c4319197e6,b,K562_region_00789,chr16:83794991:C:G;chr16:83795059:T:A;var1;middle;OL41|K562|4be0ef6faf7729f1
3223735b2fc421132afd29c24ba68eb2edcc267ef3607f69bd3e821886723aec,b,K562_region_00986,chr18:21264965:G:T;chr18:21265039:G:A;var1;middle;OL41|K562|056350f43080908a
3231743eca1205afe2ce5daae56643db0ce5a3403c16a49c76d3cf38edcf8d0b,a,K562_region_01784,chr5:157158414:C:A;chr5:157158439:C:A;var1;middle;OL41|K562|21e4fc2234a90b43
323a6656eae41f89a2779d2e09e005700dce325c9616f104b77461a8b99d384c,b,K562_region_00455,chr12:26986011:G:T;chr12:26986098:G:A;var1;middle;OL41|K562|350a32e337c2f3e2
323de6bfaed62ac552337e6e9540938e5d066ed0ce506197b3eea14969b72c84,a,K562_region_00282,chr10:134295750:A:T;chr10:134295815:C:T;var1;middle;OL41|K562|806d9369ff7c8cd2
323e11bed7da57558d347ad4272490dc08d3506b5c04f35915677a8a65cd0be9,a,K562_region_02033,chr7:155092205:T:G;chr7:155092225:C:G;var1;middle;OL41|K562|0eb43870f2b20ee2
323e5b13b21da18b7c910ef4353754105711043b25d95c064a4265d2b8d6d0b9,b,K562_region_00929,chr17:62079286:G:A;chr17:62079334:A:G;var1;middle;OL41|K562|bbe693d13593c729
32426942588b104682b656a815688ad774f3f8960c02bceb422e886fc565a097,a,K562_region_00735,chr16:10833734:G:A;chr16:10833794:C:G;var1;middle;OL30|K562|59384021531f1f7a
32567581afe04798249dd27654fbf5660dee446e76a42449a280f6e9d3d5ea82,a,K562_region_01313,chr2:143556890:C:A;chr2:143556962:G:A;var1;middle;OL29|K562|979a590838d9d223
326a186ffe091776c65d1d752581a0f979407460b05dd01140e288bdec1b8b00,b,K562_region_02127,chr9:2493058:C:T;chr9:2493123:T:C;var1;middle;OL41|K562|64293156dcd1958f
326d7e2e2d116ab246434c595f7a6accad1df8aa654f22b89db1a1b84a7e7d22,a,K562_region_00537,chr13:111038340:G:A;chr13:111038374:T:C;var1;middle;OL30|K562|c425bd6bb2f333f6
3284deda548b4e2c4b9cd1306349fa92b08f039715a7f814f07ec8cf17303233,a,K562_region_00111,chr1:146717505:G:A;chr1:146717564:C:T;var1;middle;OL41|K562|bcec514bb8a71dd6
328a1832af91f78909784c629361ae833fd421023b42cdf143fb48655eb97fd7,b,K562_region_02170,chr9:95794382:T:C;chr9:95794386:G:A;var1;middle;OL41|K562|7a5e4a50dbf5d9e4
328d7c6c094fc59b3ba51686860c8f142c32b9161f8a33efc7bbf2d523d40692,b,K562_region_00799,chr16:85938681:C:T;chr16:85938755:A:G;var1;middle;OL28|K562|544e5a761039de44
3296c151a129548448a4581d1b858108c19537f539177c73ddeb1b72f67bb33f,a,K562_region_01418,chr20:58252407:T:C;chr20:58252436:G:T;var1;middle;OL41|K562|3893ef2340470768
32a22605b6e023ff6b3535a1b11bf5bd36c1cd77a0803719e9d34d5531814403,a,K562_region_01086,chr19:15748675:C:T;chr19:15748681:T:G;var1;middle;OL41|K562|bfce5ebd23ea8c56
32ad28f57082a692a925081d35459a116cdb8f2264333759c4a76c25b2d4513b,b,K562_region_02006,chr7:124032430:G:A;chr7:124032505:G:T;var1;middle;OL41|K562|e22f40a5a2c018b9
32bb0320df2af6668f531a64ac3d50f736c126bceec27f8f670578cc99df8eee,a,K562_region_00348,chr11:58436406:T:C;chr11:58436478:A:C;var1;middle;OL28|K562|05736fb408b56477
32bc5a2e0b4a5b9d59368b19d54187e20e94e501cd5423a9b538a45de32e97ec,b,K562_region_01392,chr20:39179975:A:G;chr20:39179978:C:T;var1;middle;OL31|K562|766c5c81a319e5ec
32c85ffca60111ce2a39cdee352a03143f4d69636af8fdf020db8858897d635a,a,K562_region_01362,chr2:242757334:G:A;chr2:242757411:C:T;var1;middle;OL41|K562|010448ab943575c0
32ccc815e44ccc2b562f907210b71b0cb2379570db0ad59e250260541aa8c35d,b,K562_region_01613,chr3:131081192:T:C;chr3:131081264:G:C;var1;middle;OL41|K562|1fb4fe71f61b696c
32df6d269c236e5973a64a25dd689aea175fee26859276cf84870afa943f7ac4,a,K562_region_01730,chr5:6705806:C:A;chr5:6705857:G:A;var1;middle;OL41|K562|d0166a1efcaa06ea
32df85d41cfa709b0da5ee88154630355427b05e1f8cbb09b309df3f7213e178,b,K562_region_01234,chr2:29288429:T:C;chr2:29288466:T:C;var1;middle;OL41|K562|6d2c172e422c79b5
32e18297e7d7163daf267059eb5e0606530b7d57b2d97c15c00228ae5429d407,a,K562_region_01507,chr22:24342791:C:T;chr22:24342840:A:C;var1;middle;OL41|K562|a668863e9282e6b7
32ec5ff3cc446e4655cecfc922a0a6cb761894b063b51d08d57fd45aacb00f96,b,K562_region_02173,chr9:95883785:T:C;chr9:95883865:G:C;var1;middle;OL41|K562|423beda66504e802
330063eb60b86c54b1e6b5dd4ee8df86359d8b3a895bd1a0726ce106b40ba575,b,K562_region_01853,chr6:52220935:C:T;chr6:52220975:G:A;var1;middle;OL41|K562|413f8a7f24e246d4
331acf40dc31a343173f879e0e9a8c89f6242d29ad0848808d44fac8a59f3b1e,a,K562_region_00853,chr17:5014368:T:A;chr17:5014416:G:A;var1;middle;OL41|K562|9ee982a0ac2fc2db
331dc9e982ab09082a453abbf8d56fa0bce42be2436143666da55b0ae90ccd2f,b,K562_region_00470,chr12:64062023:A:C;chr12:64062065:T:C;var1;middle;OL41|K562|47345a49757bc592
334b550545cd139d15c2685da5b946eabfa5d4615d9fc747c307723736548ce6,b,K562_region_01451,chr21:43429588:G:A;chr21:43429623:G:A;var1;middle;OL41|K562|481d07725329df98
3356eed3f3d6d34a88d6aaad2fd4952824e0420e1fc585199dacf9795502c1af,a,K562_region_00046,chr1:26504741:G:A;chr1:26504756:G:A;var1;middle;OL41|K562|49c87e3f8e94f612
33672a3086449a5a57d08fdfa3ecb0ff9733b24f113d4e2a5a23512de40c1019,a,K562_region_01035,chr19:1456544:A:G;chr19:1456595:G:C;var1;middle;OL41|K562|da90359f72630d0f
336db2710f6d08b0b51308e861c2bd383472857d6ddb301fbeab20a073938f19,b,K562_region_01670,chr4:6891435:G:A;chr4:6891519:G:C;var1;middle;OL27|K562|73d96eabb93e2e02
336deed44e2976e742bd28a70c47791fda8f9c733e8e6c5059634b60dfcfa490,a,K562_region_00765,chr16:54420306:T:C;chr16:54420321:T:C;var1;middle;OL30|K562|8c0c489ee8c02a6a
3381e8b73aa35e095eb8a826c92d54aed0e816fd47966c1eab1fb4bd1cad24db,a,K562_region_01460,chr21:45898223:C:G;chr21:45898234:C:T;var1;middle;OL41|K562|e9ee0d169f80ba68
339b4a7f04f846c42978a9c4cb87f0b5bbf2621230dc072056b3676198f8fe55,b,K562_region_01257,chr2:48954842:A:G;chr2:48954905:T:C;var1;middle;OL29|K562|62f5922d114e8778
33a6f9abd17590c5103fb3c97ecfaa118b3061645644a9ece641e3eada52cdd2,a,K562_region_00609,chr15:30775951:T:C;chr15:30776002:G:T;var1;middle;OL41|K562|20be93ebff862ed0
33abe541d2fa85d7a80f2a70b828f951247f1f42ebe19d8a29fce41378708ee2,a,K562_region_01970,chr7:66822214:G:A;chr7:66822267:C:T;var1;middle;OL41|K562|08583211ac9a1a4f
33ae29b5c41194af0fba6beae03e3f595a2b900bd25c36d71b4c3d73eb6b9ac9,b,K562_region_00516,chr13:46672870:A:T;chr13:46672874:C:A;var1;middle;OL41|K562|77c35c8fc96c3f4c
33aff298458b3d30e2ab81a2974403e210e73690eca391200df21fa3354b238f,a,K562_region_00384,chr11:93923594:C:T;chr11:93923633:T:G;var1;middle;OL30|K562|b44d380051513f79
33c4a73179fcfd6b8ceb0e8f98f10029dacde5506469be590dcecc26947049b8,a,K562_region_00994,chr18:44337686:A:G;chr18:44337708:C:G;var1;middle;OL41|K562|58790606115ecd38
33c6c89d7e4abe926880051bd88288b00905b4e35b6ace5388b54a8b8d961fec,a,K562_region_01144,chr19:45909934:G:A;chr19:45910003:G:T;var1;middle;OL27|K562|73c6eaa915d1e97a
33cafb8bb4b53520db5d78d67785eb3400ae56b1f154a080f6399694e0dacc8a,a,K562_region_00597,chr14:103241799:T:C;chr14:103241845:T:C;var1;middle;OL27|K562|a7397519ab167bdf
33cbe615f32fe61b7f6f1d1b302132fafe8fc9296e772c0e3aaf5f4d944ed7ed,a,K562_region_02170,chr9:95794382:T:C;chr9:95794386:G:A;var1;middle;OL41|K562|7a5e4a50dbf5d9e4
33d1852e34c94171bd29e6cbde9babb588e5e4883241774849e42621950f9e70,b,K562_region_01400,chr20:46355318:T:C;chr20:46355397:C:A;var1;middle;OL31|K562|ef40d31aab6959f7
33ea08a6449cf8d2e4b1555e48ee28599e7291ab74d69a372e245a93fa25b237,a,K562_region_00306,chr11:1864564:A:G;chr11:1864592:G:C;var1;middle;OL41|K562|caec773102135e72
33ee9acde3dade2a0dd262d5872106f86a580de955a7d7376a5d5ddd1e2d030e,b,K562_region_00421,chr12:1058688:A:C;chr12:1058738:C:G;var1;middle;OL41|K562|f5fa32c950934648
33f75a3787ea60e4d7294bec8f00939be1219e1b4ddf7ddf74a2a577c9ab2908,b,K562_region_02229,chr9:139654762:G:T;chr9:139654777:T:C;var1;middle;OL41|K562|57dfb4ffa5faf033
3401de7ba0ac8f73071fc33370bd869ed4d3396d46d2838e926e03c0d705c2bb,a,K562_region_01621,chr3:155011481:C:T;chr3:155011518:T:G;var1;middle;OL41|K562|866c287a81fc22f9
340bd40c4471e9d9588bfb7a34aaa4c51b9303e6075d2e752da87a859214920f,a,K562_region_00983,chr18:12911365:G:T;chr18:12911423:T:C;var1;middle;OL41|K562|98928a06df9a9684
3417d9950724b6e7826cae5914502cf363977b4d55888c368a92530075971755,b,K562_region_00675,chr16:187429:C:T;chr16:187509:A:G;var1;middle;OL41|K562|e590ba7a87441706
343f0ccec5e510cc32ead44dffc83dcca325a64abb3ac021fa6dda1b76615aac,a,K562_region_00647,chr15:78200400:A:G;chr15:78200422:C:T;var1;middle;OL41|K562|f31adca879c28260
34489da5ee9b78f05e5cbafd31fed4c92014332f52bcad57d8d9e77cf9bf2c92,b,K562_region_00323,chr11:5642001:T:C;chr11:5642026:A:T;var1;middle;OL41|K562|14bf1d026616c30c
347124edf98be44964a14cd6b5069b6df6107e64f6acab562c6e1732599eb53c,a,K562_region_00772,chr16:58752439:C:T;chr16:58752466:C:T;var1;middle;OL30|K562|2c3275e53e7ef785
3472c16660948d8b49ff0bbb89db996c02754d71448f06c592cb19a1b28116ca,a,K562_region_01805,chr5:180650685:A:G;chr5:180650744:T:C;var1;middle;OL41|K562|c9bde6ccd96bf74e
347456c1ce510698d76b0992b99aa9e9f5ff982bb602b4f7d5e06e670a2c0396,a,K562_region_01235,chr2:36791184:T:C;chr2:36791226:T:C;var1;middle;OL41|K562|11ff4c0037b53d62
347b2d481fe2ccc94408bde8e697726736b8a604e1f9277960b89ca3e6620e0f,a,K562_region_00395,chr11:117700323:A:G;chr11:117700410:A:C;var1;middle;OL30|K562|67c46701291da681
348f5696147a1a7c9726653bc59145a4a181c46869d667eecab301949dbf74e9,b,K562_region_00721,chr16:3054011:C:G;chr16:3054088:G:C;var1;middle;OL41|K562|e20914284f681268
34970f291c9a00a3f3719059bc5b4e633450ba4c274938ae65cbf75357a8aa10,b,K562_region_00370,chr11:72354025:G:A;chr11:72354028:C:A;var1;middle;OL41|K562|e98db4897fdd8a4e
3498193563ecaca5a769a96c8a27ed17d62266f737ee76f1f40d0ac740dd3ac7,b,K562_region_00040,chr1:24467256:G:A;chr1:24467263:G:A;var1;middle;OL32|K562|33dd824a2122e847
349e7e6f216ac95c868b5de177ed6ee340cd0037a3daf40fc8515f08d8aacd8a,a,K562_region_00208,chr10:19777907:C:T;chr10:19777982:G:A;var1;middle;OL41|K562|739fa75b823afaba
34a4233a40ecac8ab32568e09086e4d1ee2c18c6b447b5b340b903f4b4bc06ea,b,K562_region_02204,chr9:130733706:C:T;chr9:130733762:G:A;var1;middle;OL41|K562|6ed8019e98764552
34ce9d97038bef33e35e9103489d5e88e5522702309b99b2af25d30974cf79ac,b,K562_region_00170,chr1:230849799:A:G;chr1:230849886:T:G;var1;middle;OL41|K562|ff2eb9f61f595fdd
34db35faed04a4b9024c889bb64eea2551a1cbe3688a0841bdc7a984c910f3dc,b,K562_region_00303,chr11:834098:C:T;chr11:834108:G:A;var1;middle;OL41|K562|694fc4d502ec8bc2
34e739c15de3db5cbcfc95b2477b97293b1be81f7639f744ee9da30a5583c086,a,K562_region_02049,chr8:9183596:A:G;chr8:9183664:A:G;var1;middle;OL30|K562|486d084414a45eb8
34eec57d305a08a6443ead12650f94e3664f603598a7003db40dddc1841cbb88,b,K562_region_01878,chr6:141219538:A:G;chr6:141219627:G:A;var1;middle;OL41|K562|6b4fab67e735c039
34fb1eb2e8347dec022c03a924abbd16a0a49ad8f69f4568d5dac97dc932ab4c,a,K562_region_01560,chr22:51017353:T:C;chr22:51017394:G:C;var1;middle;OL41|K562|79d00c018e28115a
351018dbf3b545bb5a99268b5d6f22201fe3e4b9d1d6e1d1a882bd214406a16e,b,K562_region_00037,chr1:20397157:T:C;chr1:20397240:G:A;var1;middle;OL41|K562|413b3d7961ef3378
353fec572065294cf90caa1934946452f12b51b21186d1e23224ca4911aca9a4,b,K562_region_01508,chr22:24997309:G:C;chr22:24997369:T:C;var1;middle;OL41|K562|a02679af6e9ea401
3549c6138c23d88fe354dd3a6a449b821a08a4a870561bdab6707d967984fbf3,a,K562_region_00572,chr14:73305134:G:A;chr14:73305194:C:T;var1;middle;OL33|K562|eaf8b60fbf440a00
354ce07d53b1ec08bd9cd3ab176bd951b3c98d4d7ee1d716e4d94b0f5891fd7f,a,K562_region_00954,chr17:78011691:A:G;chr17:78011731:G:T;var1;middle;OL41|K562|0530ca25ebe4656f
3552b71f50ada468795c774e9504967a117d9741eadc8f5fc3ad8bf02328e6fc,a,K562_region_00289,chr11:308363:G:C;chr11:308426:G:C;var1;middle;OL41|K562|a9486b6c2f3e2aff
3556330d560e88964731c536b81e7b704c5f2894d9942cc9650f4ebdbc471e69,a,K562_region_00758,chr16:50913994:G:A;chr16:50914036:T:C;var1;middle;OL41|K562|bb90482806352c2a
35716855d71153ff7196fb7acaedb11707f48f26ddbf4f51078f5a561582484b,a,K562_region_00799,chr16:85938595:T:G;chr16:85938681:C:T;var1;middle;OL28|K562|b0007235dc34a09e
358352d6a50230665760a93109ac33261689563436aa00c59d64ab942766a724,a,K562_region_00672,chr15:102041117:G:A;chr15:102041143:G:A;var1;middle;OL41|K562|e8309f10d3ec2569
3585ea0f0fb518e3fa762587ecbbf53170a271edc29052cae44d0034a3c0c1c8,b,K562_region_01808,chr6:2445094:A:G;chr6:2445131:T:C;var1;middle;OL29|K562|e2bd3c449491e2b9
359adccbebf72ef284bcf87b05ea3f79f25a6f9f90481286b460820b421de7b8,a,K562_region_01790,chr5:175372286:C:T;chr5:175372362:G:A;var1;middle;OL41|K562|f819a01d4f6bff88
35a5990646dd90641831c121297601c8d4409c85225817f0faa1da84460c5f8b,a,K562_region_01356,chr2:240142164:T:C;chr2:240142223:G:C;var1;middle;OL28|K562|30a652434858afb9
35abfafabfcc181074ff482cb9855514861fc3ccbdd73b431d3491a8f7016eec,a,K562_region_00412,chr11:128650925:A:G;chr11:128650952:C:T;var1;middle;OL28|K562|32325e4b778f183e
35b3a14765f291b411aa5856c119b0778c31ae470ad98ce0c2f920e997e6dfe1,b,K562_region_02160,chr9:35686376:G:A;chr9:35686390:G:A;var1;middle;OL41|K562|1bbb5fadeea5277d
35b792a71961aaf5ce1987a65660f3c40c00738051c25974a694d60e74904d4c,b,K562_region_01933,chr7:23144914:G:C;chr7:23144947:T:C;var1;middle;OL41|K562|7d156c96d1807abf
35c740f1153f05060992d05736a474a4c5976a203ce11f03753500e8eff6957c,b,K562_region_01358,chr2:242022038:G:A;chr2:242022111:T:C;var1;middle;OL41|K562|05fa28e7fe7b5d0b
35d097c4ce0ca2d73544806a69a1cc80212fd968f8384b49c21aa04f9787c32a,a,K562_region_01221,chr2:21233972:T:C;chr2:21233999:T:C;var1;middle;OL31|K562|26ab1d86df6c75a6
360419de7a3c0bfe6bb4d84c4fd361ce51928a48ffe4adef4a9603c0d089503a,b,K562_region_02025,chr7:150020457:C:T;chr7:150020526:C:T;var1;middle;OL41|K562|c97608db76eceab1
36188e1c807449e2054fd8363dce99bcdbd46bddc637dbc930a426a6f2a1f519,b,K562_region_01878,chr6:141219538:A:G;chr6:141219600:T:A;var1;middle;OL41|K562|51cc6b27cd114325
36227b5eebaf1640d2b892bb449dfa56e4e10716a9c6dbaa62b7f588492e6327,b,K562_region_01150,chr19:46974728:C:T;chr19:46974748:C:G;var1;middle;OL41|K562|374d1d1f73697491
363a4773a3bec0f345564bc5c805281c2fa8074129da63f9cd9fd2c750c8e89d,a,K562_region_01252,chr2:46067440:T:C;chr2:46067445:T:G;var1;middle;OL28|K562|efa9345eeda3b4fc
364318d0388e2331be26c27f385e507481336d1c1b2c7bd1f573e96294708b6d,a,K562_region_00557,chr14:24869746:C:T;chr14:24869751:C:T;var1;middle;OL29|K562|a0de289a99f35c38
364c04462017db5ccc7af3cc0a9e2f3b0ded0159ae366f091379611dd4dadbdf,a,K562_region_00553,chr14:24760764:G:A;chr14:24760808:C:T;var1;middle;OL41|K562|431ec8b445845684
3654427b090685352a28db8a57f60a512697fb87e3c97d04c1e323fff7e0a00b,b,K562_region_00598,chr14:103388999:T:C;chr14:103389003:G:C;var1;middle;OL41|K562|5d4513404729047b
3658cb1685957a34d5c19ad75b2e8aad047e321a804e82e87270984605b21373,a,K562_region_02182,chr9:107589580:A:T;chr9:107589630:C:T;var1;middle;OL31|K562|01e4a36859707c8d
36594af39093d2bc11e71c5d043b6bf8652e63ea6f45059b35e02fb24d8d9e1a,b,K562_region_01745,chr5:54529416:C:A;chr5:54529458:C:G;var1;middle;OL41|K562|7d3a1e9991f22bf2
365d8d5a11d8c3c00fa4019bde4eaea11315293eff485081faa0b3b73e8493f9,b,K562_region_00033,chr1:16840462:C:T;chr1:16840476:A:G;var1;middle;OL41|K562|58c97704776d49b6
365e030f1cc5b0f9920f6abe462e99ac6c0b881785c3d9445dee1d5f8c12b0c9,b,K562_region_02137,chr9:5453198:A:C;chr9:5453260:A:G;var1;middle;OL41|K562|850dfe37db5e7ccd
3681b66ebe0acdeff323bc3892ff4c3e4ab746c69045a5ba08cf935d97fbbaa0,b,K562_region_01804,chr5:180634677:A:G;chr5:180634754:C:T;var1;middle;OL41|K562|2a5f068d7e5b5829
36853aa1089c33d263e118baa8f80d136613133b9e9b1fe82a4d55aa9909a41b,b,K562_region_00315,chr11:3259809:G:A;chr11:3259830:C:T;var1;middle;OL33|K562|0b104ca18bcbafc8
369f651147b96f0b453008fb2a4ae3a3639118d402cf0117345f8eba760ad85d,a,K562_region_01275,chr2:85655991:T:G;chr2:85656000:A:G;var1;middle;OL41|K562|17301fc953bdf49e
36a4bf701c324ee7d05723d7a4834c4ab6882431505001a926320501bcd83001,b,K562_region_01297,chr2:127783846:T:G;chr2:127783891:C:T;var1;middle;OL41|K562|b8c099ecaa6e4824
36a86419760de4f54c2e890838e53e44c704943a5bef149214548988cb0ada6d,b,K562_region_00090,chr1:108743140:C:G;chr1:108743178:C:G;var1;middle;OL41|K562|986b9ac59bb3e20d
36b905b91a186e53ca9cee7c4435a60cc9c18102b252fcb4637c34b66a5646a6,a,K562_region_01605,chr3:125655224:G:C;chr3:125655269:C:T;var1;middle;OL41|K562|ebce6b01ddd292e0
36bb2c7e1cc17c4e6dd3567c134abdb7ed024b615d7f6f1567bcd97b32e70c16,a,K562_region_02074,chr8:22941873:C:G;chr8:22941887:G:A;var1;middle;OL41|K562|91fb070a35071561
36bec253205105f560b492ebaf892b7a8996bee0dc84e7a0c5cdf07e14cbb7d8,b,K562_region_00680,chr16:420648:A:T;chr16:420723:T:G;var1;middle;OL41|K562|0199c9baa7f45920
36da577b2f53dfab9041d50a88f747aae10e4794036bbe9640c89bf047c1951c,b,K562_region_01030,chr19:1038222:C:G;chr19:1038289:A:C;var1;middle;OL41|K562|313e571e15f78b49
36de34d80444167ff3ddd16370ffdd855e670bacdc945aab1068e1386bb27c84,a,K562_region_02100,chr8:124610521:G:T;chr8:124610526:G:A;var1;middle;OL29|K562|47c21902ddaf0ea6
36e4c42e474bd516b78061f64e9a7b16887e0134a873eb289524631fdc8c1862,b,K562_region_00322,chr11:4664442:G:A;chr11:4664460:G:A;var1;middle;OL41|K562|21ab184381431c27
36e7ab1aca32556fa546e95099481eac12ab699a5c375b58b6691b1ee83bf44f,a,K562_region_01387,chr20:31163565:G:T;chr20:31163573:G:T;var1;middle;OL28|K562|5b645f3c7a5b79bd
36e7fa3d9a7420a8dcec89096c864ec350e46999caf42d5e5277cb772254e057,a,K562_region_01967,chr7:64700289:G:A;chr7:64700373:C:T;var1;middle;OL41|K562|01803fac9407256a
36f3563730686919f3293587ad4850f6186091aa5bdde0507e1aa610ef31b410,b,K562_region_01538,chr22:44324727:C:G;chr22:44324730:C:T;var1;middle;OL29|K562|feaec9f7cea38395
36fd732c71290935c946451c7bf0990896ec7497c5d254e90edc34846f2d7ea6,a,K562_region_01501,chr22:23657966:G:A;chr22:23658007:G:A;var1;middle;OL41|K562|bc8dd6c5f7924e27
3725400c9f67f75cca529758848ad45daf44d76ca71958d6c380e59119ffd32c,a,K562_region_01114,chr19:21778217:A:G;chr19:21778255:T:G;var1;middle;OL41|K562|3cd0c831cfa43cf6
372d1ac23a528c9bb753944d844858fd25e235030e61296e641513993449c319,a,K562_region_01810,chr6:3027015:G:T;chr6:3027019:G:C;var1;middle;OL41|K562|07969ac347bd538b
3743c228e2666d7de38ff4bf9410566bcf6df66fe61aa9bf70b8bab72d485954,a,K562_region_00536,chr13:110917507:A:T;chr13:110917524:A:C;var1;middle;OL31|K562|ff82508d1ac95b47
3754b7c4cac41b9f756f68492a608caf89b982fa96b90cb3330cc9014c031c3a,b,K562_region_01390,chr20:36932660:C:T;chr20:36932676:G:C;var1;middle;OL41|K562|692e854431a54604
3758efd9b7eaaa142febfc12112223f2464a1d546cdd1b50a4682ca3ab3c9de9,b,K562_region_00803,chr16:87404017:C:G;chr16:87404052:C:G;var1;middle;OL41|K562|820872bd8430b42b
3762f5d46c82d07f3ce2ced36ad65351abfa22fbe59224e95d8cbfcc19d25237,b,K562_region_00010,chr1:2153930:T:C;chr1:2153935:T:C;var1;middle;OL27|K562|abd3de2c18b9f0bd
37645dd00baa118599d11303f9b9c8e636d886de5e930ddb559757e0840b01cc,a,K562_region_01364,chr2:242764352:G:A;chr2:242764404:A:G;var1;middle;OL41|K562|f544cd79707d0bac
3768004b57a844dc5d12dcad96bbfb91bf4b1cbcefb268583de81dcaf8e5474c,a,K562_region_01860,chr6:108053906:G:A;chr6:108053969:G:T;var1;middle;OL27|K562|4ea7f75df48b3f42
376ada8300a06febabfa7e7b7425aa77cac5fc68d3e228e7ebf50f167f500631,a,K562_region_00792,chr16:84233007:C:G;chr16:84233018:C:T;var1;middle;OL41|K562|bd43d9402dc377af
3798f00aa1c1374fd3d94c08258f7f250fe132a85070511771d1c1e30471524c,b,K562_region_00615,chr15:40654038:A:G;chr15:40654067:T:A;var1;middle;OL41|K562|6c1dcf1514a9bca8
37a6be357f294314d0bd34242c53d9bae5a883a25d7eb4a1dbf35db676f296b7,a,K562_region_02180,chr9:106856633:C:T;chr9:106856691:T:G;var1;middle;OL41|K562|94884faf0d744e6f
37b66b23e8f0d1306927b04a27ff1c8f9ecafb9d7ebcadf22fee4b0426b74e23,a,K562_region_00454,chr12:26589726:A:G;chr12:26589770:G:A;var1;middle;OL32|K562|adc9f9cde779a086
37bcf972395a55325af270160cbad0d754097b8f415f0c54a40ca54540eabe99,a,K562_region_02166,chr9:86595731:C:A;chr9:86595801:G:T;var1;middle;OL29|K562|3cd3f48573b21b29
37d261c4c6a47424d975e190381a69024476e3879edc2324fe38ae84994dd16b,a,K562_region_00329,chr11:10478228:C:T;chr11:10478269:G:C;var1;middle;OL31|K562|e5b37c4c9bf2b060
37e889363a96f66ca1e5540bc809272b741f42e4b235226d05aa7ea83bb502cb,b,K562_region_01032,chr19:1083532:C:T;chr19:1083556:A:G;var1;middle;OL41|K562|e1f8b2e259b3d4ba
37f3fd7f06c9e4b8587767e3e7875c0eab1c0f0df03bed04711ca2abadec99e5,b,K562_region_01369,chr20:3682657:G:A;chr20:3682730:G:C;var1;middle;OL30|K562|337b52f38cea08e6
37f6658416a30ce15078b4c18327c259d07b229d31e88f9f3b63569ebabf364c,b,K562_region_01187,chr19:57182549:G:T;chr19:57182605:G:C;var1;middle;OL41|K562|f4e00351780f2282
3804613de4be3a1feb49ff5d3c9ab1b7e62b1a2657157772cf8e4c895143f4ed,b,K562_region_02153,chr9:22446683:G:T;chr9:22446751:C:T;var1;middle;OL41|K562|1e7aaa32dcc9e767
381fd8c6ce269032bc8d3c595a3a3a5f96ddb3fba764f0d076c31329effcd898,b,K562_region_01419,chr20:58252848:T:C;chr20:58252899:G:A;var1;middle;OL41|K562|f717cc9c219d0fcb
38289dbefbca225d744ad8bb3a9e2de2fbc8ca836ed79f61300d9a45c67329a8,a,K562_region_00524,chr13:74110412:T:G;chr13:74110416:A:G;var1;middle;OL30|K562|01223b315bbbe051
3837a4a7e2e6fdb69cad3dd59ed1318909f2a9f88b96aa15552c2c87f4bb72cf,b,K562_region_01584,chr3:30736551:C:T;chr3:30736573:T:C;var1;middle;OL29|K562|4daff43fa78012e1
383f614f700c12e8097d3fa0018627569663ae658fffe3545da2d8b33ab57a3b,a,K562_region_01560,chr22:51017394:G:C;chr22:51017476:A:G;var1;middle;OL41|K562|4b3c3f024de5b89e
38426d5a88e8382dceed14825e2b889c06d4b85f9f6c8c922dcab478f1f581f6,b,K562_region_01170,chr19:53636173:C:A;chr19:53636204:T:C;var1;middle;OL41|K562|2f7265ed3cd9e290
3844c33856436b59c277dfa4fd4b824d3a045388d81fdee4297f0e1831c42bab,a,K562_region_01090,chr19:16217453:T:C;chr19:16217484:T:C;var1;middle;OL27|K562|be20a8bf9082e6be
386ef870dfb140ebc42638db0b71d0854feedfc3e27e628fa455f7f29519922a,b,K562_region_01779,chr5:148783690:C:A;chr5:148783767:T:G;var1;middle;OL41|K562|6125ede75d1d90bb
38794fde84d24e2e279808fef3020d05eaf7fc1b8ab2b830d43e42b44060503c,b,K562_region_00007,chr1:1307600:C:T;chr1:1307638:T:C;var1;middle;OL41|K562|e64c635c0b81446b
387a01b74267dd4dd332a97067142d26f26a7adce3f556cda87e3680d8fbc984,b,K562_region_01128,chr19:39260544:T:A;chr19:39260589:C:G;var1;middle;OL41|K562|5d44cc7bb83f824b
38875ab675981638818c5d73a9cce4ea5c831f80cbabb582eba60a6411d7d9c5,a,K562_region_01687,chr4:48018170:C:T;chr4:48018229:A:G;var1;middle;OL41|K562|600e9dc96b015ef9
388a2f6b1dcec15c20bb77e54cc1a98ff82540d068d99d3cafd422d98e17d6c6,b,K562_region_01849,chr6:44229704:C:T;chr6:44229707:A:G;var1;middle;OL41|K562|e185f308a11b42a7
389569eff1d6e190052aacf98ea52acf49a31f39d099745bf85fd7aa26bb6039,a,K562_region_01253,chr2:46742729:C:A;chr2:46742757:G:A;var1;middle;OL41|K562|2ac79c7d00ea389c
38a7a101ea2545a0fc5545ca37127450d9a0d73f977422bca2822df4c03c11c9,a,K562_region_01915,chr7:5037459:C:G;chr7:5037483:G:A;var1;middle;OL41|K562|230c1ee9199c3495
38aec45a94d2483b85b4d8f2cad6b1159657cdb79ac3917c29da787584d208ac,b,K562_region_01034,chr19:1372050:C:A;chr19:1372132:C:T;var1;middle;OL41|K562|6dea68800694d32a
38d46053da14a71af7d9b526199807cef7d1b0012ad0d87fff220e83f8f75823,b,K562_region_02069,chr8:19820916:C:T;chr8:19820933:A:C;var1;middle;OL31|K562|02d05e2bbb5eba11
38d7853858a8cf4e2875779d5fc8c1178a8252200587709a60afa57444603de3,a,K562_region_00865,chr17:8121622:G:T;chr17:8121669:G:A;var1;middle;OL41|K562|6ce557346db97529
38da39188919c7ab460dd3139ba54a30a0adfbd22f569878b2afef5f05b6a61d,b,K562_region_01772,chr5:132201774:T:A;chr5:132201793:G:A;var1;middle;OL41|K562|eb53f2a4efe293ec
38dbe61d35327f8e633279901dc2ac045d7586ecb85a4c522ba707ae8f43c065,b,K562_region_01566,chr3:5232074:A:C;chr3:5232080:C:T;var1;middle;OL41|K562|9097f892775d41d5
38e80d9f811d9b4d0123b2ae9b4cd3be3e592fc649520e4f72c5e00ef0a3b4bd,a,K562_region_01542,chr22:45583898:A:G;chr22:45583912:T:C;var1;middle;OL41|K562|aa539299ca8e4814
38fd583550d06955c8b0a7417a231a3b2ce45d5445003b5c26a7bc0646e66604,b,K562_region_01209,chr2:8760364:T:G;chr2:8760439:A:C;var1;middle;OL28|K562|84465308b09855fb
3909b55c6b7c101451a60c36b2d383744cd5e82a10ed8a0787e0f41e720fef44,b,K562_region_01518,chr22:37520172:T:G;chr22:37520225:A:G;var1;middle;OL30|K562|257a0dcfbdbcd7ff
391677a4858bff1aa567eb039aeba088b61ea46575320c883eeed6781c9f9d15,a,K562_region_00146,chr1:205240141:G:T;chr1:205240145:A:G;var1;middle;OL41|K562|63481b928011c55d
3918e85935fb80fa26dadd05e4569c67464c34f20904213e3bf7f0b89f638304,a,K562_region_01846,chr6:43750556:G:A;chr6:43750587:G:C;var1;middle;OL27|K562|f4a17c2b3aac76cc
393363b3a377ecf769e75081cce7dc2261fa528e13f3c389e5638abcc3129710,a,K562_region_00982,chr18:11947651:T:A;chr18:11947700:C:A;var1;middle;OL41|K562|907082ade3c8816b
3942287e440bc467c01b077009cb469b6c2b2a2b497d0c6908487a8804124dbf,b,K562_region_00736,chr16:11495543:G:T;chr16:11495560:C:T;var1;middle;OL41|K562|46761444288746d0
395801697a21673158d8b9a2150e7aa4e7e71b42cd88d9a55ff9cd4e84d51bdb,a,K562_region_00554,chr14:24768952:A:C;chr14:24768967:G:A;var1;middle;OL41|K562|ab896c7b32e6a83f
3960344681e133d2d3bac7e228a367bbedc08d85e56566a5270d73146291e571,a,K562_region_01488,chr22:21105343:T:C;chr22:21105356:G:A;var1;middle;OL41|K562|a5b182032817a249
396434672b80450db4e70852a038e00a5fdd49e8f19013fc8c1f1b43234a4d13,a,K562_region_00645,chr15:77335891:C:T;chr15:77335902:A:G;var1;middle;OL41|K562|8824bad48a2162b8
396f63b41e345863c21dfa01c16d82607011d45a52ddca26ba8a5dd4109b64d9,a,K562_region_01483,chr22:19860977:G:A;chr22:19860990:G:T;var1;middle;OL41|K562|103dd259005870dc
39715687fc8e8c47b37f18f9ffa663c322e633a7d9b8d62386725edcc4d1406d,b,K562_region_00013,chr1:6259090:C:T;chr1:6259130:A:G;var1;middle;OL41|K562|43fd8f45cb2f0d1c
3977f42d670b413af7d51fccea036dbaa17e90f3a880af843a1b393422ecb1a8,a,K562_region_00482,chr12:116975822:T:C;chr12:116975847:T:C;var1;middle;OL41|K562|89a4b5054d7d32bf
397a7dd6cf746230241a81d1e749647f06f4365c1a5e239f7d85eec5cc32e7f0,b,K562_region_00476,chr12:70113230:C:T;chr12:70113243:G:A;var1;middle;OL41|K562|88c6fe2d30920f80
398274d8f4f84db3d2d984eb4501d0b2d8e99d979fce9dddd5c0eb371e079eb5,b,K562_region_00113,chr1:148556781:G:A;chr1:148556784:G:A;var1;middle;OL41|K562|aa045410dd4fe201
398ad2158c0e42cc1a4668b7debf6b2f03cf1087b70de61575fd3f04791ca621,a,K562_region_01486,chr22:20192544:G:A;chr22:20192586:A:C;var1;middle;OL41|K562|af3b35956bee2f00
39b6f149a3318efa89841bdd379a95bd78c763fe1c8706be6d9d345e011223cc,b,K562_region_02247,chrX:102565894:C:A;chrX:102565906:C:A;var1;middle;OL41|K562|4642c917176b1e5f
39d5c8b9e8849e9fe7a662524808cb5a68a7668876a273a13d5d6988be84e50e,a,K562_region_01705,chr4:122618117:C:T;chr4:122618166:A:G;var1;middle;OL41|K562|cd08509f7586150c
39e28f5c40a2c2d1abe54ec31ce0616439f3e5480d069fb29c44b82dc189aa5f,a,K562_region_00264,chr10:115107210:T:C;chr10:115107258:C:T;var1;middle;OL29|K562|38d60b29db7c836c
3a3d96825934c4e46e7f6d1ceed7b48c44cd7f99dd4b1f45d5561ed45c6af44e,a,K562_region_01666,chr4:6669421:T:C;chr4:6669454:C:G;var1;middle;OL41|K562|0c6b2f8c000be515
3a428c99934236cba6e55da4b8716ac90e9680d496db09e44929d3d4dd27a50c,b,K562_region_00418,chr11:134625518:T:C;chr11:134625552:C:A;var1;middle;OL41|K562|da555287df77c1de
3a5df0bfac850618d439a31d6d24df0f088ec5206e678ba36b15338bf101f128,a,K562_region_00337,chr11:16359555:T:C;chr11:16359567:G:A;var1;middle;OL31|K562|a7feb27e04b3a677
3a5ef0e5438ea01c57a0477ddcc02799bc7f8d4b21b28afb548936bd1f7a17aa,b,K562_region_01937,chr7:23723212:C:T;chr7:23723298:A:G;var1;middle;OL41|K562|4fd3f83b8af1ac93
3a61e954a335d8bb8e1638945890c987283d5bda1b6edd192f2812d06d699f4d,a,K562_region_01076,chr19:11526759:G:A;chr19:11526765:G:T;var1;middle;OL30|K562|d3d64db267aed8c8
3a660943341686f5c58c6d78b9e752316b0c17885a5fb57f36fe85e8df54a530,a,K562_region_00313,chr11:2925574:C:A;chr11:2925621:G:T;var1;middle;OL41|K562|eb8b71081ad73b2a
3a98402335af30cf176099455f0aaf70103cd5b83b027d4ba281a4f94a05220e,a,K562_region_01670,chr4:6891435:G:A;chr4:6891455:T:G;var1;middle;OL27|K562|f26bfc7b24be2d35
3aa63a6ffd3a6bd4332d556a6b0f2a38d8e399b32de68888a73c60e68340f7d8,a,K562_region_01381,chr20:17596155:C:A;chr20:17596219:C:T;var1;middle;OL30|K562|ffff28ff11abcaa7
3ab13f2cb4370156ebaa550857ca7b91e9308690111eac035c77a7a7aaa10a3c,b,K562_region_00121,chr1:160990875:T:C;chr1:160990878:C:T;var1;middle;OL41|K562|94b4b79005f111c7
3ac5598485b5eefa0381162be2bb478268c2fd13e65c7a6ba4be6fa788f9e632,b,K562_region_00184,chr1:244487743:A:G;chr1:244487759:C:T;var1;middle;OL28|K562|53614b96c66d647e
3ad4159966f811326266f26c7961da0d16fe3316e9ead4a5f34d3c9ecfeb83e4,b,K562_region_01496,chr22:22697345:G:T;chr22:22697358:C:T;var1;middle;OL41|K562|d62764dfca9e234b
3ae305bac9806639b6d92bd2f581cd66099651c6c41a404af433f7938887ebd7,b,K562_region_00055,chr1:46037357:C:T;chr1:46037394:T:C;var1;middle;OL28|K562|c28679eacfd2d96a
3aeda5fbe741cd020c5b1ac39ab4adcf4aee26345a229c47fcb8ef971301468f,a,K562_region_01444,chr21:37572401:T:G;chr21:37572412:T:C;var1;middle;OL41|K562|35f097579d2c077f
3af07638ba3940ab08ae17a69a49cee80fb754e0d4c9b1134b389e099629fdca,b,K562_region_01345,chr2:231901957:A:C;chr2:231902020:G:A;var1;middle;OL41|K562|59a0056c01d273a2
3afb3aea662997183d99ae430c59fedba11a56a09b899b42a20e845db6bcb040,b,K562_region_00156,chr1:212640275:A:G;chr1:212640333:T:C;var1;middle;OL41|K562|27e10ea2bcb12a1a
3afc0ac9c45a8e42f314d9a1f37c35fb345f5d29e71e0eb08bad1f9a908a3d67,b,K562_region_00483,chr12:118501565:T:C;chr12:118501598:G:A;var1;middle;OL41|K562|ac2c764f4da5ee42
3b008bb8ccc9f46fd12e77452b3ae90d9ae805eb24d49250be45def5642ccea3,a,K562_region_00180,chr1:235011460:T:C;chr1:235011530:T:G;var1;middle;OL31|K562|c3ecadfadc52c89b
3b1102354ffa52f84c79aa99b61d421e64f2d886f8bade194bbe7bb2d9df4325,a,K562_region_00269,chr10:118397884:A:G;chr10:118397894:A:G;var1;middle;OL31|K562|494f42e1c270e464
3b23678255b128323f47028b2395cfc96ab244a0488ff9a7cd0150cc57863e61,b,K562_region_01662,chr4:3579012:T:C;chr4:3579073:G:C;var1;middle;OL41|K562|3738b8115b5db8f6
3b2f8288793643722fb912c7383dd159078f3cddacffdcd20c879ff237a28f78,a,K562_region_00228,chr10:60144998:C:A;chr10:60145079:A:G;var1;middle;OL41|K562|d303b62962299307
3b3129f12af0de679312809f9ff68e71f6a4d125663f4cb5138132bda3a7fe89,b,K562_region_02122,chr8:145596535:C:A;chr8:145596624:C:T;var1;middle;OL41|K562|d58a53de4900ec7f
3b3277511f4c296f1bf729e2d17b8f337a45f2b0cce7d14e81372e010ad02e61,a,K562_region_02024,chr7:149575638:T:G;chr7:149575707:C:G;var1;middle;OL41|K562|65c4655ccb67f1f7
3b35e686e86b0c501814c8d7b09960036a440dfb6d3246892b6276e07eff2638,a,K562_region_00101,chr1:116525309:T:C;chr1:116525315:C:T;var1;middle;OL41|K562|087e3096d088e129
3b47eb4c65b391bb9c049710e8a4c39a817513cf793bdf6c292f79ceea0004ca,b,K562_region_01189,chr19:57678194:G:A;chr19:57678212:A:G;var1;middle;OL33|K562|0977fb85c5cbcb7d
3b4d28ad0ea0845cd86a20c35840925ac7b47ed1fd3f500e4450725aadfb8603,b,K562_region_01410,chr20:56131659:T:C;chr20:56131697:T:A;var1;middle;OL28|K562|3d1900a37a1f985b
3b77463bec39d3f365aeef90d78b094480635922f3edb4d424bac744c97a0770,a,K562_region_02023,chr7:149575004:C:A;chr7:149575065:A:G;var1;middle;OL41|K562|2c39dcfb3a716fb4
3b793493897460665e32b43425acd66ec391ca53ca67c21a24e38973e58f177c,b,K562_region_00431,chr12:7014076:C:G;chr12:7014107:T:A;var1;middle;OL41|K562|a9bd329a920b1944
3b813489ba3b612f7b73a29b48e3c42490330d8d4ed10b5dac1893149201cf23,b,K562_region_00288,chr11:306878:G:A;chr11:306884:T:C;var1;middle;OL41|K562|43a51cb089da8332
3b962dda24707f2bca3a4f0126a19b5d221f4f26e4347a30df1b14fb103e480d,b,K562_region_01688,chr4:55200059:T:C;chr4:55200114:T:C;var1;middle;OL41|K562|82a586969154cddf
3b97bc326b86db0aec7a987cd2c87b07e8e1fbf250d3a82b92618b62575d3204,b,K562_region_00688,chr16:772061:C:T;chr16:772141:G:C;var1;middle;OL41|K562|6d9b2f7f213481b3
3bb033303176fbc4d92d960296e4b52aa05065f8b51e761054538a4af1981a7f,a,K562_region_01744,chr5:54521254:C:T;chr5:54521275:A:G;var1;middle;OL41|K562|d4b6816375084ca8
3bb30155bbf2be813f75a13ae5bdf0b5bb9b3135716cd1d6d40e692cbe827a19,b,K562_region_00555,chr14:24809185:T:C;chr14:24809191:T:C;var1;middle;OL41|K562|9b72700d789051b2
3bb79d90347f23d46adbc239b4c1ddef66cfb2c5b648cbf9b7d245c4fcbef3ef,a,K562_region_01659,chr4:3443917:G:C;chr4:3443931:A:G;var1;middle;OL29|K562|9364dd37e7fd0140
3bbdd4c235bdf96911a77bccc52c495438474b1aecc1215a19f2593bd8d2751c,b,K562_region_02107,chr8:134502205:T:C;chr8:134502223:A:T;var1;middle;OL41|K562|47c8baac12b72e2e
3bc9cdd76c2f3cb3a29beec688022855e04050724ee7247bf08f064e4ba1d0d3,b,K562_region_00105,chr1:144525184:T:G;chr1:144525236:G:A;var1;middle;OL41|K562|7b5205a9382603fa
3bdbf363964caf614c34bd8c17ffd225f7d56167d36e0be0ee6eb9606f0f4a8d,a,K562_region_00543,chr13:114881032:G:A;chr13:114881078:T:G;var1;middle;OL41|K562|8711338966470705
3bfdbeff26122b496bbd082a867a1a6ce299cb39b7c8e0ec3ec024a874c8044b,b,K562_region_02063,chr8:17016207:A:G;chr8:17016224:A:C;var1;middle;OL41|K562|a98133a48db4fb84
3c08cc3b3fb771e00a982fbf5496deb51665136eea70bb451d0944db800d0c03,a,K562_region_02068,chr8:19674725:G:C;chr8:19674770:T:G;var1;middle;OL41|K562|3e79b80f5e9d07dd
3c1d66e844bc3862716d1a1dcbe2414918fb4acc886f1f6c4f2c48980bbb8fd1,a,K562_region_01369,chr20:3682730:G:C;chr20:3682762:G:A;var1;middle;OL30|K562|eb86267af2c333f7
3c1fe5e0b35faf81c3f21097183fc9587102e790ec497f8bdb1eae5f3f1a1719,a,K562_region_01901,chr7:970035:C:T;chr7:970039:C:T;var1;middle;OL27|K562|3029f491d5e1032a
3c2b1d70407909d717841d62150a0820c756a697ea4bac8ef6c5bb783a559187,a,K562_region_02232,chr9:139929015:C:G;chr9:139929080:C:T;var1;middle;OL41|K562|a4b50202ec19f551
3c303b7ad09c70886055fca99c3d6ef2e35d952c071ddf63eddfaf2c6b718f2c,a,K562_region_00913,chr17:44848438:G:T;chr17:44848517:C:A;var1;middle;OL41|K562|33a05c13639d696d
3c6d8210fe123687272d06d2f988c225678e7ae850cd6fc0fd36c8e3cd8dbafb,b,K562_region_01153,chr19:48097125:T:G;chr19:48097205:T:A;var1;middle;OL29|K562|07e314694460a9a8
3c981bb181d1d414189065fa24f3550f661c2a590e153ae48ca78d86acd7f97e,b,K562_region_01402,chr20:48789373:A:G;chr20:48789388:A:G;var1;middle;OL41|K562|7017a93811e30038
3ca6a35f00b503c71db32eb78d540dd79c2f2eaf6443f8afd6a9b358e02b3b63,a,K562_region_00092,chr1:109634613:C:T;chr1:109634688:T:G;var1;middle;OL41|K562|2d734ca6698771e0
3ca752291b3818bb781363e952ea42b232835d8ef0e12e8185f7f440c58a1160,b,K562_region_00228,chr10:60144998:C:A;chr10:60145079:A:G;var1;middle;OL41|K562|d303b62962299307
3cb807426aece80d9dd62898a007400468d287566fcb9d37d238e922635ec84f,a,K562_region_00420,chr12:723902:G:A;chr12:723981:A:G;var1;middle;OL27|K562|5ecef31be2600900
3cbebfdbc1e4ba49f024079f7eebef3a31d243b17d50a327914f50adb9cccf88,a,K562_region_01862,chr6:109640865:C:A;chr6:109640878:G:A;var1;middle;OL29|K562|00333778927a72d4
3cc8d322485cb44c027282a7d307ce696377c3b9aba9bd72458c4b4a8a91f99d,b,K562_region_01507,chr22:24342791:C:T;chr22:24342840:A:C;var1;middle;OL41|K562|a668863e9282e6b7
3cd7ddc39f2b13acd1480f2ce9ecbf27bc9d5c7fce68653f89ca97765138c26a,b,K562_region_00687,chr16:740868:T:C;chr16:740881:A:T;var1;middle;OL27|K562|9f4cf10089aa63ab
3ce63b899e2b30ec52a5a2ebc9cda411d94e1bc28c96e86a6931924abcb1518e,b,K562_region_02196,chr9:114393246:T:C;chr9:114393328:G:A;var1;middle;OL41|K562|dd1598e69a027ede
3ce6409d684c960141500a7b8ee332b7f74929fdcfead8d2b0361c78920d7a72,b,K562_region_00392,chr11:116680418:T:C;chr11:116680448:C:A;var1;middle;OL41|K562|c56cb121a4bb9958
3cfde119a97666c4f7d86987a3a5ebffe4c32044b7631430082bef2f582ac660,a,K562_region_01165,chr19:49990793:C:T;chr19:49990843:A:G;var1;middle;OL41|K562|0bc329320df718d4
3d17a9f72119cd70f1483be3d9f852b193b46c1dde22a0d1ec4d97db1009f5ab,b,K562_region_01059,chr19:4369944:A:G;chr19:4370004:T:C;var1;middle;OL41|K562|1864fa286a64330f
3d216f8f4fb17a1351c90eaaae597767282de614c3e839b7f87c88fa7672df29,b,K562_region_01660,chr4:3463452:G:A;chr4:3463477:G:A;var1;middle;OL41|K562|be1d9f2e94b29c67
3d31e4cdecaa8f63cfd6e46c30b9f56b21895cbc80971d6c9f2222ae895d3ce4,b,K562_region_01218,chr2:18309132:T:C;chr2:18309194:C:T;var1;middle;OL31|K562|5c4dc2212a56f096
3d384acc4049d3024f0884fc69332c42aa73d2fdf38c2e124d9ddafee6dce598,a,K562_region_01801,chr5:180245073:A:G;chr5:180245101:A:G;var1;middle;OL41|K562|f622859e5a92b72b
3d41d89e59c2671325609e578cd5ae739dcc4bf329550e0bfa584a685f1abdf9,a,K562_region_00006,chr1:1295323:G:A;chr1:1295403:T:C;var1;middle;OL41|K562|c02f027fb73683e2
3d5408a3a0ffa882fcfebfc0b28a961ad74b7994b9c0285008f8fda3c38b237d,a,K562_region_00907,chr17:42786170:G:A;chr17:42786213:G:C;var1;middle;OL41|K562|8b4c864f309296a6
3d569859b2fd4368225e1740eb5c2f35e7b6037addeddde9ac291786e41ba849,b,K562_region_01177,chr19:54492922:A:T;chr19:54492973:C:T;var1;middle;OL41|K562|f3e08fd9b8daee93
3d73171f34242810fc9e2586557cb5d47e689e53c00d7b6ac67c0777db8b438c,a,K562_region_00260,chr10:104487382:C:T;chr10:104487443:G:A;var1;middle;OL41|K562|45ccf3aacb835e99
3d736352e8c1c74e57a7608be5103803b297c75ad451925ab8eab980dcd3a9fb,b,K562_region_00905,chr17:41984513:A:C;chr17:41984517:A:C;var1;middle;OL41|K562|fe6e932b3a54fe09
3d7526e678c0355fbbfd0e7a4fc3679d46afb17fea098e95e53308bd9634717e,a,K562_region_00464,chr12:54387947:G:A;chr12:54388003:G:C;var1;middle;OL29|K562|b1136fc737b7ceee
3d7a7b321c97037b354514a82345618aadd2a883a6ba5ae8421da863679150c4,a,K562_region_02206,chr9:130965235:G:A;chr9:130965264:C:T;var1;middle;OL41|K562|dd17f8f688e1bc21
3d8702d7b771682e864c693eea9b4587015ae007c3449af26962cf9a93e1dc7d,a,K562_region_02070,chr8:19940945:T:G;chr8:19941027:C:T;var1;middle;OL31|K562|9b58e1de58266195
3d94f7360a5e4f26cb94206b116906dc6d6813fb2614530e7c68f524b0cb351b,a,K562_region_01802,chr5:180258021:A:G;chr5:180258087:G:A;var1;middle;OL41|K562|2058517fd79b2bc2
3d999e86fe12d2fbd114e3714f6d21bc03f1cf7cd80ab8b397f037f63559beaf,a,K562_region_02035,chr7:155662382:T:C;chr7:155662386:C:A;var1;middle;OL28|K562|6c7d0e55198c6036
3da63975f297348f02eb63edcbc79c0bf1b586173958c3f435d7953bc96de452,a,K562_region_01468,chr21:46714641:C:T;chr21:46714707:G:A;var1;middle;OL41|K562|ce7d1cfa4a641974
3db2265f8b2eb873f25c973555756998406199d829080d560aeccde3355bdb39,b,K562_region_02105,chr8:129950323:T:A;chr8:129950399:C:T;var1;middle;OL30|K562|0c53c1db972782d5
3db5d6a23d63f28694a433bcae2fb6a7080b168875fcc3940e0aee83fcbfb4fe,a,K562_region_00439,chr12:10562025:C:T;chr12:10562089:A:C;var1;middle;OL41|K562|86444fbad3e2f118
3dbc364e2db2427a79948f6a10c68bee042acb38fcf144b26125488c6e4b6516,b,K562_region_00396,chr11:118550522:T:C;chr11:118550524:C:T;var1;middle;OL41|K562|8dff427f41b85dbd
3dc64a6867308fb37ab8e11854cf6f0b501ce22e6d2fd72aa72d7d917657717b,b,K562_region_02152,chr9:22180264:A:C;chr9:22180329:T:C;var1;middle;OL27|K562|2cde510446d38edd
3dcd5738d98bf7254ae2a4a823a375ffc3e36cf6146e5dc6c67239a51eb0a4ff,a,K562_region_00542,chr13:113676795:C:T;chr13:113676801:C:T;var1;middle;OL41|K562|070d7e51056fbfbc
3dceca5474a6838fdc42c1c3667a2932351cbeaae5b492826c44084bc0367741,b,K562_region_00915,chr17:46891962:G:C;chr17:46892047:T:A;var1;middle;OL41|K562|3faa8ab6e04ab18a
3dd0199d47572eeeccd13236a810e22357708891fa7dec1a10633cc646dffe4f,b,K562_region_01658,chr4:3189139:C:T;chr4:3189148:T:C;var1;middle;OL31|K562|6ac6f71b9d041806
3dd7bd9bbbfab17b4b9b34c9ac6eb7a583b9a992d73e6e9948768e4d29f79809,a,K562_region_01124,chr19:35800662:G:T;chr19:35800720:G:C;var1;middle;OL41|K562|409f7412acd5b65c
3de94745a7e98e4a460a72626e11ae715be0aa680e5ef913c7c0e1105156e020,a,K562_region_00137,chr1:183155228:C:A;chr1:183155305:G:A;var1;middle;OL41|K562|1cc9214b6f277b4c
3e01594ab4693060fc8c4764abc6365f061372243c13143289e9c49db98b0117,a,K562_region_00815,chr16:89250882:T:C;chr16:89250951:T:A;var1;middle;OL41|K562|27947f6f6be0975e
3e123baf425593de59a12fad729e5c3b594336f1f1079c691fef763e3c6aa6ce,a,K562_region_00265,chr10:115760976:A:T;chr10:115761021:T:A;var1;middle;OL30|K562|ea0f847c31dced98
3e23150316f76be64f4adaced5649a3c337c794aac5839ab0980718f004ddb5e,b,K562_region_01058,chr19:3812466:C:G;chr19:3812479:C:T;var1;middle;OL41|K562|133d672e9d89514d
3e33fd4150cee090d8c34eefb612828cda3c6e78c7e520e2da1684d04aca65c6,b,K562_region_01622,chr3:156795408:C:T;chr3:156795414:G:T;var1;middle;OL27|K562|1ba2e588ef36b954
3e4e2abc6a0d3dade275940b9a6a36206b3ca4576ba150fed8e4e554c75d481e,a,K562_region_01396,chr20:43973184:C:T;chr20:43973201:A:C;var1;middle;OL41|K562|431eec8f87b1635e
3e4ed3fb398122b0d35ab955fe32fa35888f8007ed5e3578d30f9aed3b441dc8,a,K562_region_00963,chr17:79357397:G:A;chr17:79357486:A:G;var1;middle;OL41|K562|a6b48452f029abad
3e5affdae3d007d45de0ecfa24be8257652082fc5957df0ea8c9426395478151,b,K562_region_00433,chr12:8210637:A:G;chr12:8210697:A:G;var1;middle;OL41|K562|2a8d17217d4d10d6
3e6074559621665f479a15ec9e8f5638e8496573797933f9838e4b5ba45e764c,a,K562_region_02113,chr8:144093928:C:T;chr8:144094016:A:G;var1;middle;OL41|K562|7c305fb329e0037c
3e67f65754239d8124f595dcb1b88cf96500989e14c53ed7dbcb638d7a37be18,a,K562_region_01985,chr7:92408370:C:T;chr7:92408455:G:T;var1;middle;OL27|K562|d775a2cd20cef4f9
3e83242599b81eb5eae2b07a83217a0984f9138d76c0210f5f5668fcbc9cc027,a,K562_region_01181,chr19:55658387:T:C;chr19:55658397:C:T;var1;middle;OL41|K562|1ec304cef8d86781
3e934977fa73ff4a71f1cfd8f2bc35d584319f6a1d93d7bc32204534e0d464a5,b,K562_region_00197,chr10:9043595:T:C;chr10:9043614:G:A;var1;middle;OL28|K562|9bd9b13d6ccecee5
3e97a2a611b430f8fe6bf365d84a90b5127070d286148993d932ad9d255731a5,b,K562_region_00405,chr11:122521105:C:T;chr11:122521123:C:T;var1;middle;OL30|K562|846a950afff487c2
3ea30ac45a141cb1690d48213a6281df6bf805f5a9dc2fd58fba59c61f2868f3,a,K562_region_01984,chr7:92243672:G:A;chr7:92243719:C:T;var1;middle;OL28|K562|dfac67711558c5b3
3eda628f878814502b76fca7c5a2e11e3600b2d16a9a8f235ad060b665d11b61,a,K562_region_01361,chr2:242710935:G:A;chr2:242710954:A:G;var1;middle;OL41|K562|6f0e048c6795fb56
3ef9affba8b99a4b852f40a5f49a8cfe204e668ebd9157cc9e1e9aec2c8b7a3d,a,K562_region_02227,chr9:139638457:A:G;chr9:139638487:T:A;var1;middle;OL41|K562|299f2fa6ec50864b
3f0c46b014d5b1924c87e4e0826742e991398b1a7e1a2f44081c9c4e6dbae901,b,K562_region_00706,chr16:1854038:C:T;chr16:1854101:G:A;var1;middle;OL41|K562|abf60a5dd59b6100
3f1daf84aa32132802eaf5284b9df0fd00d5ee122a4ca7d3c5ce5482c7dc9b94,a,K562_region_01580,chr3:24254750:T:A;chr3:24254752:T:A;var1;middle;OL32|K562|48b0aa351ab908c7
3f20a79b9141156d4cf4f5e6382c641c25825069e2cedb3ce2e2771b94075b98,a,K562_region_01251,chr2:45891708:G:A;chr2:45891733:A:G;var1;middle;OL28|K562|05d8f06dae3c427e
3f2879628b4d8ff9ac2c6c22d5a172c4571fa3202940d7e9fd604e572f273038,b,K562_region_00883,chr17:21551217:T:G;chr17:21551227:C:T;var1;middle;OL29|K562|48f0541c032e2b17
3f46ca0ebc33f0a542edc47866d3b0f724bf681d9f01ccc90ae3644d6c8a5b13,a,K562_region_01423,chr20:61265196:T:G;chr20:61265219:T:C;var1;middle;OL32|K562|faba9d88942a229d
3f481c34256344fec4fd5567caf9357edf6d20248eec8ee94e39c0d00f6b3064,a,K562_region_00259,chr10:104221529:T:C;chr10:104221539:A:G;var1;middle;OL41|K562|2d4e2bcd2bf51ada
3f55cccf26614275f74473b9af5961f88c4ca3406fce3e42d38f6121ad11fa66,b,K562_region_00539,chr13:111567902:C:T;chr13:111567936:C:G;var1;middle;OL41|K562|fdc8bfa770c07baa
3f67274c6b5ff18f147601c7b3bdb75c7647fb346c2e8c86ea40d74e8293bfc7,b,K562_region_01822,chr6:16244824:G:A;chr6:16244834:G:C;var1;middle;OL41|K562|3c7b45651eeaec11
3f6bfc7a22ce80493f6ce69e75c8b3495d762eae23947bd493648efe4a227446,a,K562_region_01968,chr7:65509258:T:C;chr7:65509290:T:C;var1;middle;OL41|K562|9e2515f6a424d5b4
3f6d8b97603da82ac4a951e573ea03a35be3d3be6375da25cab2b76120db9fca,a,K562_region_01629,chr3:179033543:A:C;chr3:179033604:G:A;var1;middle;OL41|K562|12f40ef4ba607195
3f7345049546f39d7cc6a15157382151e4d3f41fb5f7659db371d05298d6bbe9,a,K562_region_00868,chr17:10031571:T:C;chr17:10031642:C:T;var1;middle;OL29|K562|03e7db3d8a16b555
3f790e3c2598a4da74aca8e95217c1072f6beee2b2f915560473a585e329c90e,a,K562_region_00087,chr1:101644898:G:A;chr1:101644927:A:G;var1;middle;OL27|K562|4b0a0e51908a5508
3f8dc8498f4463064d362acb9a41ebc5eb4d264891176981525b26814e531eff,b,K562_region_00738,chr16:12071159:C:A;chr16:12071213:C:T;var1;middle;OL41|K562|e365f6e403001766
3f91f175b145944f11d555831625650c5778b344fd9351339d3560377d7cb949,b,K562_region_00904,chr17:41438653:A:G;chr17:41438735:T:C;var1;middle;OL41|K562|451ed945f338c404
3fd70a163e6dfbe09f0fc646ef6e239dfe7150f618de99e866fa88da450e5512,b,K562_region_00341,chr11:18479739:T:C;chr11:18479762:T:A;var1;middle;OL41|K562|539fa1f2403b1e08
3fdd9c924f12cc9c40f93dfb7c7b825239cf58fccbb33ed0dcb780ba9ec7b87d,a,K562_region_00385,chr11:95187743:T:C;chr11:95187799:G:T;var1;middle;OL30|K562|74f6d58eeadc390f
3fe6494b00b4cb3f43421fb161b6fa2d3a20f7e842c13c43f2c30f8ef85a5691,a,K562_region_01147,chr19:46533914:G:A;chr19:46533996:T:C;var1;middle;OL41|K562|76a05b546927caed
3fe853279609dc126117712869fdbb713024f534d51840e7ca76e0ed865994b6,a,K562_region_00502,chr13:27603713:T:G;chr13:27603769:A:C;var1;middle;OL28|K562|2e3fcf7dd9cc0222
3febbcedbda4489104ab2879534a3bd649696971a5e709339d980f2ce8d9dd34,b,K562_region_02176,chr9:95899179:C:T;chr9:95899267:C:A;var1;middle;OL41|K562|86dc133423bb7f8a
3ff0292f4759b24d36a61e1c5d88cb2514444077cbae32e514bd6d88713ca460,a,K562_region_00037,chr1:20397157:T:C;chr1:20397240:G:A;var1;middle;OL41|K562|413b3d7961ef3378
40005035e51d0074faad64dc02cdd6ae2fe93b3fd62714ce1f06b464da376816,b,K562_region_02006,chr7:124032401:A:G;chr7:124032430:G:A;var1;middle;OL41|K562|63fdbbf403799a7b
400ce1bd523cd3fb2eb9b5650e3e03dc4d667e41d18f97345686a407bb074e71,a,K562_region_01008,chr18:72264387:T:G;chr18:72264406:A:G;var1;middle;OL41|K562|b540613de761b7c6
4013f1628f9ceac103fd0bfe49f2916d2ff13c5cd953e6d854a95b0f6e14aca0,a,K562_region_00164,chr1:226751523:G:A;chr1:226751577:A:G;var1;middle;OL41|K562|1bd7f51d2943166d
401f06bb40ccc476708318433df2e4c6058e81b87376659d267063c27fc8bfc5,b,K562_region_01097,chr19:17337871:A:G;chr19:17337882:C:G;var1;middle;OL41|K562|a96e10257ecc767a
402280948c932d4126cd932f47efa01c909cf1ad4c6c646aec07a3724555ba14,b,K562_region_01852,chr6:51834280:G:A;chr6:51834297:A:G;var1;middle;OL30|K562|b1b402438af22ca0
40385faccf6eeeba6a3af6572c6e698bcdb84918b71a7344b6f8f03ce81cacd2,b,K562_region_00153,chr1:208135969:T:C;chr1:208135982:T:A;var1;middle;OL41|K562|fb7207a41a9843da
403de8f9723ec0fbdb30dd0f032e7ab822fc15e56f8cb57f8a41c691ef32a25a,a,K562_region_01136,chr19:41324179:G:A;chr19:41324225:C:T;var1;middle;OL33|K562|6e816c5f0f3d0a29
40494e2d42350fd7a896e06a4f9e1c25e0917a33ce0e127334533abc0f68a14d,b,K562_region_00643,chr15:75287746:C:T;chr15:75287822:C:A;var1;middle;OL41|K562|5e0cd343afac6f6b
405179daf93dff02b4a6dc025c675e36c5960b43c4bcd3e941aaf60ed46870c7,b,K562_region_01042,chr19:2100331:A:G;chr19:2100346:A:G;var1;middle;OL41|K562|e9647fbc1932b73e
4055441683cb81b42f9995f65070060a4981ef5db1944da2e6e853956319ee36,b,K562_region_01730,chr5:6705806:C:A;chr5:6705857:G:A;var1;middle;OL41|K562|d0166a1efcaa06ea
40782442cc6fcd62ebf6f0e39fb29a3f916838f0328784f253e8cdc9697884a0,b,K562_region_01818,chr6:7215541:C:T;chr6:7215565:G:A;var1;middle;OL30|K562|3d59785e99e477ce
408eb784a3aafb5bdfce5c42bbb12cdba719aeb7ff0597a7381381038651989e,a,K562_region_01115,chr19:21782858:G:T;chr19:21782896:T:A;var1;middle;OL41|K562|554272ac78ec5a16
40988366a152ba733dc4e9f28231278b534b893739411a4c1b05e2abb3d93d35,b,K562_region_00737,chr16:12070422:T:C;chr16:12070486:T:G;var1;middle;OL41|K562|9de2107d7d8abf81
409c2cf2fa73745570be02de735314d63c6828627fadbd4d2efbd99ae2ef07db,b,K562_region_01523,chr22:38170026:G:A;chr22:38170046:C:T;var1;middle;OL41|K562|2228f9fdbe83e267
409f69c2a506ccd76a29ffcef1a1b0035f5b16f3b2d2603f1d0d82a09ad529d3,a,K562_region_00243,chr10:88718761:T:G;chr10:88718833:C:A;var1;middle;OL41|K562|ea1688152a12e76e
40a1fe1b2a4c136b7246ca89e89070e47939c6d03a3d11211c79b1c643ff2461,b,K562_region_00364,chr11:69077491:G:T;chr11:69077580:T:G;var1;middle;OL28|K562|8e3e76c7a848b9e8
40a37e131c5393d511c8e3e92df3a50654475b22a5841b36775b260c80135a3d,a,K562_region_00099,chr1:115625696:T:G;chr1:115625734:A:G;var1;middle;OL41|K562|7e7bf22f179d222c
40af0bd51c8e8c175bb2b973af4bc15610b3136bf3b2e7342a09f5cbee6f68dd,b,K562_region_02227,chr9:139638440:G:A;chr9:139638487:T:A;var1;middle;OL41|K562|0768fe0beec8e6fe
40c59f4ac9f10c7aa754d7b941fa3b2cee959c70ab2f976b47052a966aa0cf79,b,K562_region_01275,chr2:85655991:T:G;chr2:85656000:A:G;var1;middle;OL41|K562|17301fc953bdf49e
40cfc3cb41c3f782ede89a05882f205dd15cfb53f6be89af7b6c6898a811442d,a,K562_region_01856,chr6:73663745:G:T;chr6:73663814:C:A;var1;middle;OL31|K562|7e30896afd06e0db
40de68f210ab0a59f0e97b20084ee43f8587471be96d183dccfc6df71ec23cc7,a,K562_region_01651,chr3:197322695:C:T;chr3:197322742:T:C;var1;middle;OL41|K562|65ec734d6def4747
40e1a2f566d211eab7549a28320b5598bbd5a966ea41c3517ade67eb147199d3,a,K562_region_01943,chr7:28177301:C:T;chr7:28177338:G:A;var1;middle;OL41|K562|045df337309593f3
40e2e4eb158f8692dfb14a79324a617469c7900ce47a40c9b4a8f980edfb5b0d,b,K562_region_01182,chr19:55697712:G:A;chr19:55697766:T:A;var1;middle;OL31|K562|aca41dfb7df09f52
410bb7db4d7e8a421e2a3f37df6b5ff3973a325399c923b959079f03e86efbec,a,K562_region_00140,chr1:200035928:G:C;chr1:200035931:A:G;var1;middle;OL27|K562|7df5382d7b0eb9ad
411fd2c13118fb4443843daff42df68bb0f26dc56f2e4acad413406e407872a8,a,K562_region_01082,chr19:14499614:G:C;chr19:14499616:C:T;var1;middle;OL27|K562|e0a6e2afc8f37f40
414895d0112504498e395b670b261165ddab0007af6c27fd9f68c1c75fd819af,a,K562_region_00532,chr13:101240553:T:G;chr13:101240571:C:T;var1;middle;OL41|K562|9b6d657998385848
415fd5851fa14067bf681d62896099ac81f5e328c9326e5462d99b44c306eb18,b,K562_region_00948,chr17:74706349:A:T;chr17:74706433:G:A;var1;middle;OL41|K562|bc17a3b692ceb2c2
41725f3501d70dac186425979a6f6433d7eba8012474208e927a98868fb57b6b,b,K562_region_01185,chr19:56004012:T:C;chr19:56004080:G:C;var1;middle;OL41|K562|9f0b9820018d22ac
418eeda610ddbd9e9d252695cd14d741e81aaf992b04c5976fc8414cb56feaf7,b,K562_region_00911,chr17:44368902:G:A;chr17:44368926:C:A;var1;middle;OL41|K562|2d54db49623a48f3
41986d91ccfac0924ebdc7963c664f89480029894ffc7539d8e86d36d70c0220,a,K562_region_02244,chrX:44203136:G:A;chrX:44203167:C:A;var1;middle;OL41|K562|4dbf022ec0b62d21
419dac3ff052428e1de3152344e981df80bb1219bdc1202a32e5a534ee2f6178,a,K562_region_01827,chr6:24436901:T:C;chr6:24436910:A:G;var1;middle;OL30|K562|e026146f3e3d4e8c
419daecbaeeb3addceae728ad360d5d9435f54e5c5bda0c1f1da2a08a7724afa,b,K562_region_00332,chr11:10669172:A:G;chr11:10669228:T:C;var1;middle;OL27|K562|0c9871a59cd10552
41a41d7d2358d654dc636a914505dd1ec8d08d115566c07402476fca95fa7137,a,K562_region_00117,chr1:159175494:C:T;chr1:159175527:G:A;var1;middle;OL28|K562|d1a021bae6f785bc
41b2b0916cfc99313bf5d86948694e19f90860b666aafe0c6a150dbf90f5cf95,a,K562_region_01366,chr20:1893809:G:A;chr20:1893815:G:A;var1;middle;OL41|K562|49594010cf2dd532
41b6377f946b8ba824f5ff4c3036fc6e936cc1187d832949efb91e12f9f08d89,a,K562_region_00500,chr13:25556949:C:A;chr13:25557017:A:G;var1;middle;OL41|K562|14ab00dd8e9ef790
41b6e86951083e6cf6c61bb52582c4a25224371965e5afc407aea4560898c928,b,K562_region_02154,chr9:23829702:A:G;chr9:23829728:T:G;var1;middle;OL41|K562|8b08d64c41ff894d
41c6757ffad80ea14de48e3f33996a76126ff5abeae950631cee09c0170a1718,b,K562_region_01705,chr4:122618046:A:C;chr4:122618117:C:T;var1;middle;OL41|K562|d8afa2cad0a39bbd
41d5b8b83dc4da671edac80e9bac1fae5e58143aa6b2043262bab796f7d45d69,b,K562_region_01679,chr4:23810178:C:T;chr4:23810189:C:T;var1;middle;OL28|K562|04d78977e50bf42b
41ed33b1f250e33248c9583d4d4011a655f7b9aa95bdb79565a982ce78dcbc74,b,K562_region_01537,chr22:43549637:G:A;chr22:43549652:C:T;var1;middle;OL28|K562|3873208875f6bca9
423ddc2d9d8410450378a6cb2cb3c16ea30f19194ad06d2c36884bcf93a84b9d,a,K562_region_00673,chr16:84130:A:G;chr16:84170:C:T;var1;middle;OL41|K562|d315b288a88f7005
4242c3a70f91d15bd44c7c4b4f33aa661aa15be85a31faa0027007f4f5855605,a,K562_region_01176,chr19:54024214:A:G;chr19:54024252:T:A;var1;middle;OL41|K562|d2684777a09b2cec
426b0d576f9aba776b7935e116bd4dd54f15ed5c71fafd1f134991e2ff39f7ec,b,K562_region_00494,chr12:126468005:A:C;chr12:126468018:G:A;var1;middle;OL41|K562|19bd2a31534fcae3
426b95f5313f35f7fb9866974184dfcadcaa60a42ad2b83ced0d27c5677eb578,a,K562_region_01818,chr6:7215541:C:T;chr6:7215565:G:A;var1;middle;OL30|K562|3d59785e99e477ce
4276cef7c5abbb628c29b39b230ef4a1d0506cb786bfeea771270bed2d3d523e,a,K562_region_01130,chr19:39379855:G:A;chr19:39379906:G:A;var1;middle;OL41|K562|75433306bcc284b0
427bee0400a988ead2d9a241ff337370671a36372a00f3b5921c9694aa9f94c9,b,K562_region_00480,chr12:110086928:C:A;chr12:110087006:G:A;var1;middle;OL28|K562|dee7c228aac1ada9
428ecf83df20aa7b9e9a28d8198d5faf724b6367059c15334f5c0bae9fcc1af2,b,K562_region_01106,chr19:18402117:G:A;chr19:18402142:C:G;var1;middle;OL41|K562|879c09719a542198
42a378365f3b08167fead20c20fbf0ade6c875a165b2572ca9b395818dc621ad,a,K562_region_00885,chr17:27410544:G:A;chr17:27410546:G:A;var1;middle;OL41|K562|be1a74aea6f057f5
42b94458c394eef376cbce33f3e82771a18e30f9047f1c25742ee030a6326921,a,K562_region_02047,chr8:9018599:A:G;chr8:9018657:T:C;var1;middle;OL31|K562|bad106e47b7b68d6
42c6d46cdb2a8a00ab295c3073461b9a19127097d6e43da70eab2f24563a2e39,b,K562_region_00372,chr11:72460694:T:C;chr11:72460762:A:T;var1;middle;OL31|K562|51d8e2c22625b094
42c7a960dab7f3b85073f6005aec8d951f637d856c277f0a5e1db0e864ae75c8,a,K562_region_02176,chr9:95899230:C:T;chr9:95899267:C:A;var1;middle;OL41|K562|a0a84d8e3e9bc174
42c7fb59d93641f7e2420b225a5c0088634cc68cce9985658a41e971dfc1bf3c,b,K562_region_00470,chr12:64062052:G:A;chr12:64062132:G:A;var1;middle;OL41|K562|93d85025e24ccbca
42e8f8d689726c20fb16d59d88e29333c050b7729b24b578083e9a8b8f6b76f7,a,K562_region_00027,chr1:14150709:C:T;chr1:14150714:G:A;var1;middle;OL32|K562|bfd3a84462685dab
42f0d19de0fa3425f9057fcb6894cf4336487cc62f08f0a72c3bbb712a200b68,a,K562_region_00217,chr10:48953014:C:T;chr10:48953049:C:T;var1;middle;OL41|K562|c506aa923efa2f61
42f226431c3f7b0f4e971227178234cb1866c5461f59658152b620e05fb78ba1,a,K562_region_00708,chr16:2010086:C:A;chr16:2010138:G:A;var1;middle;OL41|K562|b7a175522541f65e
42f7c3c7df889a8080fcc1f3b4f7e0edfd584ce656e2b064f3eaa3fb6da60791,a,K562_region_01948,chr7:32133424:G:A;chr7:32133475:T:C;var1;middle;OL41|K562|72d00f791c8c96a9
42fe736cc5219e6fb96325f5688a644cf964807d999cf07b3cba62deb660727f,b,K562_region_01263,chr2:64906787:C:T;chr2:64906800:G:C;var1;middle;OL31|K562|1a603f90a7d206cf
4307400712635c47122d2c1590faf0244414dc0daab09a831a077ed0a48eb0fe,b,K562_region_02100,chr8:124610526:G:A;chr8:124610561:C:T;var1;middle;OL29|K562|0b3390adad5b8612
43111c95e683b69a524bf6bc81fae062f341633cd3084fd7acd1e8e49d49e458,a,K562_region_01399,chr20:45576907:A:T;chr20:45576977:A:T;var1;middle;OL29|K562|ead4067fb3ef6800
4323a03a99e33c0656419b968cc754ca211b1c3332eb80ae136c623b3930323b,a,K562_region_00143,chr1:202015938:A:T;chr1:202015940:A:G;var1;middle;OL28|K562|3af99cf566c0d704
432c38c0c34c61ab169a65251c60ac09550281c1b9f7137d0aca4df7e01d7466,a,K562_region_00411,chr11:126287754:G:T;chr11:126287785:G:A;var1;middle;OL27|K562|42cf217ff2bfad85
433cff7ea6d97d226cf7f4c9b43adb25a783fd1ab142babe52b0ed3ecb3ae212,b,K562_region_01617,chr3:141404641:C:A;chr3:141404643:A:G;var1;middle;OL32|K562|5c077929d9829d9c
4352291f248d9d02d2984af63edc9e55ff83991df9d1b34d00df8d0f73b64f1e,b,K562_region_01537,chr22:43549637:G:A;chr22:43549648:C:T;var1;middle;OL28|K562|050554f519fe687f
4357b699fc44d71c73cae674df9bdcbd74f56170a70518f60362887d9dde9b45,b,K562_region_00148,chr1:205245233:A:G;chr1:205245268:G:A;var1;middle;OL41|K562|cd3967f951f489d8
43683871bfc69ecd5cba44a4a9db8b37cf0884bc0da5327254402dd6cca11045,a,K562_region_02218,chr9:136131415:C:T;chr9:136131461:G:A;var1;middle;OL41|K562|4e8451fabdbd711f
436dd88cf56e566e9d165ff6f1becbf591977744afaee73686605dfca4b3d018,a,K562_region_00166,chr1:230272624:G:A;chr1:230272688:C:A;var1;middle;OL41|K562|a0377c60a3517b76
437ce07604bbe312b481d42c9f8b3709c4837dd411ff4dbf0ec7c09ae6aebfe2,b,K562_region_01769,chr5:131330461:G:A;chr5:131330515:C:T;var1;middle;OL41|K562|a0455a57beddc89f
43887e2626ac6cf88cea3fe2679b1792d0c2a92739a84241c37a39f0e8fc88b6,b,K562_region_00990,chr18:42815791:T:C;chr18:42815797:C:T;var1;middle;OL27|K562|2b3b70b2656fd7ab
439ae169eec2fd1cfc69ff2d37644c3f803d202c4dd07d5d0213453cee43e354,a,K562_region_00580,chr14:76694852:T:G;chr14:76694877:T:C;var1;middle;OL31|K562|c265ece4a1bacde7
43a58cde3321a9ebe76dc46ba8666152434d2e35c28aef4d06e781074d70cc45,b,K562_region_00670,chr15:100510425:C:T;chr15:100510478:T:C;var1;middle;OL29|K562|f49e864d93bf9919
43b220150b50eca47a3c7eb855b3fc2356d3e6c7d0fbb7a007561f5e2787b13b,a,K562_region_01467,chr21:46683581:A:T;chr21:46683590:G:A;var1;middle;OL41|K562|79fed557412fcad9
43b24c1d1df8bdd8964a30b9de5b07d9ed0986a90f65d145b74f37494e813635,a,K562_region_02128,chr9:4662286:G:C;chr9:4662369:A:C;var1;middle;OL41|K562|15084f33e917e44e
43c95d4366918dd61559454659e10683919c9faf8b3ebc1ad925ad3391379e97,b,K562_region_02078,chr8:23315347:T:A;chr8:23315404:C:A;var1;middle;OL41|K562|882aeced81cf74fb
43c97f469036168912e26bbee23f848c891fea81c85a58c1d5fa5eca23f13af9,b,K562_region_00680,chr16:420678:C:T;chr16:420723:T:G;var1;middle;OL41|K562|cf59663472c6dd89
43d61c258cf596371385c3de9449ba656660e5f14f51d7bbcf6c499eb8f0f9dd,a,K562_region_01636,chr3:185548662:T:C;chr3:185548683:G:A;var1;middle;OL27|K562|848f6ac67e6c2927
43d9359bcf726409c48967b9687f61a77a6ead953a990ca3955894ad57a5f478,b,K562_region_00075,chr1:86174772:T:C;chr1:86174814:T:C;var1;middle;OL41|K562|2476d555e7b567c9
43da3f328192bcfb890ddc6405588fca4d2e8615c9646a1d8aabba3f30255018,a,K562_region_01097,chr19:17337871:A:G;chr19:17337882:C:G;var1;middle;OL41|K562|a96e10257ecc767a
43e507ddf5bc8dec18d469a3ea350b5a2fb81ddfa39a6a5dc469ddb7cb685066,b,K562_region_01224,chr2:26584312:C:A;chr2:26584314:T:G;var1;middle;OL31|K562|8e7e6f6338a63394
43e98b1ce14e098037317851975a7998eb940af975c5a7d89065186ad7fb33fe,b,K562_region_01404,chr20:50147400:A:G;chr20:50147472:G:C;var1;middle;OL28|K562|63e0977dfbf086da
43e98cfd81fe502bff8707958b1a2782c70d0815701fe59e29434c8d7d864b30,a,K562_region_01234,chr2:29288429:T:C;chr2:29288466:T:C;var1;middle;OL41|K562|6d2c172e422c79b5
440a1160868bf19e3eb7b4f8aaba89411b54d6552113f2ec96a6a7377318728d,a,K562_region_00289,chr11:307999:T:G;chr11:308015:T:C;var1;middle;OL41|K562|c52e498386c5cf97
441118c9302b97b8a21005f981ff61a9e2142a9934adddd4a2e3193855321421,b,K562_region_00437,chr12:9885961:A:G;chr12:9885999:G:A;var1;middle;OL41|K562|c2dda4ff5e813cf0
4412c3ab7b18bfad7d9c7cbbcf90f1913fe6bcc01994074c64f77a90c801db10,b,K562_region_01425,chr20:61735344:C:T;chr20:61735419:G:A;var1;middle;OL41|K562|a07b91b1beab7182
442383dbeeecbb052f7035d12682c8abf092ab91f032f807603fc774faa40987,a,K562_region_00109,chr1:144909149:A:G;chr1:144909154:T:C;var1;middle;OL41|K562|00008e5323e7410f
44304e17d4f72c61d4081e05857c2f48bef7b0cbc47aec2e1a33f8cb0ee7eab3,a,K562_region_00799,chr16:85938681:C:T;chr16:85938755:A:G;var1;middle;OL28|K562|544e5a761039de44
4438e289065e0a6cf72be2ad79e1851dc3d021eff80c64919609434937cb5e1d,a,K562_region_00374,chr11:75427984:T:A;chr11:75428027:A:T;var1;middle;OL41|K562|c549513896336ed4
443b4d1d9c7403fc2cbe71440fcda807eb36943ddd91ed91e4a857402b0907b8,b,K562_region_01604,chr3:125636117:A:G;chr3:125636177:T:C;var1;middle;OL41|K562|8bd1214eb171f819
444970ca79ae288882e6609a70f042a81db3eaac54e867ebe64e4a1cb170964c,b,K562_region_00521,chr13:51384608:G:A;chr13:51384616:C:T;var1;middle;OL27|K562|ce464019d66f9c7b
44561dee1a8aa30915d714e3efc2d7bd69fc63ef49e0c8472a952028aec9a198,a,K562_region_01058,chr19:3812466:C:G;chr19:3812479:C:T;var1;middle;OL41|K562|133d672e9d89514d
44650447f61fd7ee388b76d7f4692c8a617a3e90c9b6215ac3ece20e98da9d28,a,K562_region_01868,chr6:130923678:G:A;chr6:130923720:C:T;var1;middle;OL41|K562|cac9cb2c39193112
446cfe94ba1384932b77a5f925e393febf7617be680326fa21b8f7a18f10bbfc,b,K562_region_00833,chr17:782899:G:T;chr17:782952:G:A;var1;middle;OL41|K562|e86adff303c5e21b
44789a573f939f83d5bf5c6d671f5a512613c3f1a3d1489904a0c6da4d2d8484,a,K562_region_01595,chr3:66877343:C:T;chr3:66877417:C:G;var1;middle;OL29|K562|a31156df98e8d74f
44857b758d94fdc3528cf8b327512f734ee2f7e5a5c2e261fa88e7283ebf08b9,b,K562_region_01462,chr21:46350059:A:C;chr21:46350065:T:C;var1;middle;OL41|K562|f2a8f6c9f47e4729
44ae6e4a396973e1d31607af6d91a8b20ef2685bea57875dc41047a87c6a37dd,a,K562_region_01960,chr7:46805836:T:C;chr7:46805838:G:C;var1;middle;OL32|K562|c542f212189810b6
44d28d1a815cbea73fd891fcbefff4d35f8b8695e819593a74adea0820114324,b,K562_region_00167,chr1:230296470:C:A;chr1:230296492:G:A;var1;middle;OL31|K562|93b5025c26feae55
44fc10aa0bd9620e082a6ff3c0f6dc64c646a26dd9965dc9c0723675741565f8,b,K562_region_00041,chr1:24882006:G:A;chr1:24882015:T:G;var1;middle;OL41|K562|1625373304da7091
450bad77678c98036b95ca8ba55a5afae700561d90a26ba5f74fc1a0f4756171,a,K562_region_00031,chr1:16410170:C:G;chr1:16410178:G:C;var1;middle;OL32|K562|32289db5a46a9c18
451622814d4359f441ea864decd40ed90a79e1e99a6cb88144a943405afec2b1,b,K562_region_01517,chr22:37471208:G:A;chr22:37471290:G:A;var1;middle;OL31|K562|6ddfa1041abe7fd9
45648cb079adff694cdc143c7a69b9e762699f603878d231eeea2d611a688c57,b,K562_region_00322,chr11:4664442:G:A;chr11:4664483:T:C;var1;middle;OL41|K562|4b148841a5a3cff1
45687268dbcecabd21c111f5445e3cf6fd84f21b39141bf5b3e3a2bfc92214fe,a,K562_region_00516,chr13:46672870:A:T;chr13:46672874:C:A;var1;middle;OL41|K562|77c35c8fc96c3f4c
4592d9e3570a9d9f60a821e56781073141b8588a803af4d3d239662231dc91ed,b,K562_region_00948,chr17:74706346:G:A;chr17:74706433:G:A;var1;middle;OL41|K562|2d7e4104ab171e10
459ea50f4f36034c1abec1ca7052803ee424416211081832af392893ecca4bea,a,K562_region_00682,chr16:427479:T:C;chr16:427516:T:C;var1;middle;OL41|K562|7153f4e2cc21123b
45c51c7eece174a523dd6f5cb2663b22c718540d71b93a19e912bf2490018192,a,K562_region_00810,chr16:88782159:C:T;chr16:88782205:G:C;var1;middle;OL31|K562|09e099a066acb2e5
45cd38f47e8e62517d7b00d19203776da16dd0c49815af884568d042ea0d200a,b,K562_region_00289,chr11:307999:T:G;chr11:308059:T:C;var1;middle;OL41|K562|5f29c5717fc33d3b
45de4cda158855031cf622957b4ff393c6a752db340069673c257cb27e34739c,a,K562_region_02045,chr8:7085607:G:A;chr8:7085631:G:A;var1;middle;OL41|K562|8122fb75495dc626
4611b88fd83870421c13fe680fa8b6f0289381f4fb8775e5c881b10055470fa5,a,K562_region_00474,chr12:69753530:C:A;chr12:69753595:C:T;var1;middle;OL41|K562|e04d32d6b9a6e65f
4612ee0ff3021053c5a2adf505fb7a4bdc1e419d96fd35ba54c21b61187e3ebe,b,K562_region_00746,chr16:20392332:G:A;chr16:20392415:G:C;var1;middle;OL28|K562|61ad95bc97c6d731
461aeb5ad19d25e64603c56f1d01c7a434bdd711f3365058d01b0c2c02717134,a,K562_region_01183,chr19:55698211:A:G;chr19:55698245:G:A;var1;middle;OL27|K562|ac184f0eba5ff9f3
461de7d45d3351b2124c5cb1a6e834db180318bc66b7c33c286acd1cf7584465,b,K562_region_01722,chr5:415906:G:A;chr5:415932:G:A;var1;middle;OL41|K562|50f51a6876e688fd
461f4a82c60c7665fe21597f46e85359cd105fc38cffc5f474d82b13c053b89a,b,K562_region_00752,chr16:29239828:T:C;chr16:29239889:C:G;var1;middle;OL41|K562|84b9fbb5b719c328
463ccfdcfb439be32376d31e1b2da2288f38a1d80751e2c6d6a625cae6668c59,a,K562_region_00296,chr11:537469:T:C;chr11:537502:C:T;var1;middle;OL41|K562|6fd0fa32ef97cd54
4640070668519b0b4ee558d5bd979e5428a50c34ecdd3132e90c57f2a103f5bf,b,K562_region_00596,chr14:102414767:G:A;chr14:102414829:C:T;var1;middle;OL41|K562|4d4349edc90a855b
4644b85ca280fcaed60ab0819671a2826412db792ab6f8816b5732cce7b94187,a,K562_region_01403,chr20:49146109:C:T;chr20:49146181:A:T;var1;middle;OL28|K562|e4e861175e0ef8b6
4646af217cd0b72e938c1d629ea62af9887791fdecf8aee0a415deece14eb028,a,K562_region_01913,chr7:2757867:A:C;chr7:2757938:C:T;var1;middle;OL28|K562|79616ce3aae5ee5c
464d7f1dccb5adf2a478bb52bb8be093057dc9c62bb3d6b9a72165d24ff535e3,b,K562_region_01838,chr6:42284470:T:A;chr6:42284472:G:A;var1;middle;OL28|K562|e6d62588950506da
46596e5d8060e39c7a6666e7521aaeacd42084fb024e7e74a1b024047612d62a,b,K562_region_01527,chr22:39420601:T:C;chr22:39420612:T:C;var1;middle;OL41|K562|325ad1c5f564adf3
465e4e3f2423ed57001204a84933dac084a610ad2e21940b46b136b16a51ad84,b,K562_region_00717,chr16:2828157:G:C;chr16:2828173:T:C;var1;middle;OL41|K562|3e9fe89a50b6eaaf
46671c7dd3d2acc18bad740952833ac07b54938f625a0ef0b850aefb5bb08340,a,K562_region_01777,chr5:148242667:A:G;chr5:148242723:A:C;var1;middle;OL28|K562|70d2c1f59a898726
466ab46a1f316a6751ebfc69d225d5c64a09b21ffce59af99bf92fd8bfead4b0,b,K562_region_01498,chr22:23058621:G:T;chr22:23058658:G:A;var1;middle;OL41|K562|2897fb99aeaf39ab
4675154904ca681538fa9a12c557b93ba76caf6edd8c6680c6468a33d39d384d,b,K562_region_00683,chr16:427866:T:C;chr16:427925:T:C;var1;middle;OL41|K562|75ff41bb82d8126e
467c730e34148504a2421744edc5518f7311b05458511901f23aaef9cea151d3,a,K562_region_01592,chr3:46599984:A:G;chr3:46600068:A:G;var1;middle;OL41|K562|1fdd04e07d473de4
4685ea2d1120dc820eaa28377ab99300a54a5ccb8bcb5ba186e3986e0ffa413a,b,K562_region_00123,chr1:161014370:C:G;chr1:161014446:C:T;var1;middle;OL41|K562|a71a46e12e7285f4
4689988b599b9f8ee634df505a0778b1d4b9c534a5b704276ce7d7dba508cb6f,b,K562_region_02248,chrX:135849573:G:A;chrX:135849582:C:G;var1;middle;OL41|K562|9618c1f7f42d1572
46990dc7114a9a99ced24a023e57b5eca5b6959220438634f2dfa53424a9eea1,a,K562_region_01877,chr6:139960170:A:T;chr6:139960195:A:C;var1;middle;OL28|K562|98dbefe9f9656f13
46a2c46f9b6eaed5a9208ee7088158f214b9e56ce43aa89beaf80bf208857e25,b,K562_region_01953,chr7:44111189:T:C;chr7:44111258:C:A;var1;middle;OL41|K562|69d4502503f7bb4a
46a7f6ae8e16d26ba7e6c8f9d62e39203cf0cb409bbc44ae80890f02c605cc57,b,K562_region_01013,chr19:384644:A:G;chr19:384724:G:A;var1;middle;OL41|K562|d1b0c8b798ed0f46
46c0b74c4adf1c9da5803be9f1f43c430d20ba248a23728115cb35027a4de2e4,b,K562_region_00065,chr1:55521195:C:T;chr1:55521242:T:G;var1;middle;OL31|K562|1ce4fc7f30562668
46c9df8d549f8ed9cf77cf7b421d20b38e03f482d75aa2b4703bded70ec64c86,b,K562_region_02096,chr8:83064530:T:A;chr8:83064540:G:A;var1;middle;OL28|K562|20d6fca3546a78c6
46d404dd3bff1f6d6416681198ebc09077ad168445f37a6ab0064f00c4ed1cb4,b,K562_region_00054,chr1:45142209:A:G;chr1:45142295:T:G;var1;middle;OL41|K562|418fd902a66cc1e2
46f2d7fefc6fd0695c691fbdb7f8eed21ef8bd2b74fffae4417d79a3b0559cea,a,K562_region_00769,chr16:57130031:T:G;chr16:57130080:T:C;var1;middle;OL31|K562|d9c0d20984a8ee15
46f8ae769ba2cced37ec3d752c3139d079c89e996ed3f206ddb6bcd0b79c49aa,b,K562_region_00574,chr14:74184889:G:C;chr14:74184917:A:G;var1;middle;OL41|K562|e26cd0d00ed3e497
4705fa6d0eeb8aecc4119e5ca4b77b7b626152eae4d29dbb522c196605765f89,b,K562_region_00839,chr17:2249904:C:T;chr17:2249919:T:A;var1;middle;OL41|K562|c7352a89fb5d274a
471ac36d0fdcc57018304082e6f6bd1079c14b9518b4cfd9179a010cd020873c,b,K562_region_00918,chr17:48132713:A:G;chr17:48132727:G:A;var1;middle;OL41|K562|1ac6c4589d09f851
4720ea341a958d31c4cbf65c9aa48f7ca2dfc56c46471bb65b516c70de4a6032,a,K562_region_01517,chr22:37471208:G:A;chr22:37471290:G:A;var1;middle;OL31|K562|6ddfa1041abe7fd9
4729c99559cf908151723b4afdbaacab879e5588aebbbbf788df141a62256868,a,K562_region_00880,chr17:18015061:T:C;chr17:18015113:A:G;var1;middle;OL41|K562|60a46b1a02544380
4736a35c9d57a61d51180c4519dc606bf9bccb789c49c1acf1e5394d500127c7,b,K562_region_00463,chr12:53212223:T:C;chr12:53212292:C:T;var1;middle;OL30|K562|11f61629edd4b4df
473be19208100767014b5d4dde592495cadbbd56644ab36092163dc3dd7120ec,b,K562_region_01176,chr19:54024128:T:C;chr19:54024214:A:G;var1;middle;OL41|K562|9af4c4094a308e35
473e3ebbdf527bf2181f02d876b45204cec160356771187cfcd91212f53d76f5,b,K562_region_01233,chr2:29093695:C:G;chr2:29093715:C:A;var1;middle;OL41|K562|22535c60ea9e844c
4740898358c1653360db8b0e7f06b447166a654ea07bca9ddb228cee66e8b359,a,K562_region_00341,chr11:18479739:T:C;chr11:18479762:T:A;var1;middle;OL41|K562|539fa1f2403b1e08
474bd1b070d29fd2220c341c5c9720d4344b1338492782169b144ee840f7127d,b,K562_region_01595,chr3:66877320:A:G;chr3:66877343:C:T;var1;middle;OL29|K562|5d7e2769a12fbd28
474edce489aa0a10dab2ff4a8838c0a89365f5e561512422c7bd30a0fc94375a,a,K562_region_00147,chr1:205244953:G:A;chr1:205244972:T:A;var1;middle;OL41|K562|02634f791a038564
475bfb349dc35c97e3dd8f6bc0682487e11018727625d246deae9356ef470703,a,K562_region_00371,chr11:72435983:A:G;chr11:72435996:A:G;var1;middle;OL41|K562|6a86e980c475effe
4769e4e5f9c3a70c8c3afd0619ac07e576ac7b7cd9bd7b5a951e2ab0ba8fd5a1,a,K562_region_00854,chr17:5323125:C:A;chr17:5323206:T:G;var1;middle;OL41|K562|637e603d97c8dc6d
47960a6637f98cd49db0703baced41e94f84c6abbfc90d5806fc085b8590a07f,a,K562_region_00024,chr1:11968313:G:A;chr1:11968346:A:G;var1;middle;OL41|K562|a921ed6670bdc348
479e6da9af13ba621ff4ccf8f59e45ca6c508316b18b7b3dc6bbf6d39c5ddffa,a,K562_region_00325,chr11:6354524:G:A;chr11:6354605:G:A;var1;middle;OL41|K562|3a8e9486fe8585c7
47b29812a42c11c948c138fccc82a0cf433aefdf89761588d98676b7f62565a0,b,K562_region_00523,chr13:71236607:T:A;chr13:71236611:T:A;var1;middle;OL27|K562|f47248631c2f3157
47c8b2f8a4ce57806c309e7446ad685330e940d78eddd2b87b6a75bd0db952cc,a,K562_region_00901,chr17:39942449:C:T;chr17:39942494:G:A;var1;middle;OL41|K562|65ba3b1faab8f787
47cbb5e916e056dd4caf7feaa1477958172b3e2dcfc57f265dc2268eabb31214,a,K562_region_00216,chr10:48885021:G:A;chr10:48885061:A:G;var1;middle;OL41|K562|55864854ae194098
47d3eaf8cf829ecb8cabd15862a897bb3dad46adb39991e3ef59cb849452bc52,a,K562_region_00775,chr16:75572713:G:A;chr16:75572791:G:A;var1;middle;OL41|K562|95194a416918f1a4
47f8d345e5d19a0e8f9226ac3c2ca9488086abfad7c598f66a26ee9934e79c9a,a,K562_region_00948,chr17:74706346:G:A;chr17:74706349:A:T;var1;middle;OL41|K562|d2f0a117ef7c5d97
47feea5ee26c132806b7f388c1a4be484c839d46a13a9118ec86396937126d99,a,K562_region_00141,chr1:201123745:C:G;chr1:201123799:G:C;var1;middle;OL41|K562|12e2187d93c7ad2f
48163c484c8fb2fe8019d268bb51bbf05f6c9d5f420240c53f3ff6cbd71d5d31,b,K562_region_00933,chr17:66193334:G:T;chr17:66193336:A:C;var1;middle;OL41|K562|6031e8e679225e89
4817edd085a31daf18af714aecf89c5000f3e4ce1e9044550f093b95cb522a89,b,K562_region_01021,chr19:850733:C:G;chr19:850793:T:A;var1;middle;OL41|K562|edc9a71aefd0cdaf
4819338ccb49a8325dde5dad6f46ddfcd8320a9b5568b6967926af8b14be3cc6,b,K562_region_01836,chr6:39070977:G:A;chr6:39070998:A:G;var1;middle;OL31|K562|b6381a22b7e91c88
48278a89dfd7bc7b77cd4658eb1b4bd53ed8d9723da4367369683f503df6afe2,b,K562_region_00478,chr12:96427875:T:G;chr12:96427889:C:T;var1;middle;OL41|K562|59ebf798ef9c71ac
48320897017ab6d648e3fa4e8f7e3dd507f2ffa4db16e8c3c26a76e0bc719326,a,K562_region_01553,chr22:50621366:C:T;chr22:50621433:T:C;var1;middle;OL41|K562|b0e973e4c45efc2d
4845439ef73316e052096757296dba4baaf517e24d5ec605ddfe199d94136c2d,b,K562_region_00143,chr1:202015938:A:T;chr1:202015940:A:G;var1;middle;OL28|K562|3af99cf566c0d704
484e15371b29ad4f8d50d6ae0301bec0af3832b1c8a97b9b61126692fda56ed7,b,K562_region_01640,chr3:189664326:C:G;chr3:189664329:G:T;var1;middle;OL27|K562|e81d19d6a4ec7eb7
4860934de0f9a178e4c09e4e05785f21087f05fda2540ed75bf944822f948762,a,K562_region_00292,chr11:324635:G:A;chr11:324699:C:T;var1;middle;OL41|K562|90b71d3f940b6e18
486e1aa9d4571ef070c5f915c9b4e7d1e36618321b443f10d8bc42e39295f222,b,K562_region_00222,chr10:50215410:T:G;chr10:50215461:C:T;var1;middle;OL41|K562|a9c77ee701153185
4877e951ab6ef6dc9aae07f77a322674bfa6711c71aa527cfef03558617a0547,b,K562_region_01200,chr2:3494301:C:A;chr2:3494322:A:G;var1;middle;OL41|K562|2d63ee119e587e65
4883cdd0380b02aa58fba0dcab9226708afcf9c47a5f0a8c407ffc12572a1ad3,b,K562_region_01437,chr21:17592516:A:G;chr21:17592547:T:A;var1;middle;OL30|K562|815c23ccef2c83f4
4884bc5d7c06a6a58515ebc2dad9576d0d09c47b977ff7e58eb5193be0981ca8,b,K562_region_01781,chr5:150831913:G:C;chr5:150831989:A:G;var1;middle;OL41|K562|81448be028c50ea1
488b3daf0a5b27675f094d9abb5c35b4b059f67bba20f749940f24691e76e0c3,a,K562_region_01369,chr20:3682657:G:A;chr20:3682730:G:C;var1;middle;OL30|K562|337b52f38cea08e6
48b47aac80597afdbb5faa41a771047b234eff762ae7f18f330566b229f7f3d2,a,K562_region_00573,chr14:74039062:C:G;chr14:74039147:A:G;var1;middle;OL41|K562|1e92139379900e54
48d6e99433c0cd4411704f14b4b4de8c42f7305cf03b2372b47dec40be86eb08,b,K562_region_00571,chr14:71107939:C:G;chr14:71107942:C:T;var1;middle;OL41|K562|d2600e5739ca3daf
48dd5a5a96e3d1500be08602a06f202739dd21f6180039dff9e4736e46cbb137,b,K562_region_00818,chr16:89600718:C:T;chr16:89600802:T:C;var1;middle;OL41|K562|aa1b938ee1c8402d
48e964be2e100ec22796fe90be51e27cef8911b2947189d20a5837a80c36d464,a,K562_region_00850,chr17:4807098:T:C;chr17:4807150:C:T;var1;middle;OL41|K562|0d70a49a65225ddf
48f60a186738db8ef1728a97efde5591cd79e0c752975204b09c23035a5cea27,b,K562_region_00096,chr1:110254493:T:C;chr1:110254541:T:C;var1;middle;OL41|K562|50094e2dba5d3a22
48fa92768248906f88ac1490a4a0e3a35b4c3791c26d9401d393ff9d416feecd,a,K562_region_01843,chr6:42946943:G:A;chr6:42947013:G:C;var1;middle;OL41|K562|b5811fab36fe180f
48fa951091308624ffdfed185415e62801f3edceb439ad76deed7e1870708f88,b,K562_region_00041,chr1:24882006:G:A;chr1:24882028:A:G;var1;middle;OL41|K562|8ce27905461984fa
48fd3217d6851718051291b108b51ca451f967a05fefaed3c38ae0b7ef0b6e83,a,K562_region_01825,chr6:21926225:C:T;chr6:21926313:C:T;var1;middle;OL32|K562|eef5f690d6406814
4905d9f40b67df9c5b558f021397968c6cd3d313d16c2cdfb5db70e45e7c5eca,b,K562_region_01542,chr22:45583898:A:G;chr22:45583912:T:C;var1;middle;OL41|K562|aa539299ca8e4814
490dbe4e4c6055aa973647c9773fe272619e204a00a8ce920edde6cc52a8aca0,a,K562_region_00125,chr1:161024782:C:T;chr1:161024822:A:C;var1;middle;OL41|K562|ac28b74e09725b99
4933aa227092c64ac9d21655af08f45506e5997ed2e090a9967d647432aa4c35,a,K562_region_00617,chr15:42171800:T:C;chr15:42171877:A:G;var1;middle;OL41|K562|0fb9c015a2bc3146
4938f772ee4927b64be1c1c1b79493e8deedc244a4703a5560b82f632f056db7,a,K562_region_02095,chr8:82066998:A:T;chr8:82067013:C:G;var1;middle;OL28|K562|1328cbedf4390bc8
493fb4e581e95d243c5341cd32d8e47fb91002e5e2fab6f506de39bf5ada12a3,a,K562_region_00255,chr10:101190507:G:A;chr10:101190520:A:G;var1;middle;OL30|K562|114574afe48bedbb
49549ad80db1539bb24088943c4ff9ec1f8c5c9174f9b487314b6473a3b87113,b,K562_region_00798,chr16:85783856:T:C;chr16:85783903:A:G;var1;middle;OL41|K562|93cb9ca3c85f5452
49725a870adb161927033277b9a7fc39bde5eacb7538593456adfc2e6f0a4635,a,K562_region_00458,chr12:48132159:A:T;chr12:48132176:T:C;var1;middle;OL41|K562|1deb890b11befcf6
49749245acd822670662b7f95ca2a718a36ab697024daf445148f331005446ed,a,K562_region_02181,chr9:106856952:C:T;chr9:106856972:G:C;var1;middle;OL41|K562|4d87808b1829ffd3
4975ebee88e56b7edde304b721704f7d3c11f7ede3268a014e44ab1724004aad,a,K562_region_00927,chr17:55164881:G:C;chr17:55164925:C:T;var1;middle;OL41|K562|099a3173e3fda3a0
4977621c02657d4cbbeef91246c86354cb0fa25636b045633368559a0b62c83f,b,K562_region_01088,chr19:15893878:T:A;chr19:15893942:A:G;var1;middle;OL41|K562|ee7cdc8ad31206f8
498ba36d8596e5549f181862ddff63ae3dd134cc06de7d0aa5703fa7a71b5dd7,a,K562_region_00695,chr16:1488141:C:T;chr16:1488224:T:C;var1;middle;OL41|K562|90b7af2ec084ce65
499b662a85080eb028cb502932d0ef85b7009854b1e31cb3ed0d1bdad8665b19,b,K562_region_00885,chr17:27410546:G:A;chr17:27410548:G:A;var1;middle;OL41|K562|0ddcf263fa6b4442
49a0cfac9d8431de61a5acca8e40e6d7291f1e176262dc7a72bc2e215a18ca08,b,K562_region_01924,chr7:15668027:C:A;chr7:15668070:C:G;var1;middle;OL29|K562|6515a0affc91cbc0
49c3ebe76e9d3fb819275fb9b31a0e5de7b9b2c613da68c60c5e81a5aa04d6c8,a,K562_region_01186,chr19:56368812:G:T;chr19:56368863:G:A;var1;middle;OL41|K562|86488183f6162e8b
49c5f5bf2fe74a8515c6d0075e90727fc0ca4fd90f647667dd69e3694ec445f8,a,K562_region_00078,chr1:90228306:T:A;chr1:90228377:C:A;var1;middle;OL41|K562|b3ce1fd2f7bded6a
49d70b96c182f244673ee5f8a8ab00ad145917e62341895b2313ef01141cb7c1,a,K562_region_02091,chr8:54433888:C:T;chr8:54433922:A:C;var1;middle;OL41|K562|16f48b37103c08e1
49dc86549ba13e6a6d107349273f42f620a0c885d313333e78ab80e389a14e7c,b,K562_region_00294,chr11:332798:C:G;chr11:332857:C:A;var1;middle;OL41|K562|7faa950a58626c6e
49ed9b3b99c418895fdb86a4079d507fb4755acb9042f63a7025372baf57d266,b,K562_region_01976,chr7:76143625:G:A;chr7:76143705:T:G;var1;middle;OL41|K562|872c852784ff81a5
49f14b04a13fbd078ad78533193b092cad7ddba96f041161859bfeb86aa11b82,a,K562_region_00376,chr11:75459865:G:A;chr11:75459869:G:A;var1;middle;OL31|K562|5e50bf6fa41d4908
49f99a32125773c2d4718b65e1bb49fc72fc97831c9ffb398719ccf18ef332f4,a,K562_region_01643,chr3:194784551:G:A;chr3:194784560:G:A;var1;middle;OL41|K562|a3d380caeb9b67f4
49fd3a6463bf20f2c03e22b56847cf84bde11fb366f01cb2d2536602b6d88fb7,a,K562_region_00447,chr12:20470199:A:G;chr12:20470221:A:C;var1;middle;OL31|K562|8e16847bc1f9f3cc
4a00802b32fa518465d9c26940bcf7b4aace7fe0d17ca4f7c87719f6bc8c4f0e,b,K562_region_02158,chr9:34336266:C:T;chr9:34336342:A:G;var1;middle;OL41|K562|2afbc4c3a6eedc1e
4a0125dc40a7ab94801efb855552d25bb96f2d685a255194bee216d563f2a41a,a,K562_region_01574,chr3:12466433:A:G;chr3:12466490:A:G;var1;middle;OL30|K562|12c93d2b62198e26
4a050dc5d3acb985f0901332fcd99f070b01a54f6fbf048c19abc80305c3b334,a,K562_region_01811,chr6:3118952:C:T;chr6:3118998:G:T;var1;middle;OL41|K562|b6f02c937944d5b2
4a144d764a6299d5c8237acc88f8fadf9e857e6e8692e6336933ccad9f79eb3c,a,K562_region_02019,chr7:136638373:A:G;chr7:136638395:A:T;var1;middle;OL41|K562|7dab923027ab146e
4a188dbe7d2cc0ddb04711b17b4c262b798862a6dff00e6472a38eae513dfe88,b,K562_region_01690,chr4:69317873:G:A;chr4:69317947:G:A;var1;middle;OL29|K562|6d8c9e5d19cf64d7
4a2847914a16ec6b79e196600a72dfbc7677b0ced83c8b4c0b20aaeb20b5cf0d,b,K562_region_01930,chr7:22590681:T:C;chr7:22590699:A:G;var1;middle;OL32|K562|a5ca44f0831e97fd
4a2a719a9eb25e057a9569ec4588c35df2fb1c2430be8262c70e88964f2e6959,b,K562_region_00424,chr12:3420653:T:C;chr12:3420674:A:T;var1;middle;OL41|K562|3034e52a361508c1
4a305b715c51e8688db06de09b5b8fb0d9c1e616eeb0084e7b313a8964b61b6c,b,K562_region_00797,chr16:85706564:G:A;chr16:85706633:T:C;var1;middle;OL27|K562|0edef522b8ff5ca8
4a343c2785a19bd8dd832315cc9b726a86e5a075c6617462e88cd14e96029397,b,K562_region_00030,chr1:16382584:T:C;chr1:16382602:A:G;var1;middle;OL41|K562|696d631f0d86ad5a
4a460b082cbad75451d00667b1dc058701b24aacc9dd445c402ae54720b45367,a,K562_region_01069,chr19:7992052:A:C;chr19:7992126:G:A;var1;middle;OL41|K562|f58d1136bbe533e4
4a53a96922d7219d4d8637379a45783515ad4cbfe1d9683eac4455fe959f5c0c,b,K562_region_00250,chr10:95067043:G:A;chr10:95067066:T:A;var1;middle;OL29|K562|e5bad9673eaad861
4a5ac35c1ab2527b5d2db01c110f78f3b28603b6a1d2f6be3e224456520c9fa3,b,K562_region_01456,chr21:45512276:C:T;chr21:45512356:G:C;var1;middle;OL41|K562|7579be10679778b7
4a6171b522a4082811e512dbf019e9032501f1523deb0373443435be0f8381a7,b,K562_region_00234,chr10:70975897:C:T;chr10:70975916:C:T;var1;middle;OL27|K562|483c97e7d8ca8f8c
4a69af0faa88ec6be053986f60f31cd28f6eaa9ebd6374f7e0256718f1810fcf,b,K562_region_01070,chr19:8272146:C:G;chr19:8272163:G:A;var1;middle;OL32|K562|17f62cf5d4535499
4a754f540ed759f12a9055873fddf33822470bdc6488a0f4f0ccceee966dd11c,a,K562_region_00514,chr13:43571021:A:G;chr13:43571070:T:G;var1;middle;OL41|K562|cdb9ab399b22495a
4a7bc1381e0e5113134debf5b98f0a70e51edd5ea740ff3bafc48b5ec2dc8128,a,K562_region_01179,chr19:54677103:G:C;chr19:54677189:C:T;var1;middle;OL41|K562|cd239422ce7131de
4a81f07ed808b746fcb730b33b377d70b5e4532c273866b5283f5d47300d504f,a,K562_region_01192,chr19:58572959:G:A;chr19:58572979:G:A;var1;middle;OL41|K562|33313d11bd9aba95
4a84f8625e0ae6f1d60597ddda85d8828f7ab7c16451cbcb07b9e3c667be83c3,a,K562_region_00355,chr11:64158683:C:T;chr11:64158706:G:A;var1;middle;OL41|K562|b4d2346ce8122856
4a8a18ead615e6ce0af9a54482272ef9ad0034e1f6f3536a9f37cb00e50e73c5,b,K562_region_01957,chr7:44809273:A:G;chr7:44809276:G:C;var1;middle;OL41|K562|50229d9053be9971
4a988205e18c17d3c950bb5e75daf70290ec2581525eb130915c5daaf226ce18,a,K562_region_01878,chr6:141219538:A:G;chr6:141219600:T:A;var1;middle;OL41|K562|51cc6b27cd114325
4abea2fd3c5202c3b25add11fb500267450f46fa7f569cdf03c9d556bb6c0523,b,K562_region_00318,chr11:3663201:A:G;chr11:3663273:C:T;var1;middle;OL41|K562|38f925867c59c77c
4ace61954420979a193320ea66aa1a3db34e39675bcfab9996591d38c330f990,b,K562_region_01183,chr19:55698165:A:C;chr19:55698245:G:A;var1;middle;OL27|K562|c826d9e54d921700
4ae6c188a74a9f2f7ab5ab4548810940481f87472601b1f3c986a69f108dc117,b,K562_region_00541,chr13:113260711:T:C;chr13:113260796:G:A;var1;middle;OL41|K562|a0705a49be536637
4af4501b0dbb2bf1e6e3c8cc235ad9401fd4624effe1cd46f0242b3e8ceb68be,b,K562_region_01707,chr4:147097293:T:C;chr4:147097310:A:T;var1;middle;OL41|K562|508b241d8a2ec640
4af6c53149a618d7c03a3f0317b26a1d5c2201969d06beb69376582a7be5a125,a,K562_region_01217,chr2:15906778:T:C;chr2:15906854:T:C;var1;middle;OL31|K562|5e8f7d007d51b3e9
4af797d97c01791611b93f20b952bf071883c42b587b3e1cae1e61ca79f46f1d,a,K562_region_01137,chr19:41444406:A:G;chr19:41444410:A:C;var1;middle;OL30|K562|0645fc5638ea6e73
4b06aad064853708e6687af582e0734db14f1072e630ac85b182655d6448e3f1,b,K562_region_02174,chr9:95894886:C:T;chr9:95894964:G:A;var1;middle;OL41|K562|06694f206886ffbc
4b26b3fdbf62e109a0304467e2f1bad8b20ec25078395b7a42222f72b1fcf2b5,a,K562_region_00234,chr10:70975897:C:T;chr10:70975916:C:T;var1;middle;OL27|K562|483c97e7d8ca8f8c
4b2da97728c191c9e8ab3b7711767c9fe095f37b60f2f9bc4ea5388aee2ffb52,b,K562_region_02026,chr7:150021284:C:T;chr7:150021350:G:C;var1;middle;OL41|K562|655602272f548536
4b380b85f7823638b1af04075945ffc2da10a9f637d6ab13782bf992f37e79f8,b,K562_region_01620,chr3:149212076:A:G;chr3:149212125:G:C;var1;middle;OL30|K562|4596b87f9ce3990e
4b6ab0435f1cef604061c35d3a69adb01a757abf6ec308e22e71005a455efbe7,b,K562_region_00316,chr11:3260150:G:C;chr11:3260189:T:C;var1;middle;OL33|K562|e9d1bf0cb4d043cd
4b7603643f199c63b3321327e71a07c27238467a62786fc75845e1f1ffb03dbc,b,K562_region_01841,chr6:42672407:T:C;chr6:42672416:A:T;var1;middle;OL41|K562|be48ffa65a1531d0
4b8ac158d054e19d8b97f2dae7d12bc49cd6f73c63a393ea0d3e812a635857b1,a,K562_region_01761,chr5:106810888:C:T;chr5:106810945:T:C;var1;middle;OL30|K562|594e0af7ff8d9431
4b971a3d28a189b50a26bc4706a8c19b779586d30401ada6127d1d5f6d88daed,a,K562_region_00205,chr10:17180649:G:A;chr10:17180675:A:C;var1;middle;OL41|K562|9e74dab640373067
4b9ef91e8f1559f609bec18368e0a9b910ce39e720cc5a2416a00999ea3f421a,b,K562_region_01092,chr19:16434937:C:T;chr19:16435011:G:A;var1;middle;OL33|K562|b69037dd210438d8
4ba3fa474085ea84a7cf5990047ab16c238cbb39a735c7d9e5db61e7dacef650,b,K562_region_00882,chr17:21104746:A:G;chr17:21104817:C:A;var1;middle;OL31|K562|0cedd754b445aed8
4ba70531ad482096372d97027a15dfdfebe6a8099a75b3a08c72c5a3063d9102,a,K562_region_01100,chr19:17580183:A:G;chr19:17580226:A:T;var1;middle;OL41|K562|31fa47501a32beca
4bb36f6212e7a1a28954c9bcf3e949d508fe1294260ef95ed1bc1848310c159a,b,K562_region_01406,chr20:54148763:G:A;chr20:54148838:A:T;var1;middle;OL29|K562|0e22cbca28505073
4bb3dad769fbfaaa14bf50d08fa30def0382217e4956b86edbb9977dbb7ce628,a,K562_region_00826,chr16:90020341:T:C;chr16:90020346:A:C;var1;middle;OL41|K562|38af6a71b90b6d98
4bdaf79e25a8b5adaccba8a8b5ae024a42626bf2139eeb5c67fd6fc6d059600f,a,K562_region_00093,chr1:109727422:A:G;chr1:109727475:T:C;var1;middle;OL41|K562|a3766033f50091cc
4befab49a29ec81d0b95bcdac5d77a33df7ee0e2036027056c3270a366363032,a,K562_region_01652,chr3:197608381:T:A;chr3:197608454:C:A;var1;middle;OL41|K562|b2ea2bc7796be927
4bf209734ee97b94d514dba4aad1ffec2d5d0695ed7f30463dbc764214c6f9af,b,K562_region_00990,chr18:42815791:T:C;chr18:42815793:T:C;var1;middle;OL27|K562|edebeb260ca148e8
4bf2a00070ab92b72e0c7f412d4669c7ec392820dad63621ce7d5e58b0e5d6d8,a,K562_region_01087,chr19:15890725:G:T;chr19:15890771:T:G;var1;middle;OL41|K562|aa51ea7f2901421c
4bfff7a73812d5a93505a6b9fe727fa05e160f567d632598990ea2a2a2ac12ec,a,K562_region_00041,chr1:24882015:T:G;chr1:24882028:A:G;var1;middle;OL41|K562|cbc1abd2c4f2e2ce
4c0697551703dbaa23c2955553d917965a5d30616fedae0742a9e6d9754a792e,b,K562_region_00028,chr1:16353415:C:A;chr1:16353482:A:G;var1;middle;OL41|K562|af813323c1e60428
4c06b8c53b87980e83dd474f5704338d147a2a66633a53a70893133744b9e2d0,b,K562_region_00226,chr10:52642500:C:T;chr10:52642516:G:T;var1;middle;OL30|K562|1969bba8487074f8
4c0e511da742e09d7c7790d3a0a7d9065a28e4d29ed73ba235c327a8cc98f822,b,K562_region_00549,chr14:23369294:C:G;chr14:23369378:T:C;var1;middle;OL41|K562|dc7612393e873eb0
4c16bfb21d8c3d99b0e05029d443a33bdc92a57695471f6d107bf8c08116c56c,a,K562_region_00038,chr1:22352040:G:T;chr1:22352108:C:T;var1;middle;OL41|K562|222264d9c09782f9
4c1a43c0f2aa01e9c9b8dbc9fb1c45ba0c15e4db13351779ceaa483b3725d6ac,a,K562_region_01136,chr19:41324180:C:A;chr19:41324225:C:T;var1;middle;OL33|K562|f004728ea099f68d
4c1fddbf44fe847e727f52a1492f0de79a4dc3c8d3cb8c3f0c73ffdfe8ee0ae1,a,K562_region_01383,chr20:23168500:G:A;chr20:23168526:G:T;var1;middle;OL41|K562|1765ae01282a72c4
4c677b606912dc2861620e08d7720e0d42fbbce018952cbead7339de6a6b13b2,a,K562_region_01613,chr3:131081192:T:C;chr3:131081264:G:C;var1;middle;OL41|K562|1fb4fe71f61b696c
4c68b317c6b1dfdda2791ff014d5efcac6da7d5099f33cdd333300989bb25846,b,K562_region_00249,chr10:94839642:G:A;chr10:94839724:G:T;var1;middle;OL27|K562|65fceb3da88196fc
4c78dc69659202fc38d59c85ecc442356c81698cf3e4c0676cef0ca413c1407a,a,K562_region_01537,chr22:43549646:C:T;chr22:43549648:C:T;var1;middle;OL28|K562|dbf4f604abd5ffd7
4c869ac94bda8b0c72554aab6bb246952fc7a578eedfa58eb22b56120ace13b9,a,K562_region_00743,chr16:16038160:G:C;chr16:16038212:G:A;var1;middle;OL31|K562|40cc9df71057d587
4c877a493200bb3722d48982e43b7986505c2f34e3e117983898dad239c29f01,b,K562_region_02100,chr8:124610521:G:T;chr8:124610561:C:T;var1;middle;OL29|K562|bf802bc85900782e
4ca5a8eb077ce0d30e32caddb5621c8d73fd829893254449740df7b185e55bf5,b,K562_region_01495,chr22:21400519:C:T;chr22:21400563:G:A;var1;middle;OL41|K562|f6364632507ab2db
4caa85b76403eebfadf293e55360ef57ca5652b4bddf5ecb38d9b04bfbe611cf,b,K562_region_01411,chr20:56136954:G:C;chr20:56136993:T:C;var1;middle;OL28|K562|50a1d11bebe2f9cb
4cbc695389baa532407cdfe259af382fee984eb698ac1e2a96970b92618087ac,a,K562_region_01800,chr5:180237828:C:T;chr5:180237845:C:T;var1;middle;OL41|K562|65ce62cc291a73bd
4cc337f4c02725fb98ff4fbac7723600be4bd39c8ad5148e9d663a233b7d2d9f,b,K562_region_01429,chr20:62153828:A:G;chr20:62153855:C:G;var1;middle;OL41|K562|15db0ef3980019f1
4cddc7b8fbc0102991b8aee382168f2a08dc778225a84dfbccf34cdb37a0c5b2,b,K562_region_00201,chr10:15139081:C:A;chr10:15139109:T:C;var1;middle;OL41|K562|ae581032b015ccd1
4cf46dc5668b2564cb5108e7241d54eeb83439a1e290df92b89c5f602f3d7d79,a,K562_region_01379,chr20:14677571:G:C;chr20:14677650:A:G;var1;middle;OL30|K562|c546cf270feb83e6
4cf494c5199aec74f54103678317b6099e51a9587eefe49f202a10f9e7ee30b9,b,K562_region_01280,chr2:89524565:A:G;chr2:89524614:T:A;var1;middle;OL41|K562|9aa3cb2a7417a77a
4cf716807f6146dad5d05253ead760c95461e643d6822f50e09a272f1f7fdd67,b,K562_region_00606,chr15:28939746:C:T;chr15:28939824:G:A;var1;middle;OL41|K562|b4ba5cc19e853c42
4d0bf3ccf0856c061b3f6d927aaa1ac42ffbe07a7cbecc090ddb5acbe4780244,b,K562_region_01537,chr22:43549648:C:T;chr22:43549652:C:T;var1;middle;OL28|K562|82b23868336fb42a
4d11c3c1883b9f2fc17e43145232d3734b1e65d75c77d8a54da088c167900693,b,K562_region_00595,chr14:101539131:G:A;chr14:101539197:C:T;var1;middle;OL41|K562|fdfadfaed1713925
4d15a17ff7b1ba434954c4c7c3a371d72fb34fac26ddcb8433c24f0ae6a1ca27,b,K562_region_01780,chr5:150827301:G:A;chr5:150827304:G:T;var1;middle;OL41|K562|67b6d99fae797fd9
4d25c265713e5e98152ae941c49a9ba6cb9b7a6ebd3f7f3f238ae16f31f10c49,a,K562_region_00926,chr17:50307873:C:G;chr17:50307888:G:A;var1;middle;OL33|K562|6679705f8e1de035
4d2e595dc36a0818c67bf0e8cbabedde148ac6d1e9f89873e99514be3671413e,a,K562_region_00995,chr18:47158186:T:C;chr18:47158234:C:T;var1;middle;OL31|K562|dd437c3b159a4bb1
4d3ecf81935421113c2483aa84f1010a2e4e2879c59ca48475a4a189d0070c5b,b,K562_region_02032,chr7:151415233:C:T;chr7:151415256:C:T;var1;middle;OL27|K562|e51510d78f54cdba
4d42d3ee2a75984ccfacba3b9df4ae7a76297f9c17168e36292e089947be9fe0,a,K562_region_01246,chr2:43254399:G:T;chr2:43254426:T:C;var1;middle;OL32|K562|973330d225cab0ae
4d60ebb521fc60097383cbc2a40d39323d1c61f7855706653e665c8445fd605e,b,K562_region_00712,chr16:2080571:T:C;chr16:2080653:A:T;var1;middle;OL30|K562|ed8211e84dfce72d
4d668f7eb5a77f14f158f819f82df56e219b837eecd197294f453bb0fe7599b6,b,K562_region_00837,chr17:1938721:A:G;chr17:1938726:A:G;var1;middle;OL31|K562|cc3d9c618b536721
4d6b24bd52e58979c32c40fc8749f3aa47d4152210fe6736009a327624a650e9,b,K562_region_00785,chr16:81599532:G:A;chr16:81599604:C:T;var1;middle;OL28|K562|15dc2e5c7100a236
4d71549f27ca7c69ce7336c1a9b38debb0e01c7748a3532370d8fbdbf9dd8516,b,K562_region_01859,chr6:107220167:C:T;chr6:107220247:A:T;var1;middle;OL41|K562|d1095a3968138565
4d782174fc990b31f67dbf02a6476bbc9d297fd5edf50e61a9bde7e8aa01df00,a,K562_region_00493,chr12:125799139:C:G;chr12:125799181:G:A;var1;middle;OL41|K562|5f5c28f014b786df
4d96b65e7189c03b35f18aff8dbcfac14e112c710e8035dfd97abc470f147971,b,K562_region_01636,chr3:185548662:T:C;chr3:185548683:G:A;var1;middle;OL27|K562|848f6ac67e6c2927
4d974bcddeb78529bae8eaea0006893edea42490d70d424300da5f55123e1463,a,K562_region_01197,chr2:3475389:A:G;chr2:3475399:T:A;var1;middle;OL41|K562|e14f9ec1bceb98d9
4d99201b342ff9b32675797b4de9cc678f78b2ec2c655c272fd2df65c5f4608a,a,K562_region_00584,chr14:93516398:T:G;chr14:93516465:T:C;var1;middle;OL27|K562|44a657120ef0d599
4da35153b379c4b1504457d42c2c2d5286cb33ea03eb42e2772b80864b3bf0ae,b,K562_region_01431,chr20:62347189:G:T;chr20:62347191:G:T;var1;middle;OL32|K562|5146b19aa6691d3b
4da9ef051757bb36fce58a450bde162c891944ed0b99ade489027aaad87a8f57,a,K562_region_01865,chr6:111919105:C:T;chr6:111919108:T:C;var1;middle;OL41|K562|346fbb95865395f7
4db536a64a884d0ed409e0dac89ca585e9dcab9ccac13e6628ac75546abbbc72,a,K562_region_01039,chr19:1520784:C:T;chr19:1520804:T:C;var1;middle;OL41|K562|2f9e05e55c5df1c7
4dbe58f85e226eb61d88067f4f1b6c964faf0c8aa8176dccb87f870713778166,a,K562_region_00664,chr15:93588264:G:C;chr15:93588289:G:A;var1;middle;OL29|K562|736a84e791a0a61b
4dce835faa83b8ac39259ba5b64c6025ece2dea0a4dc43f5fa54e816786b7487,a,K562_region_00453,chr12:26475565:T:G;chr12:26475582:G:A;var1;middle;OL32|K562|c724d04383f2061d
4ddce2537218e0db30c475045fb08aac1f6e524a356a7bbd437bb6295c1d662d,b,K562_region_01891,chr6:168182835:A:G;chr6:168182911:C:T;var1;middle;OL41|K562|928abb09bf2056f6
4e0512b6ec37dbcc7ff9b0d4c7227aea7f211d868b9d18f6caff1977d1c83408,a,K562_region_01125,chr19:36209680:C:T;chr19:36209700:T:G;var1;middle;OL41|K562|133a396bfe5617a2
4e117b912bb5b90081091bf0d4f28966d49d17dc2c565fabd9b35eb3b60632ab,a,K562_region_01678,chr4:23747576:C:T;chr4:23747580:A:C;var1;middle;OL27|K562|e49776db380275ea
4e307497a54f03e0cda577a126039cf673053ebe83c7c89f190d21e0d56cc5e9,a,K562_region_01010,chr18:77722378:G:A;chr18:77722401:G:A;var1;middle;OL41|K562|ed16ec041236e024
4e381b4abc42ffaa2f71a0f09b5a8d3a56da9cc78ade6105a774f315bfa96045,b,K562_region_01531,chr22:41720697:A:G;chr22:41720728:G:C;var1;middle;OL41|K562|07ea688edf7bc8cc
4e42cb4ecf7281384ca6af47f401dc7775d4f75b6e125976b5c5f8ac84c7a3ae,a,K562_region_01316,chr2:164444356:G:T;chr2:164444419:A:G;var1;middle;OL30|K562|6d0d96362ad32ae8
4e492d63e9a072a7c5fcd0372f91bfe28ce81f4d4b978b2489d05b54e78abbc7,b,K562_region_01925,chr7:15956388:T:C;chr7:15956470:T:C;var1;middle;OL29|K562|97e5f500cdc5b310
4e4deee24bbcc8fe0104389cda00c8b05fe02162f9e6935db5c66af804c56e68,b,K562_region_01360,chr2:242393795:G:A;chr2:242393798:A:G;var1;middle;OL41|K562|850d985454ff42c7
4e631ada30ba96a05150c1af068732f7aa6c9a8854b4cb58d140823ff592b44e,b,K562_region_00612,chr15:35047969:A:G;chr15:35048026:C:T;var1;middle;OL41|K562|e814864e4569b21a
4e64f450ff71c113c8f5a3cd741b93178b408395ade55c4653d527f5d74850fb,b,K562_region_01794,chr5:177352825:G:A;chr5:177352864:C:A;var1;middle;OL41|K562|17742b3abda84814
4e729418c254d076136d4f62f21286f24fa7911780a63ee72113ba1462e03258,a,K562_region_00582,chr14:81425425:C:G;chr14:81425428:G:A;var1;middle;OL41|K562|f3c2e6dadce41f75
4e7a7dde1c33de3e3179bb37b3426c703cca673219766a93db9c4fa78b5be1ae,b,K562_region_01869,chr6:135376379:T:G;chr6:135376409:G:T;var1;middle;OL41|K562|c8bb3853a11e736c
4e7dcfb12c8b36a96dc003912065e0d8606c18867df889929c0892702f2882d0,a,K562_region_00327,chr11:9569854:T:A;chr11:9569857:G:C;var1;middle;OL27|K562|1b5978ed94bb9ee4
4e85ac6685e1555ec3943b378c8009e6639b996d9ede57150def928ab294a845,b,K562_region_01847,chr6:43972729:C:G;chr6:43972733:C:T;var1;middle;OL27|K562|135dff32ba01be8c
4e901949856888a8d2e20576731e2ee924dc92f7b8bad64b719f21a9277c1f1e,b,K562_region_00110,chr1:145382407:A:G;chr1:145382494:A:G;var1;middle;OL41|K562|864e8ca99ac84d3c
4e92e13837d7ece8a869621f60fb0b065a80e5c5cb560cf6422d8de457a9361e,b,K562_region_01954,chr7:44145099:G:A;chr7:44145178:C:G;var1;middle;OL41|K562|723a9ea5ac2941e0
4e985dc58e4480cbd4841126e67e3b193d0c8f2e131819293598121dfd8ddf1c,b,K562_region_00347,chr11:57209360:C:T;chr11:57209367:T:C;var1;middle;OL41|K562|f4f03e43d4439a14
4e9f4efafe5d7704501d541a8d41c069ab7f53131e539b3f06944cc6d3e9590f,a,K562_region_01607,chr3:126247795:C:T;chr3:126247848:C:T;var1;middle;OL41|K562|2c4d4a93eb77c5cb
4eac2e5f01bf4efd99895c335fb6b8ae2feedb93d2489332778a39c13431277f,a,K562_region_01202,chr2:3605468:A:G;chr2:3605528:T:G;var1;middle;OL41|K562|8e3cd5638b2bb7e9
4ed053714dca6ae072737ec161ec03187de548c80f797590d8a00f456dc5924d,a,K562_region_01201,chr2:3509671:A:G;chr2:3509687:G:A;var1;middle;OL41|K562|3738d93b1688a4a6
4edfdefe3946319529a7769cf36260a6be264a6b663e8e7a0e5ba064b19d5291,b,K562_region_00512,chr13:42964518:C:T;chr13:42964565:C:T;var1;middle;OL28|K562|dd1b8cdaf2f40c9a
4ee1d36257571b841016416cd72364765978f1f8f3428e24e23124ab6ba09eca,a,K562_region_00895,chr17:36615893:A:G;chr17:36615967:A:G;var1;middle;OL28|K562|0231801e611e5372
4eeb126c9753427a5421520116340c1690df24ad57036d07cc03c20ce302c75c,a,K562_region_00825,chr16:90017985:C:A;chr16:90018072:C:T;var1;middle;OL41|K562|4629c2af59adb5a3
4ef67c31ce2cc3da2259e7bd5ffe4dc88faf8a7055341f5b3c5138be73216e9c,a,K562_region_01241,chr2:38893660:A:G;chr2:38893677:G:A;var1;middle;OL41|K562|95b53f1257d7ca02
4f027235d65ffec2326f53262f8d4b068b33ac3faa77d8d81e70484a94d501f7,b,K562_region_00696,chr16:1488378:A:C;chr16:1488435:T:C;var1;middle;OL41|K562|0359cb92eb5ee843
4f0c5c6b42e00e85df604bc42d461f8cc7e1bdbada30c82ebb318f694634db80,b,K562_region_01446,chr21:38340843:C:T;chr21:38340866:C:T;var1;middle;OL41|K562|6f06493b205cc4bb
4f194f881aa07e7213ec0a279802b38dad356c6cc87ec571c803d3c478987509,a,K562_region_01541,chr22:45559741:G:T;chr22:45559771:C:A;var1;middle;OL41|K562|0c55d287a51a4960
4f23c7851f8d42bab0271aaf95ce9edbea020e5d994ed3999b2dcafd24f4b677,a,K562_region_01937,chr7:23723212:C:T;chr7:23723298:A:G;var1;middle;OL41|K562|4fd3f83b8af1ac93
4f2c459f8f4d214cfd4507efbe3bbe3a9ffc03118e7b2b57b10c4225db3cbd1b,b,K562_region_00778,chr16:79636816:A:G;chr16:79636851:G:C;var1;middle;OL30|K562|a598f233d9d9aa8a
4f2d0d1b6d3509eb49e83fff6bae5564825ceb5461a887e9ad6ed66d404619f3,b,K562_region_02026,chr7:150021282:C:T;chr7:150021284:C:T;var1;middle;OL41|K562|792a848b5df1f84d
4f325db0e52024632a27caf3c5d7b5e19d0b08798865bf52a30bfc6d3a918ed7,b,K562_region_01978,chr7:76255019:T:C;chr7:76255032:A:G;var1;middle;OL41|K562|a36a015b771bf071
4f42b1ff21e4db98775d90c0b8647f9dfb2f6337307af072b84bcc0059f3a10b,b,K562_region_01367,chr20:1930885:G:A;chr20:1930897:T:C;var1;middle;OL27|K562|8c26b27b9cd17d95
4f524d520e6be7c0bd2fee7ab2777a14f03357f5f488e30eb142d16581aff00f,a,K562_region_00662,chr15:91499328:C:T;chr15:91499346:G:A;var1;middle;OL41|K562|b11c313a31c08d3c
4f52fdf436c092b01d3aa5135e4aec15855b33a8cc77010a29d3ce0254a549f4,b,K562_region_01301,chr2:128642614:G:A;chr2:128642625:T:G;var1;middle;OL41|K562|33af14ff6118f90d
4f6f45bf78d787819cb564320c054c835dae3dfd369cbcd13a467bb55b361604,a,K562_region_00058,chr1:53970656:C:T;chr1:53970728:C:T;var1;middle;OL32|K562|9c03c38a897a03da
4f7f1fdb89ab6d798946ee95739c34c13d3806517853d774deb27e8ec2f9d58f,b,K562_region_01704,chr4:111718048:T:C;chr4:111718067:G:A;var1;middle;OL33|K562|c58689fbc2662f24
4f850489404578dd63612db5712078d223f8333c02bccc66169e81215a7ef09e,b,K562_region_01979,chr7:76255933:C:T;chr7:76255998:T:C;var1;middle;OL41|K562|ce0706c80365b023
4f87bb7c6cb2ddc84fdb769196ca32ac21b849c9b4bf2558d009664bd0b02c2c,b,K562_region_02190,chr9:111525039:A:C;chr9:111525109:G:A;var1;middle;OL29|K562|ecc53234c00f7bf5
4f900f47c8cfce7eab0c7142ffe83c21563091d8da532f9f4b2eb1efda4177cb,b,K562_region_01382,chr20:20033319:A:G;chr20:20033380:A:G;var1;middle;OL41|K562|f43c312e719499b2
4f90eabd87f28a529ca4cac5986c79213749db66f19d392fdc43b1f9f4d077c4,b,K562_region_00854,chr17:5323206:T:G;chr17:5323269:C:T;var1;middle;OL41|K562|7fbb9c1205f48f26
4f9d9070b294393c128cc148dc5ac4b27203618da54fa214988ea91206543c0c,b,K562_region_00486,chr12:121222556:T:C;chr12:121222578:T:C;var1;middle;OL33|K562|0adb7214096374c5
4fb32158fa5c1e0de74891efba2b9cea5891031803f23c1757066a80158115c3,b,K562_region_00575,chr14:74250100:T:C;chr14:74250126:T:C;var1;middle;OL31|K562|4cf7f9dd24e9a9ac
4fb47440751dd38ff555dac69f080659ad796e21a34f17946ba990522aa7bda1,b,K562_region_01977,chr7:76254795:A:G;chr7:76254810:C:T;var1;middle;OL41|K562|1ec9cd3e577dcb2d
4fc7088cbb81063d1e8b7aba2d7df8230b3839cabe96ffe63a0f7f9b89b09777,b,K562_region_00529,chr13:95899607:A:G;chr13:95899643:C:T;var1;middle;OL27|K562|6ea8e827d2fd91ad
4fcc1ec85b7ba9e708bcaa62c42fbe9de607bdb549f496d32dfefcdd906fbbbc,b,K562_region_00787,chr16:82203711:G:T;chr16:82203758:C:T;var1;middle;OL41|K562|c79162358cfa1c7c
4ff0d0724a74fa9166d8a102e8e99a6d25bbebc46750be7c5f09775bd46409ba,b,K562_region_00653,chr15:80191280:T:A;chr15:80191338:A:G;var1;middle;OL28|K562|13f480b289f02db1
5000341b2ae3a712e19bfeb0b024baaf4f4d315c215f0dd631b9a7b510851e58,b,K562_region_01295,chr2:119982576:C:T;chr2:119982624:C:T;var1;middle;OL41|K562|331e57a2fe564f07
50456728cfa5ab5e42167779fc565856c48380c69021d5bcb09a3a694c3ea448,b,K562_region_00645,chr15:77335891:C:T;chr15:77335902:A:G;var1;middle;OL41|K562|8824bad48a2162b8
5057af3804bf08ccdf83f56b6ff175c18a3426a255560fb8c234fd0127fc8f18,b,K562_region_02022,chr7:149568291:A:G;chr7:149568360:T:C;var1;middle;OL41|K562|7e3a4bd775f01bf2
505903da9d267d7d4cf4ede659e18e564560b34ebfc6e7550c372a230511d04b,b,K562_region_00388,chr11:103673277:A:C;chr11:103673294:T:A;var1;middle;OL33|K562|f9879ae9685a5ee4
505a07a48c0736e4d1408c9b7e477aeee8d490e8177a2d68cfb7c80f393f32d4,b,K562_region_00081,chr1:91966406:G:A;chr1:91966445:A:G;var1;middle;OL41|K562|638e795f0233a189
506a0f6c28287783e7eba7294df39342eacbc40ec4cc94bfa6eb1b56ece14f51,a,K562_region_02130,chr9:4740456:A:C;chr9:4740540:G:A;var1;middle;OL41|K562|b9d605236a22b3b1
5072cc8344ea1f4531ef2c79934f7aa831cdd6158a7111efd6780ae002351e21,a,K562_region_00257,chr10:102103508:A:G;chr10:102103529:A:G;var1;middle;OL30|K562|3c31530790c6b9ac
5073dc8e7abd2833c05f3e316a86b1d4d65569638403f9ed5b7c63545abf6cc0,b,K562_region_01495,chr22:21400563:G:A;chr22:21400575:A:T;var1;middle;OL41|K562|3aa75dfb3d9fedcc
5079802a4baaaed9ec1a8aa47ac6a80eb1184a37c09c1b1d8ad440071c8ec3ef,b,K562_region_00076,chr1:87751406:G:A;chr1:87751490:G:C;var1;middle;OL27|K562|4bbcd44efe04e660
50864da5ba786f0cd2b6bd07c63dbc544c495c93239a71dbc028924b19255590,b,K562_region_00074,chr1:82957845:T:C;chr1:82957871:G:C;var1;middle;OL28|K562|83c279bf616623cc
50b24406fcaf97645ead3d32086306d6d37d61a90febddd767987e7da3b7fafb,b,K562_region_00855,chr17:5326089:C:T;chr17:5326178:C:T;var1;middle;OL41|K562|ba763b3180c0ec87
50bd3a78dcc5023f08facaa9a4fcf84012098966436bfd450c9600ae655f95e3,a,K562_region_00173,chr1:232766721:G:C;chr1:232766725:A:C;var1;middle;OL30|K562|f0ea71376c5bb64c
50c4e2ef2c37160eaaecf2481a990d0cfabc32660405a6c36dba00d07a5823a0,a,K562_region_00157,chr1:212641356:A:G;chr1:212641371:T:C;var1;middle;OL41|K562|7cdd6e2c248b9245
50e9fee0556cf6d6ad0aba588cdf117643c9660600e9a4cab3de9ec023fa4e1e,a,K562_region_01780,chr5:150827301:G:A;chr5:150827304:G:T;var1;middle;OL41|K562|67b6d99fae797fd9
50f8d73cbaa2e80c0481dcedfc4f79c1ae5d9096b85e238262c64943e377bed8,b,K562_region_01057,chr19:3755835:T:C;chr19:3755846:G:C;var1;middle;OL30|K562|0a4177e4a57e11c4
511778b59479822ceffd001c4e718655d8fcb9ea88b0b76d36bd4beaa5db9fd0,a,K562_region_00342,chr11:26594718:A:C;chr11:26594757:A:G;var1;middle;OL41|K562|ac03a2aa8190eec4
51287beb3072ac2304b7c6dd040a1b40d4c4721745051669cfe433ae92bbb6e3,b,K562_region_00884,chr17:26693231:G:C;chr17:26693258:C:T;var1;middle;OL31|K562|8c62aa902f0bda23
513385cd8a1d616829d8e4ca7ef47b3d44346cd0dd95fa0f1f95ba9bad1dfd9d,a,K562_region_01471,chr21:47577549:T:C;chr21:47577630:G:A;var1;middle;OL41|K562|3a7abda62cf7a8e7
513870acc8f3766f9a829aae6a4cbdd67d996118c4b34fa1cbfcaf786d3df3f7,b,K562_region_00966,chr17:79993388:C:T;chr17:79993408:A:G;var1;middle;OL41|K562|71672a191f9aca72
513b3c7fe7b306ae07530fdaf9c19ec75485864544e4915d4156f9ef46179c90,a,K562_region_01788,chr5:172176886:C:T;chr5:172176904:C:T;var1;middle;OL32|K562|0b0bd532601ed03c
513e95d12c3a282301582cd3dd5f62d0a3de8ffc1df4d712101bf2dc4693f7b6,a,K562_region_01157,chr19:49206603:C:T;chr19:49206674:G:A;var1;middle;OL31|K562|76d4a3a1ba5b80fe
514162c17948939121633b582873bbc86389f088689474e9d518bf97fdb9b54c,b,K562_region_01024,chr19:990645:G:A;chr19:990702:C:T;var1;middle;OL41|K562|63f2f35bf3f55659
51419b5f5d165678242102ad3c6ab519bc1dba32a4f3eaa4a99fa277ada6a037,b,K562_region_00897,chr17:38082807:T:C;chr17:38082831:T:C;var1;middle;OL41|K562|2b040a60eddf8ad7
51578c48c6bf21b14cdc9dd4585e2a789ceba363d8ef5bd86971fe0b94179578,a,K562_region_01944,chr7:28998663:G:A;chr7:28998699:G:C;var1;middle;OL41|K562|0500167abc97408f
515a079def9b967a1ac8a0765b2044335f79e872a0da7097f6d01061e0cc7935,a,K562_region_01182,chr19:55697766:T:A;chr19:55697795:G:C;var1;middle;OL31|K562|de9cb20ebd4add53
515fa1c8241d681675e3ac045c6c85e2b59accff3138a853ef70038f9fe6b919,a,K562_region_00518,chr13:50265228:C:A;chr13:50265238:C:T;var1;middle;OL41|K562|a16e26feab4b9dad
5162586104a6f1a5ef9e1e28b3c0dc8f9df58448439d1735a02c93dd356e4313,b,K562_region_00150,chr1:205461535:A:T;chr1:205461563:T:C;var1;middle;OL30|K562|b27e4bde063ec8ce
516cb23fa790ae15d7ef0c68f6fdef2e5264f8d95ea937d64b2df4f93b3399c2,a,K562_region_02100,chr8:124610526:G:A;chr8:124610561:C:T;var1;middle;OL29|K562|0b3390adad5b8612
51859f06c2a8d1c0c394ad9314b065921aeb5ed279d923005d7ea19f209e2bfe,b,K562_region_01954,chr7:44145024:A:G;chr7:44145099:G:A;var1;middle;OL41|K562|2b8741941a41a88d
518a9702f27fbb3c0433c619a8d0ad51c24d275d6921edab081070806d5cf7b9,b,K562_region_01677,chr4:17917781:A:C;chr4:17917818:G:A;var1;middle;OL29|K562|7490ecb132934e81
518ae82fdaf5c15c27a562720289adc54104c253f0b949d21818f5527edc59f1,a,K562_region_02243,chrX:10246914:A:C;chrX:10246961:T:A;var1;middle;OL41|K562|f8b132575fb78527
518e9706def8eaccd11772ecf0c9656ffcf4f299e53028913bfaf7b5ef456482,a,K562_region_00756,chr16:49885737:G:A;chr16:49885785:C:T;var1;middle;OL28|K562|73309ad4e24aff17
519495dbbd2d8a80071bdfd789f99c6a434d3fc1874a53124e0f8e8c3678979f,b,K562_region_00567,chr14:65230748:A:G;chr14:65230793:G:A;var1;middle;OL31|K562|9c014cec97b07304
51a7bdfb4f82cf99f02a66b2968f3011ac9fbf40c0b39e2818b6fe64902af361,b,K562_region_02105,chr8:129950323:T:A;chr8:129950390:G:A;var1;middle;OL30|K562|7ce1d5418102cf1d
51a98f35f3f1e3fb5cb864f2ea20a96bf1a1942f3c413c11f2a739c269e9fa3e,a,K562_region_01757,chr5:95144722:T:C;chr5:95144746:T:A;var1;middle;OL41|K562|66a2534ddd1ce006
51be2850318c621aa20860e263f2b4183db160eb9a542b03c4a8485fdb89ce52,b,K562_region_01919,chr7:6894629:T:C;chr7:6894650:C:T;var1;middle;OL41|K562|b863a131cbe94d5d
51c161a65d87dc8ded40375f1e08fd7b484351e0b814a7ce38b0fc35833a4c3c,b,K562_region_01803,chr5:180631342:G:A;chr5:180631387:G:A;var1;middle;OL41|K562|c551e7e8cb45c215
51d808903b34dd85d0bd6edf93a1b63837827bd02771d9f3210e83b9a1e1aa10,b,K562_region_01362,chr2:242757334:G:A;chr2:242757411:C:T;var1;middle;OL41|K562|010448ab943575c0
51dbbb32945a8842d11144d3970e49dd5ac65f56a850bdb68d559ce3802aaf13,b,K562_region_01907,chr7:1540502:T:C;chr7:1540535:A:C;var1;middle;OL41|K562|f1b1cc32d9df73e3
51e32007ea1dc407b469dee898b0e764f1a1f72da960a4756dbd66801c54a30a,a,K562_region_01456,chr21:45512249:A:G;chr21:45512276:C:T;var1;middle;OL41|K562|57cd76576ba8247f
51eaa498cf6f95a3b0bad0927d83a178b5c34ee50658250fb49ef5f390f09322,b,K562_region_01160,chr19:49374081:C:T;chr19:49374108:C:T;var1;middle;OL30|K562|138f2694f0f5ab9f
51f5c79ff790cd3deb66ddf6bbec520679880be942a2e3f50faeb20873e0fb05,b,K562_region_01873,chr6:138243700:G:A;chr6:138243739:C:T;var1;middle;OL33|K562|0d76abaf8683f3af
51fcd806d9d535bd93518cc3e4bea221943dcda2c817ebaf88b96f51d7c71de9,b,K562_region_01060,chr19:4445073:A:G;chr19:4445156:A:G;var1;middle;OL41|K562|23c4fe1e16b85861
51fd11f2de6090418f86899ff400d090871e3dbe8475af7f593d01190aac50fc,b,K562_region_00594,chr14:101173124:A:C;chr14:101173201:G:T;var1;middle;OL27|K562|310752d0a9db6d32
5209919afb2c8272c99a56c50fdb52982f044cc7cc03d306e80a3336c55c4ca4,a,K562_region_02056,chr8:10964906:C:T;chr8:10964969:T:A;var1;middle;OL41|K562|7e9d39d753845b9b
520fb04a36f05857339e4074471f4543246ed479835d7cd853ade6664ed7fb16,b,K562_region_00834,chr17:812491:T:C;chr17:812533:G:T;var1;middle;OL41|K562|b4eb46b30ab41b50
5225725c83eb86def5973b7fbf31644708c86c546ff583430cbd277da166d904,b,K562_region_00941,chr17:72688028:G:A;chr17:72688065:C:T;var1;middle;OL27|K562|3ee590cef3a840ee
523718ec5c120945daa7971c336f8d7159fda3d623bdf4a52c7e9e519f417417,a,K562_region_00204,chr10:17010742:T:C;chr10:17010798:T:C;var1;middle;OL41|K562|27a4e70af0f87cb2
5248cbc1a835dfead06849c107896fe8679b7baaa8642490e2ca2c777efee569,a,K562_region_02134,chr9:4844704:T:C;chr9:4844778:A:C;var1;middle;OL31|K562|4fd921832687a0ac
5272685199638a4ee6ee46ddc6ae92d938feab944596e01ad732ce6e9a3770ae,b,K562_region_00783,chr16:81530598:A:G;chr16:81530660:C:T;var1;middle;OL27|K562|496689d345da6a32
528395564564b09ac7aa40d4b7db425173ba1eb0aabf0979dedde2aaae98e63d,a,K562_region_01941,chr7:26438652:C:G;chr7:26438699:G:A;var1;middle;OL41|K562|a3a6eb1d43fa45e2
52a8b5fd1794194af3cae8066b9da9e12372f0a35133f89e480d8c5cbe788e41,a,K562_region_00675,chr16:187429:C:T;chr16:187509:A:G;var1;middle;OL41|K562|e590ba7a87441706
52a948d31515f571d7d16e9bf889ba60a3f91452229e586dd1b89836342115d1,b,K562_region_00955,chr17:78018751:G:T;chr17:78018810:A:G;var1;middle;OL41|K562|c99319bdab1de69b
52c38e092da693a3471297673ccebf90e19781174a7a22981b0a5a3782a3bad3,a,K562_region_00974,chr18:1839564:A:G;chr18:1839601:A:T;var1;middle;OL29|K562|d014f1eab9da93ca
52c7218dd04998130cda3989aa468e7b6171f5057760323ec91b00d2100929a2,b,K562_region_01919,chr7:6894629:T:C;chr7:6894649:C:T;var1;middle;OL41|K562|259a59dc4c07f70d
52cad8e3c6661ed5327a1cd5ea4d9c0a72265d0fa9a0b22ea68bdefdbda58002,b,K562_region_00960,chr17:78943074:C:T;chr17:78943109:A:G;var1;middle;OL41|K562|2d44b49c15a70ebf
52d0207ae94ac5c69ee086bbe15b5c4fdc6d48d6eea5e469ebda325d6d61e61d,b,K562_region_00994,chr18:44337686:A:G;chr18:44337725:T:G;var1;middle;OL41|K562|d3290ccc8b8accd2
52dd3f92a8094c0217620e1ffad176951527cc58b7f1cc57632b8190131fd7c1,b,K562_region_01420,chr20:58662964:A:G;chr20:58662969:A:G;var1;middle;OL41|K562|925ff403d6c8ede8
52f94e2d0cec5174e668c8c04fd84894752c6e5825571c42bb3966e1b407f07a,a,K562_region_01501,chr22:23657874:A:G;chr22:23657939:T:C;var1;middle;OL41|K562|31033c2cb427ce6b
53058c29eea387f866dc54995a40191e1aa378d58cf5fb9791a83a4dbcd59802,b,K562_region_01420,chr20:58662969:A:G;chr20:58662983:T:C;var1;middle;OL41|K562|60b01d06d0e42b8b
5313f6e64ae0fd011f01f5797883c21fb669665b25420808fdc6693bb40ab48b,a,K562_region_01918,chr7:6746736:A:G;chr7:6746738:T:C;var1;middle;OL41|K562|65106da42db1326b
5315707d4d2a5d4f57a2cfc9bf2a9bde6653dad1fd4f750466ee2a55674e1176,b,K562_region_00261,chr10:106028154:G:A;chr10:106028157:G:T;var1;middle;OL41|K562|e1cc94382dbaadee
53251b044ab4b3d6a12d56ddae824dca4f782624a323a13dedc823a88521ec08,a,K562_region_01646,chr3:196433421:C:T;chr3:196433441:T:C;var1;middle;OL41|K562|bd887e494a2e58e5
53272bb4064a2984f72b8906d6a93c7c541c8a240810cd876af5f9e32a11ca9b,a,K562_region_01686,chr4:44431486:T:C;chr4:44431494:G:C;var1;middle;OL29|K562|52831d3f47eef90d
533429531826a0748a3ea304191efb2089614a5da6a0d3d7ffebd711324e258a,a,K562_region_01224,chr2:26584310:T:A;chr2:26584312:C:A;var1;middle;OL31|K562|28c7ab0c595e9b23
5343fa6d30af6f2352f580614c675ce04fa9a71d80e8c1e2e69e634028891521,a,K562_region_01091,chr19:16365586:T:C;chr19:16365655:C:T;var1;middle;OL31|K562|1dcda7291c476f23
5345b49ee5ecce4bee8866eca1c7a1393d8608320d80817e31babad1c278c851,b,K562_region_01755,chr5:82815158:A:G;chr5:82815170:A:G;var1;middle;OL29|K562|d074f7fe9b5f889d
53489c33845f639397f9956892234dc7384d87ea36b3820047ebe60d74fe1a78,a,K562_region_02173,chr9:95883785:T:C;chr9:95883865:G:C;var1;middle;OL41|K562|423beda66504e802
535da6641169b5c9ce76bb30c324e17cfc6c453f84f22fbabc520af7ddd84726,a,K562_region_02172,chr9:95857936:C:A;chr9:95857959:C:G;var1;middle;OL41|K562|103dc1140106bd02
5371282d55d5700ff65074a592a98e86a2c4d461d7710bba3b9d3587a9598996,a,K562_region_01779,chr5:148783690:C:A;chr5:148783698:T:C;var1;middle;OL41|K562|b0a9a46e9f1f6c0d
5376067c38116f18a9e4d93576edc105b4e63752f1c9bceea1f2aa853a3dc370,b,K562_region_01318,chr2:169764141:A:C;chr2:169764148:G:A;var1;middle;OL31|K562|b70924d4956ead92
537e201805d4739ff62f615b3fa16d10743b263f242ae54cfab758f7a84c03d9,b,K562_region_01366,chr20:1893809:G:A;chr20:1893815:G:A;var1;middle;OL41|K562|49594010cf2dd532
537ec62256eb384f4ba345e3a04304c5792a1548dd0f959efa95836c2f041f2b,a,K562_region_01143,chr19:45715680:T:C;chr19:45715717:C:T;var1;middle;OL27|K562|cda710dd2661e4b4
53807d254c19443ebdf05730b9cd7ba847b2c4bb16ebae7c9597758a112d520e,b,K562_region_01506,chr22:24339556:T:A;chr22:24339634:A:C;var1;middle;OL41|K562|db518ad9a638486b
5382f7ee3386c7e47842e9cabd92ea4e4a55b4f310cf417674025967693b3887,a,K562_region_00709,chr16:2011064:T:C;chr16:2011082:T:C;var1;middle;OL41|K562|5c560d829d43643f
5384eef8bb7ea47070cf5a2c54e7cd94c1e42b0c761a43079c03d367cfd6b65d,a,K562_region_02073,chr8:22477778:G:A;chr8:22477807:T:C;var1;middle;OL41|K562|93e495329d14f7de
53a61972bc1944aae7a8fef72ce297dcaf9949636a3c72340aa9cfdf2abbeb1c,a,K562_region_01420,chr20:58662983:T:C;chr20:58663069:G:C;var1;middle;OL41|K562|05127459e0edc32d
53b0b0df6aef7f9acf23107a7913600ea7090ca5fd215a63b9695f7cf14b638b,b,K562_region_02068,chr8:19674725:G:C;chr8:19674770:T:G;var1;middle;OL41|K562|3e79b80f5e9d07dd
53b14b2cf73c26096a4bf3a0e3695d2771307ca4ee7ed4f1226dccd8859ab204,a,K562_region_00958,chr17:78121096:C:G;chr17:78121170:G:T;var1;middle;OL41|K562|18143417507ceb73
53c3ac581dd20c39b79d8c685e6eca70f7f00bc7b139b586780610212e108d8c,a,K562_region_00165,chr1:227963078:C:T;chr1:227963124:G:T;var1;middle;OL41|K562|1ff492ab21cea199
53c4400cc8e51699b98f22c1f543974381af420c920c618fdcde38deb837b145,b,K562_region_00891,chr17:34819191:C:T;chr17:34819251:C:G;var1;middle;OL41|K562|42af69fbd8db1662
53e0c5c5b0d1a1bb121b2164f4c8834ffd09b4511e266f0889e0db619982d1a4,a,K562_region_00785,chr16:81599532:G:A;chr16:81599604:C:T;var1;middle;OL28|K562|15dc2e5c7100a236
53e1374e2d8bb980f9ede5359ad7a8b6b6beb4c66e05b4d49f4a4b2608e3f509,a,K562_region_01812,chr6:3157354:C:G;chr6:3157399:A:G;var1;middle;OL41|K562|1d4f5fed729327e2
53e5ded8d376dcd0936ae65e42d114ad4c936db7beac202af51c911eaf482ba4,a,K562_region_00359,chr11:65653242:C:T;chr11:65653309:T:C;var1;middle;OL41|K562|8fee98f33c3bc853
54033648f53639f55b1579989397fdf80e5a068f45be7841204bb72c256e85b1,b,K562_region_00560,chr14:25414148:C:T;chr14:25414223:C:G;var1;middle;OL41|K562|2e98c3f308392240
5416634d13f29c4b11ba86b82c8386ec8db17a400200e6da5c04575d28f00c71,a,K562_region_00289,chr11:308290:T:C;chr11:308363:G:C;var1;middle;OL41|K562|f367d2fa632ddd5c
541d670084eacff67cefe2a785d25d062506eee802030684223eb051d26d501f,b,K562_region_00270,chr10:119533256:A:G;chr10:119533345:A:G;var1;middle;OL27|K562|33b200bba95eb5ce
54229488201494b7d208c360d916f05f4f0d4ddf260d0d1124331417e8828dce,b,K562_region_00238,chr10:79680434:A:T;chr10:79680514:C:A;var1;middle;OL30|K562|56887c8922b8eaed
543b9a1ea631b7b22dd8cbf42d51c448e167ea257f343ae303d633e7e8df9809,a,K562_region_01384,chr20:25837491:G:T;chr20:25837493:G:C;var1;middle;OL27|K562|e14c9d5a015cc4d2
543e674e667a24a3adc56fbd0471fd86acf862882b80920a75feb1f4a0633530,b,K562_region_00587,chr14:95053849:T:C;chr14:95053891:C:T;var1;middle;OL29|K562|621d728ea4f825c8
543f206af3ac61e98e17a77e0d34af3b35bed56a10958d33bab75f9927bd9211,a,K562_region_01106,chr19:18402117:G:A;chr19:18402142:C:G;var1;middle;OL41|K562|879c09719a542198
543f765cd347d767bda8edbb4bfc0cc7b855da529a5ea0c7d2a59547166b0f1a,b,K562_region_00165,chr1:227963078:C:T;chr1:227963124:G:T;var1;middle;OL41|K562|1ff492ab21cea199
545273d901733c2a32f1334792e8e845fb1ebb1adfb5ade5cbababcd8c787bb2,b,K562_region_01560,chr22:51017296:G:C;chr22:51017353:T:C;var1;middle;OL41|K562|bb03c3283ee63938
545336886fce02ce001a87170e46d5a3ea4bbd21b41318bb981d79f8ebb6bcc4,a,K562_region_01122,chr19:35418182:G:A;chr19:35418193:C:T;var1;middle;OL41|K562|459d44ccaa8e8121
54592c61e648bddac8bdf4d98e1ea56bb77fe7eb8e0598ff6afcfec3bbce7427,a,K562_region_01133,chr19:40591182:T:C;chr19:40591209:A:G;var1;middle;OL41|K562|5620e5ba61114826
545fee9dd764d5362eafe9f8f664cb667f791e4d3f368e834b0eb1b98408f5fd,b,K562_region_01675,chr4:16063761:G:A;chr4:16063834:G:A;var1;middle;OL41|K562|522e41fb4ec54f1e
547af72b6af1d73fee82874dee10230de407359705b590d99e6952c520b34357,b,K562_region_00597,chr14:103241799:T:C;chr14:103241845:T:C;var1;middle;OL27|K562|a7397519ab167bdf
548971c9c7bb23dd83fb8bff62a25b1bab7515ae4895d4c53aa03c5f06a8eefe,a,K562_region_01959,chr7:46753491:C:A;chr7:46753553:C:G;var1;middle;OL28|K562|69460faf4c3231ff
549ab1edc5b88093c099c394646e734db173d909e4a78d78dbabf659fc4a50bc,b,K562_region_00487,chr12:121420260:A:G;chr12:121420263:A:G;var1;middle;OL31|K562|12e8eb5529ec726d
549b9e2086bac8495cef94d081729f93a9ee9a116ab60c254a8b5d9d97a1505a,b,K562_region_00027,chr1:14150709:C:T;chr1:14150714:G:A;var1;middle;OL32|K562|bfd3a84462685dab
549c63c307c968a9c82b19d03eb8fdd5f5f2afd3db2b758962e3b74ec123ae02,a,K562_region_01187,chr19:57182549:G:T;chr19:57182605:G:C;var1;middle;OL41|K562|f4e00351780f2282
54ab05774cf6f2f34ecab3cafcadad65e662221cfd3a5c421ed2da2a7dbd058a,b,K562_region_00394,chr11:117068977:A:G;chr11:117069061:A:G;var1;middle;OL41|K562|2da22424fc4c4bf6
54d1921b4e00b0d227e084d8a9973c5156e90fdaecf5d00eed4cdc445e00ff6e,a,K562_region_00950,chr17:76431285:C:G;chr17:76431368:C:G;var1;middle;OL41|K562|a9f2d399006e0c4e
54dcb39252ddb4bf3a471405128676458ff8a62dfa9c01b5e5acf5d6aa832dc8,b,K562_region_01671,chr4:6919661:G:A;chr4:6919674:C:T;var1;middle;OL28|K562|6f22eea475b930c0
54f13af4c50f30d59cb46f1cd406c4fbd350f78b308fe5baaedf9cfa49d4bbaa,a,K562_region_01113,chr19:21753035:C:G;chr19:21753089:A:C;var1;middle;OL41|K562|d8d707c294825acd
54f1de3fd32081a2dfa955581305491d659366b95029c2d54038a67a5b05bce9,b,K562_region_00995,chr18:47158186:T:C;chr18:47158234:C:T;var1;middle;OL31|K562|dd437c3b159a4bb1
54f3f8a2a14043a473cfad025ab2141d3ca757d6ae0b8aca1822c67d27b20626,b,K562_region_01210,chr2:8819789:C:T;chr2:8819813:C:T;var1;middle;OL41|K562|4e8b3ed28fee9169
54fc9e7f24cd54be47739edb2c94dd9cccc6dee14def708768147dd2bca23d7d,a,K562_region_02163,chr9:38381288:G:A;chr9:38381308:G:T;var1;middle;OL41|K562|877f4cf5e49f6b34
5502d8908384a89ffbc382d7ccf6b6cbf80ca2bcecda028c50191177567251b9,b,K562_region_01540,chr22:44577086:G:C;chr22:44577160:T:A;var1;middle;OL41|K562|0d2e8a1cfab9d71e
55093c72753bc263632d1e5c5be5fa2dbd1fe69cf7b5ff6ae79607b15560e0c1,b,K562_region_01581,chr3:24341264:A:T;chr3:24341268:A:T;var1;middle;OL27|K562|f0697f54dfa013b0
5509e769d8caf1bcd7dd2b46378ad3af7dd64e141b1c06367f3a7c104529596f,b,K562_region_00085,chr1:95699978:A:G;chr1:95700044:G:C;var1;middle;OL41|K562|aec1fdbd2850940a
550c7dcdf6bbf98757d4c3e99d4fe565df12e72e498f487c37c92db0fed06855,b,K562_region_00018,chr1:9485454:T:C;chr1:9485464:G:C;var1;middle;OL31|K562|ede7a0f418318156
5517144d823f1c0a326dc52f28416fb71f9d32ebfc1c81bec3dd0d2382f16026,b,K562_region_01947,chr7:30764820:T:C;chr7:30764823:A:G;var1;middle;OL31|K562|b2b23d1f4d143a64
5526178236e1a148d280466e24f175fc76b8b3b329596b2ac9e369fe91b7d79e,a,K562_region_00747,chr16:20420889:T:C;chr16:20420932:T:C;var1;middle;OL41|K562|160b8a524b64a0f4
5535b588839ee04a567bcef8f25da03c3c6eb1e8be1a781615cf71874ec6e5a6,a,K562_region_00277,chr10:127475630:C:T;chr10:127475662:C:T;var1;middle;OL41|K562|71fa201244b7f8f5
553981494caf3eaae1239cc0d457b738142265b786135011249fc315e4027b24,b,K562_region_01109,chr19:18988666:T:C;chr19:18988699:T:C;var1;middle;OL41|K562|5fc3343c6aafef5c
553a69e268cb91517746bed8fc7973b5ddd4e90d94021f11dfcf10dcd940c927,b,K562_region_00193,chr10:5335965:C:T;chr10:5336050:G:C;var1;middle;OL41|K562|c6ed37b0cc117349
554b6704ad6865f62fd82d28bc33a022de52b86cd7bfa31da07686a2cd34c5b6,a,K562_region_01377,chr20:10458616:G:A;chr20:10458671:A:C;var1;middle;OL30|K562|61d386e401e82037
554e1c43628906a338bd414c3c79308bdc7b0c1722e888123cb4a20cdf4ac25e,b,K562_region_00264,chr10:115107258:C:T;chr10:115107328:C:T;var1;middle;OL29|K562|cf9c1e464982f57a
555b0aab958f9a6823e920f3d0744684094799cdb3fc5cc938fa9ed585b9a292,b,K562_region_00656,chr15:80694883:C:A;chr15:80694922:A:T;var1;middle;OL41|K562|c866dce57c1f6ead
556cb0a1476b04f2b77ab6d5c5196079c6d5942b1d01820bea8846257c01a521,a,K562_region_00639,chr15:66872266:G:A;chr15:66872325:T:C;var1;middle;OL31|K562|0dce8cce404cb55b
5585e69eaccab52c702232673bac08146a21efda5620a8aeaa65aabeabe52ba9,a,K562_region_00789,chr16:83794986:G:A;chr16:83794991:C:G;var1;middle;OL41|K562|d6faaae74a50de1d
55948fc531e8548fd63c5275d76813f04648217b094e925cb254331ad9abb0f0,b,K562_region_00413,chr11:130080037:C:G;chr11:130080065:G:A;var1;middle;OL41|K562|cfd83ced38bd2417
55a599a90c11d306cf135d23583b8c3303f941cf6e71cf97ec6d7d8bc370bc85,b,K562_region_00944,chr17:74309425:T:C;chr17:74309474:A:G;var1;middle;OL41|K562|7d07138a5b39293a
55a79c6c0b4f6f2b3ace2b78d7fd297f530eea52b3534a7f5185452854f0e711,b,K562_region_02130,chr9:4740456:A:C;chr9:4740540:G:A;var1;middle;OL41|K562|b9d605236a22b3b1
55ae78ea90ec0e54fe4dc67235c84ee402209cd2cc9d9564cd7b2b728180cc55,a,K562_region_01826,chr6:22930460:A:C;chr6:22930522:A:C;var1;middle;OL27|K562|b33468c0ad23d1ee
55c20083b9fb66f2753f1780daf7f876f9e7d88124921102a010e8f1641b32b0,b,K562_region_01741,chr5:34930376:T:C;chr5:34930387:T:C;var1;middle;OL41|K562|f700c222f3409210
55cf3a0d94462bd1e32662d4fef6ef533a80755fc72a512a5447668f33c77c5a,a,K562_region_00742,chr16:15498773:G:C;chr16:15498807:T:C;var1;middle;OL41|K562|fcf2b8e777a8bd1c
55d70fa638fa452d72b416a9601995c0be24d65d6d50346c851c4375825aa14f,b,K562_region_02211,chr9:133050928:T:C;chr9:133050954:T:C;var1;middle;OL30|K562|df6bcdc0a3c4276d
560db98ce4c4168bdab5a0d690e656cdad32907ba0316433fd077432023772c6,b,K562_region_00470,chr12:64062065:T:C;chr12:64062132:G:A;var1;middle;OL41|K562|7cd2e88cd2054bfa
561e4c926d34653cdfc0e8d51d431e2c7b4f97321218dee300a5d1fec335782d,b,K562_region_01085,chr19:15413612:C:T;chr19:15413679:C:T;var1;middle;OL30|K562|1f10368f66042847
5631fecd4b8b7ff67458a20aa4ecac4ae3891b4ec872f5a8afdbbaacfaed0357,a,K562_region_00762,chr16:51797235:G:C;chr16:51797252:G:A;var1;middle;OL41|K562|22115e5fd85dafcd
5634f2ecb5cbae92372a4ecef0894aa6a1c943f4580eb3dafd6ada0899332b3d,a,K562_region_02221,chr9:137268044:T:C;chr9:137268063:A:G;var1;middle;OL29|K562|327c8c7834c11c7b
56381f424660a06c859ed41285ce47e3c881496fd559d5c2b9dba11856a94e81,b,K562_region_00507,chr13:33554352:C:G;chr13:33554405:T:C;var1;middle;OL31|K562|e884a99854e01bab
56480ff05e90d0dc086f538a3c1b7729efc66fed160e670dbed50f2197fbb2bf,b,K562_region_01971,chr7:68597763:T:C;chr7:68597771:T:C;var1;middle;OL32|K562|f07629d914953b7c
564ee5b4747ba769963f4e0b714812ffee766c3bbe472a0c9afc22d2834eb4d2,b,K562_region_01839,chr6:42285815:T:C;chr6:42285903:A:G;var1;middle;OL28|K562|64ed170be4f682c5
5654d6116a0a2fda7f7919f1bd006170bec83456d81dc8f779642756578c0ab8,b,K562_region_01162,chr19:49891280:A:G;chr19:49891314:C:A;var1;middle;OL41|K562|1f79f2c31ac4e889
56550546117c834446ff6579eb8df1786ac7e3cfa4730ab5875019aecae6dda5,b,K562_region_00269,chr10:118397884:A:G;chr10:118397894:A:G;var1;middle;OL31|K562|494f42e1c270e464
566e7f7ad59141a2ad140335c788b48e784f884084ff809ce5081c869fb77166,b,K562_region_01473,chr22:17488669:C:T;chr22:17488727:A:C;var1;middle;OL41|K562|45ff9b41afea5b38
568153f383327a67fa0986027ed88b1429934067d8c8039aa8fb78a94d0a7b93,b,K562_region_02074,chr8:22941873:C:G;chr8:22941887:G:A;var1;middle;OL41|K562|91fb070a35071561
569899c7376456a47d54fe76d4b208f695c7dc685c4f6d9f13c486c78a5359e6,a,K562_region_01760,chr5:95173881:G:A;chr5:95173887:C:T;var1;middle;OL41|K562|e664fd309f5e5016
569c8ada353dd2d218aebae604d6e2eabc4abdbf304bf000adf630887506e7a4,b,K562_region_00565,chr14:52511911:G:C;chr14:52511969:G:T;var1;middle;OL29|K562|36b437c62860b19a
56b5fb3f1b3f863cb47f674ee15c3bf431c89978387946b1eb8a40e65542be4c,a,K562_region_01784,chr5:157158326:G:C;chr5:157158372:T:C;var1;middle;OL41|K562|2bc489c2299952d8
56b644fd69be2028cbfc0ead016c52b0c29f733e20de9a349787967baa00adcd,a,K562_region_01614,chr3:132235022:G:T;chr3:132235047:A:G;var1;middle;OL30|K562|00dc8099bf9d90c1
56bc7713e3b34f90bdbd7ca2e767d9fc5a561520d29b1014410d00c8d16dbe77,a,K562_region_00878,chr17:17132166:G:A;chr17:17132202:G:A;var1;middle;OL41|K562|ac3d7bb8c0aa17a7
56e4e01bd120a2c777609a2c70e251f2ad620fe47961df2ff77249fcff6a63db,b,K562_region_02044,chr8:6488710:C:T;chr8:6488787:G:A;var1;middle;OL41|K562|a6d8e99cc7b16f06
56eb7dfd1a0456fc6573522fa827e7edf2702be6f05ec7f8626a101713747460,a,K562_region_01695,chr4:77394018:T:C;chr4:77394095:C:T;var1;middle;OL27|K562|88ac660c972e7f9a
570bfcd4e92c8e5ba7153d92905ab141ea8bbc391bd76123492f100ba599f2e1,a,K562_region_00667,chr15:99091387:C:T;chr15:99091420:A:C;var1;middle;OL41|K562|4e0f933e7db0e6fc
5715e7dd13827d5c404b8412aaf1d1535e98e6dc461887fa33da2bc9618daa6c,a,K562_region_01159,chr19:49342145:T:G;chr19:49342188:C:T;var1;middle;OL41|K562|41af3cc4f2a9fc53
572a91e67592ad08f74e47839d62598b8b5722b1033dc9de99ed4ec3a894f6b4,b,K562_region_00710,chr16:2013715:C:G;chr16:2013756:T:C;var1;middle;OL41|K562|dec9925f2bf9ed34
5730568ab86132eb1239de6c9a61dd4dedb71378d88c9898f5b77d650710957e,a,K562_region_00126,chr1:161188587:G:A;chr1:161188649:G:A;var1;middle;OL41|K562|1e408eadc252a67d
573630f2990b25be190cc365a9bbbadeed2f29e16c35ce09850b7a50204fa8d2,a,K562_region_01404,chr20:50147400:A:G;chr20:50147472:G:C;var1;middle;OL28|K562|63e0977dfbf086da
573c5583b2b81955f0a8199515dea32d5a1b4e000d1d62e3afcdb257c29ec191,a,K562_region_00583,chr14:90421493:G:A;chr14:90421558:G:C;var1;middle;OL41|K562|b219c12b2e8a74ab
576c76357255764e526951aebd8e206f8ff8572938466216b1048a84d9fe4556,a,K562_region_00226,chr10:52642500:C:T;chr10:52642516:G:T;var1;middle;OL30|K562|1969bba8487074f8
579f6103b99bfbf49944bd9d11a462ccf94329011ade4e56ff8a2aa885810f2a,a,K562_region_00587,chr14:95053849:T:C;chr14:95053863:C:T;var1;middle;OL29|K562|f1ae91c51b25d0ce
57a520bb5e49f5af8c82784b248f0ccdb22ada8a07d3d33f5f88680a1b4daec3,b,K562_region_02240,chrX:1517858:G:A;chrX:1517862:G:A;var1;middle;OL41|K562|fc99bb48783377f4
57d8ff7a2f4cb4cf188281167d0fe8f13c2192dc6856986394bf0e684a05c0fb,a,K562_region_00776,chr16:77888158:C:T;chr16:77888220:G:T;var1;middle;OL41|K562|69b79c6b231b593d
57dc64087ce8951baac3b86df5b706efa41adb81c2b5087eb75b03f916ad26df,b,K562_region_00544,chr13:114927133:T:C;chr13:114927139:T:G;var1;middle;OL41|K562|277c02a6571603c1
57de9683f311221dce9795ba80a52ed991f39a0ce0329d82bfd730409b1a2199,a,K562_region_00730,chr16:4864101:A:G;chr16:4864179:A:G;var1;middle;OL41|K562|5cbab98d3d42e4a0
57dff759d84a4bb8c40a2f76233b771dffe25db819188ae2751d24c8b66e96f4,a,K562_region_02194,chr9:113912553:A:G;chr9:113912560:T:G;var1;middle;OL28|K562|a764dc8b150ccb7d
57e1325113658195579de198172963032b242e32515ee544e118595b88569731,a,K562_region_01017,chr19:494225:G:A;chr19:494245:G:A;var1;middle;OL41|K562|b592b6520f5e5788
57f03006ddbb15990b7164e830dbefe57e8c49913f96c81384cbc868a771cf3f,a,K562_region_02080,chr8:27318391:C:T;chr8:27318425:C:A;var1;middle;OL41|K562|c1814112e2e7e2e1
57fe10f4855b520ed9a5f3abf9437b9629b4cc80b34bb3d781185a258ea7ce16,b,K562_region_00987,chr18:21640515:G:A;chr18:21640564:G:A;var1;middle;OL28|K562|3ee2aab4d5a43cd7
58004d2e17a642e614842ef4b4000a9bf63906135eae1fd6e5fa2d8f0d45910c,a,K562_region_01467,chr21:46683590:G:A;chr21:46683622:A:G;var1;middle;OL41|K562|f93c613ce1f68610
5807a824cb828b4a5bafc977cb0ae73cfade36696dfeaef64aa229498973ae1e,b,K562_region_01127,chr19:36605794:C:T;chr19:36605875:G:T;var1;middle;OL41|K562|bd01e27562be05de
58099d42904d79944bb28f1460895147b6e8dab66d4a6fa6f6ed6b5d7d899d7f,b,K562_region_02046,chr8:8319963:G:C;chr8:8320029:G:A;var1;middle;OL41|K562|78adcd62fe3ec0ab
580c48d0fc02029e5c4934a6c5c8c5b3e32bfe4343fe1c9eb1f5f60fd0997fc9,b,K562_region_00652,chr15:79237247:C:G;chr15:79237293:C:T;var1;middle;OL41|K562|7bd9f651e79f9e25
581c3dea0a0688c7cf21bcf1841bccb0e7679762dd76da90d7ce7a10768a64d1,b,K562_region_01133,chr19:40591182:T:C;chr19:40591209:A:G;var1;middle;OL41|K562|5620e5ba61114826
581cf20744635d3478631f7c4613baa1bcca914021236ec76fdca0d866add99a,b,K562_region_01877,chr6:139960170:A:T;chr6:139960195:A:C;var1;middle;OL28|K562|98dbefe9f9656f13
58251a62dcd5bc08d05eca650399937c0d67fb93f82794d5b2cd6f63109d1239,a,K562_region_00247,chr10:91596920:T:G;chr10:91596946:G:C;var1;middle;OL41|K562|e53cc0d70488890f
5826bf6fd96d0f26cea591d430d9d179f66bcc05bd5e73a3c8937d7b7bae5b50,a,K562_region_00154,chr1:209979518:T:A;chr1:209979529:A:T;var1;middle;OL41|K562|412cf1d2c8f69373
582e349359e7621bd1da144332a467569a10189d3ed967bde395b62a286bdb8f,a,K562_region_00190,chr1:248903755:G:A;chr1:248903769:A:G;var1;middle;OL41|K562|afc12e7d93897e53
58371b4289278e37d29299fa261d9894e172793efa4c262c0627ff02c8a6fea8,b,K562_region_01861,chr6:109284223:A:G;chr6:109284255:A:G;var1;middle;OL31|K562|487eab61f461c80d
583ecbdce0fc899652c4cb5659ef63d819b8f1cbd2829f92d68df830283fc9db,b,K562_region_02124,chr9:114249:A:T;chr9:114313:C:G;var1;middle;OL41|K562|0ac7ff7e7cf5a6c3
5840561b831a507831fc01f222f9c2a399ccc15601a3684c03dae90f0f8dd464,b,K562_region_01001,chr18:60793494:C:T;chr18:60793549:C:T;var1;middle;OL27|K562|dbbb1cc31b558b93
584b980c59325959918193d4bf42b4a9fa32dafa551918b6269af0d7612c1679,b,K562_region_00102,chr1:117603156:G:T;chr1:117603188:G:T;var1;middle;OL41|K562|ed7c41e7ead2997b
585e9dca2f02004476c36abc6b45f0aa7d8986e3f3d52b2a35177ec2e694686a,a,K562_region_01476,chr22:18915282:C:T;chr22:18915347:C:T;var1;middle;OL27|K562|ee089b74780c1512
586000e7614a027f98d2f69e77aea730ddd2335597c061226a3f4afc4e84bf25,b,K562_region_02024,chr7:149575638:T:G;chr7:149575725:C:T;var1;middle;OL41|K562|4281b3510070eeaf
586edb66a7320d267f8e913fe9b2f6329285e293cb11e8f52e52543382cc2ff9,b,K562_region_00472,chr12:65995687:G:A;chr12:65995727:G:A;var1;middle;OL29|K562|8a80113e6a21c8a1
586fdc3e3c451006334a534d6f82fb8dcc6585cc5cce6e7230937652118d2d0d,b,K562_region_01642,chr3:194304741:C:G;chr3:194304753:G:A;var1;middle;OL41|K562|b791393aa44635d0
5881f39c9bab85d192b7af17c986ead3b5d3e4e584fc5117f511a31186f2d632,b,K562_region_02051,chr8:10278686:T:C;chr8:10278735:T:C;var1;middle;OL41|K562|6da28713b8560b18
588246072a543cacdb4e75c8545cd8395c80a002503a0bac060f19152cc7bba0,a,K562_region_01035,chr19:1456595:G:C;chr19:1456647:C:G;var1;middle;OL41|K562|61ce90e1944c1ffe
58843fb2265f0584cc8355078573b54007cf15b97eb3c0a11baeb03893464bb4,a,K562_region_00840,chr17:2278555:T:C;chr17:2278557:C:T;var1;middle;OL41|K562|4004758c9c0da5f7
58cc46687ca06a8fab49c6a5efae6fe0b814e52959d62c19a2ecfeddf9897f23,b,K562_region_00584,chr14:93516398:T:G;chr14:93516465:T:C;var1;middle;OL27|K562|44a657120ef0d599
58d25ba4c8411aa6c2e968a178b47168e9017d9fc2cf621adbc498c50d334415,a,K562_region_01568,chr3:8775379:G:T;chr3:8775457:G:A;var1;middle;OL41|K562|e998995fc453b355
58d6b6c162d6af4f125f2b529d9b0ac8e82f08165f8a7a46320c25e78426f475,b,K562_region_01224,chr2:26584310:T:A;chr2:26584314:T:G;var1;middle;OL31|K562|eb44191d64f8364e
58e56ddefb3dde6d2b93eda36dad80546d48216d0766bcd80e55503a8704dda5,a,K562_region_01886,chr6:151994910:A:G;chr6:151994967:T:C;var1;middle;OL31|K562|74485b26ff015c2c
58e9aed2160c032e6c5671b4717dc9bc12920e7b9082acd5c6d833fd58ac60c2,b,K562_region_00680,chr16:420673:A:G;chr16:420723:T:G;var1;middle;OL41|K562|4bdffe8e596fbc82
58eefd17ce3629c7cf7d861490d5c606eddf734fa77d4e0ba276c4d471cdc61f,a,K562_region_02145,chr9:14292138:G:A;chr9:14292207:G:A;var1;middle;OL30|K562|304d97e1cdb50011
59082825e6549e261ef4cc066156079cda2ef4746587d004ce2fbdbd62a3cf25,a,K562_region_01011,chr18:77725655:A:G;chr18:77725699:A:G;var1;middle;OL41|K562|d0d6a2b142b82bfd
5930adfa2441c4b2663912c9955694dcf6d3d01b214094754286f771a0888baf,b,K562_region_00959,chr17:78263486:T:C;chr17:78263514:G:A;var1;middle;OL41|K562|2671f087552c8092
593ca20c28f47f10aff3acfd151e9e258cbe9fb5e63d250a309fce7b23755842,a,K562_region_01579,chr3:23746133:A:C;chr3:23746187:C:T;var1;middle;OL27|K562|2eeffa7cfabcb79c
593dfbb8d22323fc1204bb27d6e40d5cc16715b48aca00cbf59a559bba001da8,a,K562_region_02124,chr9:114249:A:T;chr9:114313:C:G;var1;middle;OL41|K562|0ac7ff7e7cf5a6c3
595016872c1c95fdd895c376167dd48020e7dfe950a62d2c1e9b9998bb1476bc,a,K562_region_01685,chr4:40820469:G:T;chr4:40820533:A:G;var1;middle;OL41|K562|6e68322bbd9e33d4
5950a18916e3e771bc2b1c01c4a409e13c8a85bd8e01d7855dffc8e494757e6f,a,K562_region_00988,chr18:33074501:C:G;chr18:33074558:T:C;var1;middle;OL41|K562|478c78f97a975237
5960012b9c563b966327f32d39bc986319e4a03c2ce6586d1800bfc67959adec,a,K562_region_00299,chr11:695955:C:T;chr11:696036:C:T;var1;middle;OL41|K562|ebac5a2ac1abb54f
596c7e7dcdd884cb2f420d33d5ce4ce6e94d3dd5caa744d5774c633c9f8ce1ed,b,K562_region_00203,chr10:16859335:C:G;chr10:16859400:G:C;var1;middle;OL41|K562|5c53b3ff12a19e0e
5976ea84c3f90e301ca30a3324ff2f46bfe1f2f9ed71b454a311d6cb87fd51f0,b,K562_region_01489,chr22:21321790:A:G;chr22:21321821:G:A;var1;middle;OL41|K562|7cdea62ecb3bdc51
5977fdf21f87d4f489ef0d13b872f0e98fdc80976c685d940deab8b56c3924b6,a,K562_region_01945,chr7:30443215:C:T;chr7:30443235:G:A;var1;middle;OL41|K562|58dee13f898bdbca
59792ffe2c3d7a65b3b305d955f588a68654b257384c8cc462c3fd2eab00e8fc,a,K562_region_01978,chr7:76255019:T:C;chr7:76255032:A:G;var1;middle;OL41|K562|a36a015b771bf071
59a5c04e6e78ca39621417b9d757d40cb8936bd4c2f6f2d2d13d703dd8e4152e,a,K562_region_02114,chr8:144097377:C:G;chr8:144097453:A:G;var1;middle;OL41|K562|8695f71cdf9a965c
59b8e3e20c0e74a305de4751222c29f06ea2543f5aae365f4f21cd5a4d35ae13,b,K562_region_01293,chr2:114385158:A:G;chr2:114385204:T:C;var1;middle;OL41|K562|bbdacdbb046c1fb3
59ba9a577a9871e7b0348b3a17e78d54425501a8905784bcf7a15b4dd7f7f20a,a,K562_region_00486,chr12:121222556:T:C;chr12:121222578:T:C;var1;middle;OL33|K562|0adb7214096374c5
59c7808aaac6821d53907ee04ae08222b3b73da6e5a1fcc5f20bcc7fe5af4301,a,K562_region_00779,chr16:79802634:T:C;chr16:79802663:T:C;var1;middle;OL41|K562|c5648e16aff0e54a
59da0766ccba75243da87d1ee6dc2570481cc3cca7826672b51762be8678901d,a,K562_region_01276,chr2:86296566:C:T;chr2:86296593:G:C;var1;middle;OL41|K562|311794a1c4fcbc74
5a22447a60240c5e5b3ee172525abdca1b7ef9c6ccd7a8974039fe5a76e1ad60,a,K562_region_00967,chr17:80191348:C:T;chr17:80191425:C:A;var1;middle;OL29|K562|85cbe0808ac4bf76
5a234649e656c7641baec02764e18a00924ae3c0f23757cfe2543fd28d82cfdb,b,K562_region_00386,chr11:95425470:A:G;chr11:95425526:C:T;var1;middle;OL33|K562|368f441ef21c0bf1
5a24e37a231e13a2fad1c39a0ac8396ee0285d0612c033e946f31b1d52fb5e6f,a,K562_region_01873,chr6:138243700:G:A;chr6:138243739:C:T;var1;middle;OL33|K562|0d76abaf8683f3af
5a343646f05c50d60e15d1c2eff07b18f8c115f24d9d9a1924ff989fb1953665,b,K562_region_01469,chr21:47405375:G:A;chr21:47405450:G:A;var1;middle;OL41|K562|fb7cccc787a28561
5a48e8547dc2400b0307057e2b5736c7df11e93c1c010cb3f90c746e7fb40112,b,K562_region_01084,chr19:14946017:T:C;chr19:14946075:G:C;var1;middle;OL41|K562|9d3fc311645f09a6
5a510c58ae9f5712a2bd9417e0f438567bfe7f187c3b1de53107cdacbae04d97,b,K562_region_00873,chr17:16837976:T:G;chr17:16837984:C:T;var1;middle;OL28|K562|166a0319c8314669
5a676337a86615d523192e49e8e72dd6849f66fe45eba760efe54e38ddb8c2ad,a,K562_region_00418,chr11:134625518:T:C;chr11:134625552:C:A;var1;middle;OL41|K562|da555287df77c1de
5a6ece4ca9b55b37a451c574722c1ae9f6659c26f72b312b75e007668979f722,b,K562_region_00139,chr1:198543418:G:C;chr1:198543475:A:T;var1;middle;OL27|K562|e7e4ad7fb9d68a3f
5a717125583440830bb85d4826c8377cbfaa8d94ada1361a433fc04423177140,a,K562_region_01312,chr2:136808949:C:T;chr2:136809033:A:T;var1;middle;OL28|K562|e9c35e6dec5ba0b3
5a7ef8ec84e43298097f7fad3560db30e8652aa617eee4478899712ad5713c5f,b,K562_region_01854,chr6:52236778:G:T;chr6:52236814:T:C;var1;middle;OL41|K562|f2a8bea5ba6dca2d
5a810b37facff3780a553732b3cb88a78bf2ab5b0d03d456b425a92877e16e33,a,K562_region_01929,chr7:20426263:T:C;chr7:20426297:T:C;var1;middle;OL33|K562|3e9e2f5908202957
5a84a6dd336b1ad40a6fd4f40b6e6821c319b992db12346be6ada7ea7caa2582,b,K562_region_01501,chr22:23657874:A:G;chr22:23657939:T:C;var1;middle;OL41|K562|31033c2cb427ce6b
5a8624444226b3143c1555850a586e3ee7ff9a972430f52e8ac8d2a2708855eb,b,K562_region_00314,chr11:3147917:G:C;chr11:3148003:G:A;var1;middle;OL41|K562|e625ea98c3674a08
5a89d9c08862007c7d2bb06184e5fdba75a1d98122f20c86d18eca1ff1e23e59,b,K562_region_01144,chr19:45909934:G:A;chr19:45910003:G:T;var1;middle;OL27|K562|73c6eaa915d1e97a
5a953317e70cf0591d7aa9ad1aac8df1cb67d02c811ca241cb21ff5a667e3e1c,b,K562_region_01913,chr7:2757867:A:C;chr7:2757938:C:T;var1;middle;OL28|K562|79616ce3aae5ee5c
5ab231335d5b637aab195d68e8fcb3fbb03a52e60c04dc0b8a2bc941f190ab6f,a,K562_region_02042,chr8:6263912:A:T;chr8:6263939:C:T;var1;middle;OL41|K562|1a461cba047cbf5c
5ab533c6e2257bfe868f794ad66ef900bbfd0a9718c8c9382b39403a7da8c6ea,b,K562_region_00078,chr1:90228306:T:A;chr1:90228377:C:A;var1;middle;OL41|K562|b3ce1fd2f7bded6a
5ad0f25c57562a1dfe11cc86a86d158ee797dd39a84642f89d42e3625783f178,a,K562_region_01068,chr19:7991679:T:A;chr19:7991723:C:A;var1;middle;OL41|K562|a5cc82bd5090a8c5
5ad6b4f51ce065ede6effb61d2aef79c7d2af1a0be2343b8b290f9d824a39afc,b,K562_region_01320,chr2:172379649:C:T;chr2:172379686:G:A;var1;middle;OL41|K562|02b06c5437b55438
5ad899e4f37dea2833bb4ab0780feb5d1778c5d362321e1412a56b4497adbbd4,a,K562_region_00065,chr1:55521195:C:T;chr1:55521242:T:G;var1;middle;OL31|K562|1ce4fc7f30562668
5adf65578dff514e68bd1c423b5d72bf2176ce84bf9cb2207b71d71201c8b219,a,K562_region_02097,chr8:92775372:T:G;chr8:92775386:G:C;var1;middle;OL33|K562|e114229503732332
5af27f8628b489e193fb50bdbb1bb382ff2bd97d41996bb11b9f8a60be225f78,a,K562_region_00832,chr17:781043:T:A;chr17:781115:C:A;var1;middle;OL41|K562|806801c9e5ad691d
5af3e2eab91c5b6149d3bbc9901669222ed9ed2af783aca7a5d343b9f3c13ff9,b,K562_region_02245,chrX:53115858:T:C;chrX:53115909:T:C;var1;middle;OL41|K562|373e8f1864900034
5af4abaddb22c142140851c09dd5dca560d1502b5c15ce59b94b25c86f9d4e4c,b,K562_region_01428,chr20:62132661:T:C;chr20:62132711:G:A;var1;middle;OL31|K562|6ace7151879c8432
5b01f8d64df6ae0049b66aa56b928695eddb32fbf5a685f707c22a07db188fc9,a,K562_region_01097,chr19:17338033:C:T;chr19:17338099:G:C;var1;middle;OL41|K562|6078abb06e10fc05
5b0c10fc6a56a1cf8f950e746ac882ebf0a4afc0e44877984328335ec55167e3,a,K562_region_02096,chr8:83064532:C:A;chr8:83064540:G:A;var1;middle;OL28|K562|facb4f0bc0e36805
5b1b675ab71c08234ed006c0c918e58328d67a91d6115d2581ef3360820d7046,a,K562_region_01472,chr21:47711984:C:T;chr21:47712012:C:G;var1;middle;OL41|K562|7edaf944ce806473
5b238e279b625947373796203166f7587e5c03a1ddfb1f6e0fa0ee4ed116f7ae,b,K562_region_00568,chr14:68066489:G:T;chr14:68066559:A:T;var1;middle;OL41|K562|fbaa3c7622635f54
5b304f595b3ccd236a55c9495da88d1b143673ba72592b141f651a10d2fae5eb,b,K562_region_00730,chr16:4864101:A:G;chr16:4864179:A:G;var1;middle;OL41|K562|5cbab98d3d42e4a0
5b3e49664a81da54be437e74ac29a60114177d757c7fda0e18d00d410d1d669f,b,K562_region_00046,chr1:26504697:A:G;chr1:26504741:G:A;var1;middle;OL41|K562|b51f5122157ad93c
5b4acd3075c84da4057cab1f875b434c6eaefd446ea1f7f8095221b9fa93bd91,a,K562_region_01054,chr19:3481578:T:C;chr19:3481650:C:T;var1;middle;OL41|K562|fbda0c1b19b65047
5b678c035e58c46449793618d644ec2342614867f34e35bc5d2e0d5b67305f81,a,K562_region_00918,chr17:48132727:G:A;chr17:48132763:G:T;var1;middle;OL41|K562|75471184d9db71e2
5b687552ab331cddf5e728925fe6a68c1ecce82d3546896d8ca5c927f87d889a,b,K562_region_00856,chr17:5412932:C:A;chr17:5412979:G:A;var1;middle;OL41|K562|a341aa97b3e216cc
5b6a86cdcaa826995bf5fe1f88b176cee3dcd2b5a1a59eb91679c73512283b85,b,K562_region_00430,chr12:6982162:C:T;chr12:6982177:C:T;var1;middle;OL41|K562|ef043e411b79c902
5b7b62f5a21e43341ed49d03d4e51d80111ec8b91d56114a20f088f45ec36fbe,a,K562_region_01977,chr7:76254795:A:G;chr7:76254810:C:T;var1;middle;OL41|K562|1ec9cd3e577dcb2d
5b7d1f8aec35d457842d399bd743e2dd5b07ecb675175b12baba30dfbf29658f,a,K562_region_00088,chr1:107886278:A:G;chr1:107886351:G:C;var1;middle;OL29|K562|28d9f1222ec4a391
5b8d4af95de6c9b70ba373396707a60e379b8ca88993ff56518dbf3a93395bf6,a,K562_region_01056,chr19:3617460:A:G;chr19:3617493:G:A;var1;middle;OL41|K562|ecf1f5f520acd1f1
5b90ecea429f46fe2efb503f65c78a9c20e7fae6365470a18edfb900472419de,a,K562_region_01898,chr6:170483234:C:T;chr6:170483291:G:A;var1;middle;OL41|K562|d4a40b831ecb7d54
5b97b039f57684d207a5087cf1a2a7f809b44db023898ffe693a406cb7127d9c,b,K562_region_02115,chr8:144303000:T:C;chr8:144303071:G:A;var1;middle;OL41|K562|d52613e5fac05f36
5b9de134a31ba5eebb242485fea78b21a0c1c9d94f1fb4a199d48ed53dc21b92,b,K562_region_01227,chr2:27315021:G:A;chr2:27315064:G:A;var1;middle;OL41|K562|fd128405c1219e41
5ba2cc5a6c7368cb3ef05c2b726b815e5dfe6d40cf45f19ea9ade447b0deaf97,b,K562_region_00925,chr17:49231623:C:G;chr17:49231627:G:A;var1;middle;OL41|K562|91f26064bf6c0a83
5bab7805155e28c95db6ec413de1ec65ca1ef5269a8e006d5c30621db926d6a2,b,K562_region_00579,chr14:76591144:G:A;chr14:76591206:A:C;var1;middle;OL31|K562|f75198c8a6775151
5bb7a83e1f4f7acaaf3a4df12c7f3bd87d30056960dfa8f718fc0ed37e88349f,b,K562_region_01614,chr3:132235022:G:T;chr3:132235047:A:G;var1;middle;OL30|K562|00dc8099bf9d90c1
5bb8d385e45b3a82c4ddfaac4cf81f950d80c71ace024d5fb98ae5fee65cf5c0,b,K562_region_01728,chr5:1276794:C:A;chr5:1276873:G:A;var1;middle;OL32|K562|bc1be6ebe358c600
5bc34e7256b49bc77a873541cf8c88a13779f022664c2ee21827e9f223f574a9,b,K562_region_01886,chr6:151994910:A:G;chr6:151994967:T:C;var1;middle;OL31|K562|74485b26ff015c2c
5bc543530a535a9f144b7e8acc5f109da7135d9d575c053e82c76668c9ff5bc1,a,K562_region_01264,chr2:66652955:C:A;chr2:66652982:C:G;var1;middle;OL41|K562|787f806c6812e291
5be83928daa50808896917d664b66756288c1654a6023d1387add6582bf2b193,a,K562_region_01288,chr2:113389476:A:G;chr2:113389511:A:G;var1;middle;OL41|K562|a34ea191eec0d330
5bf0b0710e94f9c37169bea354ba228e677ab0cff17e4d43e114fb4b7879c241,a,K562_region_01126,chr19:36235928:A:C;chr19:36236000:C:A;var1;middle;OL41|K562|36bacdd1bfe62686
5bf1afd57810cbdbda809b88aefeb966a0a3497f9a90e39bdcac1af0e616ac97,a,K562_region_00818,chr16:89600718:C:T;chr16:89600802:T:C;var1;middle;OL41|K562|aa1b938ee1c8402d
5c19b6288002d5d2c2815835f0320fbd45c0ee2c7a903a8b6adc5faa6133ad98,b,K562_region_02081,chr8:27560581:T:C;chr8:27560651:C:T;var1;middle;OL41|K562|69dfdb9c2ae1839c
5c319d59f55cb65b29f98da239aed2074328082ef5606bed8a64ef986cab37f0,a,K562_region_01684,chr4:40420055:C:T;chr4:40420131:G:A;var1;middle;OL31|K562|f2a77a79763a2b35
5c352793393cc626d31bb88176105d8e7df1eb03d2109486a17379fa86e30e0b,b,K562_region_01644,chr3:195955203:T:C;chr3:195955272:G:A;var1;middle;OL41|K562|a6c330b73d6c0617
5c411aa6c7aa119e7c582ab9b6e0ece6f5f67248cc3bf9e2fcf4137aa6420dea,b,K562_region_02227,chr9:139638457:A:G;chr9:139638487:T:A;var1;middle;OL41|K562|299f2fa6ec50864b
5c4d9727541b3b99bb0b956883f8f39b3a8c92fdb5d6b7b5ade656b22daf4145,b,K562_region_01230,chr2:28570398:A:G;chr2:28570438:A:C;var1;middle;OL28|K562|1fb230ecea705093
5c5f2070bef7e17eab285526efcb9658dcf6ed9a93b6edf35543a2938cf5954b,a,K562_region_02075,chr8:22942999:T:G;chr8:22943001:A:G;var1;middle;OL41|K562|b2c3a8fd9d11052d
5c62beefe5e0efa31f1c0ecc5211ce9123141cffee048de608763889cc5272df,a,K562_region_00462,chr12:52252294:T:C;chr12:52252338:G:A;var1;middle;OL32|K562|30e40fc0915ea5f8
5c6dba4113a0938dcf0eb8d8f26df443de0e152a6a992a0cd7eb4ea27a33650c,a,K562_region_01717,chr4:186580610:A:G;chr4:186580657:A:G;var1;middle;OL30|K562|2873691bc8601fad
5c7e350fa1c739c234d1119ffa1ac87248095b3fadec2dcd1508bec023807920,a,K562_region_01319,chr2:172378818:A:G;chr2:172378889:C:G;var1;middle;OL41|K562|e64d8f781031cc85
5c9f175ab0cb7acd3cf67820e53fc9e184a532cee69544ff430cb5548cdd8776,b,K562_region_01210,chr2:8819789:C:T;chr2:8819812:G:T;var1;middle;OL41|K562|19b4d6655f283480
5c9f5099612141da6ad70d475ec4f585ee806e6103adca365efb863593458e68,b,K562_region_00593,chr14:100771483:T:C;chr14:100771572:C:T;var1;middle;OL41|K562|bb835d7eeeceb8e1
5ca109c41d46ef46bb386419e0430d36894a2fb15409ce8df0b3f866adfe4343,a,K562_region_00770,chr16:57320086:A:T;chr16:57320113:C:T;var1;middle;OL30|K562|38f63655e1361de6
5ca4c45692d11622f947522a21d99fe219742dcee0cf7524e1bebd31120c05da,a,K562_region_01284,chr2:108905030:C:T;chr2:108905048:T:C;var1;middle;OL41|K562|74a746d5357a363f
5ca59d6887ef70acb2d218041f2ef48e2c97f5526b58ba2aa8ac654655e6b23d,b,K562_region_01200,chr2:3494322:A:G;chr2:3494374:A:G;var1;middle;OL41|K562|ee4c86c9b87584ec
5cbafc34c3adafd2853c334c5e538201346eb62425bbf466f63acd95dda4aaa8,b,K562_region_01012,chr18:77825898:A:G;chr18:77825934:C:T;var1;middle;OL41|K562|0aa13f212f91f655
5cbc35cb027e9ef7d1eee3ef9bfdfbccf831bf371c4629092e831d9b0e2d503d,b,K562_region_00689,chr16:783156:G:C;chr16:783173:T:C;var1;middle;OL41|K562|155e450f35aa1043
5cbde7571ec28ac5d66a174fd39dd711abea52bedd0d6109e78054af73742c7c,b,K562_region_01893,chr6:168720652:G:A;chr6:168720697:T:G;var1;middle;OL41|K562|e1b9375783f35915
5cce31fe497d4e5df99b5f52e73d4e7856ff62b70c3b8d1949eff3c1d4902183,b,K562_region_00031,chr1:16410170:C:G;chr1:16410178:G:C;var1;middle;OL32|K562|32289db5a46a9c18
5cddb48bb9d88a8edc960764ad70b75168046262db3323856b27707a1aa65c9c,b,K562_region_01661,chr4:3578550:T:C;chr4:3578569:A:C;var1;middle;OL41|K562|d64574fba83e1098
5ce191e0f86a411a77ffafefa1e0626d2fd2236ae5eed9366312089cbc9313e1,b,K562_region_01729,chr5:1594056:A:G;chr5:1594096:A:G;var1;middle;OL41|K562|dab659f6cf6abb33
5cf264897b1f3154eeeecacb6ccc4ecdf8e49372519101d5c61182e3048146ae,a,K562_region_01176,chr19:54024252:T:A;chr19:54024255:C:G;var1;middle;OL41|K562|2ed2c41fcea62038
5cfd546798d7c257213288dd93307d1e0e64727cd513d7177d83a4671f46b025,a,K562_region_01311,chr2:135014116:G:A;chr2:135014126:T:C;var1;middle;OL30|K562|f1a5c6ce20b542fa
5d042e59346ac1244fabde99c5653b73ce938e351552e7fc756c1d73d55c2889,a,K562_region_01007,chr18:72163410:G:A;chr18:72163459:A:T;var1;middle;OL41|K562|ebea25b6af89ecdb
5d1657e549fe9ce5923a156083703858cf871e379ec7c0e2533f8641ba039b6e,b,K562_region_00034,chr1:17336253:C:T;chr1:17336319:A:C;var1;middle;OL41|K562|fed6b38b9bbf0a33
5d404bcdfbbf49de8978875915df7c02dfcff5814319a5e751f56a5cc37e4b10,b,K562_region_01325,chr2:182234940:T:A;chr2:182234986:G:T;var1;middle;OL27|K562|4516da710608b65a
5d421c12a035166568a6d272a5f5a734c627c11623dd876bf11271a04bf5a19f,b,K562_region_01215,chr2:11853913:G:A;chr2:11853964:G:A;var1;middle;OL30|K562|ef90491a42aa2c52
5d60d080b6398892ea4be746dc996a0f659c852d6ea22cf56f95a11417ed16d4,b,K562_region_00868,chr17:10031571:T:C;chr17:10031642:C:T;var1;middle;OL29|K562|03e7db3d8a16b555
5d623902b2188033689f18e4140332f282a652071c412c8e334579a0756160f8,b,K562_region_01315,chr2:160754050:T:C;chr2:160754132:A:C;var1;middle;OL41|K562|4a7ba2ae9c0a0c8b
5d66d4c339e1b52fa5d7743dd819ba834909433039271a77f10605d711bcef83,b,K562_region_00690,chr16:787738:G:C;chr16:787827:A:C;var1;middle;OL41|K562|d3fdd12321af8871
5d6dc6ac2e8542cc6508ece2917771a121cc68d70f3655c09b6237f0a65bb4cd,a,K562_region_01835,chr6:39033078:G:A;chr6:39033131:G:A;var1;middle;OL31|K562|638556055164c4d5
5d9253af4207f09aa9b3b4f79c1b0532b9d645e18f6de213f1717054e6ec98de,b,K562_region_01198,chr2:3484443:T:C;chr2:3484500:T:C;var1;middle;OL41|K562|dc002e3eefb60486
5d97f9164d0b10f3a2dbaa68c501a0041d50b84a49a7a603dcc5315ffa211a28,b,K562_region_00554,chr14:24768952:A:C;chr14:24768967:G:A;var1;middle;OL41|K562|ab896c7b32e6a83f
5d9ed4f54c92f427debf277fa2b09c0be3d117414e2cb42c1143ec8e09ccb9da,a,K562_region_00335,chr11:13010967:A:G;chr11:13010975:A:G;var1;middle;OL41|K562|5e28d44bbb7e8ab4
5daed2527070a51bc3cfd9b62ff48e8974e46beb08d6ff8b1dd9cfdf8c2edc16,a,K562_region_01501,chr22:23657939:T:C;chr22:23657966:G:A;var1;middle;OL41|K562|299f411df9f2324c
5dcc597cf466a9d1501d1df06ba6e35f831a917a48ff1cb7b2a2f8c3cfd6aec7,a,K562_region_00215,chr10:48722514:A:G;chr10:48722524:C:G;var1;middle;OL41|K562|58d25260ebbb73da
5dd2fcc0d87905d482d8300ff25de98cd2923e5c929619e706e8cd1176aa3aaf,b,K562_region_01253,chr2:46742729:C:A;chr2:46742757:G:A;var1;middle;OL41|K562|2ac79c7d00ea389c
5de0a57743dbffc690810a7cfa7a11c9942316fb4f06f234832d32cf07fd6ec7,a,K562_region_00494,chr12:126467920:C:A;chr12:126467943:G:A;var1;middle;OL41|K562|2a83d6ab2d1bb108
5de813e39ae18dc72c114e6ccee0fd43a0bc22c32dd984f24f494f1a80f9171d,a,K562_region_01710,chr4:169425339:A:G;chr4:169425372:G:A;var1;middle;OL41|K562|4907bff11703f94e
5de8410fa989f2d699a5adce95c2638ee2c956165474c821fc583920c5cc5e54,a,K562_region_01829,chr6:34503446:T:C;chr6:34503517:A:C;var1;middle;OL41|K562|0e69ed6c46b09f59
5df67cdffce60c63d14ec700ce7be752c95716c46d6592868984443d7aad7d2e,b,K562_region_01128,chr19:39260470:A:C;chr19:39260544:T:A;var1;middle;OL41|K562|d092d56a67202a0b
5df749652d3a7b04f160bd492fe1e833e860ffcdaeec240614bc0884e128b07b,b,K562_region_00840,chr17:2278557:C:T;chr17:2278644:C:T;var1;middle;OL41|K562|5811b4133043c148
5e0ec1af609aee9c45a994183cf3c1b169b744084ded25ee235bcbcfe2262950,b,K562_region_01234,chr2:29288425:A:G;chr2:29288429:T:C;var1;middle;OL41|K562|d50c7980d22d3d15
5e10dc66bcf22ac92ec7961ed091a509b05ad9e9f090388930f3a3b074e1a8f1,a,K562_region_01667,chr4:6673552:G:A;chr4:6673630:G:C;var1;middle;OL41|K562|0dbdc42d967788ba
5e13064d84f6845fca45980412a9384bc55169accc5c6a1732f5ed98b97b7c87,b,K562_region_00005,chr1:1179747:C:T;chr1:1179800:G:A;var1;middle;OL41|K562|737bb7bf599bcea9
5e15ba48ac1b032a9a707e2f6a903626d915e9e199f834ab55643a50a9445af2,a,K562_region_00781,chr16:81042028:G:T;chr16:81042116:A:G;var1;middle;OL41|K562|60ff2d55cb0965b2
5e2339a7a8b52ff8bca9aa8b5507944005147bce91e50058af885fa98ed7d711,b,K562_region_01514,chr22:32871383:T:G;chr22:32871442:C:A;var1;middle;OL27|K562|859a1500e3bb64dc
5e2b0d986d04014144264ab88b4378a54dd14d7129f67ffb3c396240942e1cbb,a,K562_region_01016,chr19:488474:A:T;chr19:488506:A:G;var1;middle;OL41|K562|8f2254567d7b2283
5e44595954a81729c1264ab039308057f7a8b55547e32475804d76ba8581f7ac,a,K562_region_01536,chr22:43533427:C:G;chr22:43533515:A:C;var1;middle;OL41|K562|4aa0a4b9a6d25287
5e4d953597413976c099db9a511a72c2b1cf0a7d6991b85627c33caa213c0d32,a,K562_region_02093,chr8:71359660:G:A;chr8:71359664:G:A;var1;middle;OL30|K562|a33e865c5228f865
5e5128022e36edbb177b973c288e1510071b6c7de5d32c10782c5c193cf649c5,b,K562_region_00765,chr16:54420306:T:C;chr16:54420321:T:C;var1;middle;OL30|K562|8c0c489ee8c02a6a
5e54a5b39f51ef9e337b1dc3b359e897351144acaf4fb1482c089343658df4f1,a,K562_region_00813,chr16:88837243:C:T;chr16:88837298:C:T;var1;middle;OL27|K562|0f7bdb0831a99ea0
5e64a374282d151b9b6aaf78ccd01080fdd73dc58d854096b0def2156e8650a6,a,K562_region_00244,chr10:89826993:T:C;chr10:89827001:G:C;var1;middle;OL31|K562|60fc72fcdb4f5119
5e6e1108f4a834cd5bf2c9342c3bdee57bb9ef2812c5378022a6941340f6e850,a,K562_region_00307,chr11:1876867:C:T;chr11:1876945:G:A;var1;middle;OL30|K562|5665bef64788e784
5e7d8b01b557d5f28884570b27d73dd6cc67b764e0e74c8edff820b424adc40c,b,K562_region_01594,chr3:53878597:T:A;chr3:53878616:C:T;var1;middle;OL41|K562|9f5b7ff5966345ed
5e8ad715402a2ea083ffc052b120e30a82345f12ad67b0c99b47696b9e4ba04a,a,K562_region_01071,chr19:10097536:G:T;chr19:10097593:C:T;var1;middle;OL41|K562|9aa0c689496c9ee8
5ea61d1ffdc427e8ec90d8dff2fe091a3a33ec641217d3200f2277c924abf497,b,K562_region_00154,chr1:209979613:C:G;chr1:209979635:C:T;var1;middle;OL41|K562|2e0b381dc8e77628
5eb18f53c23a8a1b929bcbfef02c76bdd54468274f305b4e5d2a325ad8c02b2d,a,K562_region_01570,chr3:9507257:C:T;chr3:9507314:T:A;var1;middle;OL29|K562|8f931f5195971191
5ec9bebcfbec32a3788771c1860d48cb2f7cb4478b97d671a02452050ee5194d,a,K562_region_02250,chrX:152583090:G:C;chrX:152583097:A:C;var1;middle;OL41|K562|7d84c4d575e8faf2
5ee1b747e0bc313c5d8fb3c3b7288ded15d6e380fc54ca3f89ad33279f68a53e,a,K562_region_02170,chr9:95794386:G:A;chr9:95794393:A:G;var1;middle;OL41|K562|142132bcea97dfc1
5ee38b1a10b4bdcc4e66836b0a652ea807622b7dd18c3c007113d166f97f7064,a,K562_region_00870,chr17:13918737:G:A;chr17:13918783:C:T;var1;middle;OL41|K562|311462499937e270
5ef0db8330003b2db11a05303df21fdd9dec9a1e6163b74311e9b52ecc8de10d,b,K562_region_00109,chr1:144909149:A:G;chr1:144909227:C:A;var1;middle;OL41|K562|514d68e6a9916391
5ef79c00e79d42b51ef5a4e4961143062dbf527f3e1a5b325c05b9c666791f7f,a,K562_region_00687,chr16:740868:T:C;chr16:740881:A:T;var1;middle;OL27|K562|9f4cf10089aa63ab
5f013a302f66002f600c9b49355d55aa225d4356c02741f789b0b7938c688fd0,b,K562_region_00920,chr17:48595109:T:C;chr17:48595198:C:T;var1;middle;OL41|K562|794e243e33d7d323
5f185dfd4712c3c8ce17f8d53696cdf69658ac7f3bbb4f6ccc5fd3553da77956,a,K562_region_01887,chr6:152005534:C:T;chr6:152005544:G:A;var1;middle;OL30|K562|1217d1fe5e20ed66
5f26171e7099676d3cded4d762ff24f87e5087652a0a9829416a023ddff45500,a,K562_region_01099,chr19:17412883:G:A;chr19:17412947:T:C;var1;middle;OL41|K562|4fae2b09256e0515
5f2d555ab7e070a5b1e5d73b8855c5d2e62a912c4df9bee14b3b4248c979e25e,a,K562_region_01455,chr21:45199112:T:A;chr21:45199150:G:T;var1;middle;OL41|K562|4fd11256abe0b517
5f30a4e4df7cead056641713a735cf470fd4569e32526b156a0dfae697c0c7ed,a,K562_region_01847,chr6:43972729:C:G;chr6:43972733:C:T;var1;middle;OL27|K562|135dff32ba01be8c
5f355a77146e12982a2486c2fa37862d39c5f71b36eeb884d3018f605b1491a4,b,K562_region_00131,chr1:165370400:G:C;chr1:165370475:G:C;var1;middle;OL32|K562|b79a0915c3587e81
5f35acea81984b8345c0ff004d7919dd8c6dcfa094b9f794468484be8c665d7d,a,K562_region_00434,chr12:8379813:A:G;chr12:8379866:T:C;var1;middle;OL41|K562|49ece1716e2e6418
5f432505d99faf839251799862aa2bfda20cf31a9cd3daf40c439fef03ba43b7,a,K562_region_00866,chr17:8785087:A:C;chr17:8785092:C:T;var1;middle;OL28|K562|f6e550dd0ec9ef0a
5f5ecb4239c907739093a5145c5155326736b3c8508b1fdd7582f0ebf3ef0036,a,K562_region_01231,chr2:28629343:G:T;chr2:28629367:G:C;var1;middle;OL30|K562|01cdcaaa86724ec6
5f6041d9c68c548e4de1316d8c99a589637f465e9a60cca3d68a2619f5142b09,a,K562_region_00658,chr15:85926237:A:G;chr15:85926254:G:T;var1;middle;OL41|K562|cb119a9ed032375b
5f6a7e10312fc7a2ce0ef2d5d994b51d218389a7acd6cd5b9a07b3364bd1733c,b,K562_region_01935,chr7:23242754:A:T;chr7:23242830:C:G;var1;middle;OL41|K562|cea95cfd2c27b786
5f6ec5d2a5a8b2e29d8ae67db2255eb98a1d508449e7547f0eecaf36870baf0e,a,K562_region_01575,chr3:12615964:G:A;chr3:12615984:T:C;var1;middle;OL41|K562|81ab427982acba8f
5f7045261c68b436c6484937f2cfdd355fd0a138e81df87573caa51056347293,b,K562_region_01692,chr4:71894563:C:T;chr4:71894573:C:T;var1;middle;OL31|K562|7eb92aeac950002e
5f726fc563f1f939fa3d008d1ecfb3b748e854207181188b76bf9d9fae835f87,b,K562_region_01016,chr19:488470:C:G;chr19:488506:A:G;var1;middle;OL41|K562|7c0d0894fb9d92de
5f8f9d9aa83387006c867b28d3f502dbd3f02c41242047b69d3b949029208ddf,a,K562_region_00254,chr10:100175477:A:G;chr10:100175532:A:C;var1;middle;OL41|K562|23c60b081fc32523
5f90203ec1fb81226cffa9e546534e743f019bda88baa1ee07becbf848bc5581,a,K562_region_01784,chr5:157158393:G:A;chr5:157158414:C:A;var1;middle;OL41|K562|957c3ff53f2c397d
5f95fd6189f317cbd53cf3d4de55d12bbdfe24f8844ce6ae5358849cd68990a5,b,K562_region_00286,chr11:287959:G:A;chr11:288003:T:G;var1;middle;OL41|K562|0e5ef5a3666d0b13
5f9a0b0b985e4185dc8c81bf69d21cae559c186321acf555f8712e4ed76ae128,b,K562_region_00096,chr1:110254396:C:G;chr1:110254411:C:T;var1;middle;OL41|K562|70f15d96b1468b4e
5fb1df0f8bddce48e35cbba1257b20a3564fb182b30b6c438c129891cc3e4c91,a,K562_region_01224,chr2:26584312:C:A;chr2:26584314:T:G;var1;middle;OL31|K562|8e7e6f6338a63394
5fb38efe50923d48ec9c15e866dc6507ad08927b664faa0a7ee9f7584f221d4d,a,K562_region_02028,chr7:150522054:A:G;chr7:150522100:A:G;var1;middle;OL41|K562|db935d94251178ac
5fb8df54cb880666497d002b6f7b37f801a4daf5164d30a97f90787a7d5f8e28,a,K562_region_01266,chr2:67838685:C:G;chr2:67838694:G:C;var1;middle;OL29|K562|1e5e0e00ede58b94
5fbc8b3a800156bb2de107815ae68519369d8e231f860601c433f1df8ee7fcff,b,K562_region_01172,chr19:53868959:G:C;chr19:53868979:C:G;var1;middle;OL41|K562|6a622821aa24d575
5fcffd0b5088d1247f2303ff2a63860b3dc90ab0b814020e44f3e69100600590,b,K562_region_01246,chr2:43254399:G:T;chr2:43254426:T:C;var1;middle;OL32|K562|973330d225cab0ae
5fd2c42acf56a620fe3dc201953642dfe4ac77355d36a325f7451b603941d90e,b,K562_region_00096,chr1:110254411:C:T;chr1:110254456:A:G;var1;middle;OL41|K562|377054a19c479263
5fda73ec88c553581fcdb4bcb67ea7dfc163eb8f8a1f0d4696f3b6c58ddecb41,b,K562_region_01576,chr3:13584980:C:T;chr3:13585009:C:T;var1;middle;OL41|K562|890061dd9ec8aaed
5fdd06b774f39bdcf6b1e6fbd10fd0e46cf063d009ae4299b310526a26091515,a,K562_region_01322,chr2:175439512:T:C;chr2:175439536:G:A;var1;middle;OL41|K562|8a26875c1ef41c75
5fe034eb324cbe59e1449a7010deba77dbd4cdb2f218c164025d4caa97b97efd,b,K562_region_00964,chr17:79397771:C:T;chr17:79397803:A:G;var1;middle;OL29|K562|549d9e70b5031274
5fe651c4d01a1c8e25406f0ab96ee84f7730e55dbf66a57b96f7bfbebb4d89ef,b,K562_region_02102,chr8:126485294:T:A;chr8:126485337:A:G;var1;middle;OL30|K562|40a34c2a9e8721b1
5fe919ab44b13bd4c1929f818d6fedab3abbecbddb78b99565d6f75851e56fc9,b,K562_region_01999,chr7:102119339:G:T;chr7:102119347:G:A;var1;middle;OL41|K562|dee77b49e7d0cb70
5fea348ba3bed532885663ce31037c4943b7c5285e673f207c6775e1d7e5b5fa,a,K562_region_00071,chr1:72751134:C:T;chr1:72751185:T:C;var1;middle;OL41|K562|aaa0ffd2f1213acb
5ff2546c992c6b463c8e7728c8318ee2ff1aa4ce4e04c8bd29992b59fef7c658,a,K562_region_00372,chr11:72460694:T:C;chr11:72460762:A:T;var1;middle;OL31|K562|51d8e2c22625b094
5ff95e0891d27c8f5e6b7fe1cf523235a26be8745ad636106ed0b8ed479aa1e8,b,K562_region_02003,chr7:106628054:C:T;chr7:106628065:T:C;var1;middle;OL31|K562|7d469d1e0d1d1a28
5ffaa166fd6310443ece399483f2a8f6984688d56e999996f5b7727ee2f4a25c,a,K562_region_02192,chr9:112244375:G:A;chr9:112244416:C:T;var1;middle;OL30|K562|7d44adb0ba556d8f
5ffe17da70a7658357f861db4fa5c7cbda63606b863b66c944dc87bd3e458b8f,b,K562_region_00695,chr16:1488015:A:G;chr16:1488039:C:T;var1;middle;OL41|K562|2a71e2150ef2ae2e
60097cc291023da1af1a08267045f960f1cd8524447d1b17db2e251c23bab439,b,K562_region_01497,chr22:23055533:G:A;chr22:23055539:G:T;var1;middle;OL41|K562|3ef8e789f58d7d21
6025caeb63e8f9ecd5e9aabe0890d6527349b129532989017f6f3299b072b3ba,a,K562_region_00971,chr18:69390:G:A;chr18:69432:T:C;var1;middle;OL41|K562|b09d9e3b85ecb897
60350e9b9552b33b0ddf313ad203ce323a85a905c221e90383f9140db0e2d41b,b,K562_region_01586,chr3:37827350:C:A;chr3:37827376:A:G;var1;middle;OL41|K562|966558a1b88d9572
6038a7b85e8b80dd507bdb4d4032fd3ec0d3f6e39461606e64e8a1d4fedbc920,a,K562_region_02115,chr8:144303000:T:C;chr8:144303071:G:A;var1;middle;OL41|K562|d52613e5fac05f36
604560ec3755e9b22294b598faa6889a43020095f129d05603b16ac62e835e83,a,K562_region_00917,chr17:48129773:G:A;chr17:48129850:C:T;var1;middle;OL41|K562|1c919ddc2b1eaa53
604b4890f542dfd1365cccd235af028ec70a4f166bc38a102334c5ed669a46f8,a,K562_region_02032,chr7:151415233:C:T;chr7:151415256:C:T;var1;middle;OL27|K562|e51510d78f54cdba
6051b699c1b39f3b135ba7cc60fd7149f52c0686d8a57a1a3dc0a1f0d09587ce,a,K562_region_00281,chr10:134146006:G:A;chr10:134146084:C:T;var1;middle;OL41|K562|ae0cdd0c027839ed
6056e9823213851bcd7741425242284bbfd92a8450e796481172468a1feadc32,b,K562_region_01819,chr6:7254957:G:A;chr6:7255015:G:A;var1;middle;OL27|K562|345ee76fc905c537
6058d4ba55488b12a62fd9d4fdb7337da29ea6634c228c6b76b16cfe5047e6cf,a,K562_region_01742,chr5:35769510:G:C;chr5:35769537:C:A;var1;middle;OL27|K562|b0b9d77bbc29c14d
6058f2b71d5cd7f1d89d37e7b106ee6b954b89127701b27503bacaa7cddcb076,b,K562_region_00638,chr15:65176584:G:A;chr15:65176608:G:A;var1;middle;OL27|K562|90f35ef853ac01b6
605c5c736ef37ec51d3395663c7b5bb5f70e492040f79dbd08aded1691e5f976,a,K562_region_02234,chr9:140144649:G:A;chr9:140144732:A:G;var1;middle;OL41|K562|2e4da2c3979ffbb7
605cf234c1d8ebf14a4a310db6658f9bca2cba15f6c44a0a967589bc5e903593,a,K562_region_01623,chr3:156797208:T:G;chr3:156797225:T:C;var1;middle;OL32|K562|22ceb3265b107c5c
605e240667f5b3eb2a8155866874bb3a58acb7f000638d023ed73b10461abd08,b,K562_region_01767,chr5:119388659:C:G;chr5:119388744:C:T;var1;middle;OL31|K562|6a85a618f1753bc9
605ef109ab9e2a4743ad7f17a9c3df524de787af6bf58b51e0a3bf5a2b852419,b,K562_region_02147,chr9:19389082:G:T;chr9:19389084:G:A;var1;middle;OL30|K562|f7f37219cd74e2c3
6077351860e0bff3ac903444064c559194a3572174bed212d0931572a879fad8,b,K562_region_00464,chr12:54387947:G:A;chr12:54388003:G:C;var1;middle;OL29|K562|b1136fc737b7ceee
60a9c33e407d254b461bc74fb955a86006408a39ca5d9f87914d238c0e1973e2,b,K562_region_00715,chr16:2303353:T:C;chr16:2303371:C:A;var1;middle;OL41|K562|1ba5f6987d3e8286
60bdf3ba1e5def9737bdfc1bc759f8617e309fe99107157b3dd038bd95170b2c,a,K562_region_00872,chr17:15690220:C:T;chr17:15690281:C:T;var1;middle;OL41|K562|2029423c25bc657e
60c15d9c1c33aefdde958abb40e6225c20ccd7e4314208460cf504fa5af488d0,b,K562_region_00640,chr15:67370389:A:G;chr15:67370445:G:A;var1;middle;OL29|K562|5fc78108be16011f
60c1992e193df0a3e856cc0f7fc018d8159c3755b04442545bf8c5dc4ddadc24,a,K562_region_01509,chr22:25792699:A:G;chr22:25792735:G:A;var1;middle;OL41|K562|07f95a9a140279ff
60c381111aa6e4a494f96416aed56aba8e3721d2b2bc594a13a418352cd5a06d,b,K562_region_01221,chr2:21233972:T:C;chr2:21233999:T:C;var1;middle;OL31|K562|26ab1d86df6c75a6
60c9ae08bc8db8d1acf7a0bf01c0d1fb7743cef4980782544bb166f2fba520d1,a,K562_region_01466,chr21:46680538:G:C;chr21:46680566:G:C;var1;middle;OL41|K562|14477d4f3ac328d4
60cbca4fe200daa2e92f5de6e8d03b72eb4841cd9d7f5a1680969b4c608f5b0d,a,K562_region_00820,chr16:89708224:T:G;chr16:89708267:C:T;var1;middle;OL41|K562|122534aa5fd87ac9
60cc3118f0c031e769ada2de608c7be8a567ca8fd70615e1129b8586506cf6c0,a,K562_region_00681,chr16:426432:T:C;chr16:426476:T:C;var1;middle;OL41|K562|93758973e91c0d75
60d0b2d8fbaa3579af1e9179bedacda87199ff54143bb97197f8675e7cc71a73,b,K562_region_00999,chr18:54702677:T:C;chr18:54702725:G:A;var1;middle;OL41|K562|3b5cec134fe46409
60d2a0662bb6cf642214e093b2fcb6f4309097b6deadd7ad3c6af54cb94a8202,b,K562_region_00029,chr1:16370677:G:C;chr1:16370741:C:T;var1;middle;OL28|K562|ac64d3f98a374f88
60e89e38f1e1659bb2187e39bc309ff79720cf96bf93877d17528f41c03b8c3f,a,K562_region_00857,chr17:6558135:A:C;chr17:6558205:C:T;var1;middle;OL41|K562|6899d724f4cc2b44
60f3d2690ad26667946aaf9f288e6b7551bd6bcd4663d7af708f41d29418c60c,a,K562_region_02249,chrX:150068065:C:T;chrX:150068138:T:C;var1;middle;OL41|K562|bedfa6e23b724293
60fdd4813df018de75959f2f61ec2d3f723146bf54257387a70d1a1185eab4f6,b,K562_region_01015,chr19:460025:A:G;chr19:460073:T:A;var1;middle;OL41|K562|8f5a84b66abadfb5
60fff29b29b46ca693b4d6078678f2014f08338cd6d39d017712c4e5a5580ae9,b,K562_region_00409,chr11:124823981:C:T;chr11:124824066:C:T;var1;middle;OL41|K562|d351d44a829d10eb
6115bcb3af9d3d204efeb770f5c678f6204d4a98d2e34988656d0ba0af7a3a5e,b,K562_region_00918,chr17:48132643:T:C;chr17:48132713:A:G;var1;middle;OL41|K562|161029f69ce395f7
611ada6fecf9cd10fd7ea2b4c6315170576a2ef741498520ea98510275a8d614,b,K562_region_01000,chr18:55091293:C:T;chr18:55091318:G:A;var1;middle;OL41|K562|1925498b4f7e514c
612acbae768f08224c82698cf8147046501066b23c152c9e1e19113bf4173aab,b,K562_region_02215,chr9:135879138:C:T;chr9:135879209:G:T;var1;middle;OL28|K562|8a9b183f501bf3b8
612ebc57383d4160cef6ab476c42df11291183864b7167387eb122cf6854abb9,b,K562_region_00674,chr16:101263:G:A;chr16:101277:G:T;var1;middle;OL41|K562|cb19405475d201be
6137d5d93a08c419f9631beee9318467ebd20edf1c8f46caa6ba25a5905fdb37,a,K562_region_01999,chr7:102119339:G:T;chr7:102119347:G:A;var1;middle;OL41|K562|dee77b49e7d0cb70
614c9b0a5ffb37a6052901009f5c20b37c53bf6188967cc7ccf48ae40d4e841f,a,K562_region_00100,chr1:115848388:C:T;chr1:115848450:A:C;var1;middle;OL27|K562|b0ced3d025b791f6
6163f06c9f191fb79e5152ad378727af783b5da7453cadfa7ab78317dac6be9b,b,K562_region_02183,chr9:107664301:C:T;chr9:107664373:C:T;var1;middle;OL31|K562|ff2b683fdaaafccd
61669ba60a0d73dc1e351c8e3f9330d03d323c782002a512e53e7c30594710c4,b,K562_region_01931,chr7:22862131:A:C;chr7:22862183:G:A;var1;middle;OL41|K562|28412e2b716dbafe
616b68b30a25f6d5c2ff3bbfc67b268d06549a5851e10767633d7d2e15595a49,b,K562_region_01717,chr4:186580601:T:C;chr4:186580657:A:G;var1;middle;OL30|K562|4e5354d6f029a316
61736c861054ea8dc186504f956ca687d04586f3bd057c37ec3688744de4e93b,a,K562_region_02067,chr8:18272438:C:T;chr8:18272466:G:A;var1;middle;OL31|K562|e44160d404d78a9f
6176f467aa5e2ecf6615ad5fcd37ec2ea99bcb1e30c2e7bb38eedb36260733dc,b,K562_region_01388,chr20:33871661:T:C;chr20:33871675:A:C;var1;middle;OL41|K562|6d60c20b971a616d
617ffcfcca15d872a9f399fdcca5ea31ac0859efdb57e362ff9a0d6319094a28,a,K562_region_01299,chr2:128410713:C:T;chr2:128410792:C:T;var1;middle;OL27|K562|4a87c15a7eba1523
61caf53aac504e18c39e5fd03150a99967594b21af64d2b0561d4d40a8492164,b,K562_region_00870,chr17:13918737:G:A;chr17:13918783:C:T;var1;middle;OL41|K562|311462499937e270
61d34da4f1df11706a4256b48cadda044e9e369b24a6b2a83dccbfab0d320da3,b,K562_region_00011,chr1:2205527:A:G;chr1:2205548:A:C;var1;middle;OL31|K562|5610b6aae0a1221e
61ef0de228aec98926bda0fc7e2957d8065bf229504c33e7ae4ea7c8be791a47,a,K562_region_01079,chr19:13948312:G:A;chr19:13948397:T:G;var1;middle;OL27|K562|a8f71344dfc3b5be
61ef6363f3d71c363a09012f4eb5047cda433769b8dc185187121befdc5058d4,b,K562_region_00540,chr13:112221296:C:T;chr13:112221334:G:C;var1;middle;OL29|K562|f30bba0617547740
61f2615d60abb0eb555bbaadac0af17ff26b92419aa43ad3392e38fec1f89f22,b,K562_region_01731,chr5:7290434:T:A;chr5:7290436:A:T;var1;middle;OL32|K562|7b2614f048563c4e
6203bf839f895290cd29c0f2a9e7b8ccd4710ab17e80c319481b56262baaa092,b,K562_region_01743,chr5:35879095:C:T;chr5:35879156:G:T;var1;middle;OL33|K562|9a636b60ab1ce28a
620534fd590a9057f2f6da0b0dec4bc4152efb895401130c9266dea6b362b40e,b,K562_region_00092,chr1:109634613:C:T;chr1:109634688:T:G;var1;middle;OL41|K562|2d734ca6698771e0
6207a06d501d0d29de1794ce4b5bb0c787760cd6a78d5be9837feb8585622d92,b,K562_region_01793,chr5:176839890:T:G;chr5:176839898:T:C;var1;middle;OL41|K562|9b0086f650c6ac02
620ad5fe4434f624ad72a64645e96ab95c06d4af6520d1c9fbc0b1bc3f17a7a3,a,K562_region_02095,chr8:82066938:G:A;chr8:82066998:A:T;var1;middle;OL28|K562|b3e5fc1f61eeb067
62114ec0ac0425145554d34bdb1c1fea93f70d9c8437cf1f5c91dca8b99ccf80,a,K562_region_00199,chr10:13343488:C:A;chr10:13343521:A:C;var1;middle;OL41|K562|f71885762bb78060
6215c25d6dccf31c7d4db157a0ce2e520922e2c91f419d01d11ee4ec081f3161,b,K562_region_01337,chr2:218070753:G:T;chr2:218070793:G:T;var1;middle;OL29|K562|f220717461f1b044
62276907e4f14b9a2ce6ef011156e74af3b6cf210e1f23333ef1548c9acd7b9c,a,K562_region_01654,chr4:987343:G:T;chr4:987391:C:G;var1;middle;OL41|K562|8291871dcc5fc31b
6233f1549f99dd8c59114c2447dc23c5b1b9d7040b7159c5feb4afb664f12c9b,a,K562_region_00461,chr12:50067549:G:C;chr12:50067637:C:T;var1;middle;OL41|K562|a09ebdc7cf0374fa
623e30b6e0587e90779645aa69e5d5e50ad8b5c9a7effeda4f533c24d04ff12a,b,K562_region_01278,chr2:87985242:T:G;chr2:87985283:A:G;var1;middle;OL41|K562|1e448ca04b973dcf
626ee33705f52966927231afd0a9fb3783f7024e40ea254d800087493e1c7466,b,K562_region_01800,chr5:180237828:C:T;chr5:180237902:C:A;var1;middle;OL41|K562|c7910e17669df4c0
62780e47389b9221b8176e27761b57cc69410e8b6a57613eac8dd89263ee68d4,a,K562_region_00849,chr17:4805389:G:A;chr17:4805437:C:A;var1;middle;OL41|K562|1c2e1e5053a33fc3
627bfba39741e1e7eb1c4f722749a0be44ed9ff60ba2fb10802d08d5ef72bc2f,b,K562_region_01639,chr3:189435816:G:A;chr3:189435858:C:A;var1;middle;OL28|K562|27a0f58ea15e39e6
62824a9a926aa5f4253918ae312dcdca9bb57111a95cca3bd359bbbc0daeb59a,a,K562_region_00562,chr14:35885747:G:A;chr14:35885785:C:T;var1;middle;OL31|K562|f90b050c4cd6a5ab
628bf2a79da158cda628f8e1395bfa928042b314f435b0de7da56e23bde03496,b,K562_region_02210,chr9:132253919:G:A;chr9:132253981:C:G;var1;middle;OL41|K562|6edb5d94a38e81ca
62a01ee8d9bf344e4c49e2d1740303cec6e92311fb1c700710bac52a8bdc83a3,a,K562_region_00445,chr12:14926776:G:T;chr12:14926835:T:C;var1;middle;OL41|K562|1666ca69466aa9be
62a57156b06a6e978ec033e0a1e511857d09d216a841adbfb85da2c838776453,a,K562_region_01015,chr19:460027:G:A;chr19:460049:C:T;var1;middle;OL41|K562|e264417ad1d6a81e
62bd2db94e99c402db4f4c9a0a2434e1737fbe18ebfb0352870148593507f0db,b,K562_region_01403,chr20:49146109:C:T;chr20:49146181:A:T;var1;middle;OL28|K562|e4e861175e0ef8b6
62dd26116e112bd9128b3ded64d5f95e8f650e5adb1e36bfc0f6dac0ce1be8aa,b,K562_region_01510,chr22:25844095:G:T;chr22:25844147:C:T;var1;middle;OL41|K562|a26f5598f472d72f
62f16dfa8fb9cbf266350fb6b1c4c8a9f4d9acc6ed2d2fedf321bb950bca3556,b,K562_region_00810,chr16:88782159:C:T;chr16:88782205:G:C;var1;middle;OL31|K562|09e099a066acb2e5
62f86e62bf1541b34e038c901badf109033f189fe82268597172db7ec01ed0df,a,K562_region_00962,chr17:79303786:T:C;chr17:79303804:A:G;var1;middle;OL41|K562|8f0301d37b225051
62fd357f7ff3b62c885b2b4a3d3ce4035b0d866f3dad3367cadfc686c756eeec,a,K562_region_01432,chr20:62493978:G:A;chr20:62494027:G:C;var1;middle;OL41|K562|012f18e9e88f0e68
6305a847ed4c21a9c045b57c3c0026295ffcc6e0837c7e41f2db8397cacd0c1e,a,K562_region_01589,chr3:39976459:G:A;chr3:39976467:C:G;var1;middle;OL41|K562|f1dd7039d1ecd675
630ca839ef57acf8107bbe5e41252247bc7f40dab0a3a6f3d73295380ae1e170,a,K562_region_01263,chr2:64906787:C:T;chr2:64906800:G:C;var1;middle;OL31|K562|1a603f90a7d206cf
631bc791ea12f68bb8c8cb1be289b3353419c48009cd2e26d57eefbf83bb83eb,b,K562_region_01479,chr22:19132380:A:T;chr22:19132385:G:A;var1;middle;OL41|K562|2d3d79bef24b3650
631f51d56795a58a32804953296b2c9ffa73c259de1244a7f1eaa16bdac8eceb,b,K562_region_01654,chr4:987343:G:T;chr4:987391:C:G;var1;middle;OL41|K562|8291871dcc5fc31b
633032cf0e95329c853c7c5a5d05b83ced27ab67f1e1e26294c4e23d80dbb54a,b,K562_region_00469,chr12:63830564:G:T;chr12:63830572:T:A;var1;middle;OL31|K562|f663514820855516
63362bc93b4c7600a4dfefa25953b3a57157abd05f2c8e45c01f6121e3087ac6,a,K562_region_00203,chr10:16859335:C:G;chr10:16859400:G:C;var1;middle;OL41|K562|5c53b3ff12a19e0e
6341804a87598bf75ed1a2d0d6308a63345816b853f19f47219dfd9caf7666e6,a,K562_region_01105,chr19:18297608:A:T;chr19:18297656:A:T;var1;middle;OL28|K562|7c91e8349f5b0560
6348ccfc2ce6a950a7b4e5c576bc4df1ed1bb414024066656bb3fbbb6f85d20a,b,K562_region_01862,chr6:109640865:C:A;chr6:109640878:G:A;var1;middle;OL29|K562|00333778927a72d4
636be5b732656883b022e37e5dd78e2b0d6b0635e9312883996f836685c9cf41,b,K562_region_00306,chr11:1864564:A:G;chr11:1864592:G:C;var1;middle;OL41|K562|caec773102135e72
638709b57bef41601880cf49a6682af7ea70bc4b4f5e5fa6d15e5fcf5008fd22,a,K562_region_00082,chr1:92021650:A:G;chr1:92021705:A:G;var1;middle;OL41|K562|7c30c4d934ed7244
6390241f05aea7fd9d94db968d4a7ff3cb51cd8f5e32acbdc9886e6efd14df37,a,K562_region_00802,chr16:86568805:A:G;chr16:86568824:A:G;var1;middle;OL41|K562|68df7937958cb3ac
6391cf5ab303b5a6b9ebc038dabd95d5d7dceb5093864e0d9452922570403e1e,b,K562_region_02165,chr9:78729176:A:T;chr9:78729213:T:C;var1;middle;OL31|K562|33dfc61c9f016665
63a7a922fafcd60f40ecdbd12aafe91ccaf8887f05fdbdf5b9e105db389e8fd7,b,K562_region_00960,chr17:78943109:A:G;chr17:78943114:T:C;var1;middle;OL41|K562|05b50d5e37a57414
63abf8ac7af1a2d383d15dc785194751660313071d4b218f19eed0659205461c,a,K562_region_00280,chr10:134000091:G:A;chr10:134000130:C:T;var1;middle;OL41|K562|4a7e09816b303dc2
63b0d6b3b5a368120d115811ec941ef034d9037532840e8b5dfad04f9933caf6,a,K562_region_02114,chr8:144097333:C:T;chr8:144097377:C:G;var1;middle;OL41|K562|786ca50e3a3ad983
63b468d5b0b9fcac79acee5ddff27dfe7a0aec63ad24aae5bb4c03dd63c1ecf7,a,K562_region_00789,chr16:83794991:C:G;chr16:83795059:T:A;var1;middle;OL41|K562|4be0ef6faf7729f1
63c3a079f21218af362d69a5b82530811d0381d77d53d12b7b67ce92876a587e,a,K562_region_02055,chr8:10962929:G:C;chr8:10962957:G:C;var1;middle;OL41|K562|5130c1996a5ad187
63c9babe7de7b4e2f819a74bfb3b29221a7b00fa85c2409a710f780257b7dd82,a,K562_region_01296,chr2:121124838:G:T;chr2:121124887:C:T;var1;middle;OL32|K562|78e57833dc974a01
63cc65d6ef9c158a574427fe46e9d7e840f8d76dd887563a8ae0751e9527b137,a,K562_region_02241,chrX:1556904:G:A;chrX:1556953:G:A;var1;middle;OL41|K562|61c2236e301b78cd
63ef5323217878fa1f89e3e2d6660f24ecaa87cfa3d65a7894b41047ad4ac6e5,b,K562_region_00154,chr1:209979518:T:A;chr1:209979529:A:T;var1;middle;OL41|K562|412cf1d2c8f69373
63f21024376347a04ad87eb2c4f9e1255c4fdd78f6eeb44fb6dc8d71c3173850,b,K562_region_00173,chr1:232766721:G:C;chr1:232766725:A:C;var1;middle;OL30|K562|f0ea71376c5bb64c
63f2959c159fd57c4f0630eec2900cf04b6a465b475d78edfca94d095d15c10a,b,K562_region_00855,chr17:5326089:C:T;chr17:5326145:C:G;var1;middle;OL41|K562|c460c55a2edac5d1
64132e47ebefbf9227a5dba338b270efed0626ece19b50a4c2bbf4c96d58d76c,a,K562_region_00510,chr13:40514538:C:T;chr13:40514598:C:T;var1;middle;OL28|K562|0e9cd58cff2904f4
641af4c99f171f505cc20976ab150e171a1edc5ff194c78935cf5cbdd155f071,b,K562_region_01375,chr20:4203219:G:A;chr20:4203226:C:T;var1;middle;OL41|K562|64ba8085450b26e3
641f2f5e4130edbe166bc5b5d24c8ddec9ab419d0f9397ab922ba746c4be21f6,b,K562_region_00422,chr12:1629503:A:G;chr12:1629523:G:A;var1;middle;OL29|K562|6728292f778bd7a5
6428a4a290c2f4ab7b5d64fdf3cd5fbfa779d51b384e3c2312f0e7b1b09316a5,b,K562_region_00997,chr18:51773423:A:T;chr18:51773444:C:T;var1;middle;OL27|K562|b1f4bbb01bf8eace
6436e16d25a1930e75975d30dad1b3a29ef4298d6370ec98bc22d432d5c1f25f,a,K562_region_01518,chr22:37520172:T:G;chr22:37520225:A:G;var1;middle;OL30|K562|257a0dcfbdbcd7ff
643fca03e9c11d0fd73c756310a07f5444d01525fd5acf70edc43d4363a79987,a,K562_region_01758,chr5:95163437:A:G;chr5:95163449:G:A;var1;middle;OL31|K562|d6db50912a99c8d3
6472e0962a79d8480429d6dd82c99cea7938eb6d0cc1591f35170dbab19f12a8,a,K562_region_00250,chr10:95067043:G:A;chr10:95067066:T:A;var1;middle;OL29|K562|e5bad9673eaad861
6486c0508d97794e5938bd88c421fa796adb3282686989f6474d669c6b79563c,b,K562_region_01718,chr4:187071282:G:C;chr4:187071358:C:G;var1;middle;OL41|K562|2af83e3e6380dcc9
6494256e85239be746d4f5ad033e07fb6ecb09f6ecc0efad65e7c11713848162,b,K562_region_00274,chr10:124202610:T:A;chr10:124202612:G:T;var1;middle;OL31|K562|595015d3f51eab25
64a623bc7a6beac3f05cfa9e907c86eea782bffe2eba16698b9d4168ca48d334,a,K562_region_01220,chr2:20884546:A:C;chr2:20884586:G:C;var1;middle;OL41|K562|d083430c25fbade9
64ace4123a8e27248c932f729b213bcfb82136c355a7a79c399e5c76da13ab3a,a,K562_region_01391,chr20:38475982:T:C;chr20:38476056:C:T;var1;middle;OL30|K562|5ec4f2a7ce4dcd51
64ad38c60ae88d658431d82819764a0c4a9f0148562c5a53c74231fd87a66717,b,K562_region_02042,chr8:6263939:C:T;chr8:6263947:C:G;var1;middle;OL41|K562|41adf2b62e510b9b
64ae4c92dc7a80aaf0d15e9c2ea9d31ca7f05fc14faf377e1624d602268e2e32,a,K562_region_02048,chr8:9183339:C:T;chr8:9183358:A:G;var1;middle;OL31|K562|4f828f07b909a49d
64b1a64985128e770ff880dae68b17f9f8a2768983cca9c6998984f2313c88fc,a,K562_region_00585,chr14:94454135:C:A;chr14:94454139:A:T;var1;middle;OL41|K562|acd3f2112f5181e7
64bb27edd4c0fc2c34ff42dcd18e462aa1fd30b79ac4654259f058c7f3f48379,b,K562_region_02197,chr9:114419664:A:G;chr9:114419696:C:A;var1;middle;OL41|K562|c8c4ec57964a6769
64bc32ac8534cf2b12b02056a675ea4731e9af711cfb319d84d8ad5c3e8cd68f,a,K562_region_01904,chr7:1273821:A:T;chr7:1273845:A:T;var1;middle;OL29|K562|4a6827c05acf9d76
64bf76c9446ca9029f2302642a85a821fd800e6e49c738a867ce5c4afbb817f7,b,K562_region_00666,chr15:96878349:T:C;chr15:96878437:T:C;var1;middle;OL29|K562|893255a97a8ab04a
64c0eff23665c8ce9c030e2fb28701bbbf0570c7eb6dc55039e9efbf06c9f9e4,b,K562_region_01217,chr2:15906778:T:C;chr2:15906854:T:C;var1;middle;OL31|K562|5e8f7d007d51b3e9
64c227e9eaeadfd5aee71b407a1a9bd4ac0fc617627e64d7139824dc88743619,b,K562_region_00157,chr1:212641356:A:G;chr1:212641371:T:C;var1;middle;OL41|K562|7cdd6e2c248b9245
64ec5dc50bb584cb1f344e3a7bdae5a8c8f48179b1e5b0bd65afd6510f0c192d,a,K562_region_01768,chr5:121415899:T:C;chr5:121415921:A:C;var1;middle;OL31|K562|5d01b84167329024
6522f08b7428344ad3a6a9fc0ae248fc3b084b431de879f58d85e766c35862e5,a,K562_region_02217,chr9:136127956:A:C;chr9:136128000:G:C;var1;middle;OL41|K562|f10d94fbbea73f85
65329464e24b09e8f5f22b942949446e70ef0c400ef5bbddbdbee9dfbe28558d,a,K562_region_01503,chr22:24281620:G:C;chr22:24281628:A:G;var1;middle;OL41|K562|8986988bff75171d
65396a05e016a685f50013b417d20f75db13f896e2305843439955d9ed37345b,b,K562_region_01591,chr3:45712280:G:C;chr3:45712301:C:T;var1;middle;OL41|K562|bab00a3c52f07330
653c224f8d6755651f8b99d4c85786f807b823bb513b1ee20c581e31c05e6583,a,K562_region_00105,chr1:144525184:T:G;chr1:144525236:G:A;var1;middle;OL41|K562|7b5205a9382603fa
654672d2799700327d1315c74c44a57ba6cdce1f386a52e503856a32ce6e3a8e,a,K562_region_00780,chr16:80183887:G:A;chr16:80183937:A:G;var1;middle;OL32|K562|7ed1a20eda13ad20
654b7fdfd7ebe4397c73b1bebbc695350cd1e22b527b65292ef2171180c2799d,a,K562_region_00707,chr16:1879065:A:T;chr16:1879097:G:A;var1;middle;OL41|K562|943be53879db61db
655e7c40f7dbe8648011ac48d813042a99be9ad7982f09cfc5bee9d3e326071a,a,K562_region_00952,chr17:78006747:A:G;chr17:78006749:C:T;var1;middle;OL41|K562|d3ab93522cca3c6a
6568bd670e618010ca036de39bc13e3a587789ff205af725dda9a9f479b6d890,b,K562_region_01235,chr2:36791184:T:C;chr2:36791226:T:C;var1;middle;OL41|K562|11ff4c0037b53d62
657760cc7c887ee920c8fdfee9836b2f41de3188ff92e7ec929f0c107e12f187,a,K562_region_01185,chr19:56004012:T:C;chr19:56004080:G:C;var1;middle;OL41|K562|9f0b9820018d22ac
6578e7095cfe112d388149190ea5fee8870267ec905097139f3376cdbf2d2868,a,K562_region_01720,chr5:202023:A:C;chr5:202064:T:C;var1;middle;OL41|K562|ca708aee9ea8f0cc
657fc245f5b32e2ff583c61ea9ad52d322261a49ab50982f9ea2520854334e04,a,K562_region_01974,chr7:73026848:T:G;chr7:73026886:C:T;var1;middle;OL31|K562|f6da0c5a80f0ee76
6584a20ef791a3e17e6e6773547dc5265d83197b517e44134d3ebf91a08cbc3d,b,K562_region_01504,chr22:24281901:C:T;chr22:24281915:C:T;var1;middle;OL41|K562|4c3165ddde7f3f76
6585cee8c2896778d2b2c34bc54bd8371b1d4b7d2f80d1c3f6f0fce0a92a8606,b,K562_region_00294,chr11:332795:A:G;chr11:332857:C:A;var1;middle;OL41|K562|b23af5ceac5059d7
658efe78b7a69c709408013756f0633dc420aad591d717011aeff2515c8d3c87,b,K562_region_00727,chr16:4802370:C:A;chr16:4802386:G:T;var1;middle;OL41|K562|1c4e2ac25d271245
65915f2a098dc31d418a09edc4b134b5fb311519d819d3b24a13842c0725bfbd,a,K562_region_01430,chr20:62157198:G:A;chr20:62157200:G:A;var1;middle;OL28|K562|af048bd3c7d61e98
65a1ed21c44e0be1d86bd3a4450b75a57dc6cfefef19f3a7bd3d8db55ef258c6,a,K562_region_00206,chr10:18226707:C:T;chr10:18226714:G:A;var1;middle;OL30|K562|996429d0525269bc
65c355b5eeeeb44be80b1b45fb7aa52f9f97e8eed772b71c3a836ea1352bb572,a,K562_region_02013,chr7:130430930:C:T;chr7:130430969:C:T;var1;middle;OL31|K562|1dc9278d94567051
65ce0c231fcc310e78bc805338dfdb9eff51b46028941265e0c43e35fcc9452a,a,K562_region_00109,chr1:144909163:C:T;chr1:144909227:C:A;var1;middle;OL41|K562|a653b79dcfd24587
66062480d039b0fbe134c8959f0af6d129298ba1a44c5d6407bcc660f71f108e,a,K562_region_01956,chr7:44808017:G:A;chr7:44808091:T:G;var1;middle;OL41|K562|bcfb7636dbd53995
6616bc3af3c5399c6744803426c9f3b84c6fe17ecf59b4fb502bded0eb7a6332,b,K562_region_01712,chr4:174089048:T:A;chr4:174089080:T:C;var1;middle;OL41|K562|2f9cae30686013f5
661cee7576d0221be37cea2c4ff9df439f0e567fac6028c3fe71558978baffc7,b,K562_region_00289,chr11:308015:T:C;chr11:308059:T:C;var1;middle;OL41|K562|e4c7a05b153b5262
661dddc87ee04a58e1c108e19657f78274a0bd3c51ccaeb67d31f0dcc1fd9e26,b,K562_region_01095,chr19:16607233:G:C;chr19:16607305:A:G;var1;middle;OL41|K562|197149b20a3bead8
6627c65f277f54fd928d40908a527afa7a23069d128a7ba9f8ce418496e4aea7,a,K562_region_01453,chr21:44199667:G:C;chr21:44199686:T:C;var1;middle;OL41|K562|1f3989cf698e4cb8
662c73178a876337ae10e3569e3c92783d33789b39e459cbcc9da2a94385ef0a,a,K562_region_00064,chr1:55520887:G:C;chr1:55520938:G:A;var1;middle;OL31|K562|399187d62a9a2149
66324b120c72d1624be7ad4dd64eef4f60f9099fb6508140675aa7a2b5087dfb,a,K562_region_00310,chr11:2322383:G:A;chr11:2322415:G:T;var1;middle;OL41|K562|7ce768d0ba2c2e24
66463b9fa856e16c8ddefba70eb46ce29569ec0cc8ab6a9f1b9ed7bccef191cd,b,K562_region_01183,chr19:55698211:A:G;chr19:55698245:G:A;var1;middle;OL27|K562|ac184f0eba5ff9f3
664a5c0c37389a1c288f2366ea0a769d3e722ad1b78a2225653473e72f6f7ffd,a,K562_region_00843,chr17:3433543:A:G;chr17:3433549:A:C;var1;middle;OL41|K562|082855b181149146
665a811775f1e1d5badf51e52ab4240f529625ab0f2972c1989d7cd69cf9f405,b,K562_region_00206,chr10:18226707:C:T;chr10:18226714:G:A;var1;middle;OL30|K562|996429d0525269bc
6669d7607e0218a1e9711833e1c1445ffce7574907880969fa77d2f070835e88,b,K562_region_01615,chr3:137778242:G:T;chr3:137778320:C:T;var1;middle;OL41|K562|420d8cbd6ee5cf67
66724a7185e6ca805eb7ff2db9c7510d454ddb2176bc66ad076925432753a2df,b,K562_region_00385,chr11:95187743:T:C;chr11:95187799:G:T;var1;middle;OL30|K562|74f6d58eeadc390f
6673c26ec847bc50c8b469a2c86fee479ef1f9d07fca9254101cbaf83a8982a1,a,K562_region_01526,chr22:39241509:A:G;chr22:39241583:G:A;var1;middle;OL41|K562|4fdbdda6b12d8ada
66850cb03865967d465c417fa1efbce32f1f91e26a5818a0c137d1daaaef7874,a,K562_region_02143,chr9:12760884:C:T;chr9:12760920:C:T;var1;middle;OL41|K562|353b6ed06facb47b
6685c778777b8c6ecd2dc3d8770a3184c933fff9080484c460c1d8eec83062cc,a,K562_region_00189,chr1:248010899:A:C;chr1:248010949:A:T;var1;middle;OL27|K562|69e4046e5c575ad5
669acf0e20bffad2e024dec02e128900373f99262d9b3febd492a8e075c704b0,b,K562_region_00325,chr11:6354524:G:A;chr11:6354605:G:A;var1;middle;OL41|K562|3a8e9486fe8585c7
66b8c8cd63417e50bf93ef6348cfffe638395de89377bd5b1bc0e0484fa36c5b,a,K562_region_01057,chr19:3755835:T:C;chr19:3755846:G:C;var1;middle;OL30|K562|0a4177e4a57e11c4
66e0a0af35e8c53b4464ec1396274ef5209ff98fd895284e57c34c46cd4885d7,b,K562_region_02191,chr9:112225774:T:C;chr9:112225832:C:G;var1;middle;OL30|K562|ebb3708979c0222d
66e6d7b7a552a3b43aa447301bfc6a8a7e8f7f3ba546bcc9d4a501372d58ec87,a,K562_region_02043,chr8:6473715:A:G;chr8:6473746:A:G;var1;middle;OL41|K562|a1f4ced807dc125e
66f5e54b08468150457f9255286c1d8d659bdb7ea00004dfad6594e85c114c8e,a,K562_region_01903,chr7:1210688:G:C;chr7:1210745:A:G;var1;middle;OL41|K562|d9990b6db84a2056
670b0c0d51733ee4281a4a709fef3b630ae0dc7391f6d7414a55f6813b6fc397,b,K562_region_00766,chr16:57007353:C:T;chr16:57007361:T:C;var1;middle;OL31|K562|c41feced7f889ca0
672e01501d56881c39d76568cf0589007d6c271adadae9483594f09a5e6869a7,b,K562_region_00641,chr15:68058862:C:T;chr15:68058903:A:G;var1;middle;OL41|K562|0bec332397b3eaba
673d31444244b2ca5e9537f09ac8d3f40808f4a55bb2c254b1a007311e127f9a,b,K562_region_01610,chr3:128317968:G:A;chr3:128317997:G:A;var1;middle;OL28|K562|28af7ebd716e7ed4
675a5096bce7a7eaf0bbd694e8e30c5c2298e103d2f6feb543d429c816e422e4,a,K562_region_01478,chr22:18975504:A:C;chr22:18975587:A:G;var1;middle;OL41|K562|4660b62b5a2b4b0a
6766726935c33df93f29090e73167bba826ad5d647b8b2f4651142038436c4de,b,K562_region_00049,chr1:33910932:G:C;chr1:33910937:A:G;var1;middle;OL28|K562|86465b90aeaf2122
676c2d3633fd4a4fd217a4b090a6850e7c024cb98f27511183fda0dc8f129ef4,a,K562_region_01174,chr19:53935075:A:G;chr19:53935160:G:A;var1;middle;OL41|K562|51ebbb70dce631b7
676c96eb1e19b31c66b46b68eb527f51f422d3b796e5f3d3fca7ed9a7f7ef35c,a,K562_region_00741,chr16:15227151:G:C;chr16:15227170:G:C;var1;middle;OL41|K562|90b1c22d40118083
6778d9c35013180c8514446f5608787b04a98207ba36a052c87ddcbcec108da0,b,K562_region_01367,chr20:1930873:G:A;chr20:1930897:T:C;var1;middle;OL27|K562|b983d5cf78ef379f
678c47bc2f278e0da73a7f38c358988f5dbb5947c62f1f8ca209bdfbd32c6b17,b,K562_region_00734,chr16:10635586:T:C;chr16:10635651:C:T;var1;middle;OL29|K562|26b746b6addf7c51
678c79c545c51f1a8ddbbad9199120fbf2c22de81272c0f79c9f320a4bdc322c,a,K562_region_01446,chr21:38340843:C:T;chr21:38340866:C:T;var1;middle;OL41|K562|6f06493b205cc4bb
678e046c05f2d9f1e50aee47d6453a7b31382e5f458489f006190f0445986764,a,K562_region_01953,chr7:44111189:T:C;chr7:44111258:C:A;var1;middle;OL41|K562|69d4502503f7bb4a
678e44d2101368649e44c7face34fb84fbde2bf8112576628ae0a7ba9a13271b,b,K562_region_00109,chr1:144909149:A:G;chr1:144909163:C:T;var1;middle;OL41|K562|43495dcda1f9c5e0
679b2cc8bc56ca9fc7f0e80886f6a6d3e74d285ca5dc665007a764f86fee4f8c,a,K562_region_01884,chr6:151806102:A:G;chr6:151806124:A:G;var1;middle;OL32|K562|e8c54f709fd5619c
679c9d9a180c4a33c463106b3d6c6bc059dee8a840007d1a48647c5d723b49e3,a,K562_region_00561,chr14:35225616:T:C;chr14:35225647:C:T;var1;middle;OL27|K562|328240621930dea3
67ac0b8295fc5f5fd0f0bbd9951d96e7c7a939ee3518dba7f39db1c78910d59c,b,K562_region_01372,chr20:3788974:G:A;chr20:3788985:G:T;var1;middle;OL41|K562|66aae66b09c03da7
67aca8e17e20ac23808adfb6590183251cb12aedd1c1e6346eb03a77541abd57,b,K562_region_00020,chr1:11024381:A:G;chr1:11024395:T:C;var1;middle;OL41|K562|2299d8e87730e7e1
67b20f796bb4090c35923933188f415e840550f2ec26fd07b6a54ce1ee54087c,b,K562_region_01669,chr4:6697590:G:A;chr4:6697673:T:C;var1;middle;OL41|K562|9d1feec813fc6c3c
67b3095348c92929a1b97bb09d06f762deb4bd5628fc685600d565eb05c2f201,a,K562_region_02195,chr9:114361659:G:C;chr9:114361707:G:C;var1;middle;OL41|K562|c980a1c87d37264f
67ba4ea772c0defd80ffbacdbce9c15f2c9790423f29f888aecd53cd2251502e,b,K562_region_01605,chr3:125655224:G:C;chr3:125655269:C:T;var1;middle;OL41|K562|ebce6b01ddd292e0
67c9e0db7fee318bc187c2414136dece09aabd245415257fb1d1726e7f83e2c7,a,K562_region_00470,chr12:64062023:A:C;chr12:64062065:T:C;var1;middle;OL41|K562|47345a49757bc592
67d429bb3afad25f00083fddd5cf76b3404b3b2dc59f5d8bd91cd90e1b7ade0f,a,K562_region_00586,chr14:94595945:G:T;chr14:94595989:T:C;var1;middle;OL41|K562|8118d3c52fbe96d6
67dbb2b4875d74f91d130915346f67dd82f5468eebbc37e3c2000392d6909de1,a,K562_region_00096,chr1:110254396:C:G;chr1:110254411:C:T;var1;middle;OL41|K562|70f15d96b1468b4e
67e20b426af1e1824815c69db0087109e7abd3b074c35da63dc252963a7da7ef,a,K562_region_00448,chr12:20581334:C:T;chr12:20581339:A:T;var1;middle;OL29|K562|3dbd1e5f6c404879
67edc0b754370de088380226e7a15b43e0b1d2f78a56f1681ea839bdd2cefd80,b,K562_region_00640,chr15:67370368:C:G;chr15:67370445:G:A;var1;middle;OL29|K562|a8457d145e54ea73
67f55e94025d7c8a3f428edbd25e01a4ac311b6de287d6545acb79144a9830e1,a,K562_region_01775,chr5:141401844:G:A;chr5:141401913:T:C;var1;middle;OL28|K562|c2034ff53a4f5f2e
680c6f149542997dc367c96db8917b69eb7054bfa0f3f2add919fd23d1a75b43,a,K562_region_00252,chr10:99772373:G:T;chr10:99772404:G:A;var1;middle;OL31|K562|b9e154adaf549fa5
680fdd44ada2f60e075828d99a39f93d922d8208b6abf9a7dd7409358d093057,b,K562_region_01205,chr2:5978658:A:T;chr2:5978739:A:T;var1;middle;OL29|K562|f2535e5ddd61954d
681293155289b4bbb9e2c204115bc335e6302c170968517d079b7c561033fa70,a,K562_region_00964,chr17:79397771:C:T;chr17:79397803:A:G;var1;middle;OL29|K562|549d9e70b5031274
681ddd67516f89a463d0aad0749a298b01c172e9161653e5e549b6cd06dd68c2,b,K562_region_01500,chr22:23647800:A:T;chr22:23647845:T:C;var1;middle;OL41|K562|0d3fdeed41de4e23
68214b27615d4f644762231f601823d3f272a5a4cd535208ded896bcea0ee30c,b,K562_region_02043,chr8:6473715:A:G;chr8:6473746:A:G;var1;middle;OL41|K562|a1f4ced807dc125e
68229cc8f3af21689e5b8de65ef0fa9b829fa0f5bd34e59d2a20be7f5f41d8c8,a,K562_region_00773,chr16:67005609:C:T;chr16:67005611:C:T;var1;middle;OL29|K562|cc2f49fa152169ec
6836c4585dac4d919eb2e38f8602cfb07cd4e22876ca094f512ad051448b7353,a,K562_region_00187,chr1:247545294:C:T;chr1:247545374:C:G;var1;middle;OL32|K562|465d8767b7423518
68451a10e34c9f33646f146752b05288fe1b730d10d2404aad2ce626b6dada7c,b,K562_region_00968,chr17:80341546:A:G;chr17:80341588:G:A;var1;middle;OL41|K562|40980ce825786bb6
6856c916030dfc3451b814bc3fb79511536b82b32b09c5a924a937be2d9fbd3c,b,K562_region_01136,chr19:41324179:G:A;chr19:41324225:C:T;var1;middle;OL33|K562|6e816c5f0f3d0a29
685be8fff0759dfb7e95e034116d3c5bd7d7bd48a766982724628bc7d6832691,b,K562_region_01452,chr21:44197992:A:G;chr21:44198080:C:T;var1;middle;OL41|K562|19d37a4ebe5ee12a
68760395292736cfe2f56bb8627af323f6ab7739e935c2506cf776baf272c393,a,K562_region_01365,chr20:456452:T:C;chr20:456473:A:G;var1;middle;OL41|K562|64a982d9dda46df5
687c6960773e03fb075b851e045938804215c8969862af2c983ec5f5e4cd4a3b,a,K562_region_01926,chr7:17015156:C:T;chr7:17015162:A:G;var1;middle;OL28|K562|6081be663e8007e8
6894b2a03537f010523954f4d6e46e23eb471091d4408a15d68693a616337a99,b,K562_region_01448,chr21:42653434:A:T;chr21:42653468:C:T;var1;middle;OL29|K562|f3ca741f9d4a70a3
68996c471ff540f4fb591b6c83d4006f0a8dcb8c61f5f271f4fd052bb2556b2e,b,K562_region_00754,chr16:49006412:T:C;chr16:49006458:T:A;var1;middle;OL41|K562|66390fea2c592f2f
68a5d4772476176720fc292de6431248d027cf68f13f56de3108d2880e41b954,b,K562_region_01738,chr5:33996454:C:T;chr5:33996456:T:C;var1;middle;OL41|K562|31b372f85b7ad21e
68a75fd999d0703698e84f7abb97ca8ebd59d4938330aa8d5e8da937716d04d6,a,K562_region_01440,chr21:36062937:T:C;chr21:36062986:A:G;var1;middle;OL41|K562|8645366d517c1d3b
68bd66f19c8f50317c1e39f7df769fe62209c3efb38d850b7d78a273a5e272ad,b,K562_region_01005,chr18:61637819:A:C;chr18:61637862:C:A;var1;middle;OL41|K562|0e68236efb8a7c14
68d9f07d0313156781a223a07668bfae08bbebfed56d9c361a68b78ced83905e,b,K562_region_01673,chr4:7931611:G:C;chr4:7931682:A:C;var1;middle;OL41|K562|66a6ea97058a3562
69084460b7e17dcfc606023a1d053e7010ccfce35e59d62e073fc674ce575a9c,b,K562_region_00671,chr15:102039842:G:T;chr15:102039868:C:G;var1;middle;OL41|K562|6e946be1a778d0cb
690a298acc7c741514e9b9257d45c4d947d6ee870c3943899020f8d98765232b,b,K562_region_00558,chr14:24898556:G:C;chr14:24898558:C:T;var1;middle;OL41|K562|19244d1c032b8cfe
6922af5d59e2fc48aec52ec122470430a69f845b0763e0c0954ff482576df035,a,K562_region_01320,chr2:172379649:C:T;chr2:172379686:G:A;var1;middle;OL41|K562|02b06c5437b55438
6925beed4f9165d0ba673f6239d940200ca0a6ce8f0f5ec2bf1cd19570c82393,b,K562_region_00145,chr1:204955319:G:A;chr1:204955329:A:G;var1;middle;OL27|K562|f94a2ace89e543e9
6953c8d07d16c74dc0e446da1bcef1ad758fef897794da1f6a2520808b03e26d,a,K562_region_00614,chr15:40330564:C:T;chr15:40330629:C:T;var1;middle;OL41|K562|85e6f1211e330f98
69699015c3b80c480bc7d521c89f9876df5f3227ac51f951ea0fe15d35068ee6,a,K562_region_01066,chr19:6745105:T:C;chr19:6745138:G:A;var1;middle;OL41|K562|b3f94bbcc8fdfd5c
697488459c639cb6d2baab4707e406a0845640baf6377dd6c4209607c40e2f23,b,K562_region_00232,chr10:64629323:A:G;chr10:64629327:G:A;var1;middle;OL28|K562|310277ccfb36b0d6
6976faea19f8678404041a357a151c91d5f4d6957a00ce8b56d17571264df79c,b,K562_region_01763,chr5:110153295:A:C;chr5:110153341:C:A;var1;middle;OL33|K562|0190270d367bd3fa
6982d32845cc00539bcac245a7890575854630adab232d4860f3c6eb9c92b645,b,K562_region_01557,chr22:50860573:T:C;chr22:50860583:T:C;var1;middle;OL41|K562|8545b7543e26cd1f
698786ac7579eff62aa5848caecd4565418cefefaa9797191539dbccb84e1902,a,K562_region_00906,chr17:42406560:C:T;chr17:42406644:T:C;var1;middle;OL41|K562|13e9e5e29770a7e8
6999ce4c47c0f31fe159fd696cb8dbdbea4b19a07d7a008f0174bbb0ffef0c5a,b,K562_region_00104,chr1:144521099:A:G;chr1:144521102:T:A;var1;middle;OL41|K562|1ba8c1975fcd51bd
699ef51d57bb12b56f23a49a041cd801581918f687d2311e1ec562d845f6012c,a,K562_region_01298,chr2:128178191:T:C;chr2:128178272:G:A;var1;middle;OL41|K562|1c4afa12af6388aa
69b6bb4bf49d59b4cdacf36e5ccc160cfae501d6864fcb63353c7c2cbfe2fd2f,a,K562_region_00231,chr10:64564892:G:T;chr10:64564934:C:G;var1;middle;OL29|K562|167554842bf09b7c
69c88e3fa9238c3f4d95c93027447e876bbf95ae791817f425c2dd3ff0f8ef0e,b,K562_region_00840,chr17:2278609:C:T;chr17:2278644:C:T;var1;middle;OL41|K562|54b70fdc55e9d75a
69ca2809ee0a4363b8ed074df1535279fa28fdb402f61f716d75e38bce16bff6,a,K562_region_01456,chr21:45512276:C:T;chr21:45512356:G:C;var1;middle;OL41|K562|7579be10679778b7
69d83db80596bc0b424712da4d9876ef3c8f458f355be4c72dddf5e6b7016cc5,b,K562_region_02079,chr8:23406169:C:G;chr8:23406241:C:T;var1;middle;OL30|K562|a2b0f72a994d1a19
69d9bf18860219e1d7e2a6e60cdc9004934dbf423a686747e5f1ff9dd1eb13d0,b,K562_region_01475,chr22:18911733:T:C;chr22:18911771:C:T;var1;middle;OL27|K562|2b6e80265c0e77de
69db176e975507ee6f8a4539116c678b439829599bab55d356df0d04134c4d74,b,K562_region_01485,chr22:19974032:T:C;chr22:19974074:T:C;var1;middle;OL41|K562|8e9d867eae78592a
69e25fc907117f5d1d0ad7a611bcced63519cfab3d9989fbced7fecaae91bd2a,b,K562_region_00970,chr17:81007101:C:T;chr17:81007175:T:C;var1;middle;OL41|K562|d0a10cce0b54c2b3
69e3348465b2f635334a3cce5df9d1f4a6a7754bd99dbe59f0351b6588f7c538,b,K562_region_01939,chr7:24796502:A:G;chr7:24796541:C:G;var1;middle;OL41|K562|3e275fb1862282f1
69e66c5b5b3023a05accd6efba280eef31b8867bd346c6291458a11e18aa677a,a,K562_region_01957,chr7:44809273:A:G;chr7:44809276:G:C;var1;middle;OL41|K562|50229d9053be9971
69ee820b3aa797ab48221d5ce3468ca42a2e04c786d5ec1497b61124d0b03beb,a,K562_region_01691,chr4:69361441:G:A;chr4:69361445:T:C;var1;middle;OL31|K562|0d3e2901c0c35a37
69f475e41a0518ba1d1e06135bf620d72445083f1cbc9804d58a6860a99d8085,a,K562_region_00567,chr14:65230748:A:G;chr14:65230793:G:A;var1;middle;OL31|K562|9c014cec97b07304
69ff7c792df8f7a96a4907a869dbbda6720cd6d5a080408864043617ad4f2549,a,K562_region_01134,chr19:41090190:C:T;chr19:41090260:C:G;var1;middle;OL30|K562|9cc490868ef8c92f
6a07b53a810259d339a1c24c21c8d008409520a0ff16ae08aff048a9aaf95a46,a,K562_region_02044,chr8:6488710:C:T;chr8:6488787:G:A;var1;middle;OL41|K562|a6d8e99cc7b16f06
6a16ecf25450fac956c8db37149b0c919624565eea83bfe81d5936b7de25c9b5,a,K562_region_02211,chr9:133050928:T:C;chr9:133050954:T:C;var1;middle;OL30|K562|df6bcdc0a3c4276d
6a2afb8b1c1a019bba436e0a644942c9679bb21bb31c84dcb30f55e26050df7e,b,K562_region_00138,chr1:197822977:T:A;chr1:197822994:T:A;var1;middle;OL28|K562|0486473c4594651d
6a777e8c25f64c11fe0815361a2da12620b20a814684d90cc1a1488dcf8d6ad3,a,K562_region_01544,chr22:45608347:G:A;chr22:45608360:G:C;var1;middle;OL41|K562|92422b5b67cd9440
6a99818d9f1bf799dfe2eb171a90cc6dd1475166072843c51e3431daba0a5cbd,b,K562_region_01018,chr19:539222:G:A;chr19:539250:G:A;var1;middle;OL31|K562|9d31ccaffb0b79e5
6a9f6bf102f97f8e1b512d554ca8566a513761970a4740d79ed08fd9a8df0f67,b,K562_region_01467,chr21:46683581:A:T;chr21:46683622:A:G;var1;middle;OL41|K562|54ba0ac9b75a692b
6aa1b7acfba4de9800a1795ab2273e743e885d71d07fbbbed30055629897469d,a,K562_region_00947,chr17:74697848:C:A;chr17:74697852:T:C;var1;middle;OL41|K562|d2a1254445faa558
6aa38a8a8145faa8c4dd03bc3fb338200a4463d37056e570ea778c316ff8b34f,b,K562_region_02232,chr9:139929015:C:G;chr9:139929080:C:T;var1;middle;OL41|K562|a4b50202ec19f551
6aa8ad53574a171b30451c6fc5129341e66e1e2900f01d583a3d08f0ca2278af,a,K562_region_02037,chr7:156403979:A:G;chr7:156404062:C:T;var1;middle;OL28|K562|78f07aceb09c957a
6abb5b74d3cf246f6c6be2360011a5b1d279e2e37a7bd74df09ca8f03005a7e0,b,K562_region_01961,chr7:48128558:A:T;chr7:48128596:G:A;var1;middle;OL41|K562|acc1c3934c6d8ba0
6abf7894cd6bf286cce53b4a844b1bf8449a552814fef999f047211c89e5f20b,b,K562_region_00622,chr15:46586088:C:T;chr15:46586095:T:C;var1;middle;OL29|K562|48c0e003865598d0
6ac58e15e3732c17cd04e583c287f7c16560d96fbddcc8d623c8d4bdbeedd385,b,K562_region_01003,chr18:61630803:A:C;chr18:61630884:G:C;var1;middle;OL41|K562|81f7c39401dd2583
6aca53b58cbe1cd040ae528b3662aa3c0cd4f35e59074f6fff769f7b86ef9c13,b,K562_region_00605,chr15:26274113:C:T;chr15:26274130:A:G;var1;middle;OL41|K562|0d1df01b16d957c2
6ace46285a2ce5ce2398d98f0508064bad942f0b96d686790fd0ff749407083b,a,K562_region_02137,chr9:5453198:A:C;chr9:5453260:A:G;var1;middle;OL41|K562|850dfe37db5e7ccd
6ad26008d036db100a8717284823e921a9e0557d265c06ace4933a53aa90b20f,a,K562_region_00271,chr10:121028387:C:T;chr10:121028390:G:T;var1;middle;OL27|K562|38dc0ee44152d5bf
6ad32c14f45b20bd88d51cf24b6f34aa83e9fd6ee693956e5fde37fb9fe58eae,b,K562_region_00636,chr15:63683072:A:G;chr15:63683105:A:G;var1;middle;OL41|K562|c41320b4e54510f4
6ad72d0c0bab622916ba07e75107203bca74289f99623859f4d7c1467a8b41cf,a,K562_region_00415,chr11:133821132:C:A;chr11:133821144:G:A;var1;middle;OL41|K562|9eae476e780deb0e
6ada4ccf4607faf1825b99e08f0cf2992f4b642910525f3f68deca132b64e3b6,a,K562_region_00408,chr11:124677941:C:T;chr11:124677969:G:C;var1;middle;OL41|K562|3184f49a27429e05
6af973346415cdc1819d239d9590f5916c6bb20e3cc0cca791c13684fe4d1850,b,K562_region_00728,chr16:4845532:A:G;chr16:4845575:G:A;var1;middle;OL41|K562|033c5bcad1110195
6b0678f41e3a7ca753221b3c981eb65f96db12cc966a61559fc550de90b6717f,a,K562_region_02082,chr8:27603227:C:T;chr8:27603266:C:T;var1;middle;OL41|K562|31ea618f380d6f65
6b209d9c4315b512f740a568bbc9a51722f5d59add1e6b796c46e58bdeeb0c21,a,K562_region_02196,chr9:114393328:G:A;chr9:114393397:G:C;var1;middle;OL41|K562|7f24feaa94dd1ff3
6b2af77337c588562c173b776695ab753642aa8fba147c4875c4ebdbcaf9d762,b,K562_region_01297,chr2:127783773:A:C;chr2:127783846:T:G;var1;middle;OL41|K562|d5bbd286113a3117
6b39dcf311aaef71036e0be972c0174828702be5f3ada7ef71461b9df1f3d850,b,K562_region_00036,chr1:19221621:C:T;chr1:19221656:G:A;var1;middle;OL41|K562|b6271623538d7bc8
6b4a82e3872d416b40fbcfeec015a9ef8a6a2b52f2652dd3b28c31b53b3294bd,a,K562_region_01546,chr22:45729382:C:T;chr22:45729424:G:A;var1;middle;OL29|K562|6df40ae352dc77d1
6b5071a304da00df375c9ed5ac98498fc645626f77c7f4954f2f31ae82f5374b,b,K562_region_01467,chr21:46683590:G:A;chr21:46683622:A:G;var1;middle;OL41|K562|f93c613ce1f68610
6b56c14f012524ebd5d714f85485954179c0c706697e282993e55e3542a5a5de,a,K562_region_01712,chr4:174089048:T:A;chr4:174089080:T:C;var1;middle;OL41|K562|2f9cae30686013f5
6b80d7b165f46e21811c1962cddb1f9a42d08d13befec2eb1ce8536b2a46ce60,b,K562_region_02077,chr8:23088174:G:T;chr8:23088245:T:C;var1;middle;OL41|K562|de8c9f035070a7b0
6b8b62adc3cbc0d093243233be3c2396ded7537772a043b09ea627ffb4f39e2a,a,K562_region_00932,chr17:66179547:C:A;chr17:66179581:A:C;var1;middle;OL41|K562|9e5ce1c641e741fb
6b8e06942ddbf5ff5a0309f3bb99aa56ef789fe9895e561f7e4610248dae07cd,b,K562_region_01875,chr6:138427424:C:T;chr6:138427428:A:C;var1;middle;OL41|K562|739b7f7ed9711345
6b9115bb57be97e6fa2c29e65f6a291393db7c50820e5486007a6d536d20c4cd,a,K562_region_00836,chr17:1653979:C:T;chr17:1654048:A:G;var1;middle;OL41|K562|bb761395e06dd05b
6b9ff4fcd39e8732d775607646d53c261f010bf3610a29d0b703e14af58cf311,a,K562_region_00409,chr11:124823981:C:T;chr11:124824066:C:T;var1;middle;OL41|K562|d351d44a829d10eb
6bbfbe84782b13bce4f944ea9bf225882c47fe800c803b946a54826943cf7981,b,K562_region_01082,chr19:14499614:G:C;chr19:14499616:C:T;var1;middle;OL27|K562|e0a6e2afc8f37f40
6bf9a336ff95238a9beed52de3d076899bd9762b10ebba2e507da41427ef33d9,a,K562_region_00204,chr10:17010732:T:A;chr10:17010742:T:C;var1;middle;OL41|K562|0dc494135f842473
6c086aced8bd0d3e8df2232107e201796fc5106f3c380abb0f9d7a00d438100c,b,K562_region_01650,chr3:197235627:C:G;chr3:197235668:T:C;var1;middle;OL41|K562|5d2109f24e14bcee
6c0ec3d5d01ebc9fbf35ad43eab8634ed36ff67bec72950b9ab75a85438f6b59,b,K562_region_00497,chr12:132674034:G:C;chr12:132674118:G:T;var1;middle;OL41|K562|73d8b21fe7530b66
6c448968f4eb4ffdfc5a0232cb73e5c271e71faf09bd27e5495e3b8e28226390,b,K562_region_00177,chr1:234653869:G:A;chr1:234653904:T:C;var1;middle;OL28|K562|c2b1aee8b477a037
6c4e6b717c79746775d8c0efd64d2506f4c3682cda3b259f0884f1008f0d3509,a,K562_region_00503,chr13:29068150:C:G;chr13:29068175:A:C;var1;middle;OL31|K562|a2fdf1ed3f33560c
6c533dd8161c5a0f60016cf413c9a34958828e758c1f3712e252fcae5567f18c,b,K562_region_00823,chr16:89795813:A:C;chr16:89795859:G:A;var1;middle;OL41|K562|011b814562c9958b
6c5ac60cc77d8b9e02f00b0702a6d0cc2376b3c0a5f40216a9556a5a9fb46ef5,b,K562_region_01131,chr19:39906985:T:C;chr19:39907036:C:T;var1;middle;OL41|K562|423119c2cd6ad9c0
6c6aa60e65055aab258fa380a1592670db5d3601985e9d33cb052975741d08f4,b,K562_region_01279,chr2:88463155:C:G;chr2:88463237:T:C;var1;middle;OL41|K562|94d4bfffec4c4037
6c705efd7bdb63502dd92658f2893a13f7e893d302250d9e83d0fb70c724fb40,b,K562_region_01452,chr21:44198080:C:T;chr21:44198143:G:A;var1;middle;OL41|K562|2fb2161c6776113b
6c770499662626a5f228c1bc34576e18c62e4ce1ac7af6d16b5fa570b2096d39,b,K562_region_01342,chr2:228670437:T:C;chr2:228670476:C:G;var1;middle;OL41|K562|5a3fd13a785b7629
6c8690e41795c7710d007947d04c3071d5c78d2e2ec7c0fc854bd2a5f296091a,a,K562_region_01630,chr3:182880715:C:G;chr3:182880797:G:A;var1;middle;OL41|K562|157a5fe858495ce4
6cb5bf9081cc5ae72e0831b7d9ba3fa46e51cc8742b896c6c3fa0744e68c156e,b,K562_region_00792,chr16:84233007:C:G;chr16:84233018:C:T;var1;middle;OL41|K562|bd43d9402dc377af
6cbf2571349529a28bbfaf18645105df58cccc6e8bea4d1e34343a741f74e06c,b,K562_region_01699,chr4:100042221:T:C;chr4:100042242:A:G;var1;middle;OL27|K562|41e7de24bd78390c
6cd275e968d8b4369fe7dd0b4d4127ea4066c8369ad7e1883e038776b690a575,a,K562_region_00070,chr1:68720435:C:T;chr1:68720448:T:A;var1;middle;OL27|K562|2c3fdfb06436bb29
6cd6ad68dc0e94d5e568913baf201004a807928885f89c64590107cf7dd8f51d,b,K562_region_01460,chr21:45898223:C:G;chr21:45898234:C:T;var1;middle;OL41|K562|e9ee0d169f80ba68
6cda48575efefb75442f88a977409e12438c2a4f11cba2ea275cc63ea1ef48c8,a,K562_region_01899,chr6:170713885:C:G;chr6:170713951:G:A;var1;middle;OL41|K562|32beb4d68080e019
6ce82119048680253b03ee19f29b317e5156a88569ab74c11d38408db7b22b6c,a,K562_region_00350,chr11:62369881:G:A;chr11:62369884:C:G;var1;middle;OL41|K562|0ecacb207ddfe03f
6cef633e63aa9942e0c683e6c8a1210f0ac8bda54825432d50f9ad7394855570,a,K562_region_01973,chr7:73020301:T:C;chr7:73020337:C:G;var1;middle;OL31|K562|448583dc67783b92
6cfabe5012849bd75558bb00c0121e247e86459bcdae0344410106d53720aca4,a,K562_region_00964,chr17:79397611:T:G;chr17:79397678:C:T;var1;middle;OL29|K562|9977c90b4fed1f83
6cfb1bc04b84b4420d5c22112f4bc433008e512c3f92a9b5c8564b54cc028e4a,b,K562_region_01494,chr22:21399187:G:C;chr22:21399247:A:G;var1;middle;OL41|K562|5d21a835daf83c1d
6cfcfb70419bcd3af01bc0b58eeca1bcc8747d048ff93c5da0d1cac44fc96b28,a,K562_region_00289,chr11:308354:T:C;chr11:308426:G:C;var1;middle;OL41|K562|4e827fcb416fa4e3
6cff7a5a9bf04813bbbac0e8c0a6afe7e26f0bef2d59be8460f6f55084622542,b,K562_region_01613,chr3:131081171:T:C;chr3:131081192:T:C;var1;middle;OL41|K562|77be140c896c47c5
6d00437a944b6890088c15a7930cc3b91b2901fd14ed1fcae4f0d252bf8715c9,b,K562_region_01630,chr3:182880715:C:G;chr3:182880797:G:A;var1;middle;OL41|K562|157a5fe858495ce4
6d08bce48bc33686f9a36aa41c837f3e6c6f512005e7d14bba8ccbb28ec1e5d7,a,K562_region_02086,chr8:28286071:T:C;chr8:28286124:C:G;var1;middle;OL41|K562|88bb051b1fd8a6e2
6d0f84096742f4fcb7d55a668ca2e9c73d27ae116df9a416b4acc1a70623f101,b,K562_region_01537,chr22:43549646:C:T;chr22:43549652:C:T;var1;middle;OL28|K562|735ecc56d9fff70f
6d1697818bb01f1f88e72f7ac77f13d8e75f990c2fcb2f4eb5da72b954609f71,b,K562_region_00892,chr17:34841617:G:T;chr17:34841669:C:A;var1;middle;OL41|K562|bf3e78c5fe44acab
6d219d7c7d68dfd16a493eed18dde52cb86f251128459120310b443d6438d45b,b,K562_region_00975,chr18:2843866:T:C;chr18:2843928:A:T;var1;middle;OL41|K562|216d46268cad20d5
6d31feec4daff47e12030aa6f917f01e0682cbf2664d5ee21f5f0491147dd2ad,b,K562_region_01790,chr5:175372286:C:T;chr5:175372362:G:A;var1;middle;OL41|K562|f819a01d4f6bff88
6d34640bb9aa615cf36ba43c6acf275278e6efaa173d96bb5091e53712f7e068,b,K562_region_00934,chr17:66203079:C:A;chr17:66203119:T:G;var1;middle;OL41|K562|0b8041ccba2e756e
6d37af0acdda4910cb2ef54124f6f9a7c0e0165c276c0742c5814926568fa92a,a,K562_region_00364,chr11:69077491:G:T;chr11:69077580:T:G;var1;middle;OL28|K562|8e3e76c7a848b9e8
6d4192fc3953cc536816483d38ee196b82d6c8ce472e4a6ccac593304fe9c9f1,b,K562_region_01480,chr22:19685138:A:G;chr22:19685221:C:T;var1;middle;OL27|K562|b34f5dbf075d0c53
6d42d56dc26508692627852fbfdbc087ac9983e5dcc78e652adbb88490b6cb88,b,K562_region_00182,chr1:237194922:A:G;chr1:237194935:A:G;var1;middle;OL41|K562|405a75f3ce97c7f4
6d4adb78be88c95f08aeaf7cbdb998c5be8ef277db2474c356666eda540a01ae,b,K562_region_01537,chr22:43549646:C:T;chr22:43549649:G:T;var1;middle;OL28|K562|9a977cc18d2e2bbb
6d55eb39c0dbb02877449f91c126c4594bfe6f6c6d40912523268b3369927333,b,K562_region_01083,chr19:14800346:A:G;chr19:14800350:A:C;var1;middle;OL41|K562|a86e5963ec7c624d
6d5a37695a6a14152ef4866a45f251db34b6777af247489cc24e926c76537e41,b,K562_region_01994,chr7:100211486:G:C;chr7:100211556:C:A;var1;middle;OL41|K562|18836dfcc9a114af
6d65338ea93380716ad951c29b9c53fd4dfcd4f62791cb5ac100e3736fae3478,b,K562_region_00545,chr13:115000650:G:T;chr13:115000719:G:A;var1;middle;OL41|K562|8f2765b084b1ee81
6d66562f8a687604edd5da5860c890ea17e00c343ac69633bd05119abbb7ed80,b,K562_region_01063,chr19:4837487:A:G;chr19:4837557:C:A;var1;middle;OL32|K562|2dba432b3e1401a9
6d66da4e372f04881a3ac4d9bda5c49513054a99ff6edec91c9637be9d0ed19d,b,K562_region_01825,chr6:21926225:C:T;chr6:21926313:C:T;var1;middle;OL32|K562|eef5f690d6406814
6d6d17d18535954cbafa17c867e9ab1479c260560e78b05b6ef31b25c820d01b,a,K562_region_00109,chr1:144909154:T:C;chr1:144909163:C:T;var1;middle;OL41|K562|b8edd1e4986d5ab4
6d771e9d252dd738bcb6cefc0ee710458cf3352fdd327351e692e5afaa1e6efd,a,K562_region_00799,chr16:85938755:A:G;chr16:85938835:G:A;var1;middle;OL28|K562|b92d7de6f565d4cf
6d865ebb2766b2b0d75e44224fc0abe094dfb6b4589360c03aede025dfdadcfe,b,K562_region_00288,chr11:306877:C:T;chr11:306884:T:C;var1;middle;OL41|K562|d93bfa52163cce9d
6d8ef121be2a4df064e22a55e68dc0916ec68cfc0770f031c82391f3a7887203,a,K562_region_00406,chr11:122524668:A:G;chr11:122524741:G:A;var1;middle;OL30|K562|b61a0d42e73f7b62
6d9108858f403a295d8e97fdd771edff6e0223f7f798bd663791e8b1df004e65,a,K562_region_01164,chr19:49954803:C:T;chr19:49954807:T:G;var1;middle;OL41|K562|137a8adf5ee6a0e3
6d931aa188450fd26104ca0c010ad9011227e6b797bda2b7b8455efe52ac9864,a,K562_region_00267,chr10:115782367:T:C;chr10:115782424:C:G;var1;middle;OL30|K562|192d1b5fe724c80c
6d94c90de644dbddf911343e9f90f80ee05816da603bf3bb347ac36363245f91,b,K562_region_00101,chr1:116525309:T:C;chr1:116525315:C:T;var1;middle;OL41|K562|087e3096d088e129
6da229f0149383bdb89fa390e555403afde694db054b021668109eed8254b5ea,a,K562_region_02041,chr8:1807756:T:C;chr8:1807831:A:G;var1;middle;OL41|K562|3667f233393fe4ab
6dc82d2c2dab2fb2638ecb309a95b7e1f1204c37990247334eb6fc89c98f9db4,a,K562_region_01428,chr20:62132661:T:C;chr20:62132711:G:A;var1;middle;OL31|K562|6ace7151879c8432
6dee97695ec65db0907e8e9c762b5c183df39dbce2612787efa39ff08d6db015,a,K562_region_00169,chr1:230779975:G:C;chr1:230779994:A:G;var1;middle;OL41|K562|a6ab9b7a42cf8445
6df23509370c452f08d0180ca573b06d3d25741cd4139e484e5f8fdedc6cbf15,b,K562_region_00611,chr15:32907667:C:G;chr15:32907712:C:T;var1;middle;OL41|K562|925a1cbcee63ea18
6df2817f4d693659aa5c6aa0c0d75b8ba97ad01f934a52033783d6c8532df495,b,K562_region_00843,chr17:3433543:A:G;chr17:3433595:C:T;var1;middle;OL41|K562|e5c20e06edfbf81c
6df60f2d4f532f1bb2071b8bded5aa522e297c3bd92751d7b600fb653a7bb578,b,K562_region_00470,chr12:64062052:G:A;chr12:64062065:T:C;var1;middle;OL41|K562|a9e859fdc060610f
6dfd55c2650c4a40bbd211dc7ba77c340ec7f914de3622346a4ba7aa8b3492da,a,K562_region_02029,chr7:150755173:T:G;chr7:150755205:G:C;var1;middle;OL27|K562|7ce6c867829a40a5
6e1092bb4a3340ba24860c316021741018b0d0b6f7a867f1ea3f2679ccbcdeac,b,K562_region_00356,chr11:64819168:G:A;chr11:64819218:A:G;var1;middle;OL41|K562|2bab8f0f17c9a35b
6e17ce70f029df3f46999195025770e186e1ae22f3ecd889602975c3c8b1af0e,a,K562_region_01692,chr4:71894563:C:T;chr4:71894573:C:T;var1;middle;OL31|K562|7eb92aeac950002e
6e1c49d6923be4f9b07a7ec6194008b825bff4953f91af52c6eb187a2952c53e,a,K562_region_00272,chr10:122897959:G:A;chr10:122897984:G:T;var1;middle;OL29|K562|39fc7d50f145ca59
6e1c72711938ddea918c71e0cc7b3125e4aa3f5fcb4f7c6ffb98eceba44f4208,b,K562_region_01969,chr7:66147101:G:A;chr7:66147110:C:A;var1;middle;OL41|K562|27dffd928a9d7c6b
6e2547e49c392af609b4493954bb5c080f40b77aaf031cc0d883c6344659700d,b,K562_region_00770,chr16:57320026:T:C;chr16:57320086:A:T;var1;middle;OL30|K562|664ef630314f282c
6e42ab1310ea427a84467a2cc016d9866441a51bbeee5ae27d8f5e63f217c578,a,K562_region_02210,chr9:132253919:G:A;chr9:132253981:C:G;var1;middle;OL41|K562|6edb5d94a38e81ca
6e54f5b5234c9609235cb079a7cfa474e07a96ed81d20154c48841750c7fc5e6,b,K562_region_01319,chr2:172378818:A:G;chr2:172378889:C:G;var1;middle;OL41|K562|e64d8f781031cc85
6e5926a0bc431afb9c326402f669d3a6e0607f8dfb50e0cb27a7c5d3f98474b8,b,K562_region_01832,chr6:36915954:G:A;chr6:36916019:T:C;var1;middle;OL41|K562|69ddc1867e4249f1
6e685f0535ca13bd6992a0dc3e9e95593553d5fcb3ce41e13826d7f986f3f8b3,b,K562_region_00155,chr1:210466359:A:G;chr1:210466384:A:C;var1;middle;OL29|K562|5bf72a86cadcfb3b
6e759749ffd1b31126299c1ae6c2653173ef678e85c982ea55f92edadd898454,b,K562_region_01559,chr22:51001391:C:G;chr22:51001432:G:C;var1;middle;OL41|K562|969d4146946636c4
6e776b277b0e4291928d9db398b49fb0a24f79b90e3aceb7e9be3aedea2118cf,b,K562_region_00518,chr13:50265225:C:T;chr13:50265228:C:A;var1;middle;OL41|K562|96d3bb5537807c5c
6e8c029d26f321fb82c1b301d288da66af1999b760c8deb9a7c4b5334c39fb5d,b,K562_region_01331,chr2:202832094:C:T;chr2:202832130:T:C;var1;middle;OL29|K562|fa83391cb07bbeda
6e9af879097f18c26d84aac9c92a3f9f0f01d70bd0cf78018e12f5eeb65eb128,a,K562_region_00113,chr1:148556781:G:A;chr1:148556784:G:A;var1;middle;OL41|K562|aa045410dd4fe201
6ea9f8ba682f847773250c5da1610e19c514d15b395771d4291a9381e845c249,b,K562_region_02146,chr9:16686323:C:G;chr9:16686327:G:A;var1;middle;OL29|K562|247562b1abc38c8d
6eb34fa9b43191e16441821a492277ed42e3d2c993e97d877d56274307b41205,a,K562_region_01911,chr7:2414567:G:A;chr7:2414587:T:C;var1;middle;OL41|K562|a2fae3625b9fb167
6ebfa9b041fab5e858954f382de6e45914b92ba11b2ea27bff5179247bb1ea7f,a,K562_region_00604,chr15:26105761:A:G;chr15:26105788:A:G;var1;middle;OL31|K562|012c92f4efa5c81a
6ec7f93b6b5977542db60fe18a7d7089e121c8d160ecd4b5b42d789da83c83f3,b,K562_region_01543,chr22:45605128:C:G;chr22:45605166:T:G;var1;middle;OL41|K562|4996ff6e1a5b76b6
6ec9fcc1e5450528e1130764d465cbd0b76e4d17ad3c223d5689c688d3ee1101,b,K562_region_00507,chr13:33554302:G:A;chr13:33554352:C:G;var1;middle;OL31|K562|21f4b155f879223b
6eca4f75dfd43c23c93f009f76172e874e97f6635dee77eb14a714b0ed830ede,b,K562_region_01399,chr20:45576907:A:T;chr20:45576977:A:T;var1;middle;OL29|K562|ead4067fb3ef6800
6edb0859a77734dd4a0a028167e77593e55ff0213be257bbe41a283234c8345d,a,K562_region_00727,chr16:4802370:C:A;chr16:4802386:G:T;var1;middle;OL41|K562|1c4e2ac25d271245
6f1a82daa268e4844161febcf887f8d7fcf7452417910525c080225c124c4172,a,K562_region_00174,chr1:232811928:T:C;chr1:232812003:C:T;var1;middle;OL30|K562|83b54738e2843fb6
6f2e1b3f95d8202fc4c20226814ef23bfbb021845e9905037388c27e5efd0deb,b,K562_region_01779,chr5:148783690:C:A;chr5:148783698:T:C;var1;middle;OL41|K562|b0a9a46e9f1f6c0d
6f3228ef5303d2f652798155d32d5cd33bf977c823fe1b37a3834d7dfdbdad1d,b,K562_region_01678,chr4:23747576:C:T;chr4:23747580:A:C;var1;middle;OL27|K562|e49776db380275ea
6f4126b4a4c1a6b8c4b8499a5b0c8b05f48c5ce7d75a7127f6203bb726eeba66,b,K562_region_00275,chr10:125650709:G:C;chr10:125650793:A:C;var1;middle;OL41|K562|bd13176e768af4b7
6f477c7e0e7b4fd42264a773c25a032a2ac2758a0b23e95ba5137ef4836dd6ca,b,K562_region_00819,chr16:89673076:G:A;chr16:89673135:T:C;var1;middle;OL27|K562|ee9a03dcff935a84
6f655a68a33903c3656cf76053aaf9453d4cd2482d7da8328003d9b699572533,a,K562_region_01194,chr19:58912737:C:T;chr19:58912788:C:A;var1;middle;OL41|K562|2f18e7fe4a127a37
6f75c075a7f102307aaf573050e92b0b3a2627b3a7822078c6ecf08b652a3cf9,b,K562_region_01175,chr19:53935766:A:G;chr19:53935803:C:T;var1;middle;OL41|K562|0d6b0c2a7d5499e4
6f80c030d740fde3c3cb22c7aca7a3be82fff4d5de1af5e0585a3946d5752410,a,K562_region_01698,chr4:89206172:T:C;chr4:89206230:A:C;var1;middle;OL41|K562|a6a92930d7eb1bd5
6f8fadc7241afeec151af0a3d32ca53a612f4c150efcf0504fc925ea362f6b07,b,K562_region_01199,chr2:3493355:A:G;chr2:3493441:T:A;var1;middle;OL41|K562|2f35cf6a9a9adfb3
6f928a9f5b70e584a8813885c3b6b388da71b96fc229268f12bc80720034e4e3,a,K562_region_00680,chr16:420678:C:T;chr16:420723:T:G;var1;middle;OL41|K562|cf59663472c6dd89
6f95792e83db5fc090026e9533d794e8dac7fd31c5d14ffeda3bf7b26bea566c,b,K562_region_01837,chr6:41166149:A:G;chr6:41166154:G:C;var1;middle;OL27|K562|3effa6be6f850113
6fc0f044405ff30d090d6050b2e8ec973de9e01c35b0ff3e64fbac4482f21824,a,K562_region_01142,chr19:45451620:T:A;chr19:45451656:T:G;var1;middle;OL41|K562|9b56c14861b9e425
6fccaae06f7f8600820cbc331eafcf5e306f5fca5a26419d67bfe1cf28573b24,b,K562_region_01922,chr7:7592576:C:T;chr7:7592614:A:C;var1;middle;OL41|K562|2ee3cbe0298f7eb3
6fda331f4dff5c56a83239ddfcc9ec493d4c2a3dbc4376247bc68fa5b78aab03,b,K562_region_01885,chr6:151907958:T:C;chr6:151908012:T:C;var1;middle;OL29|K562|2e8ad34191779400
6fe196a3f23649e6f09db8f9070a42d5bde4c6f49c8c0041ff64034fbf7a62b2,a,K562_region_00242,chr10:88511303:C:T;chr10:88511326:G:T;var1;middle;OL31|K562|1e5b267153ff2455
6ffe332e99ec7657bd027e90181493f1fac4accb17e8c322db72f259f342af37,b,K562_region_01540,chr22:44577150:G:T;chr22:44577160:T:A;var1;middle;OL41|K562|3b906e82b3e93af2
7001d9ba1721a9808f2819be05b065d59aa76dd26eb4bc40c994af453410312d,a,K562_region_01352,chr2:238499998:A:G;chr2:238500046:A:G;var1;middle;OL41|K562|91981b4a442e0e21
700636cc348084fe00126c8bb4e83989f6d561dcb9e0748539d742c5b7d1d8a8,a,K562_region_00688,chr16:772061:C:T;chr16:772141:G:C;var1;middle;OL41|K562|6d9b2f7f213481b3
7006fcd6debaaf372556d9ea94748d16228fb21869ca9117b2dc5d2322f94d11,b,K562_region_01837,chr6:41166151:A:G;chr6:41166154:G:C;var1;middle;OL27|K562|c0dac11e0ab276df
7023cf281e9e7af687f6b189d4a66f805e99f2dc3400dfe96a628b663e9300a8,b,K562_region_01214,chr2:10974238:G:C;chr2:10974303:T:C;var1;middle;OL41|K562|599af52ae1dd79b1
702c911692056bf0d10135600516580052939ebd753756af5ac5a53ed7c0298a,a,K562_region_01198,chr2:3484500:T:C;chr2:3484533:G:A;var1;middle;OL41|K562|e9e31a47cf8bdd0f
70408ad87d0931395b6412df08b5950a918d46f98b763f3d479d95f36833c4ae,b,K562_region_01023,chr19:990185:G:C;chr19:990238:C:T;var1;middle;OL41|K562|f1bfd07ac8ef3aac
7045a2457ded40050b650720a7caba4f7b0fe601c4e69610317db6d2687caf88,b,K562_region_00355,chr11:64158683:C:T;chr11:64158706:G:A;var1;middle;OL41|K562|b4d2346ce8122856
704c78ba4df9bacb6225b176254fcc7061a33cc8558e1903fa34787928de1f4b,b,K562_region_00434,chr12:8379795:G:C;chr12:8379866:T:C;var1;middle;OL41|K562|1a8ec698ca021bef
704f439d9619191e1d6d68abedfd04c2e1dc8440a29d00d9cf43e6b8f4f33cfd,b,K562_region_00314,chr11:3148003:G:A;chr11:3148037:G:A;var1;middle;OL41|K562|aedb989b23662e2d
705db09998f03d92e3805535d80ccf0b4e307f081568bd83b4fee5a0e60850d1,b,K562_region_00289,chr11:308363:G:C;chr11:308426:G:C;var1;middle;OL41|K562|a9486b6c2f3e2aff
705f02dc457512ff4c37356b82694ab7c70f5ea21011a7c826d6050b76e5044c,b,K562_region_01093,chr19:16441973:G:A;chr19:16442019:G:A;var1;middle;OL27|K562|1c46cd79141f385e
708a730fbc283801a94e577e25d5db217e71a4efeb7d0fbb3a2aa062363441a9,a,K562_region_00213,chr10:44880207:C:G;chr10:44880260:T:C;var1;middle;OL27|K562|69e16ef302de7f26
709297ed4b01693762cf2e377b371e0d1063a42a65ddd600db7d22578b095ff1,b,K562_region_00880,chr17:18015061:T:C;chr17:18015113:A:G;var1;middle;OL41|K562|60a46b1a02544380
7092e4e7e4ba4cf8ece51981745dea0a67b3a7501162affa8aa7732b377cb3ac,a,K562_region_00716,chr16:2725011:A:C;chr16:2725045:G:A;var1;middle;OL41|K562|94d9adf0cd42af60
70a2be2955b1979d871f2c23143f682518f64a71da1d75f2b65dea37678ad66e,a,K562_region_02200,chr9:119241635:T:C;chr9:119241662:C:G;var1;middle;OL33|K562|1696a114275a6ad3
70b1dbddf13680f1492403c7329805140ecdacb09708822a2472603026062c75,b,K562_region_02222,chr9:138679863:A:G;chr9:138679895:T:C;var1;middle;OL41|K562|2bd8f4123f844a34
70bdbd373a1962ed098d39d0931bd5ed6a1fff3806e61c31338fa6c5fd8a4cae,b,K562_region_00722,chr16:3075633:G:C;chr16:3075701:C:T;var1;middle;OL41|K562|52838e1f92267ee6
70cb417bf2076255cce166e4b55eeb0fb46c39a24b4385a31889a339a08880c9,b,K562_region_00281,chr10:134146006:G:A;chr10:134146084:C:T;var1;middle;OL41|K562|ae0cdd0c027839ed
70da0e2419a674736ddfe08b264c5bfb1449a6e4d0e4cb049b4a9e92c7266635,b,K562_region_00096,chr1:110254396:C:G;chr1:110254456:A:G;var1;middle;OL41|K562|1db0505a694a848f
70e81ff70c35434703b8f6ef314de88664a9a2ae6eb09c73e1db398d9ad8a28f,b,K562_region_01716,chr4:186391868:T:C;chr4:186391898:C:T;var1;middle;OL41|K562|7b7d08d1db372d40
70f36990c24f62e3bf2074ab1aa7bc233cd16d3d91dcd792804931e28ab93684,b,K562_region_00677,chr16:324403:G:C;chr16:324479:C:G;var1;middle;OL41|K562|8ed710d1c1035193
70f60040d025f647d27ba3d0b1c90d8294337267eb457b7cd31ac933a05dfe0f,b,K562_region_02006,chr7:124032394:G:A;chr7:124032430:G:A;var1;middle;OL41|K562|d636b8682522ca64
7104bc502b9888462377771c51e4c45a7350f88b6ae9a10c09287644a185bb9d,b,K562_region_00245,chr10:91002845:C:T;chr10:91002927:C:T;var1;middle;OL41|K562|7cf43297d04cdcb6
7107ebe041a85ff5ef388c1330a0dfd3c7297a208533ef686909fc2186e48c94,a,K562_region_01188,chr19:57183083:T:G;chr19:57183129:G:T;var1;middle;OL41|K562|4f9feeb5d9034278
711b563812b0e88aa6c4c0315014ee95cfe4d17b5ea10146afab9ce764aa3cc7,a,K562_region_01596,chr3:69797326:C:A;chr3:69797413:G:A;var1;middle;OL28|K562|998fdf3e155de68a
711c3468f37429713416ed4d1fa36a9c32e5b14161bd4c62cd3d15f168dce5da,a,K562_region_01752,chr5:80256909:T:C;chr5:80256973:T:G;var1;middle;OL41|K562|97e2fc16ffdf157d
711c8ca76d8fd6526cbc01dfb5737c3f805c3222012fae3ba4dd9d781e447a82,b,K562_region_01733,chr5:9547941:T:A;chr5:9547958:C:G;var1;middle;OL41|K562|6ea35f02548a8e9e
712353075176587530a0e41852c015552df1cb68a1ff82c82034b981a9326e82,a,K562_region_00331,chr11:10638972:G:A;chr11:10639018:A:G;var1;middle;OL27|K562|032bb722f9ca1d72
713c66145586ffd752006f352b11c1f74a5964e2311416b488d67620e64af68f,b,K562_region_00456,chr12:29103864:G:A;chr12:29103922:A:G;var1;middle;OL29|K562|e5bb3ffe8caedeef
7143455eca9a29345ef546bcc2484b9bfc758506a7773030de50d1e1548ab2ce,a,K562_region_02006,chr7:124032430:G:A;chr7:124032505:G:T;var1;middle;OL41|K562|e22f40a5a2c018b9
715675aa9451f07771e5ce3af3eb3695b96c93f0666d0ea5eeb02d8b4eecbbfa,a,K562_region_01178,chr19:54674421:G:A;chr19:54674478:G:A;var1;middle;OL30|K562|f7df6abe6c5197bf
718150fad000a8c58ae06d69dd34752fb8fbbca92e9a4b507cdd73c76f331afd,b,K562_region_01610,chr3:128317978:C:T;chr3:128317997:G:A;var1;middle;OL28|K562|52602b7d61185a0c
718c53019fa670f323f362c85ce809ed2379fb924483f77ef71457891dd64d0e,b,K562_region_01762,chr5:106893481:C:T;chr5:106893495:C:T;var1;middle;OL30|K562|651d840162bdcc5a
7198d0cdef91f877af7384aa6580491612675608f5f96d884d4db931baa8d5df,b,K562_region_00513,chr13:43311540:C:T;chr13:43311622:A:G;var1;middle;OL30|K562|3b14645fe9a07d2d
71a29b1264eb9706534ed05c12d42cb362538c543495880e9d42af051a8dd9fc,b,K562_region_02212,chr9:133887895:G:A;chr9:133887901:C:T;var1;middle;OL41|K562|bc43f3d0218d92ef
71a46675367b888ee5deb5e29f9b8f581a8fb0a836e6972c65f3e51692f58ac5,a,K562_region_00251,chr10:99482986:T:C;chr10:99483037:G:C;var1;middle;OL41|K562|e29487d94edeadc6
71bdbcb4e0b8e947037296190d57c8fc6e64b70635ea75185109d78956ba3411,a,K562_region_01493,chr22:21357119:G:A;chr22:21357153:C:T;var1;middle;OL41|K562|9019d347fb7ba162
71be0d427cba9e7cedd124e815bd597ee04112d57b51c94b164e525d1e383f75,b,K562_region_00408,chr11:124677941:C:T;chr11:124677969:G:C;var1;middle;OL41|K562|3184f49a27429e05
71c1d0ec170a6009be3604873319599ffc012f6ef212576c832f5307a8de026a,b,K562_region_01340,chr2:219155907:A:T;chr2:219155909:G:T;var1;middle;OL41|K562|a9daeeb37d650f27
71d67e096335fc6039e7cb65a3ea5aeea35fd56506545199f7188ea9c63e81be,a,K562_region_01573,chr3:12351555:C:T;chr3:12351588:C:A;var1;middle;OL41|K562|50dfc2cd7153a350
7213ab9d178fd8474fc7b8733949115f5859c6a901e75b643d1c54fd5528a945,b,K562_region_00576,chr14:74734614:C:T;chr14:74734694:C:T;var1;middle;OL41|K562|8d6ed8c3296bc91c
7214c4476647ac39a5c7c03bfb72ee83dcdd74279c80e1dcc261620187cf7a42,b,K562_region_01878,chr6:141219522:A:G;chr6:141219600:T:A;var1;middle;OL41|K562|9d8e4d7127b76bdd
7221388ea4a3efd0af1d028ffc3295680d61a586c6f9aee6ee0059199ea61de7,b,K562_region_00115,chr1:152161648:T:G;chr1:152161735:C:T;var1;middle;OL41|K562|1279171647a31367
722f227d56defdb6cb1c347319085f585e7cfbcbbb41595ba7a0f980f7700edb,b,K562_region_01784,chr5:157158372:T:C;chr5:157158414:C:A;var1;middle;OL41|K562|b478a4a49400f43d
722fa104cecdd76c81785672b896f2cfe0ed02a807132fea151a8039f293f57d,a,K562_region_01533,chr22:42476688:A:G;chr22:42476754:A:C;var1;middle;OL41|K562|f9a13ca955a45f7f
724332a9e87d153c68cd07d4ff8667f61cf8d358f4db46d58b413d522f533845,a,K562_region_00434,chr12:8379795:G:C;chr12:8379813:A:G;var1;middle;OL41|K562|457b4e800fcf0aea
724c20df55f3198f320283a46892e44667b3f5b27ec447be721a8d6d86d19104,b,K562_region_00945,chr17:74541129:A:G;chr17:74541171:T:C;var1;middle;OL41|K562|f39bcb8029a31b55
7254519dcb173fa3c0859a34a490b535ee65a189b35ba40e1b14e1b7b247d0a9,a,K562_region_01104,chr19:18166498:G:A;chr19:18166559:T:C;var1;middle;OL32|K562|f1463b052a1aead2
7264d4ffdef12896fa9da99e211f56edee18fd8042dabe816e56826d729e3703,b,K562_region_02089,chr8:30843698:C:T;chr8:30843700:G:T;var1;middle;OL28|K562|02b6c25ac54a9e65
7278e1d5ade52c80a37a862de98957b878d5f36a36cdeb2d042d0d94d21afb0a,b,K562_region_00439,chr12:10562025:C:T;chr12:10562089:A:C;var1;middle;OL41|K562|86444fbad3e2f118
727a829b99e73c380adb1c4e4067d259276f9d7bed8e020081826fb45a299976,b,K562_region_02246,chrX:71034539:C:T;chrX:71034614:T:C;var1;middle;OL41|K562|9e2d54d354d83a4a
729e0bb6a94e78ebd03052ad2d803b772d5255c39d3ba16bff8c84d6ae6e64d1,a,K562_region_00570,chr14:70456664:G:T;chr14:70456699:T:G;var1;middle;OL41|K562|054fa626c5485b19
72a4932af176c99a30df3472212b4196e8ac94cf0917d52887b61719d8d4e818,b,K562_region_01693,chr4:77197651:G:A;chr4:77197674:C:T;var1;middle;OL29|K562|5180f37b2257b014
72b4398c48213a54e0402e79698a9a97ed10f5e2a01479dc300613da10cfd7fe,a,K562_region_00919,chr17:48432681:G:A;chr17:48432749:G:C;var1;middle;OL41|K562|ff8f8bed0ef75e3c
72bc5e4078036631199be29cfe2bb91271c53eebe7bd02bd6bb4adf4b474b99f,a,K562_region_01820,chr6:10887253:G:C;chr6:10887276:C:G;var1;middle;OL41|K562|80141bc729dfc541
72bf89dcac3c114aef5809258a549828541313f94695cef8900a85c2111d7ef7,b,K562_region_00459,chr12:48152995:G:A;chr12:48153045:G:A;var1;middle;OL41|K562|f8bb62152e883f1a
72c35ca97f950de12fc95a1e519236315710b5fd084119975a8a71400b4239af,b,K562_region_00649,chr15:78237027:G:A;chr15:78237071:C:A;var1;middle;OL41|K562|31d4adde630af0af
72c72e1d5613786a7961324eed404274832687917f8398020813f5eed50ae0b2,b,K562_region_00803,chr16:87404088:C:G;chr16:87404150:G:A;var1;middle;OL41|K562|e1ff7ffc15a4de53
72d3f119fc23691946bb087bcceb28fdfd4bb793e741c949910d27a80dac03b6,b,K562_region_01087,chr19:15890725:G:T;chr19:15890771:T:G;var1;middle;OL41|K562|aa51ea7f2901421c
72f14692f54f85f64cd1ca4569cd7decf9dd93cac6a0a4ec94cc0b2e28f150e0,b,K562_region_01111,chr19:19380513:A:G;chr19:19380516:A:G;var1;middle;OL31|K562|9343e80f4f9b8454
72fcb3f260ae61fe9a986da3a9d72a7db7e9a3b4ce735cbea2785bde8815aace,a,K562_region_00558,chr14:24898556:G:C;chr14:24898558:C:T;var1;middle;OL41|K562|19244d1c032b8cfe
7317e370b71aa5eb101246d3390949c815b60a962845d252d2a38d23c6504e7a,a,K562_region_01861,chr6:109284223:A:G;chr6:109284255:A:G;var1;middle;OL31|K562|487eab61f461c80d
7324969a4194f33ca77a29128bf878cc759c97c594c28e998949cd18a1ed148a,a,K562_region_01771,chr5:131781288:A:C;chr5:131781345:G:C;var1;middle;OL28|K562|941b87b0385e38bd
7332377de57ab7003f3f26836a4ab1f0aaf23acf4a55d91e2298fe1bcb8b914f,b,K562_region_02027,chr7:150035459:T:G;chr7:150035500:C:G;var1;middle;OL41|K562|560ad4563ba15731
735225fff99890cb67bf91e5817eb2df21aba2be35648d0973bfd48096284aa3,a,K562_region_02122,chr8:145596535:C:A;chr8:145596624:C:T;var1;middle;OL41|K562|d58a53de4900ec7f
736e307471a9c19b8ea3d3d39236b4954588031903e32543650c62e4c08d8887,b,K562_region_02200,chr9:119241635:T:C;chr9:119241662:C:G;var1;middle;OL33|K562|1696a114275a6ad3
7378ab865f0c5f9e02fa06dab0ea3b17c34b3aea7849674441db3de873e9ae75,a,K562_region_01647,chr3:196439625:G:A;chr3:196439648:C:T;var1;middle;OL41|K562|d25db4b26a76b2a4
737aa581437bc48c980637477f9db64b5eeef6b6dafd8c2e25879ec41b8bf1e9,a,K562_region_02233,chr9:139934020:G:A;chr9:139934107:G:A;var1;middle;OL41|K562|896706fa6f92e6ac
73924090f9a3619c1df14453b7006a06f02c9d4a1412ad13772a9e2f9f09cf3d,b,K562_region_00887,chr17:29743551:C:T;chr17:29743600:C:G;var1;middle;OL41|K562|24d5caaee6147214
7397838cc041d1845198f5e67a8d8904ffdc9fd8fafa99fe1dabaaf4de81092a,b,K562_region_00186,chr1:246891260:G:T;chr1:246891269:T:C;var1;middle;OL31|K562|c01b28f7fa1901f0
739c49efa8a2c0ecbef9b4b04aadc6c1e4917aa33ca17078c6b8b4dec5d2e435,a,K562_region_01840,chr6:42500871:C:A;chr6:42500882:A:G;var1;middle;OL28|K562|227b28ceff4855b8
739d30cdde4dd749eb605cb99579a08909d05c81f012fa22abf29ebaee657520,b,K562_region_00169,chr1:230779975:G:C;chr1:230779994:A:G;var1;middle;OL41|K562|a6ab9b7a42cf8445
739f42f468fd63e5e2fac7765900b541524cf2b1f44a6037fb41732899536e57,a,K562_region_01242,chr2:38893950:C:T;chr2:38893973:C:G;var1;middle;OL41|K562|4b10c8641029c391
73a7553b3e9a0f106a0c994517f850f209b065dd7f9cbbb6adebac7e13f040f2,b,K562_region_00642,chr15:73977271:A:G;chr15:73977336:A:G;var1;middle;OL41|K562|ecc53aa64bbee664
73a7c49c285461df104c712ee402d79fb9f0dd8c7e5c5f1a8a5b3d6df9b1d5d6,a,K562_region_00723,chr16:3085335:G:C;chr16:3085375:G:A;var1;middle;OL41|K562|bfe749582466a387
73b05dd1adf1b4b3d4bc7866affd2fdd4aa0df69b8728a613d4f5ad55b203045,b,K562_region_01537,chr22:43549637:G:A;chr22:43549649:G:T;var1;middle;OL28|K562|fc4477e8d003a88b
73b55ef53ed65a27ad38633bfac27aad9b2232e345e0347a5e91645316a31ffc,b,K562_region_00655,chr15:80267395:G:C;chr15:80267481:C:T;var1;middle;OL27|K562|9eacb4dd3715929d
73b639d91aa3c7ded80b75b77a9eceeb3ff5822dc9a40e51f8c8ab6fe420ed8b,a,K562_region_00083,chr1:92149096:C:T;chr1:92149139:C:T;var1;middle;OL31|K562|df3eab2b462cf3ab
73c22368c07c2b813b05b3c82991507e201e974d808e8f699468cc3e82fc23b8,a,K562_region_01500,chr22:23647800:A:T;chr22:23647845:T:C;var1;middle;OL41|K562|0d3fdeed41de4e23
73c8f439e8b0b9418dffa7ef88195c0913b46ed267b80d18676ff42deb66a3cd,a,K562_region_01834,chr6:37484729:G:A;chr6:37484790:T:C;var1;middle;OL41|K562|616a5aea1a55314e
73e4feb1d7ef1df0fd722683b91ecc5dfa4d56aaa8f914230b1195367ca145ce,b,K562_region_01250,chr2:45192080:G:C;chr2:45192105:G:T;var1;middle;OL31|K562|965f005ab851b200
73ee4bb6de6abc7ff4da69620f416e2e14e048c84cfac2b76520bca139f9f60d,a,K562_region_01067,chr19:7223785:C:T;chr19:7223848:T:G;var1;middle;OL29|K562|0be11be2f16e2f7c
74034d6a193fe4d32444b2037ccf708ac610153c0834b154868ea08ffcd5de78,b,K562_region_00172,chr1:231523198:C:T;chr1:231523210:A:T;var1;middle;OL27|K562|d92a2a9fbba30c5c
7418b8b141118bb5f2f845926985f6504c1fa798cde640fb29bb5dc6d196b4d7,b,K562_region_00451,chr12:24059999:T:C;chr12:24060075:G:C;var1;middle;OL29|K562|ed4c2fd8d5412de5
7420cb4c4157c8adb60b7bc9e7c805da0f1a30000fb5aa04ee7e91276f047495,b,K562_region_00292,chr11:324630:G:C;chr11:324635:G:A;var1;middle;OL41|K562|cac819a9b3841823
7421576d4d64ab7eb8b73e768bd16c90aea19a7728f57164da95baf3ad2122a3,a,K562_region_01561,chr22:51017713:G:A;chr22:51017794:A:G;var1;middle;OL41|K562|44c0e72e8c89effe
742e2b61253866d15b812382b220f48531a93e17458541fdb24151e7aa003120,b,K562_region_00280,chr10:134000091:G:A;chr10:134000130:C:T;var1;middle;OL41|K562|4a7e09816b303dc2
7450a96dd831e7292f5c4271be861db523cfefe5d392cf69b87db6f6c246527e,a,K562_region_00089,chr1:108742123:C:G;chr1:108742130:T:C;var1;middle;OL41|K562|b8e11b61e915e793
7454480b7a7a545f0850790076641f5104ad4897840324fa2726ae7451176004,b,K562_region_00729,chr16:4846068:T:C;chr16:4846137:C:T;var1;middle;OL41|K562|4c507df34ad74751
746bd6915a9c99c899522b5a020ba153b2e090826dc714a1ccc400df8ad61c3a,a,K562_region_00670,chr15:100510425:C:T;chr15:100510477:A:G;var1;middle;OL29|K562|1dd72da91fb114f7
74807dcd5ed5570f1d9599b26755d7613abe15f31dd6ee7b949cfffc2013aa64,a,K562_region_01941,chr7:26438699:G:A;chr7:26438728:T:G;var1;middle;OL41|K562|cff20c1c8bc92b93
748814885b2305d5d5e8b20b7c3d1a280e934bc50dbc179cece190e96b26bef5,b,K562_region_00667,chr15:99091387:C:T;chr15:99091420:A:C;var1;middle;OL41|K562|4e0f933e7db0e6fc
74937caa9c1e38d3b41434e5a9d43957e78987b68933f3ad7feb95a5e827831b,a,K562_region_01579,chr3:23746187:C:T;chr3:23746241:A:G;var1;middle;OL27|K562|8807607a3db08aef
7498e0823a82a77f8348ea99e6a286e6001a69753fcbef3a6cdb2757e7716052,b,K562_region_01766,chr5:118729286:C:T;chr5:118729327:A:G;var1;middle;OL31|K562|09bdcae426cb94dc
74a94464b57626492d619b5486eb781088cc73b955e56261310fdc0bda0ce872,b,K562_region_00775,chr16:75572713:G:A;chr16:75572791:G:A;var1;middle;OL41|K562|95194a416918f1a4
74d080ce5234a85826f06bce0d23cfc1161846e481e3455cd804bee5a06a5dd4,a,K562_region_00891,chr17:34819191:C:T;chr17:34819251:C:G;var1;middle;OL41|K562|42af69fbd8db1662
74e734498845dd90f869ab0df3e02a0edd99d6bf40fd75805458380d0aff0bef,b,K562_region_01087,chr19:15890771:T:G;chr19:15890777:G:T;var1;middle;OL41|K562|5bc594cb05f2044e
74f369241b1164b4c6659245fc2761d816c6fdc0fd5fa8cd5c78c78e81a1cc2e,a,K562_region_01543,chr22:45605128:C:G;chr22:45605166:T:G;var1;middle;OL41|K562|4996ff6e1a5b76b6
75058e95564837873957bc0997931eb2acc90a0ef394a16060fd8f07b153a04b,b,K562_region_00109,chr1:144909163:C:T;chr1:144909247:G:A;var1;middle;OL41|K562|2aa3b84ba80793e6
751b389d4de60c0a4650288876b03f9aef19b25f8c19cf26ddf0918dfbd5b023,a,K562_region_00739,chr16:12072124:G:A;chr16:12072161:G:A;var1;middle;OL41|K562|587894f68e709a40
751c2cbf834c50212808aab0c344d133df7ff14ada2e2cb20e2dda455f909c68,b,K562_region_01020,chr19:634067:G:T;chr19:634095:A:G;var1;middle;OL41|K562|3ad38908f4a86588
751de9e0f39e29544fd0d7b24020d9d6a6c1d2c4048ed74201735074c90aca87,a,K562_region_01183,chr19:55698165:A:C;chr19:55698211:A:G;var1;middle;OL27|K562|6ca95b47900a7ac5
75231ab8f5380e0d0f53308798d4320d6b6a7c3d73f84cd77d672bf986ad4eb0,a,K562_region_00884,chr17:26693231:G:C;chr17:26693258:C:T;var1;middle;OL31|K562|8c62aa902f0bda23
752c00f62d1fe567906cf64519630b7b76725627e42df6840b8eca318cb69823,b,K562_region_01519,chr22:37586672:A:C;chr22:37586676:G:C;var1;middle;OL28|K562|1a54af810e0c39c5
752c215a01d1e745b71846a8c2bac517f077d44bf7d8560b3c3411bd8dde3e07,a,K562_region_00648,chr15:78211148:C:T;chr15:78211171:A:G;var1;middle;OL41|K562|47553872e1fe1f92
75457ab1899a9c249bd57e1ba37bd7c2c83b464442895c29787ae01d6f034f03,b,K562_region_02176,chr9:95899179:C:T;chr9:95899227:C:T;var1;middle;OL41|K562|20777c6c38260e0b
7545fb71ec16f93bbe38a31ca55c0c7646a8d489da254778c22ba11014af265d,a,K562_region_00343,chr11:26605240:C:A;chr11:26605250:G:A;var1;middle;OL41|K562|b4dca76243117c09
754c5861cc74338f287876f7e99798191342fa3bf3ab26632b228fee1f9792fd,b,K562_region_01604,chr3:125636117:A:G;chr3:125636189:A:G;var1;middle;OL41|K562|94ed2c7c7fb30291
754d009f4963ad2a017cee581298444fcf054f6352f547f03045bece484ece34,b,K562_region_01797,chr5:178470304:T:C;chr5:178470307:A:G;var1;middle;OL31|K562|af544910ca22704b
754fd384327f9ce0bdeb5e51a888856ea96148fabbcf22e9b20e75214b6b57ae,a,K562_region_00890,chr17:34527815:T:C;chr17:34527904:A:G;var1;middle;OL41|K562|d1ea087df4596b5a
75609c7ae046b59900a0e7059be1cd8b1edb7bb933a7008ac6529d3aa0c23db0,b,K562_region_01261,chr2:61404905:C:G;chr2:61404931:A:T;var1;middle;OL41|K562|c9b253d2f9a653d8
7563c34ba90881175334a97a2fa8473ab3f223768b89b3367fcd033a9a7cf616,a,K562_region_01107,chr19:18457026:T:C;chr19:18457045:G:A;var1;middle;OL41|K562|04ab8d3aae4e858c
756f04b7091ae2b5fab0aac7f3e540f02c97c2e0377c7c1086f8542a65790372,a,K562_region_01955,chr7:44784864:T:G;chr7:44784866:G:A;var1;middle;OL30|K562|c5a7d6d5da09f1c0
75745d4bf9e89667072074d0570b39cf30a9738208ac434f118717ce910c3c4b,b,K562_region_01015,chr19:460027:G:A;chr19:460073:T:A;var1;middle;OL41|K562|4112fdb810e8a387
7595f6ed1af9eb35dcfb8363da7a4a29cba7a22eccaae66c898f60ea39e21582,a,K562_region_00317,chr11:3400422:C:T;chr11:3400487:A:C;var1;middle;OL41|K562|7e54f8c0b501e1f1
75a7a704ebd31efe9338693b8e35057725bccad58153cbe4f83f15b654a6b118,a,K562_region_02231,chr9:139876141:A:C;chr9:139876154:A:G;var1;middle;OL41|K562|748f376c099a250e
760c0aefe16ef59f2d2561954da02a9da8cdd2b13b3aab2b079ffc8d645ee7f8,a,K562_region_00650,chr15:78423433:G:A;chr15:78423479:T:C;var1;middle;OL41|K562|e6bcc0eea0da5cbc
7631d242de606fec1f56feb089380bc79b93f4fe81e8fff108180c17bd7eecea,b,K562_region_01624,chr3:156798732:A:G;chr3:156798775:T:C;var1;middle;OL31|K562|6d3c255d70bdca4a
763f8abdab0d1d4559a50f1cdb4e21429a931a8833a7f4b5844c3136b62fc58e,b,K562_region_00282,chr10:134295750:A:T;chr10:134295815:C:T;var1;middle;OL41|K562|806d9369ff7c8cd2
766d03b5c2df6c24075c4b211cb58e5a6ed2f05d6215c18e06f6c5f432eb151b,a,K562_region_01077,chr19:12982233:C:A;chr19:12982291:C:T;var1;middle;OL27|K562|7c77bdb825a32f03
76787b345c07f9f699eb3fb3bb664d179d1ecc3792906a637bad945b31da2a1b,a,K562_region_00545,chr13:115000650:G:T;chr13:115000719:G:A;var1;middle;OL41|K562|8f2765b084b1ee81
767bb12b80e7f993e9819b40de2c4e228954cdfad18999368fddbff3eb345777,a,K562_region_01828,chr6:24476431:T:C;chr6:24476437:C:T;var1;middle;OL30|K562|621d5ded4b8076bb
767fdda6b4a44894cbbe3b249502f07d2bb6a2c866eb55fb9eeff4ed7265371d,b,K562_region_01435,chr21:10205589:G:A;chr21:10205629:A:G;var1;middle;OL41|K562|2d7ecf8a6dbffd22
769c66831e635625b84bb5b79f8ff0505b46eeec4bc58aafcb5a4ff16828a8bd,b,K562_region_01017,chr19:494225:G:A;chr19:494245:G:A;var1;middle;OL41|K562|b592b6520f5e5788
769eea0ba2e63201729b807d4520583c9fa9f79cbb727181b9598ff3ca09f590,a,K562_region_00390,chr11:107992325:T:A;chr11:107992346:G:C;var1;middle;OL41|K562|360b46ee35c1e0a9
76b23c0defd139d9d042223ed55fa9cee9fac12da7cba88898daf49a67ef6b5e,b,K562_region_00006,chr1:1295323:G:A;chr1:1295403:T:C;var1;middle;OL41|K562|c02f027fb73683e2
76cc95e1baa349ed70e2a2fb3403110fbf2c083eb9be935a08bb24de4e263585,b,K562_region_00628,chr15:58723426:A:G;chr15:58723479:T:C;var1;middle;OL30|K562|ded6f090917d5e02
7718dc4f9f74f5f9b5e55803b46ef45b73650205e02251ac84cfdaf35aaac5e4,b,K562_region_00660,chr15:86285824:A:C;chr15:86285835:C:T;var1;middle;OL41|K562|4223e6cee1ea506f
772291a3fdb11f63e10a2c9278c8b0ab03d82e9222276e9daeaa27ca1d7c25a1,b,K562_region_00830,chr17:618039:G:A;chr17:618100:C:G;var1;middle;OL41|K562|4aaf123c64b35650
772963ce54fead4aab43871558a4ca4f99e51bfb345b8de5231978e40c111192,b,K562_region_00671,chr15:102039837:C:T;chr15:102039842:G:T;var1;middle;OL41|K562|e283465e68ab530f
7735ffdee10995304f4cbc305b409e05bbe8b272d57b85172fd06b80a207a161,a,K562_region_01896,chr6:169642242:T:C;chr6:169642301:C:T;var1;middle;OL41|K562|d5e37bc0b7298121
773f1e22b296f930bfd385a3c68d837ce414888bca1f472aa36dfe8b03b543cd,b,K562_region_00898,chr17:38128648:C:T;chr17:38128714:G:A;var1;middle;OL41|K562|a60125547c7817f1
774210aa9815f140da55f6fa66c4c5f2d1e68e581c16fab6d8f7dad03593e809,b,K562_region_01945,chr7:30443215:C:T;chr7:30443235:G:A;var1;middle;OL41|K562|58dee13f898bdbca
7743aef16d7aaedf54f5875fced963263f2a77a16804d124cd4ee0b28161c44d,b,K562_region_00684,chr16:433552:T:C;chr16:433623:A:G;var1;middle;OL41|K562|3f611538434d2b7e
77545f2403ede38f02e85106548c24591f4ae4fa71e50ce8bfccb6cf251aa0f9,b,K562_region_01290,chr2:113965198:T:A;chr2:113965200:A:T;var1;middle;OL27|K562|33e8c3e95a9fcdac
7785bb895ad1dc9c45c70a827e39308cf30d7730c8b56beb5be9a5df251d28e3,a,K562_region_01223,chr2:25136866:T:A;chr2:25136916:T:C;var1;middle;OL41|K562|c624170a11f831c3
779646ca1004749721a0165981c8b169f073dc4a17cdd8c7477f85018c43e6f9,b,K562_region_01114,chr19:21778217:A:G;chr19:21778255:T:G;var1;middle;OL41|K562|3cd0c831cfa43cf6
779695e53ee61b64d0097d40f58fa22e3abbf92e551fa6a0e1da7792c0d11b63,a,K562_region_00851,chr17:4953724:G:T;chr17:4953756:G:A;var1;middle;OL41|K562|fd562d7bba282a1c
7796a8da44a5fe24d606e5364528f98a40c9964ade6a67fb64a2f71aa9269e71,b,K562_region_01857,chr6:100868721:G:A;chr6:100868779:G:T;var1;middle;OL32|K562|cae761588361aa74
779c97035388439114f332f22745b4c0adc7245004a9d10615199d41d994f585,b,K562_region_00283,chr10:134902396:C:G;chr10:134902398:C:T;var1;middle;OL29|K562|edc27abd8144aecb
77c2e20b16f14b3db6a16c02faf05cb81c0b779a1a914be2f73b909db16c6675,b,K562_region_01053,chr19:3336804:G:A;chr19:3336818:G:T;var1;middle;OL31|K562|608035036955c700
77c82baaa0cb527849469a1c8e5b062716b687065a6ff28c788fb839f90b09f5,b,K562_region_00923,chr17:49020855:G:A;chr17:49020921:G:A;var1;middle;OL41|K562|9901446fe7f84c1d
77cb7321628a619a29e500b0e4c2286da7ce4434d64daba461a22639c11ab2b3,b,K562_region_01985,chr7:92408370:C:T;chr7:92408455:G:T;var1;middle;OL27|K562|d775a2cd20cef4f9
77ccd528b9e10d74fa7b1359b8a49ee3403fbd0df82a5f97441a65872102280b,b,K562_region_01126,chr19:36235928:A:C;chr19:36236000:C:A;var1;middle;OL41|K562|36bacdd1bfe62686
77d7a47f40801a9547ce92f45f7c9f82ff1d2faa3b7e70418a8dc74b84670d06,b,K562_region_01099,chr19:17412883:G:A;chr19:17412947:T:C;var1;middle;OL41|K562|4fae2b09256e0515
77d850a236483bc2605c1064bd01262cc8097d736a9cf6a5313cb4c35dbdcc12,a,K562_region_00874,chr17:16874981:C:T;chr17:16875061:A:G;var1;middle;OL27|K562|2847c5e2533b826a
77e2ac8eb5210bb050231b1449a79f0d0e8cfe09fd78ba2c502998eef7541f09,a,K562_region_00043,chr1:25891959:G:A;chr1:25891971:C:T;var1;middle;OL41|K562|6a982c20ff42797e
77e3e0edc160561235aac4e8433daa6c79ca3b6382be4c5effd196b3d67922ab,a,K562_region_00155,chr1:210466359:A:G;chr1:210466384:A:C;var1;middle;OL29|K562|5bf72a86cadcfb3b
77f525c6460673f46ca45ca6d9503d1142c19ced59cdcaa8cc7a4adf1c728e71,a,K562_region_01745,chr5:54529416:C:A;chr5:54529458:C:G;var1;middle;OL41|K562|7d3a1e9991f22bf2
7805c695e827d9e2fc7b58819656e3d07651e01b1f1edb4cec91bd320f5c9c71,a,K562_region_00596,chr14:102414767:G:A;chr14:102414829:C:T;var1;middle;OL41|K562|4d4349edc90a855b
781857d079a5b17a3ef53dae66813ac2880a2b2f7569aaa57dc7c169ab38584d,a,K562_region_00505,chr13:31015138:G:A;chr13:31015154:C:T;var1;middle;OL29|K562|e02f3c2adbe09e8b
7818b60359eda486fe5f4d1dfedbbd2415fd5364fb8615d7b644d692feb7d976,a,K562_region_01103,chr19:18157894:A:G;chr19:18157925:C:T;var1;middle;OL30|K562|a7f0be744e727147
78225dde73b1325a42e07bf5d393c6138f2bfbe476e034323d8f0ee6a0826c51,b,K562_region_01623,chr3:156797208:T:G;chr3:156797225:T:C;var1;middle;OL32|K562|22ceb3265b107c5c
7832b890479b672f064d4cdef5da6aba7e1a3ce82f3a4fb195a423439debd191,a,K562_region_00066,chr1:56905524:G:A;chr1:56905556:T:C;var1;middle;OL28|K562|245cb723450d9384
7841ed6620a3b5c4ef27f04a612cb28eba4b0f9ab8edc602fd39b2f90d3a8060,a,K562_region_00925,chr17:49231623:C:G;chr17:49231627:G:A;var1;middle;OL41|K562|91f26064bf6c0a83
786a174b2ec45b7b669dc60c8f77f3ead6bc012daa03f8b9c1e603b741427e3a,a,K562_region_00064,chr1:55520864:A:G;chr1:55520887:G:C;var1;middle;OL31|K562|f5b5f8aa79987ce2
7872b942516607694a027e479b3f1b477c3c2fd538db0e61dee29ed905cec9ce,a,K562_region_00478,chr12:96427875:T:G;chr12:96427889:C:T;var1;middle;OL41|K562|59ebf798ef9c71ac
78881da51446c2623a09b57b65fe09b6062d9f78d51d1b08233cfe25a3405062,b,K562_region_01339,chr2:219134928:A:G;chr2:219134950:C:T;var1;middle;OL41|K562|94a1fa71630968c0
78b2603d07a6527cedb70edd804cd5505183ff233e1cff9432c9793ac13aad9e,b,K562_region_02025,chr7:150020381:G:A;chr7:150020457:C:T;var1;middle;OL41|K562|1912d530a05b9ad8
78b4b0aa1ed78f2a4489fa568748b17d9dd6e39047909e7e8e07cc3a22c97c04,a,K562_region_02167,chr9:93195886:T:C;chr9:93195951:G:C;var1;middle;OL41|K562|03487a5b48234d92
78b6133a518036bd09be9c491926a234941d74becb012e0c5bee5d4fde2074b3,b,K562_region_01558,chr22:50954635:G:A;chr22:50954685:G:A;var1;middle;OL41|K562|d7b4f950d167c072
78ba67dbd997a4b5e95936a5126a6cf79bece69bb5605da5944ba4146891c181,b,K562_region_01427,chr20:61884656:C:T;chr20:61884674:G:T;var1;middle;OL41|K562|5ca00690dbb90a46
78be4ae163d6a81d4d7bc5a2a7479d7684bd5a54c31f3d5cc62d2afe934e6ca2,b,K562_region_00806,chr16:88555958:T:C;chr16:88556004:G:A;var1;middle;OL27|K562|7f4aa69c0126a483
78cbec4744ec211652efa200992826d9b19f8f991cdf883eb8435e99de061c26,a,K562_region_00830,chr17:618039:G:A;chr17:618100:C:G;var1;middle;OL41|K562|4aaf123c64b35650
78cbf72c800fc357b9d932e363db8b9ee6c7f3efe1d2dcb00ad239c26f701868,b,K562_region_01703,chr4:111112068:A:G;chr4:111112133:A:C;var1;middle;OL30|K562|a5a2693347fc04f6
78d51a99e8ad01079bb707fd0f61dc66d97caf9c6e3c2f6abe8abdaf0407d80a,b,K562_region_01239,chr2:37987450:A:G;chr2:37987497:A:G;var1;middle;OL30|K562|6ca6ef577efec24c
78d6344ed2deda34a0bc4e830fbe13bc20eaacdebe086876821b008cc6b5c409,b,K562_region_02030,chr7:150784260:G:A;chr7:150784265:T:A;var1;middle;OL29|K562|4b8a329d71e1c4fa
78db3bb241a760f4c9ec1a3ffd0ee0f05c19f1c5cb3c74de8d859dabb1aa8520,b,K562_region_00734,chr16:10635600:C:G;chr16:10635651:C:T;var1;middle;OL29|K562|88db494ea41da0bf
78f7bbdff8732bbea9e66a726fb7a49a3e20e7193cc0cc952bfd09433ebe6382,a,K562_region_02176,chr9:95899179:C:T;chr9:95899227:C:T;var1;middle;OL41|K562|20777c6c38260e0b
7915de79c6885923888894f295a1699c4057356c0d294179dfea35b737269b17,a,K562_region_00790,chr16:83979317:T:C;chr16:83979322:A:G;var1;middle;OL27|K562|8316d64dee5f84ca
79186fafff549a1ef1023169ec8337c4a51972b9aac73bc6daa4e7c4fe3be043,b,K562_region_01801,chr5:180245073:A:G;chr5:180245101:A:G;var1;middle;OL41|K562|f622859e5a92b72b
792a203037f5c87c3ab9e26ef674bfee29989d96b0044b34a15498c0466c9604,b,K562_region_01228,chr2:27521107:C:G;chr2:27521167:A:G;var1;middle;OL27|K562|eb15a88ef84db864
793660e4cd5ba0b3dd52141ddcf46569e404c0406022175a59f7d259b3af7bc6,a,K562_region_02067,chr8:18272377:C:T;chr8:18272438:C:T;var1;middle;OL31|K562|2cf645c31cf9c8a3
794f74fe6eadd515a94ca5f87a0d428dd4ac39d1433d132ff4a81a025655d230,b,K562_region_01207,chr2:7050887:C:T;chr2:7050968:T:C;var1;middle;OL41|K562|957bc6e83bf475a5
795a8720633d79f5a0ffd91359f46844599c7ad51de00d6f0dc43733908f01f2,b,K562_region_01412,chr20:56137798:G:A;chr20:56137807:A:G;var1;middle;OL27|K562|8731ab3c9e3a418c
796f1b95f0d19f6e7ff218671feb41f17c06543cd1b9296d33492978c750d818,a,K562_region_01987,chr7:95225731:T:C;chr7:95225813:T:C;var1;middle;OL41|K562|133609570baa2c91
797846c31dbc933897b3585ddd127fd830d55ef2ec87455d401897f85a2da9e6,a,K562_region_01045,chr19:2360806:G:A;chr19:2360854:A:G;var1;middle;OL41|K562|9f48177f07f14939
7979433bd6f0d8238a4005c5db42c4f1104f8472b760ced778b7e2bef9be6dc8,a,K562_region_00262,chr10:114206683:C:T;chr10:114206754:G:C;var1;middle;OL41|K562|8f8cdaf0b773b632
798779da477b8d32f8ce74b69c0b91e756721d09db383c24efe0481f300cfbc1,a,K562_region_01566,chr3:5232074:A:C;chr3:5232080:C:T;var1;middle;OL41|K562|9097f892775d41d5
799c5b2f8b76ab865b374f504f3503c2aa084751107f317f99f437d320281fd7,a,K562_region_00470,chr12:64062052:G:A;chr12:64062065:T:C;var1;middle;OL41|K562|a9e859fdc060610f
79b6b50b873ac1d8c948ef8d9508fd58febbed39e58444fe9a804b40e3ed51ee,a,K562_region_01724,chr5:498182:T:C;chr5:498235:A:G;var1;middle;OL28|K562|be5979ae2a0fd634
79b8869ec3f912a9df22ac7e4f5c0b02ca1b3597af447d354b2154550824b338,b,K562_region_01754,chr5:81586801:G:A;chr5:81586829:C:G;var1;middle;OL41|K562|409f22dc8c0852db
79bc5d77df95f9821022e00a0ac6d9db5b0c98529bc22054019648bd056eaba9,a,K562_region_01794,chr5:177352825:G:A;chr5:177352864:C:A;var1;middle;OL41|K562|17742b3abda84814
79d21fe79faacf4562e61717264ea76245f036f5e6b56c60e4212d9b9af2fb40,b,K562_region_00788,chr16:82874512:T:C;chr16:82874522:C:T;var1;middle;OL29|K562|c9821dd7bdd72578
79e504406e50987fcc030527cfa5a51b8d7a18a8c51d7bf4c5d1028dbac3ffd7,a,K562_region_00698,chr16:1510634:G:A;chr16:1510707:C:G;var1;middle;OL41|K562|09801c5a6b9f21f3
79f3a05fc308d0b69523efffaddf1e7b2240c3d7a6cb327f4961c5c47dcfc82a,b,K562_region_02035,chr7:155662382:T:C;chr7:155662386:C:A;var1;middle;OL28|K562|6c7d0e55198c6036
79fae72991f500b74efc8e29631c7922e1dc4911d33d0c0fdfd4af2ec8609706,a,K562_region_01852,chr6:51834280:G:A;chr6:51834297:A:G;var1;middle;OL30|K562|b1b402438af22ca0
7a024de23b07b65ca6c2259ed3db580987165051d35ee602abbb46db8754343a,a,K562_region_01083,chr19:14800346:A:G;chr19:14800350:A:C;var1;middle;OL41|K562|a86e5963ec7c624d
7a07a18077d6f86415ee31ee75198e1ddba4b63f2aa961e4f0fb50b9638f53b7,b,K562_region_01899,chr6:170713885:C:G;chr6:170713951:G:A;var1;middle;OL41|K562|32beb4d68080e019
7a0821930c28e37b76e965cc769767df1174a0c9270445d46c03ad65156b4d89,a,K562_region_00774,chr16:75182354:G:C;chr16:75182433:A:C;var1;middle;OL41|K562|4fb7150c185a5e42
7a12e11928da782087d9886b5beefd893e30e67169655827799962b2f62666aa,b,K562_region_01835,chr6:39033078:G:A;chr6:39033131:G:A;var1;middle;OL31|K562|638556055164c4d5
7a4b1c538d059c60d4754fc5a48c1a8344622311680cdc044311bc98db9d62a1,a,K562_region_01061,chr19:4450325:T:C;chr19:4450330:C:A;var1;middle;OL41|K562|c9758583a0fbe346
7a5d44f7d2e1a31b4d64deeadaecf30ab2a4369a4b9791b99048edf9c0543042,a,K562_region_00788,chr16:82874512:T:C;chr16:82874522:C:T;var1;middle;OL29|K562|c9821dd7bdd72578
7a686d51654cd69c23790463449ea9f710c58368237dd1fc4de6c3aec8082cb3,b,K562_region_01789,chr5:173205282:A:G;chr5:173205318:G:A;var1;middle;OL27|K562|6207649f95ffa4e8
7a686fad7b82e1dd5d16f55f783a9af41d3a6cc2f2df0f45df78326e0287cd6c,a,K562_region_00153,chr1:208135969:T:C;chr1:208135982:T:A;var1;middle;OL41|K562|fb7207a41a9843da
7a74425fb35a8c9c7bfb69de5362660e2312fc056be036527e2cd0f0b9efcab4,a,K562_region_01921,chr7:7277215:C:G;chr7:7277263:G:T;var1;middle;OL41|K562|dbb87350ff528762
7a7f26d69ebbe4e66457e75d11e83d937ffd519d3581268f35de6d24c34ac39e,b,K562_region_01238,chr2:37536436:C:T;chr2:37536488:G:A;var1;middle;OL41|K562|232ad10cdc98bef0
7a802996e0102f631f7c4e73f7383c0aeb89019b2669030cf4599618198d221c,a,K562_region_00871,chr17:15637760:C:G;chr17:15637844:T:A;var1;middle;OL41|K562|13783e14e4f000a4
7a8721813334b07b5fb008eb676875a97c2aa8ecbcf4104f036cb31bf59297fc,b,K562_region_01750,chr5:76722816:A:G;chr5:76722895:A:G;var1;middle;OL41|K562|6bc21feec5620de1
7a942fb4d5fa0832e067c90f88a2afff5cc7f5c1caf7e6bd431e03fc5e82a03c,b,K562_region_00872,chr17:15690220:C:T;chr17:15690281:C:T;var1;middle;OL41|K562|2029423c25bc657e
7a970c9e93369aa11bf6d9831922aa6dfe5baf0eab4d61c1f565ed02f51fa8e3,b,K562_region_01515,chr22:36598049:C:G;chr22:36598058:T:C;var1;middle;OL41|K562|ecb0c08c6183e690
7aa273211471deb69e8bc16b649d07f13062c770588662a1737d8bc0b7cd84c9,a,K562_region_00625,chr15:57869168:A:T;chr15:57869193:G:C;var1;middle;OL30|K562|27602383a46be294
7aabc7e14fb178f819ffc02c1f5bac6a4e44eddd9be2438e7237afa83cfc1055,b,K562_region_01871,chr6:135419631:A:G;chr6:135419688:T:C;var1;middle;OL31|K562|36d38e527a26fbb7
7ab771af5a08638b42adfd76f22eefe1e028bc3e1c62791d91d1458384d05c4c,a,K562_region_00767,chr16:57058974:C:T;chr16:57058987:A:C;var1;middle;OL41|K562|25d06cf55437c576
7aba829d45cf218f86f67b45d894127a80896aefc71ed2080c2258fcf24fb73a,b,K562_region_00599,chr14:103565044:G:A;chr14:103565080:T:C;var1;middle;OL41|K562|3c7bdb81ba96e368
7aecf5eb80184186c568934b437d7176c0f7212a65cad830f0db5145d45b238d,b,K562_region_01526,chr22:39241509:A:G;chr22:39241583:G:A;var1;middle;OL41|K562|4fdbdda6b12d8ada
7aeed8a51728dace0c999dc506da886c8f80c3b81c8398be44c30245136de484,b,K562_region_00617,chr15:42171800:T:C;chr15:42171877:A:G;var1;middle;OL41|K562|0fb9c015a2bc3146
7afbd5f23757931e90ed5b16e8bce4450d20104acdee40b6ca3b92fbb0ba359f,b,K562_region_00417,chr11:134625046:A:C;chr11:134625076:G:A;var1;middle;OL41|K562|9d4c0d27c18cc754
7b0885f148783d871f8f6194febe263dccbc53cb92e20ca3b24b0bc88ae7ff2d,b,K562_region_00423,chr12:2509608:A:G;chr12:2509650:T:G;var1;middle;OL29|K562|577d2abdf89d5fa5
7b25b5be098bf5031c20d31922e9999df263efecd9dfca79361a214a35b827e0,a,K562_region_00235,chr10:70977308:T:G;chr10:70977395:A:C;var1;middle;OL27|K562|c61d33229671f447
7b297cacd093af0e0a4e12601809707201213dd6370a7ff3ac62a531404ddf5c,b,K562_region_01248,chr2:43432927:T:G;chr2:43432993:C:T;var1;middle;OL27|K562|3b94321b806cdd67
7b36ec915d5bc44a43f977c026bb904bb0f73fa33b26370b55925d0319f9a507,b,K562_region_01251,chr2:45891708:G:A;chr2:45891733:A:G;var1;middle;OL28|K562|05d8f06dae3c427e
7b3fa3a96775dd1d738a42850d35cde2d867c889430b40a63fb22647ba9aec38,a,K562_region_00029,chr1:16370677:G:C;chr1:16370741:C:T;var1;middle;OL28|K562|ac64d3f98a374f88
7b4ddce4dee8a36fb2087129602255ed31ada6c771fe533d659865670a0c7112,a,K562_region_01480,chr22:19685138:A:G;chr22:19685221:C:T;var1;middle;OL27|K562|b34f5dbf075d0c53
7b4e83fdc41eb97bf8f45fd5be6c987812aa3d5a560b5e419b20500fac799952,b,K562_region_00960,chr17:78943074:C:T;chr17:78943114:T:C;var1;middle;OL41|K562|eb31856889d2ddd7
7b5af4aa94e8445a0c85625021e568addb7f14ce38713330860eb86c02e24c63,a,K562_region_01429,chr20:62153828:A:G;chr20:62153855:C:G;var1;middle;OL41|K562|15db0ef3980019f1
7b778653750fccdb29e1985fb15df13e35ee2f4a6f851ae9c5ee413608bf31a3,a,K562_region_00663,chr15:93224690:T:C;chr15:93224764:C:T;var1;middle;OL41|K562|22bd88c5c7239051
7b7d8af3ad8c808d7e7a7914c0e12693d77d80aebc7964939af7584aa3576327,b,K562_region_00393,chr11:116708663:T:G;chr11:116708702:C:A;var1;middle;OL41|K562|0ff1a9a614b75100
7b88610c1da227ecdc0cf9d403004cc70d120a874dc2f1b4055e3e09e5d4e49a,a,K562_region_00340,chr11:18433720:C:G;chr11:18433780:A:G;var1;middle;OL41|K562|33e4cf6d08c59574
7b88fce4a1ce1b7fb7cc8e7e243122d2a4266d3f568fe701396b0cab7caf8a18,a,K562_region_00279,chr10:132954191:G:C;chr10:132954247:C:T;var1;middle;OL29|K562|09c78d6ada046d40
7bb512dd50777b9ef5e3680a717b92fbfd8054cdb66b516f42e9960a06481048,b,K562_region_02242,chrX:2609717:G:T;chrX:2609749:T:C;var1;middle;OL41|K562|33e8c344e114aa9b
7bf02ea58e88e20368e32b8d2d6e5b58a97dad6d901a03ad243b9c636a7320d9,a,K562_region_01562,chr3:3142423:C:T;chr3:3142503:C:A;var1;middle;OL28|K562|79721e9adb20b221
7bf55d0e6857c4c4464723eb359ca65a7f42d650b223e1664d76719ad5b7bd11,b,K562_region_01132,chr19:39926521:G:A;chr19:39926601:C:T;var1;middle;OL41|K562|a5b165c9f89be166
7c003dfdb1a09f763b080ba9e0fc3b47ad58f15644ee57d4dd5b6f8812c67941,a,K562_region_01895,chr6:169587103:G:A;chr6:169587148:A:G;var1;middle;OL30|K562|53ad8572904935d2
7c13f0e0e7645345f5bbc2ec6104622c2a9fab3672cef7686586bc9ab76d0962,a,K562_region_01003,chr18:61630803:A:C;chr18:61630884:G:C;var1;middle;OL41|K562|81f7c39401dd2583
7c18fa3960d31f537ee0684652d422319cafcc7cfd9db5ecb3717398c793df5f,b,K562_region_01851,chr6:45548285:C:T;chr6:45548287:T:C;var1;middle;OL31|K562|4af7c307bf163966
7c1e85bc2bce5fd32e495a68c181d84946e7e338c7cdc2eb15757704c69841e8,b,K562_region_00620,chr15:45466409:T:C;chr15:45466432:A:G;var1;middle;OL41|K562|f7ff4147c94b538e
7c33ac417b28c07b7c9721cd1e3d9d4dae4ebe57bb9c6a2cfc7eb8fd98030fc5,a,K562_region_01189,chr19:57678194:G:A;chr19:57678212:A:G;var1;middle;OL33|K562|0977fb85c5cbcb7d
7c3705efe7b3687a17dd51a0c2c99294530d7395220ad35d312465f9424d176b,a,K562_region_00056,chr1:49037692:G:C;chr1:49037701:C:T;var1;middle;OL27|K562|2a3eed49aa266c45
7c378ccbc80a7ee19604b26da3cbc5f45f062184bb75f32b088d320ffc812951,b,K562_region_00158,chr1:214160529:G:A;chr1:214160548:A:T;var1;middle;OL30|K562|d4686abe89e67f8f
7c3cc65b445947cfc25dca59cad5d45f050512f4cc1297e0ce5de55174387c12,b,K562_region_00998,chr18:53076736:C:T;chr18:53076790:G:A;var1;middle;OL31|K562|6ffce4f0a579252d
7c446ddbe12736030f9fba0f8d23ed59c4ff4a85d4891525155576da13dd23fb,b,K562_region_01956,chr7:44808017:G:A;chr7:44808091:T:G;var1;middle;OL41|K562|bcfb7636dbd53995
7c542ef77666450ce2906d80c9e4ae9e9fef46d2d4a34cf9210844e3190212d2,a,K562_region_00943,chr17:73587268:C:T;chr17:73587347:G:A;var1;middle;OL41|K562|25d1aad135c11a63
7c573233149267791381223532c333d522f02c6d8d5bb5e9f74a9d6826a8fcd1,a,K562_region_01095,chr19:16607233:G:C;chr19:16607305:A:G;var1;middle;OL41|K562|197149b20a3bead8
7c73923289ed663f87ad3c2f873159607f6d4b3f2e487dbce111d8abb1f16a36,a,K562_region_01633,chr3:184090242:C:T;chr3:184090266:C:T;var1;middle;OL27|K562|3bc043edbcfb8613
7c74a6f4df6e15ac2a91241aedcb72dad1df98d85dd3b5d6c8c4498925cca08f,a,K562_region_01851,chr6:45548285:C:T;chr6:45548287:T:C;var1;middle;OL31|K562|4af7c307bf163966
7c7d98bbed93f4025c2b61c765978a77cf2deb74217c776d0629f4aa00ff60ea,a,K562_region_01604,chr3:125636117:A:G;chr3:125636177:T:C;var1;middle;OL41|K562|8bd1214eb171f819
7c823f3a28fbf730200442453f3e10b98c443fac6fcb2d4c377a70302ed8ca66,a,K562_region_01750,chr5:76722816:A:G;chr5:76722895:A:G;var1;middle;OL41|K562|6bc21feec5620de1
7c83008d22eba1df04054a396e70abda8d3e1a243cd9c338dbeb176910c7678a,b,K562_region_02095,chr8:82066938:G:A;chr8:82067013:C:G;var1;middle;OL28|K562|595b709802aec73a
7c856eced6735be355603e44a94d11c49afa52227a0335f13f1f2be917b90db6,a,K562_region_01330,chr2:202122956:T:C;chr2:202122995:A:G;var1;middle;OL41|K562|0ab5b592f08779a5
7c8b47994a25378d5281c97f2fe3ea9a6d9a8fe9e824eed059161fb11f9be6ba,a,K562_region_01885,chr6:151907958:T:C;chr6:151908012:T:C;var1;middle;OL29|K562|2e8ad34191779400
7c92cfd7cfb32ba9309d8745fcf8759fc867e38b818439a89ab9a873fe47542d,b,K562_region_00493,chr12:125799139:C:G;chr12:125799181:G:A;var1;middle;OL41|K562|5f5c28f014b786df
7c93a932de17b8195e103ebd909497dcc658c5dd7791e72d25e70d2cdc9f557d,a,K562_region_00613,chr15:39888246:C:T;chr15:39888281:A:C;var1;middle;OL41|K562|1ccc6a324415087b
7c98aa47f8cb0502d7662f4df29ac6a8012b93293a472cb9f9ad3b4f8bbb9da8,a,K562_region_01363,chr2:242762838:T:G;chr2:242762923:A:G;var1;middle;OL41|K562|5cf1043881cd46b0
7ca13448211b96337fba546a7cff0a38ae07e44b1642b4a0e850daafb87895cf,b,K562_region_01825,chr6:21926224:G:T;chr6:21926313:C:T;var1;middle;OL32|K562|f23920da6f784373
7ca4cf2932fa7ba85b59e80062c3e940b702835a2a750d4fcb725109ed4571e7,b,K562_region_01264,chr2:66652955:C:A;chr2:66652982:C:G;var1;middle;OL41|K562|787f806c6812e291
7ca78f62313b94083de6160f91e28d3126cc5ace8e8d92756435bc1b39d5d6ab,b,K562_region_01589,chr3:39976354:G:A;chr3:39976401:T:C;var1;middle;OL41|K562|12e032835771eac1
7cac6f8221b9522c38375ea5bc29b8623918c2f6eb61b52902d26065e48aa032,a,K562_region_01093,chr19:16441973:G:A;chr19:16442019:G:A;var1;middle;OL27|K562|1c46cd79141f385e
7cace9878606e73b53a6a61f9b34b92a2fe311fa08c21e32e781b69cd8578bc8,a,K562_region_01879,chr6:149491863:T:C;chr6:149491914:G:A;var1;middle;OL41|K562|892d1021f5d6d10a
7cc02aac5c060e9a626b1c85a415d0ccd5b945bc2aeee49691ccc34dccf4e89c,b,K562_region_01025,chr19:991063:A:C;chr19:991129:G:A;var1;middle;OL41|K562|ab5ad952e25e47af
7cd0004a269ba26ea257839bd840fccb906e389c969a491858e144316c411b20,a,K562_region_00133,chr1:172745284:T:C;chr1:172745316:T:C;var1;middle;OL28|K562|1f0f275b65ab5bee
7ce68fff62c1b9cbedc0517ad979cca2b1d10792dcf96d3e73fec6678167284a,a,K562_region_00139,chr1:198543418:G:C;chr1:198543475:A:T;var1;middle;OL27|K562|e7e4ad7fb9d68a3f
7cf0edfec16a035d58dfd608d273c7c2844cd2d1a619f61d1bc5442452b5d54a,b,K562_region_01820,chr6:10887251:T:C;chr6:10887253:G:C;var1;middle;OL41|K562|0442b75dd327da15
7d1c55222963faf24115c17765c121ae4c9dc6ba8e96b51c682067e9d2795385,b,K562_region_01701,chr4:103146888:A:C;chr4:103146890:A:T;var1;middle;OL31|K562|7a9253d83e958945
7d2c196ac2c34a409e4ccbd7f7071e94825c0c7d6daa1f0163b920ccafa5af80,a,K562_region_01148,chr19:46929591:C:A;chr19:46929619:G:A;var1;middle;OL41|K562|7f343ab018729f36
7d328827dd778ddb847bae72a57382698e54b80e76097d258c2f8d8fb99cc403,b,K562_region_00665,chr15:96714746:T:G;chr15:96714816:C:A;var1;middle;OL29|K562|54d14c739ea7324d
7d35f0f7193cb1cc372616bdeb18b8de8eaab461c1813fb6b50c6e67a54f2146,b,K562_region_02026,chr7:150021282:C:T;chr7:150021350:G:C;var1;middle;OL41|K562|6a4eea6df40c7ac3
7d361c0688f008e6bf5b6c29ffacbd463d85d718fb3b56e92a6e71704523f25b,b,K562_region_01991,chr7:96581466:C:G;chr7:96581553:G:A;var1;middle;OL29|K562|2f3be8bc1359eabb
7d5764d08d9ab1a47882988a2e67134806c5a1a5a769eb0717ab96114f987afd,a,K562_region_00602,chr14:105283159:C:T;chr14:105283166:C:T;var1;middle;OL41|K562|2863c053598ded79
7d5d58f785c85bcb55f5ed71de9ae9883f0c71595ac1a640c511a87b9c401e60,a,K562_region_00733,chr16:8740151:G:A;chr16:8740235:T:C;var1;middle;OL41|K562|883113e1516f8acd
7d5e6c528e552a09047381e693690d570226cc5a86fef32d6a4e96807a05ae98,a,K562_region_01689,chr4:55539253:A:G;chr4:55539264:C:T;var1;middle;OL28|K562|a1c155e30df57297
7d7421d500b364a148ac1813e8b6899e556b67fc2e187b4311367f4e131c2f5c,a,K562_region_01878,chr6:141219627:G:A;chr6:141219631:A:T;var1;middle;OL41|K562|e9733eaa645c548c
7d7a568fe3c4ef381039c654d6a1697a1c571eeca5f2f10075edcceb517002f2,a,K562_region_00302,chr11:833898:T:C;chr11:833975:G:T;var1;middle;OL41|K562|630420b6f89ee1b4
7d8b0a8d5d75cad29923cf5a24d335215b54d719b7595e5911f7612448051f36,b,K562_region_00561,chr14:35225616:T:C;chr14:35225647:C:T;var1;middle;OL27|K562|328240621930dea3
7d91c47d1dbcdb5b5b63ce9ce02b12672b07bed4d7be0f7daf2779eb64734a71,a,K562_region_00383,chr11:93865569:G:T;chr11:93865651:G:T;var1;middle;OL41|K562|d9ac51682fc80496
7da95602d22df46b0d87259605346366ad8ab5ad88c2b957e3881bd447fb6121,a,K562_region_00053,chr1:43804305:G:C;chr1:43804340:G:A;var1;middle;OL27|K562|aa10cd0f10c892a8
7daaa6cc68c0a12b58ac8bb79a493d54d2bca4a5f2a997f5d578b325722e7a2f,b,K562_region_00479,chr12:105616243:G:A;chr12:105616245:C:T;var1;middle;OL41|K562|1f9c6d69c1bbea28
7dabd51209ccee72627f3e68cb08e9cfa11e21c4559bedc15e79a6b37ff9150c,a,K562_region_01028,chr19:1015908:C:T;chr19:1015961:A:G;var1;middle;OL41|K562|18f0ea2f1bd77797
7db0fd126f536d54e81cdfad141c725ba92aa1b332a1460c16c6c1771893ee70,b,K562_region_01115,chr19:21782858:G:T;chr19:21782896:T:A;var1;middle;OL41|K562|554272ac78ec5a16
7dbe9b026aad2825eba051c9bc2979c9c2a218730cbfb99397c5db1820c20eb3,b,K562_region_02062,chr8:13185415:T:A;chr8:13185417:C:G;var1;middle;OL31|K562|fd006e2bf768e9b7
7dcaaf8409df3c2801786b22775f29f571da2ac7aac58f229ac5f36d92983bd9,b,K562_region_01234,chr2:29288466:T:C;chr2:29288481:C:T;var1;middle;OL41|K562|eb542c7b899fd46a
7dcffd7f93a660fda70f7e7553062febd858dc01b9acb23718c47b5d4ced9571,a,K562_region_00845,chr17:3564716:T:G;chr17:3564779:C:T;var1;middle;OL41|K562|6d72a7b88b14fbd1
7dd9cfd3275cc8aa68981d63017a93a7f36f7b0d78d4d281a86e0601407934c4,b,K562_region_00635,chr15:63682331:C:T;chr15:63682350:C:G;var1;middle;OL41|K562|70b3d23e580fd6f9
7ddbdb93e29a39aedaea5e66abc676d9051228a43ce7aba74705909cf716d452,a,K562_region_01314,chr2:160678144:G:A;chr2:160678186:C:T;var1;middle;OL28|K562|b15639f20962a2c7
7ddcaae534ed617dd43f75eba611c719f5736a5a0b984ca766681cbe321bae58,a,K562_region_00814,chr16:89230316:T:C;chr16:89230366:T:C;var1;middle;OL41|K562|ef270074f50221d5
7de18693e4ad6818ec4146cb769720a3755bd947a6c136a35cd8621b6ec5deda,b,K562_region_01156,chr19:49206145:G:C;chr19:49206172:C:T;var1;middle;OL30|K562|ad159f83ebb309d8
7de1c9b3a892a265f8d66d4cd1f2ed2cbbe9225d310c288546bfecb541825511,b,K562_region_02071,chr8:21952205:C:T;chr8:21952226:T:C;var1;middle;OL41|K562|398dfd6b81781171
7df6913707bf9ff1afa77c473c758b25733df0fa596c294ecf9e3b428799037e,b,K562_region_01854,chr6:52236814:T:C;chr6:52236824:C:T;var1;middle;OL41|K562|3f57991fe2624fa5
7e1e7d8f0dd9d43574adc7a3ac2129b12fb2f997b4cf5acd12d7b72ae73577ab,a,K562_region_00702,chr16:1824075:A:G;chr16:1824115:G:C;var1;middle;OL41|K562|b77231194ffa1ef8
7e3582dde5b797c8ade0063cc7c742259d4273ebcf5f34e9494c7d408a394ad9,a,K562_region_01682,chr4:25954096:G:A;chr4:25954102:C:T;var1;middle;OL29|K562|a3e5c68d87a5321a
7e40c2d47c8c3279300291e39310295cd23f8688548b6be9a3b51a25e454402a,b,K562_region_01376,chr20:6752176:T:A;chr20:6752183:C:T;var1;middle;OL29|K562|d0c108d84025a9c9
7e541736a4d3db2d2f050a1c6853afc7b6481dab5ea1e0fc33c7311c54ff87e7,a,K562_region_02084,chr8:27758730:G:T;chr8:27758750:C:G;var1;middle;OL41|K562|2be18a2974487af1
7e6184405f2607473e8d8ca6ade72fae933d4e6bd4c1b61e6f73bfc384d5a151,a,K562_region_01096,chr19:17337308:T:C;chr19:17337344:T:G;var1;middle;OL41|K562|8f5ce2ecc366a90a
7e70155fabc1ed99a9aff2e7942aa161146e587bb3c7dbfed4545d9286755876,b,K562_region_01413,chr20:56554560:C:G;chr20:56554576:C:G;var1;middle;OL30|K562|974527ee41c00aa1
7e8566579699cc90fce8a44f443d1241f220f8f9893faec69a32b287caceab99,b,K562_region_00065,chr1:55521109:G:A;chr1:55521195:C:T;var1;middle;OL31|K562|08d0f06ded24b0d8
7e98d1e6625cc50b5469015fb4c183bc8dc8e6c1561c64faa694bd5f071dde38,a,K562_region_01212,chr2:10424693:T:C;chr2:10424767:A:G;var1;middle;OL41|K562|ae9ef023818c2173
7e9ce720b1c5adaa4e4d464ebaf8210c79db1b7ae739f131d899db73ee65aa8a,a,K562_region_01229,chr2:27741072:C:G;chr2:27741105:A:G;var1;middle;OL30|K562|5bee82ba569e5d92
7ea89f4cc293b85e80d36ca2a313f3269b23c32d179ea2f19b497b4e914fbb10,a,K562_region_01618,chr3:145940051:A:C;chr3:145940063:G:A;var1;middle;OL41|K562|2f57019c1149fbbb
7eb1d5bc0480e79039899f065a9c93eae09598467f5582d6f14465d585a17588,b,K562_region_00857,chr17:6558135:A:C;chr17:6558205:C:T;var1;middle;OL41|K562|6899d724f4cc2b44
7eb29f5dad26dee3493a5ed486da31c7d7d8ff599678a5ffdb37e2721232a798,a,K562_region_01024,chr19:990702:C:T;chr19:990736:C:T;var1;middle;OL41|K562|2f423718378de980
7ebde13c747dab322679d5c07ff71748ef503245fd805eba229954ef5714f826,b,K562_region_01565,chr3:4762697:A:G;chr3:4762734:A:T;var1;middle;OL30|K562|1f6da7386efb24cd
7ebe6494d45b40107e690cd54af331d20f9140e2de4fcabd0420f1c0aa481f78,a,K562_region_00933,chr17:66193334:G:T;chr17:66193336:A:C;var1;middle;OL41|K562|6031e8e679225e89
7ec1de891dbdfcce4685479cc9c2514dd0c8ac2b692c702b26818d2ef051fbed,a,K562_region_00377,chr11:75509317:C:A;chr11:75509352:G:A;var1;middle;OL31|K562|84d13c87b3449bd1
7ec328d4c5c12335749383e688ec149eb5eef10d863b79bba175bb5d8a80bd0d,b,K562_region_02025,chr7:150020381:G:A;chr7:150020422:A:T;var1;middle;OL41|K562|2af17fbace391197
7ec6a7d76262cd3bc553a3f186ba84f95112401319bb781caf2357ee48378e94,a,K562_region_01098,chr19:17340400:C:T;chr19:17340459:G:A;var1;middle;OL41|K562|6996d0dbb166c762
7ece0a85c4b086096671e67d1d87bc4571efcacc1713cf973aa72ee4539b9fa6,a,K562_region_02105,chr8:129950390:G:A;chr8:129950399:C:T;var1;middle;OL30|K562|20ee15d7a1ea0216
7ed1cfef3493ff260ad31662fd21fd440c5a991f84e672c89e0d32ee807c8d13,b,K562_region_00716,chr16:2725045:G:A;chr16:2725094:C:G;var1;middle;OL41|K562|bb827590bff920cc
7ed6921bebff69d73b3336a8dc48c8cde0c081c19adea920b44ace7146fd3574,a,K562_region_02215,chr9:135879138:C:T;chr9:135879209:G:T;var1;middle;OL28|K562|8a9b183f501bf3b8
7ed907e17c02d038bac6dbf7fb2331d545ea038f217712b7993d028a2d253a73,b,K562_region_01038,chr19:1516565:C:T;chr19:1516567:T:C;var1;middle;OL41|K562|67f6e781fabad28e
7ef6c36f0fcc83fbb7bafc219ff553d3c2e69489a95b4af38da28e67940cb401,a,K562_region_01189,chr19:57678212:A:G;chr19:57678258:C:T;var1;middle;OL33|K562|bf0e301a77146792
7ef8a14f03060bd409ded7d9b020faaac6568d0e3821112536cfe9fa6b50c906,a,K562_region_00983,chr18:12911423:T:C;chr18:12911503:A:G;var1;middle;OL41|K562|23e50c0e94a74dc4
7efb390a6821b82d64ca7ac15c587e2ae227867c684c9cafa2d9ef99baf1b006,b,K562_region_01467,chr21:46683581:A:T;chr21:46683590:G:A;var1;middle;OL41|K562|79fed557412fcad9
7f03c3f3747cb54f011c0378088fe1ba86320c926b61e4758c637d06baa76e81,a,K562_region_02014,chr7:130432469:G:A;chr7:130432538:A:T;var1;middle;OL31|K562|8ae0eb245c76b637
7f28a6b6682e16e52e1f8d699cf85ca84ce1af6baadcc461277f408e44dad9ed,b,K562_region_02110,chr8:142307749:C:T;chr8:142307753:A:G;var1;middle;OL27|K562|ac589848974c1176
7f2ee72bbf243d4d60602621a18e10cace54d7b91cca954ce89ec8e39b095afd,a,K562_region_01088,chr19:15893878:T:A;chr19:15893942:A:G;var1;middle;OL41|K562|ee7cdc8ad31206f8
7f4ba67335674b63b1f5ca42abf25362220fb4dcf8b6e6b8484471580e9003fb,b,K562_region_01889,chr6:159857587:C:G;chr6:159857662:T:C;var1;middle;OL41|K562|3f6e0e89b5af5a63
7f5ef98b7257c94cb1a349b82d91c43ad086e4db63df740d6a516f7fb7d4a8b8,b,K562_region_02031,chr7:151413124:T:C;chr7:151413194:T:C;var1;middle;OL27|K562|3155da39be2b2916
7f65235c24abb9d53ababbebd8d585e274cd64a345ffca9335b5ddfe833d2565,a,K562_region_01374,chr20:4142800:C:T;chr20:4142809:G:A;var1;middle;OL41|K562|7f7e591e24519f2f
7f68a9baec7ff4241c4df927dd692219e6283938a81e8f174ef8ae199ca7f506,b,K562_region_01386,chr20:26185364:C:G;chr20:26185373:T:C;var1;middle;OL32|K562|e1d237ae3d5f3f5e
7f6cd552ceba3bd1b632d9811dabcfb011a020cf6323cb488d9c0959b1addee0,a,K562_region_01450,chr21:42798030:C:A;chr21:42798065:G:T;var1;middle;OL41|K562|1f2fa8e6fd085e28
7f7471555baa06eaeb9c8ca3de07ea69092aa284df3eea131a416caab55f32f9,b,K562_region_01966,chr7:64411148:G:T;chr7:64411166:G:A;var1;middle;OL41|K562|5f8c1e7fa8b2dc3e
7f77c0835927455bb7f168f7f9b9350cb558a8a09f173ecaa5055bcc5d7393d0,a,K562_region_01237,chr2:37046594:A:T;chr2:37046602:C:G;var1;middle;OL29|K562|df94568f47585f0d
7f874605737b56fcc6cc15f313ed8355df56d7a077ed86ddfda6c332d1847411,b,K562_region_01123,chr19:35556640:T:C;chr19:35556729:C:T;var1;middle;OL32|K562|8755705f82b03686
7faf6a76eaced7bc03b72f7e21038e806bc335444f4c4945c06ffd209af527eb,a,K562_region_00646,chr15:77833064:C:T;chr15:77833110:A:C;var1;middle;OL41|K562|d66b65862d64bfd1
7fc944562636e08080af6f9779798c5f45ff4f3e33d0537f3fc08dc8fcd3134c,b,K562_region_01667,chr4:6673552:G:A;chr4:6673630:G:C;var1;middle;OL41|K562|0dbdc42d967788ba
7fdd8d860d40dfb885e0f1faf71c98dcadcab37ffa98bd5e7330b14b12bdfc05,a,K562_region_00827,chr17:65610:G:T;chr17:65632:C:T;var1;middle;OL41|K562|f6405cd9821ce9f8
7fea027a6cf0144c0b1b8da6f0913c011b93ace079f09eed929a5c600b618059,b,K562_region_00758,chr16:50913994:G:A;chr16:50914036:T:C;var1;middle;OL41|K562|bb90482806352c2a
800daa06b56676a684bda153b57cde75b1c778d71a87bef49b0da84e8870f6d4,b,K562_region_02070,chr8:19940945:T:G;chr8:19941027:C:T;var1;middle;OL31|K562|9b58e1de58266195
8016403ece865bfc4c1dff52b1fac91b67918ba45824e106d3dd660d4cddd02b,a,K562_region_01787,chr5:171577689:T:C;chr5:171577700:A:G;var1;middle;OL29|K562|b15b2af9d89b237f
8025d306781a7b90d4a395f52d8591cec314c7dfd6d074c48f4adc3ef638de65,b,K562_region_00233,chr10:65027610:A:T;chr10:65027641:C:T;var1;middle;OL27|K562|75bf86086cb31b49
803aa139a62520b9dd3a8330fdd82a0f5e0c0608c7823ce011955297085c80a7,a,K562_region_00046,chr1:26504697:A:G;chr1:26504741:G:A;var1;middle;OL41|K562|b51f5122157ad93c
803d136cea37deeae436123a8d76a779725b3af52dc9e0080e2f381d7b6338dd,b,K562_region_01508,chr22:24997309:G:C;chr22:24997357:G:A;var1;middle;OL41|K562|60b1e6907a910153
805e027b8a24ac105200da985c4a29640d3051ab10c09933c6b93e53582530d2,a,K562_region_00781,chr16:81041950:G:A;chr16:81042028:G:T;var1;middle;OL41|K562|d3d3ddcebe0e0219
80810a263697ae4a0367c7cca962b53ee4bd42000a1669f9e9acc9c3040195ee,a,K562_region_00809,chr16:88766973:G:C;chr16:88767045:C:T;var1;middle;OL41|K562|8ceee927e45f13c3
80868ecf1c6a202116caee97bc62f01af9f9db58625c3fb54565f077e6ab1672,b,K562_region_01309,chr2:132795438:T:A;chr2:132795483:T:C;var1;middle;OL41|K562|1fbf96fc7e4102c5
8094197b061c299c110054c30dbf61e2c723fdf99f441794fd76bbf43789029a,a,K562_region_00080,chr1:91530259:C:T;chr1:91530305:C:T;var1;middle;OL29|K562|cdb2d5a177da0fc6
809673d8d90d294c8cb411544648947786b55e58388da497ec9a9d4847d03dca,b,K562_region_02095,chr8:82066998:A:T;chr8:82067013:C:G;var1;middle;OL28|K562|1328cbedf4390bc8
809c30b8f1c516fa9784497dab164ea7f7a2dfe501b0f0fbdf8f3a7ea27988d5,b,K562_region_00185,chr1:246862572:C:G;chr1:246862588:C:T;var1;middle;OL41|K562|48d0052d97765b48
80adf5d939a7cb47d6346b248ce3fab9acee56c42c19baa3ef3eac192e72ebd3,b,K562_region_00221,chr10:49810853:C:T;chr10:49810917:C:T;var1;middle;OL41|K562|7afd0a315dff7fe1
80b161dcc210bb383f213e9cc5ab3c787154066add0c84165cc2e9bd8c11093a,a,K562_region_01203,chr2:3639909:C:G;chr2:3639921:C:G;var1;middle;OL31|K562|4506f457555169ff
80b5580f277a26e6abb83bc1f4dbd9b7711f95b5220329c8416657dfcd4276cb,b,K562_region_00644,chr15:75321910:C:T;chr15:75321999:G:A;var1;middle;OL41|K562|614d2063667875d5
80d70b801b20ef6266fdb0831ad381b8ccd7f927a612cd8251566b568b9a509f,a,K562_region_01351,chr2:237779229:C:T;chr2:237779235:A:G;var1;middle;OL28|K562|e9bd9e11f2523d01
80daa48efd3508ae610846314a9bdd65a345d3d3d059e002a40392e07b8a5999,b,K562_region_00994,chr18:44337708:C:G;chr18:44337725:T:G;var1;middle;OL41|K562|b68944613c3a865c
80e301ff8b39ae9ae5a1ad8477e4e6ead090e4ed81134768f26f86bf1a1b64d9,a,K562_region_00809,chr16:88766940:C:T;chr16:88766973:G:C;var1;middle;OL41|K562|f82f8a3cf4bcc4bb
80ea4b2ba2b59e46129b2234cf9fe398153bc0b59074178993202537efe31795,a,K562_region_01626,chr3:169098791:C:T;chr3:169098861:C:T;var1;middle;OL27|K562|7cd60e1e4468fcfb
80ebcdcee5e3bcada16544689f685200743cdb4b9749a6df0b497391f9413f97,b,K562_region_01486,chr22:20192544:G:A;chr22:20192586:A:C;var1;middle;OL41|K562|af3b35956bee2f00
810495d8cd492330fbe136e9680af6ce9e9ca379ea12b2cef02b3a4495ede371,a,K562_region_02085,chr8:27935535:C:T;chr8:27935591:C:G;var1;middle;OL41|K562|195519cd6efdd1ac
810684047c2d4e52ee2b0747ea0866d2932e947ff2a7561ff51fa71c4f550bce,a,K562_region_00715,chr16:2303353:T:C;chr16:2303371:C:A;var1;middle;OL41|K562|1ba5f6987d3e8286
81144758cdb9641bb5691f55e5206ea53cf16d48cfc2423844f849fcc240b127,a,K562_region_01168,chr19:53141566:G:A;chr19:53141625:G:A;var1;middle;OL41|K562|1fe1772d54269643
8138774b27242277cbeca9c3891cf34f752622ca677e23a08e397785f3b6fcb4,b,K562_region_00050,chr1:38243785:G:A;chr1:38243865:G:C;var1;middle;OL41|K562|ee0a572ca870d97f
8145c07c10ad464ef63fc0849e2489dc631d07654ca7072d9148f0df98cdbe16,a,K562_region_01803,chr5:180631342:G:A;chr5:180631387:G:A;var1;middle;OL41|K562|c551e7e8cb45c215
815cb5e8e39e22f96cb09ad448df704d682d417ad0e816372ac92960f07915d5,a,K562_region_00795,chr16:85059568:G:A;chr16:85059628:A:C;var1;middle;OL41|K562|e1e359f21d181f2a
815e0d1c894e24f177d6535b9fd9ad20bc903688973b0c1dc17ea46b93ff8a07,a,K562_region_00803,chr16:87404017:C:G;chr16:87404052:C:G;var1;middle;OL41|K562|820872bd8430b42b
816d9493fa2269b311dcdceb91ed69968073dd747631560982389bbfe36191eb,a,K562_region_01997,chr7:100347059:C:T;chr7:100347079:C:T;var1;middle;OL27|K562|93321c58db5a4174
81749d9186da0144b977cdc689229fddf16e7ea86d7d4cfd1435accf3c3ac663,b,K562_region_01163,chr19:49950298:C:T;chr19:49950356:C:G;var1;middle;OL41|K562|3a1d83e891d1b357
8174acf899f1a60067ec21c9bed7b1f6d7329c9d97af0006e27dc621a1638f7c,a,K562_region_01756,chr5:87969929:T:A;chr5:87969937:T:C;var1;middle;OL29|K562|4ffa5aecc34d02a3
8193d0b5eb93144e9c357fa68e57fabc5f9cc753c6d5576ae57093d42e786d17,b,K562_region_00032,chr1:16542835:A:G;chr1:16542876:A:T;var1;middle;OL41|K562|8d5dc96eef7b1cfd
81bcc871a727a3755da8b928d96d632f023125e5a032bdfebccc370882fc3b13,b,K562_region_00808,chr16:88634287:C:T;chr16:88634317:T:A;var1;middle;OL30|K562|7776a45950aee564
81bdb9d6e346d3ff023ec68591c688aac80d965a88e106458dfb037a2e30aeb7,b,K562_region_01703,chr4:111112133:A:C;chr4:111112177:T:G;var1;middle;OL30|K562|f0db17350dbb19a1
81c02c4b2c399b4db2cbb7ab9fa795165e1740d5d579e66eedd78ae496b1769f,b,K562_region_00614,chr15:40330564:C:T;chr15:40330629:C:T;var1;middle;OL41|K562|85e6f1211e330f98
81c37dd62ea120f43577b4e16a75380c7d69a1d570cad5dd6c5ceb14cd9032da,b,K562_region_01814,chr6:3912246:A:T;chr6:3912275:C:T;var1;middle;OL41|K562|3cf708fe55811899
81c827ca5ae5f745cc802ed3f9e19480c47b18a9cceb4a56d1bc10f39763872b,a,K562_region_02015,chr7:130566755:T:C;chr7:130566795:T:C;var1;middle;OL41|K562|4c66fa137ff431eb
81d77e593fe2e0b48110c92055d21e9ed97ccf22d93b7c11090ecfbb965bcf66,a,K562_region_00530,chr13:97646229:A:G;chr13:97646264:A:C;var1;middle;OL41|K562|c803e7a9ee47a725
81e0f9f1a66dba14ae1f2869bac73d6d0b667b9509dbbbb192f7df221af9d25f,a,K562_region_00224,chr10:51984357:G:T;chr10:51984405:C:G;var1;middle;OL41|K562|23a6d6e6c28c4d30
81ea3849010435e5c91c7ede5e3a404c130d64eca83567dabf83dc68b5ee2cca,a,K562_region_00671,chr15:102039842:G:T;chr15:102039868:C:G;var1;middle;OL41|K562|6e946be1a778d0cb
81ec1213e2900f5ff3bb8018152b663db8294364b22f4ce5eae5f6673616fb0b,a,K562_region_02238,chrX:202365:T:C;chrX:202439:T:C;var1;middle;OL41|K562|02d5bfcb7998f4d4
81fc1e8d0fbeb072499a687d2a5cdb9418ba7e8382e0be0c5b1312aecac308a6,b,K562_region_02249,chrX:150068065:C:T;chrX:150068138:T:C;var1;middle;OL41|K562|bedfa6e23b724293
820f717a3afa48af5caa24a3b55ca284997df0c20f98f9b6829113b41a6c8a26,a,K562_region_01551,chr22:49262491:T:G;chr22:49262579:G:A;var1;middle;OL41|K562|eb13a03b754e4a34
8224b3198b1cd6b72ea769e796748fd614bb5dddefe49d6dfb85e0da8714bc0b,b,K562_region_00854,chr17:5323125:C:A;chr17:5323206:T:G;var1;middle;OL41|K562|637e603d97c8dc6d
822a166713dcf7618fbfc99d1952d87f67f73b596eba45a178320f80fc2875b3,a,K562_region_00770,chr16:57319991:T:C;chr16:57320026:T:C;var1;middle;OL30|K562|e5496e05e2cfe1b7
824eb829c17f27d26824f31cab020fc44934fed5aef0a578e7faf56ffe383c01,b,K562_region_02067,chr8:18272377:C:T;chr8:18272438:C:T;var1;middle;OL31|K562|2cf645c31cf9c8a3
825b5fa65ee1e4c82b64810810908ebaa93a2b720447d6219821326ab5ce29a9,a,K562_region_02197,chr9:114419664:A:G;chr9:114419696:C:A;var1;middle;OL41|K562|c8c4ec57964a6769
8266429406fdeea4c2baa72b38659e01c38354fc79d3eb7076defc72dc050da4,a,K562_region_01101,chr19:17592797:C:A;chr19:17592799:C:T;var1;middle;OL41|K562|b775041e28709338
8280638e368356cde605f7606d88aa0cb4d249a712820cea1cbd4fdcd0287b09,a,K562_region_01597,chr3:72396241:C:T;chr3:72396329:G:A;var1;middle;OL28|K562|92d84463c48c7ad1
828385046287977582852c4438a5c0c70a7ddad4ef7f4323b463dd3d5fc13dc1,b,K562_region_01344,chr2:231880308:C:T;chr2:231880381:G:A;var1;middle;OL41|K562|6c3f406307ba05b4
8297b5a77966a85ef9e80da20a612243515b2ce6a80806708a874ebd66870612,b,K562_region_01196,chr2:3383662:C:T;chr2:3383741:G:A;var1;middle;OL41|K562|c76463d0d76a8be3
82c8197682f7cb544ec0ac4062f1c59ffc2cdbe159a978b2f40b22e2e66e2cb4,a,K562_region_01153,chr19:48097125:T:G;chr19:48097205:T:A;var1;middle;OL29|K562|07e314694460a9a8
82ccf908479c65c210bf9da6a5c308101ac6c89b38c8bdbda18fafdfb159fa0d,b,K562_region_00840,chr17:2278555:T:C;chr17:2278557:C:T;var1;middle;OL41|K562|4004758c9c0da5f7
82d0395d4d41252bd46acd5dd5fc5b9536160ff8ef35955af5664fa71ab02ec4,a,K562_region_00268,chr10:115786233:G:A;chr10:115786236:G:A;var1;middle;OL31|K562|31ac71bda5f39f2c
82d84a2802894e6aaea94c6cafb7bd76e1cd70362dfbcba04125e906503ebde5,a,K562_region_00977,chr18:6729022:G:A;chr18:6729046:T:C;var1;middle;OL41|K562|a7ac8950a221635f
83059f28b41cd0d14302443cd0b6ce916ab82be8528c2e55cc09929613c7d83b,b,K562_region_00585,chr14:94454127:A:G;chr14:94454139:A:T;var1;middle;OL41|K562|5ac003f56d1caff1
830b18ea22b45db7fa661f8d7773c690c4d8947a3f3e22b8159a5f91838d9813,a,K562_region_02154,chr9:23829684:C:T;chr9:23829728:T:G;var1;middle;OL41|K562|030970e8173fe381
830d1ce6ef7c55ad83fec707a16d3b12b5d39051196865a2ca16eaec6b0116a5,b,K562_region_00416,chr11:134611854:C:T;chr11:134611935:G:A;var1;middle;OL30|K562|8a94bc3f8f00de9a
83163fcb9bb071808c30aff9c0459aeec85b7d2c879f988ea5af74f89a461687,a,K562_region_01012,chr18:77825898:A:G;chr18:77825934:C:T;var1;middle;OL41|K562|0aa13f212f91f655
83197d31e299954143ea8c5b08b61f5e7b25911c5d76735327a6d3a0f6a225d0,b,K562_region_02066,chr8:17532573:T:C;chr8:17532619:C:T;var1;middle;OL41|K562|b10443209079466d
832c445d2246d0dfa1f054abd23a638a12a094148c0a3db9235470d2104fd76d,a,K562_region_01236,chr2:36810067:T:C;chr2:36810133:G:A;var1;middle;OL41|K562|8a12c38fee367b3e
833bf2a1ae333dee9a3eb03d5bed088dcef8dc583dee1b2042e66e670fdfecc0,a,K562_region_01439,chr21:35357025:T:C;chr21:35357034:A:G;var1;middle;OL28|K562|5705a10c24f42f12
834d501afed825ade3d7263a937a470e73324167755809912bad6dcb5d700935,b,K562_region_01015,chr19:460027:G:A;chr19:460049:C:T;var1;middle;OL41|K562|e264417ad1d6a81e
83678209de9312fea8eb073b7b8214651b7ec9e246398dc5a48677d6404f7513,a,K562_region_00652,chr15:79237180:C:A;chr15:79237247:C:G;var1;middle;OL41|K562|03ed3fef6e10aee2
8387c41b437e43a1ac022928ac04d7514b46f4770d4411b7696b45afa551b4c1,b,K562_region_00460,chr12:48591976:C:A;chr12:48592027:C:T;var1;middle;OL41|K562|a1b3f8f26e41d441
838ab5a1939b194632ebbff3669ac4ee96adca784303e397f4342e10942fdbba,a,K562_region_00119,chr1:160375954:C:T;chr1:160376015:C:G;var1;middle;OL41|K562|d4c9cf370638e9ac
838e2d221e9e6694cdf1ddd3252f0be394c6995ff2f5d6542856839881e48269,a,K562_region_00499,chr13:25556102:C:T;chr13:25556184:C:T;var1;middle;OL41|K562|5ad72e06c40921eb
839180dac7f76b92ae4806097a3173d700b3ab2bc9b1b5b6111076a18d8a7bca,b,K562_region_01940,chr7:25473826:A:G;chr7:25473913:T:C;var1;middle;OL27|K562|3071077b647f63a5
839309a2b39110d66fc6a56e7515d51818cb69a1ef98f6c0f33deb5661ef9650,a,K562_region_00159,chr1:214177413:T:G;chr1:214177423:G:A;var1;middle;OL31|K562|fc6596d69e612ea9
8399dab10caf0178191aa325c8a6fa3fee2415bf7ed7a90587a5612cce83d643,b,K562_region_01342,chr2:228670387:G:A;chr2:228670476:C:G;var1;middle;OL41|K562|90a9816d3a86574f
83b62f3716b3a0d8ca06fbd99237d4575b92829bb6f0d8c92603fd478ef024c3,a,K562_region_02125,chr9:1202797:C:T;chr9:1202855:T:A;var1;middle;OL33|K562|26f109fa1892bee3
83c77e2a94b2e7c63966b9611c62922a399f4b151b13c930fb0dc717be4f9651,a,K562_region_00841,chr17:2295633:C:A;chr17:2295635:T:C;var1;middle;OL41|K562|5daf4281e7f135c1
83cb98a8ba12472a204dc0e88d82d1504bad9a6eb42763da9e1966013d01ceb8,a,K562_region_01152,chr19:47609212:C:T;chr19:47609223:G:A;var1;middle;OL29|K562|d06b801d04b2a7bf
83cbacba821a54dce70bb26350827abca355408987bad6cd0fb0ceda4a11b66d,a,K562_region_01245,chr2:42997950:T:C;chr2:42998032:C:G;var1;middle;OL41|K562|bf79a697c6180cc4
83d31eb60f8f6207bb566e9305bf0558997ed36c28cb3b7e44cca65169651c7a,a,K562_region_01609,chr3:128305302:A:G;chr3:128305341:C:T;var1;middle;OL28|K562|afacde94ed949bf2
83f8799bbf58df393b302cfa9964176ccfbad97f6f71b313539323153cd80857,b,K562_region_00404,chr11:122520528:G:C;chr11:122520558:A:G;var1;middle;OL28|K562|f1cfeda87386c138
840a990adb64ee2a36921233f5b78c9a11d6a0385de8eae547e6f6b79ec45ae5,b,K562_region_01349,chr2:233791608:C:G;chr2:233791648:G:T;var1;middle;OL41|K562|443d32a68862c5f5
840b8ed6f67c3496da171ed0eb6bfe3e3b4849b46b0a20a5d955d621f299678b,a,K562_region_01160,chr19:49374081:C:T;chr19:49374108:C:T;var1;middle;OL30|K562|138f2694f0f5ab9f
840f3998c6eb0d0498786cc6e0955b76d262820833109a373af4adc9b0c87e32,b,K562_region_00070,chr1:68720412:G:T;chr1:68720448:T:A;var1;middle;OL27|K562|f84fd788a025057c
843195c123e671ca1a0a583335337b97f9c758e773261a79610f0ca5352a293b,a,K562_region_01438,chr21:35349285:T:C;chr21:35349371:T:C;var1;middle;OL27|K562|3e1e3717c3ca4481
8432f502dc43f156ccdf262ed03c2b6b46f545bd18d99e2ce73528c6b1bae424,b,K562_region_00748,chr16:23653269:G:A;chr16:23653343:C:T;var1;middle;OL41|K562|bbfba2df2bf532f4
843a897174c301b67e8619c6b5f1796814b075c4913b3ac3bb8100995eaa7a02,b,K562_region_01101,chr19:17592799:C:T;chr19:17592844:G:A;var1;middle;OL41|K562|86a9d877b54ac7ed
844e678c5f8e2b2531fc709254aa24de48b3415770b0b93c11d8dcfac795d5e1,b,K562_region_00750,chr16:23883405:C:T;chr16:23883478:A:G;var1;middle;OL41|K562|216d2d985a567e37
846003e2cc8dca104a0a651159531d000337326a53dfad28301ef89f26fbfe8b,b,K562_region_00984,chr18:13271319:A:G;chr18:13271367:A:G;var1;middle;OL41|K562|9de6d67f4e8af618
84642fa7435e3374a90618da082eff1c780b80c2b393685b04b5a52476796e89,b,K562_region_01606,chr3:125788421:T:C;chr3:125788472:T:G;var1;middle;OL41|K562|dc5f29241213e123
846d8b9a09d206020c6c11eee7f456198f11f027729a04feb62729b787e7d8a9,b,K562_region_02221,chr9:137268044:T:C;chr9:137268063:A:G;var1;middle;OL29|K562|327c8c7834c11c7b
846e46c993f9c26da21adbdabf980c7cf5a4117dbf5ccf5b8142f63fa4bd2423,b,K562_region_01487,chr22:20788969:A:G;chr22:20789046:T:A;var1;middle;OL31|K562|20cc4b32f97c4d67
8471c62bff36de5da6051a0c5ca105246384e8b35da4065bb0ed2a0eed8abe6e,a,K562_region_00481,chr12:115553034:G:A;chr12:115553115:C:T;var1;middle;OL30|K562|c8b92782477f47ef
848b4775b61939129eae8545e3daa15d380be00f1ea544d0ddb11db826c0349c,a,K562_region_00275,chr10:125650709:G:C;chr10:125650793:A:C;var1;middle;OL41|K562|bd13176e768af4b7
8490f5c9e25853c077fd5b07bcaa89337f0d6d9229c3328cbdf8494ed12dbb26,a,K562_region_01585,chr3:32281977:A:G;chr3:32282044:T:C;var1;middle;OL41|K562|b8beb0b8b8dececf
84e0818bcbc1d53fc58bab19c97cdcbc426ff92846b3b582211825dd57cb9d85,b,K562_region_01008,chr18:72264387:T:G;chr18:72264406:A:G;var1;middle;OL41|K562|b540613de761b7c6
84e356cc5b464aac67f8a7c62d6c891aadf4cb8d9c669f38ddd7bca6fc8a02ea,b,K562_region_00550,chr14:23494987:T:C;chr14:23495048:T:C;var1;middle;OL41|K562|40717bee473e0a2f
84f10838dcbd0283eaf4f1ac38b00b3034dca262ea55b64ee9e45e2f7da9c0cf,b,K562_region_00948,chr17:74706346:G:A;chr17:74706349:A:T;var1;middle;OL41|K562|d2f0a117ef7c5d97
84fc38ef90f7dccf277efca9cbd691b56a74e3fd7826fdfad216ea4d705a9cb4,b,K562_region_02144,chr9:13592687:C:T;chr9:13592701:A:G;var1;middle;OL31|K562|89a32ac33e7e773d
8509fa59c3614d25cd775a60b14737143792810436a30794f602e48abeffb959,b,K562_region_00770,chr16:57320026:T:C;chr16:57320113:C:T;var1;middle;OL30|K562|c3e77157beefc0f6
850db93b081466c8ce41b42e1efe0bbd316b9b0030e1a7451b86f60852c871ea,b,K562_region_01783,chr5:156916555:A:G;chr5:156916636:A:C;var1;middle;OL31|K562|ecfb9b4f33966a0f
8512d30bd5e91029b97273f22835a15d800d960c887917e5f4b6602a774c7497,a,K562_region_01370,chr20:3776368:T:C;chr20:3776400:C:G;var1;middle;OL41|K562|800e7676ef64b826
8517a0c8fe48af6c53dd5dd81eb27326352695d19a7fc0459bc608e0af8467a0,a,K562_region_01694,chr4:77200805:C:T;chr4:77200875:A:G;var1;middle;OL41|K562|76458711f76ffc2b
8546025fab367274a933bee4f092d4a5abd822e43ac2487dc7606fb782e55fa7,a,K562_region_00694,chr16:1486875:C:T;chr16:1486926:C:G;var1;middle;OL41|K562|3b1891848c78606c
854b28bbb1dec40a45c5985957334fb6fb6fa6b37f5657a62284379231363db5,b,K562_region_00335,chr11:13010967:A:G;chr11:13010975:A:G;var1;middle;OL41|K562|5e28d44bbb7e8ab4
854b860d9a10836c50f99596980cd42a91fb80635acbd7994a466db257c9ad06,b,K562_region_01817,chr6:6905599:G:T;chr6:6905677:C:A;var1;middle;OL27|K562|8a043f25f02d2ed2
85532fe52aad4ba39caa6dd4bc3aaa9168ef560080dd2d3aed9ff32509636e54,a,K562_region_02016,chr7:130585492:T:C;chr7:130585553:T:G;var1;middle;OL29|K562|47ee1a1d4c1d7808
855752f178500429f1dcba9dcdcaef8a405b10d7507f04e71322cb3280e75e83,b,K562_region_01908,chr7:1622775:C:G;chr7:1622837:C:T;var1;middle;OL41|K562|d14485cd3860ae38
85603a8efa639f03840b5c1ccd93f95ce0bb20fe8d405fa6521d18a9b7f75f7f,b,K562_region_01795,chr5:177610211:C:T;chr5:177610251:C:T;var1;middle;OL27|K562|c21d0386af0ff63f
85740f783159f4b48dae71e6f00d005a8542e0354f393d12df2102a8518bd70b,b,K562_region_00755,chr16:49884530:C:G;chr16:49884569:G:C;var1;middle;OL28|K562|fc618d0929fe7cd6
85822cd8669abd14af15c60855c78ec87ac77a3e8083e705063d15618554c06b,a,K562_region_01128,chr19:39260682:A:T;chr19:39260702:C:G;var1;middle;OL41|K562|711f0ce14e4fa35a
8582cd606ada3db41e2581b3daca27825ae1eb8daeb4d95c700cfaa2a0af93c1,b,K562_region_00333,chr11:10670073:A:G;chr11:10670109:C:G;var1;middle;OL28|K562|d19993864bf4a8c1
8589cb63fb0b37e12447ad7680a7c66887629a809a3ff551919798f84730678f,a,K562_region_00069,chr1:61925076:C:T;chr1:61925107:C:T;var1;middle;OL29|K562|580fc18f19fdd8f3
858fb6ad112127d5c0b6483a9d6a6432525354c27067f61c50d76060264bd2e1,b,K562_region_00983,chr18:12911365:G:T;chr18:12911423:T:C;var1;middle;OL41|K562|98928a06df9a9684
8590c6a83d5df13499ac0aefce2e4f58f1319c59cf0858f0860624b19b8d4c6c,b,K562_region_01567,chr3:5257975:A:T;chr3:5257981:T:A;var1;middle;OL30|K562|141c99d30d8e6f57
85982933111bb30bea52867fc6250776a95d0973fe9781249768a598230c5801,a,K562_region_00041,chr1:24882006:G:A;chr1:24882015:T:G;var1;middle;OL41|K562|1625373304da7091
8599c22054049fcde0fe6eaf7a41693f8aee3fb8d4f6bdc92119d3eb12eb66d6,b,K562_region_00983,chr18:12911423:T:C;chr18:12911503:A:G;var1;middle;OL41|K562|23e50c0e94a74dc4
85a25cd891be0a1c96dd1bb557e31d80c51b1b1339aec343a10b87dcb513bffa,b,K562_region_02149,chr9:22132698:T:C;chr9:22132729:A:G;var1;middle;OL31|K562|df4dddde9431b32f
85c66d0814f865a348d45c2c0d97b97eea28e9b556d760d595ffa2738d8f590a,b,K562_region_00763,chr16:52310527:G:A;chr16:52310545:A:C;var1;middle;OL31|K562|3114c5c244e8ff1a
85ca5684af568abf4d8bc4828ffb24f3f8a7eaf796237eadfec463e59f8d3cb9,b,K562_region_02234,chr9:140144649:G:A;chr9:140144732:A:G;var1;middle;OL41|K562|2e4da2c3979ffbb7
85d267181953ef1866e283880da98793da091861e8106054a694d5794b2f3fc3,a,K562_region_00975,chr18:2843866:T:C;chr18:2843928:A:T;var1;middle;OL41|K562|216d46268cad20d5
85d51c84d69fd2cb310e6cc73d203acb3fcb798d9fc65846a0e2f16db9d52cff,b,K562_region_00231,chr10:64564892:G:T;chr10:64564934:C:G;var1;middle;OL29|K562|167554842bf09b7c
85de43c74a01569d86b1e8074abb8975bfb4400b102c5319972b7a2ed5e6d150,a,K562_region_01591,chr3:45712280:G:C;chr3:45712301:C:T;var1;middle;OL41|K562|bab00a3c52f07330
85dfac899ea539ee642b3be536e6dff6d47e3ba17327f54b91a18750462ca2b7,b,K562_region_00707,chr16:1879065:A:T;chr16:1879097:G:A;var1;middle;OL41|K562|943be53879db61db
85e208f790593c951e09902bae030d60a48ae956667464da97c6d269afc76d4b,b,K562_region_00716,chr16:2725011:A:C;chr16:2725094:C:G;var1;middle;OL41|K562|a96aabc68ee6acff
85e266f00037d7c8861e0f58210d7310df3ce400ee4706368df026ccc2e2fed1,b,K562_region_00072,chr1:75219066:C:G;chr1:75219125:T:C;var1;middle;OL41|K562|e8ed272cf085dc2e
85f06659a568f8f616641ada24f3ec819862a03b6a323fcb1c9aa72735678747,b,K562_region_01044,chr19:2326897:C:T;chr19:2326902:G:A;var1;middle;OL41|K562|b4a03fb264ad5f11
85f1f9c08c9e50ff67983d8d670248ff621ed99447288b9c7efa1763ac91accb,b,K562_region_01270,chr2:74347594:G:C;chr2:74347666:T:G;var1;middle;OL41|K562|c2778756393d52eb
85f44c42d9139580e98718c9e1ced626e112fa0e464225aab54f6fb5e3ae4a4c,b,K562_region_02176,chr9:95899230:C:T;chr9:95899267:C:A;var1;middle;OL41|K562|a0a84d8e3e9bc174
85fdbaa9b1a227d156dc2413e17ab551ce6654d9988b17f11d87bac7246f9ddf,b,K562_region_00062,chr1:55035269:T:C;chr1:55035348:G:T;var1;middle;OL41|K562|7129ad26729e4ea4
8605648e84b2faf20c686cfdf10ed8ce0d2636727a0a25ca557eab1aaf77eb8c,b,K562_region_01136,chr19:41324180:C:A;chr19:41324225:C:T;var1;middle;OL33|K562|f004728ea099f68d
86091f5ac37bb3169b4c603e1ff25fad5bb2d855808fd0d4aa91d52423f51d8f,b,K562_region_01784,chr5:157158326:G:C;chr5:157158372:T:C;var1;middle;OL41|K562|2bc489c2299952d8
86168b4789c415a182041f6642449f5761e3019f6cc648ce293a9a81cb45e769,a,K562_region_00771,chr16:58462627:G:A;chr16:58462639:G:C;var1;middle;OL41|K562|62fe49d72bc43bdf
862095d4d600c5aa03d44dc0bb36072a13016128e910ab6a8c26d83f8fc3f3ff,b,K562_region_01191,chr19:58547449:C:A;chr19:58547516:G:A;var1;middle;OL41|K562|d78c527795cc5b70
86509287a26c9e55ab5391ce826d8a00124bbbd2c5dab3a8bd13eb064e33cbbf,b,K562_region_01379,chr20:14677571:G:C;chr20:14677650:A:G;var1;middle;OL30|K562|c546cf270feb83e6
86971305016e0a445d777f82fca168d8b3136b641422079e9a43026a0dcf8a26,b,K562_region_01510,chr22:25844095:G:T;chr22:25844116:C:T;var1;middle;OL41|K562|f003990e6d7d8c02
86a0d6ff2617284fa0373f8f82baf157c6d4810dd4b5d92aab15863ccd51c19b,a,K562_region_01849,chr6:44229704:C:T;chr6:44229707:A:G;var1;middle;OL41|K562|e185f308a11b42a7
86a43935bd9adf59dd1e338fc169d48553f9d539669b8dc9cf36d2e2cc63ff5b,a,K562_region_00940,chr17:72604717:C:T;chr17:72604791:G:A;var1;middle;OL41|K562|dbc7fe26a027f2d7
86b602bee4aee887c1aabfd7b0ae31e4fd5fdf35e608d233319feb65de93541c,a,K562_region_01398,chr20:45557017:A:G;chr20:45557065:A:G;var1;middle;OL30|K562|411911980c097098
86c1202c804d909da25bdd08d2814cf4aa80031f6077293bbc9cca16735ff902,a,K562_region_00957,chr17:78074446:A:C;chr17:78074468:A:G;var1;middle;OL27|K562|c0856d6b33096202
86ccc26e146e5f899022b31b52f425c85cb68233557c9ecf67afe781a8eaadac,b,K562_region_00895,chr17:36615893:A:G;chr17:36615967:A:G;var1;middle;OL28|K562|0231801e611e5372
86f53a53239892745b600baa49e0f42c768e678714de34ff1871b7b838ea08a2,b,K562_region_01219,chr2:20876736:T:C;chr2:20876760:G:T;var1;middle;OL41|K562|449605ac6e85e252
870bf8cd85e1d8a00decf9b5277dc783cca6d8894fdf110afc1603234e230c9c,b,K562_region_01393,chr20:42473719:C:A;chr20:42473769:C:G;var1;middle;OL41|K562|56fbf2ad4b371ddf
87124ee19d058f749185e36bdda4b8708564041784b6ab2c3aaf923864bb690d,b,K562_region_00713,chr16:2138218:A:C;chr16:2138269:T:C;var1;middle;OL41|K562|2017240115078432
871e427b62b3d6f0dd17be955711f0c6da0250c4d4d5332d59a2259bf2c71cfd,a,K562_region_02010,chr7:128742164:A:G;chr7:128742208:C:T;var1;middle;OL28|K562|bd4887f56174651c
8721f0456c915057c681d1c1e7b5c95fa135faa0395743234df1e3c648514c43,b,K562_region_01471,chr21:47577549:T:C;chr21:47577630:G:A;var1;middle;OL41|K562|3a7abda62cf7a8e7
872e4c11d204cd712623672dda4e4bef980a0ca6c41ecb95576d3b782a799783,a,K562_region_01325,chr2:182234900:G:A;chr2:182234940:T:A;var1;middle;OL27|K562|7359fb2cb824ef0a
8732b63d25ed09f5568e890332b70009316e456de8a061dbd60522b8e6d0ad1f,b,K562_region_02008,chr7:128512228:T:A;chr7:128512231:A:G;var1;middle;OL41|K562|08ded846de4e21b4
874702d5118b7dfc3d06707cd27ea8ba71757154ae26345d52031dad652d1041,b,K562_region_00174,chr1:232811909:C:A;chr1:232811928:T:C;var1;middle;OL30|K562|33c5c844d4d2214d
87572b3877aa0f830298330d5b3a59f81f2f544458263b95861e2bdebc78d426,b,K562_region_00671,chr15:102039837:C:T;chr15:102039868:C:G;var1;middle;OL41|K562|ada0dc6f2a03175d
876de4fdd96f521785119f0f42912af3377bed8a685cfd0b5e0f217b359305d9,b,K562_region_00099,chr1:115625696:T:G;chr1:115625734:A:G;var1;middle;OL41|K562|7e7bf22f179d222c
877ff23d48961829c85a087900cf011200eca8bb3cd3b0e8979d3301e884962d,b,K562_region_01770,chr5:131721174:A:G;chr5:131721204:T:C;var1;middle;OL41|K562|4651a9a8ef09f56e
8783f471e7cffeb50a5362dbbfd67844161006b0dd9ab6952e616eeb19eeffe6,b,K562_region_00162,chr1:223228143:C:T;chr1:223228179:G:A;var1;middle;OL28|K562|62498874f375d6bc
878b0ab23757930f2a05dae58f4f152b0875d9b269a4b634f67b3c0e435bd6b7,b,K562_region_00331,chr11:10638972:G:A;chr11:10639018:A:G;var1;middle;OL27|K562|032bb722f9ca1d72
878f2d534205bd1fe10838c89567f7ef0184d95279cff4a453ab9a7f41ff2b4d,b,K562_region_01995,chr7:100221849:C:T;chr7:100221867:T:C;var1;middle;OL41|K562|e93b68251e0763df
879b1af9467694f053fd9f2d106a087aa115a156ddf755386454845001852114,a,K562_region_01414,chr20:56556061:C:T;chr20:56556146:A:C;var1;middle;OL30|K562|bfbe3e9d8a372030
87a1d34faa5adebe48d44214a9abf46e9a2d519b0c51aabe43a0db02a0680f8d,a,K562_region_01240,chr2:38153462:G:C;chr2:38153486:T:A;var1;middle;OL41|K562|fda0417c6ac67397
87b04495a20f7f3755ba173e27ef7670f4e788b24218785ef7b55f2a06b57b6d,b,K562_region_02014,chr7:130432469:G:A;chr7:130432538:A:T;var1;middle;OL31|K562|8ae0eb245c76b637
87bf5b6061bc0c01d396890497b4fd006f06fa1bba29171d7d2c3d712fb66f9f,b,K562_region_00939,chr17:72601810:T:C;chr17:72601818:G:C;var1;middle;OL41|K562|164b519876912d76
87c0f49f94b87d0fe31ef193927d04a7da12927f40dd51b650a65e5ef9e1f9b9,a,K562_region_00289,chr11:308059:T:C;chr11:308065:T:C;var1;middle;OL41|K562|a4118a2a38de70a6
87c125e050abce8c651c91c04a4588e2da21d42224cf5ce2d12f8bac410f0565,b,K562_region_00907,chr17:42786170:G:A;chr17:42786213:G:C;var1;middle;OL41|K562|8b4c864f309296a6
87cd4b0e2a7f311dbeb497896480a8a4fd32fa55ad4b52dad5648bf10838697b,a,K562_region_01671,chr4:6919661:G:A;chr4:6919674:C:T;var1;middle;OL28|K562|6f22eea475b930c0
87d80b013a3353093914fa9ce45f5442d40ec8722592df327da038e11c68e7ab,a,K562_region_01433,chr20:62599442:C:T;chr20:62599471:G:C;var1;middle;OL41|K562|40c7db9e3edfe972
87d83ce28aca9834c0c611e212997cfe6b61ff5f5ddb35a09d2ce5ff93b04f3c,b,K562_region_02137,chr9:5453172:A:G;chr9:5453260:A:G;var1;middle;OL41|K562|3954f1c5e77adc08
87f68c3d81452c7aac7e6e85791821cdf5b3dfd91d53eea7467ff89d5ed6b6c1,a,K562_region_01454,chr21:45198522:G:C;chr21:45198557:G:A;var1;middle;OL41|K562|d8f2f250630facf8
87fca5d144e974e3e2c632c16407d34bb2a24947d8da7f76549e2d0043869af4,a,K562_region_00845,chr17:3564779:C:T;chr17:3564815:A:G;var1;middle;OL41|K562|5e33e30390eec800
87ffefb5c18f338bd11add864a7beacc242f74b128333c57ef477a58db05a9bb,b,K562_region_01270,chr2:74347525:C:T;chr2:74347594:G:C;var1;middle;OL41|K562|c71a78648810ac07
8819e1dc32c15e0849353ac241a7141f02a202a83499663f94af82de54e1ac30,a,K562_region_01733,chr5:9547958:C:G;chr5:9547965:C:T;var1;middle;OL41|K562|2743ae03b5c9a1e0
881dadd06b452cdd9e7ef85f04d6623ba5f7af42c2e830d1d446354e74490fda,a,K562_region_00960,chr17:78943109:A:G;chr17:78943114:T:C;var1;middle;OL41|K562|05b50d5e37a57414
8825a78628fd1c5a8e65d2b07f2258dad12e1b057157acec92ffdac47eb148c9,a,K562_region_01171,chr19:53868421:T:C;chr19:53868435:A:C;var1;middle;OL41|K562|6905e4075a634f2c
8830eb4a8c1433cf1ecd27a5548a3ea404ee335ab1cd90f35d88d968dd9dcf66,b,K562_region_01507,chr22:24342840:A:C;chr22:24342860:G:C;var1;middle;OL41|K562|a4c3ff6835ee60b9
8840d72589853fad861f683f5f85fecd265fbd8c3444dac7130fb631186c32c3,b,K562_region_02206,chr9:130965235:G:A;chr9:130965264:C:T;var1;middle;OL41|K562|dd17f8f688e1bc21
8844ebf00026efd5fc7322edae920c5f7a640473efa3a4e2a0f5ccea17871d5f,b,K562_region_02037,chr7:156403979:A:G;chr7:156404062:C:T;var1;middle;OL28|K562|78f07aceb09c957a
8851024be60c9376f378ec69fe2038587476c83156ed717cad4db41d380ad821,a,K562_region_01041,chr19:1986455:A:G;chr19:1986520:G:A;var1;middle;OL41|K562|9d5cb2faeef79de8
88524f2c4fbf8e2ec849ad496d534e21a07bba67ffc40c27cd8dae24beceb19c,b,K562_region_00623,chr15:47754018:T:C;chr15:47754027:G:A;var1;middle;OL41|K562|b092133d97f18753
8858c0ac115435ae8eb07b17bcf52e251c5f85c72697e06309e687e2ecef60f1,a,K562_region_00770,chr16:57320026:T:C;chr16:57320086:A:T;var1;middle;OL30|K562|664ef630314f282c
886ef91cc2d8f68df8e1c1f23436bc34e549cfe28c73f8b55b72c8b3b3d7a042,b,K562_region_02201,chr9:119245085:G:A;chr9:119245127:T:C;var1;middle;OL33|K562|65fee17cfc8f06a1
8879421c85766c0a84bab4e87a97b6e5eddf7f9019e9c11b44b9ed60beaf6a3f,b,K562_region_02238,chrX:202365:T:C;chrX:202439:T:C;var1;middle;OL41|K562|02d5bfcb7998f4d4
88857b9f0931df77ed2af1edd91f4aa5ea9bc973fedf019e9980bb37da8384cf,b,K562_region_00600,chr14:103576369:C:T;chr14:103576444:C:G;var1;middle;OL27|K562|f1981f41bf54cc23
888780868e1ea9a8faef6129ab7ef3716852fe07bd5b8ba427df70b99fae4507,b,K562_region_01599,chr3:101815428:T:G;chr3:101815432:T:G;var1;middle;OL32|K562|f7a39f378e553cfb
88898f9d71d4740842704abe84cb3130c0be8b581ba390e7b9b49a34e4d3e021,a,K562_region_01490,chr22:21322836:T:C;chr22:21322888:A:G;var1;middle;OL41|K562|603eb701d255bca6
88a15c4e38886c89956590bf22c30fcbc56698c40e548999bf3e09cee74c0cf3,a,K562_region_01836,chr6:39070977:G:A;chr6:39070998:A:G;var1;middle;OL31|K562|b6381a22b7e91c88
88ae338b58d0c1fb547e99cb514408234aa0329b2d804eb513435c4a912f7f8c,b,K562_region_01628,chr3:172312614:G:A;chr3:172312634:G:A;var1;middle;OL41|K562|f299b558a901dd0e
88b18b0c4ff10532dcc633d7120bc610feeb58daa736a56bab2c954697abffaf,a,K562_region_00131,chr1:165370400:G:C;chr1:165370475:G:C;var1;middle;OL32|K562|b79a0915c3587e81
88be3b2dd30c615cd64e979b076ffe673ffd83a8a776a2bdded1bf507a6e7092,a,K562_region_00732,chr16:5666233:C:G;chr16:5666299:G:A;var1;middle;OL41|K562|676be6a24c8f936c
88ceaf5ff4a74c0387eb7ef84b6931d69a30a7974672044420f4bea172d94393,b,K562_region_01632,chr3:183534913:A:G;chr3:183534976:G:A;var1;middle;OL41|K562|614e36eb521659f2
88cfe8271f3a3826ccd54be3f4f172216f3a05d380c53cbbc415455e90898ee6,b,K562_region_00876,chr17:17110251:A:G;chr17:17110253:A:C;var1;middle;OL41|K562|478ae58fbb44c7da
88d0db77f3edb27d3b3257cc769756307ba8c84ac50513712179af419fea5ac5,b,K562_region_00326,chr11:9078598:A:G;chr11:9078676:C:T;var1;middle;OL41|K562|8cd90e6a4bfe114f
88d879c10171d3813f409282fdf696427d95a39b191112cc8df87e5add344965,a,K562_region_01508,chr22:24997357:G:A;chr22:24997369:T:C;var1;middle;OL41|K562|ca1b9e411e89af28
88df158a6f41a2c27f7e89bc6ccae656a2f76a175d6b5e32460e991e865475ae,b,K562_region_02075,chr8:22942999:T:G;chr8:22943001:A:G;var1;middle;OL41|K562|b2c3a8fd9d11052d
88e15e0fec818bd20f44e29c720dc1781f9fc4d9de426fddde58befcfa8b7cbf,b,K562_region_00290,chr11:320115:G:A;chr11:320166:T:C;var1;middle;OL41|K562|5169f7bd8e51cb7e
88f4f3b0a398134061b671451b3371e291a4cc1c8e9a9aec6873c0afcc57791e,b,K562_region_01864,chr6:110743194:T:C;chr6:110743262:A:G;var1;middle;OL41|K562|44f32443e4a11f73
8907e083fbbb7d715fef2ffd9f6ad026462f84042cbb9b0b79f4d3d2b3a822c9,a,K562_region_01634,chr3:184091102:T:G;chr3:184091149:G:T;var1;middle;OL27|K562|2f06db522a5b3544
89128eafe152bebb2e31f0d401f1483be14b7340a00fcbcb4f0f52be65e65dff,b,K562_region_01171,chr19:53868421:T:C;chr19:53868435:A:C;var1;middle;OL41|K562|6905e4075a634f2c
8939558c6675ad9c4faae0c95a64e3834ecbd9b1f6a31ff3c7380ebff7e912e4,b,K562_region_01492,chr22:21344905:A:G;chr22:21344920:G:C;var1;middle;OL41|K562|79838ec73f97d48d
89477351d4492c5ae10e576bee839663ee80123d7731f10142aaa368f440ecd6,a,K562_region_00534,chr13:108019827:C:A;chr13:108019892:G:T;var1;middle;OL41|K562|af56db52b11cc614
894edcd0f70dc3adf7ff7b3b0cb0f9317649c93e394f9d50b58869ae490a328c,b,K562_region_01578,chr3:14188700:C:A;chr3:14188762:G:C;var1;middle;OL41|K562|e358ecc9287954a0
8956dfa4cd514afbd2fc0f2994e3c67d8be43bcebd03baf47e32616b8e4a717c,a,K562_region_01705,chr4:122618046:A:C;chr4:122618117:C:T;var1;middle;OL41|K562|d8afa2cad0a39bbd
89598fd9b3dd604767d50cf905f4bb78c01fcac90eaa2d3a11ff71793b07d96e,b,K562_region_01416,chr20:57477090:T:C;chr20:57477104:A:T;var1;middle;OL28|K562|1969d458e8530017
8961778da66203b02a8a6d192bd89edfd598445dc8088b698f28818e5718b8b7,b,K562_region_00498,chr12:133181399:T:C;chr12:133181425:A:G;var1;middle;OL41|K562|2a92edbdf227478b
8961bb203aa35eb2ee2747abaec383d6ea6f248f7d4bbaa3507ad12d9ec9f27d,b,K562_region_00429,chr12:6976685:G:A;chr12:6976688:A:G;var1;middle;OL41|K562|21bc6e429080400b
8966e33634fefb1ade30e37329986c9d18524ec35046e449ac8fa340467fbdbb,b,K562_region_00475,chr12:70068747:G:A;chr12:70068823:G:A;var1;middle;OL33|K562|f969a745070c7484
896a38b41eddfbfc588965f6cdd751c942bd0a7279f706221366c43c37c81aba,b,K562_region_01150,chr19:46974678:C:G;chr19:46974762:A:G;var1;middle;OL41|K562|583d8936eb83ef1b
89774533e2c9be4de9ac2abc4925addacef58788e396e5488d56a76263109e14,b,K562_region_00319,chr11:3855868:C:T;chr11:3855917:C:A;var1;middle;OL28|K562|b0c2bca3c86e0a69
897b116f9b5a40c6916e536026cb861fd414dea3cf70d11423b4fce72b49e4bf,b,K562_region_01657,chr4:2366262:A:G;chr4:2366292:C:G;var1;middle;OL41|K562|3192634809961821
8987f7fa6a7ed18ba93127846b3e5c6b0592c618858e2a67251f055305fe41ef,a,K562_region_01706,chr4:141851355:C:T;chr4:141851432:A:C;var1;middle;OL27|K562|6aee17d9ff72c380
89a982835e4e3b48cc88a454878d43eb545f6d9435a1691ce825218533ecff55,b,K562_region_01546,chr22:45729382:C:T;chr22:45729424:G:A;var1;middle;OL29|K562|6df40ae352dc77d1
89b38aa5ef49ecaf50a3906b95611e3ff141cb2becfe6aee6fea88262f5033b3,b,K562_region_01146,chr19:46180184:C:T;chr19:46180223:G:T;var1;middle;OL29|K562|4c49353dd8eef96e
89bb1ff011dbafb5977f71807ab91abd97a181f5cc7036f0e600e88dddf9087d,a,K562_region_01161,chr19:49436926:A:C;chr19:49436982:G:C;var1;middle;OL41|K562|61acd302608ccec0
89c4b04cfccbd3465a2c9184f7ca66994f1eb8fe628c2e22c41485ad4177fb62,a,K562_region_00047,chr1:28575121:T:G;chr1:28575140:T:G;var1;middle;OL41|K562|676a834d75b98c75
89cfb8f5d29c63bcd1ef8521ffd2a9065a00200e38fa851ae7bcc739076786da,b,K562_region_00716,chr16:2725011:A:C;chr16:2725045:G:A;var1;middle;OL41|K562|94d9adf0cd42af60
89cfe775bf353d9bcb3a5253fd797d4d9520bb6dbeb24b00e79aee001f8d1c3a,b,K562_region_01294,chr2:114393214:G:A;chr2:114393232:C:G;var1;middle;OL41|K562|e1de94dac45dae6e
89e4b0a8b252183d47116363b1fde4789726ca3695640e586c0115171a47e7b8,a,K562_region_00864,chr17:8009331:A:C;chr17:8009337:G:T;var1;middle;OL41|K562|9e2b2b1852bcf9e7
89e6e1559d151e51001f16202e8b6d57fc547c3fdf5daed6239864e834346dc3,b,K562_region_00120,chr1:160791880:G:T;chr1:160791892:T:C;var1;middle;OL27|K562|204150ba0654b86f
89e9ab2cf761d154c2aec7dcb0b0e5e735527be06b6bb3aef49819b8ceaab597,a,K562_region_02169,chr9:95644104:A:G;chr9:95644107:A:G;var1;middle;OL29|K562|a15ab18c5825bc2d
89ede6c86b483cc662683d4c55c3dce3e371896537c85571647a15ba3b4638c8,b,K562_region_01600,chr3:111730487:T:C;chr3:111730546:G:A;var1;middle;OL41|K562|54d96e2eb227a091
8a21581184789c8311a7bc6fdb76e8ab768e5dff5f6e5d6211b139529f72f29b,a,K562_region_00354,chr11:64016229:C:T;chr11:64016284:G:A;var1;middle;OL41|K562|bc7bae2def157701
8a2a78892e2f4f4bb261168d280328abf7dccd9f9a4332f28eede8d3ceee3ba2,b,K562_region_00127,chr1:161646116:T:C;chr1:161646120:T:C;var1;middle;OL30|K562|2a385eea5c8e327f
8a325fa08d2aca52d7741d9c4b47dcf643cd1042373325b09a795ecf4575ecb1,b,K562_region_01829,chr6:34503446:T:C;chr6:34503517:A:C;var1;middle;OL41|K562|0e69ed6c46b09f59
8a62f9f01b2502cef080d9d0536c698eac436ef19b8e0965ce66a77fe2b99c3e,b,K562_region_01824,chr6:21164077:A:G;chr6:21164145:A:G;var1;middle;OL28|K562|fc3ad7d90456b939
8a67fa10f59b42819e47910250b9fc6ceba5ecd723123f96525ba7bfedbda6f9,b,K562_region_01081,chr19:14492219:C:A;chr19:14492265:T:C;var1;middle;OL41|K562|c248e4b0584be407
8a93ddde854ca184aa7d477a92bfc8854e5a70f6fb7d5ad0994f81ec34e10188,a,K562_region_01514,chr22:32871383:T:G;chr22:32871442:C:A;var1;middle;OL27|K562|859a1500e3bb64dc
8a987f9a238e760e715bcf163acdb673636f0e7b1d596375f82db37dc93b1e99,a,K562_region_01986,chr7:92635973:A:C;chr7:92636040:C:T;var1;middle;OL27|K562|7576d4e5ce03bce8
8aacd3e24a1d92f3dc92f6ea066b0f0880055845cc3040abaa425f04707ef58f,a,K562_region_02092,chr8:59406490:C:T;chr8:59406545:C:T;var1;middle;OL31|K562|cde02d42a46133fb
8aaefaedab6d34a0571e16440505c7f3871843f7a5cb558703c247c8e479bfdd,a,K562_region_00784,chr16:81531460:G:A;chr16:81531530:C:G;var1;middle;OL27|K562|487f5f1555aae169
8ab63a9c66c4b87ece4b5db143c30b5c50fe756aa98d874db38129346b4d026f,b,K562_region_02067,chr8:18272466:G:A;chr8:18272535:C:T;var1;middle;OL30|K562|72a2dfa560782333
8abe022b298d3653f79f8e3c84e3af1122917896c7d9e8e433a32f487692fe27,b,K562_region_00695,chr16:1488141:C:T;chr16:1488224:T:C;var1;middle;OL41|K562|90b7af2ec084ce65
8ac80ed8b8be67e31a5bd2f29f283e5c0c097f0ad267397111a8ddf478b3b9e9,a,K562_region_02042,chr8:6263939:C:T;chr8:6263947:C:G;var1;middle;OL41|K562|41adf2b62e510b9b
8ac9dc41613e84d90702e6f15d985afb45265b0f0300c10fdd4334ab8e46f865,b,K562_region_02219,chr9:136137065:A:G;chr9:136137106:G:A;var1;middle;OL28|K562|3f0e0799f547e485
8adb4ea7464b4aaf020d62ecf7276e5f238c73683419e42ae9f14d02d83f825a,b,K562_region_01463,chr21:46353597:C:T;chr21:46353637:T:C;var1;middle;OL41|K562|9efe690f37ede08e
8ae72f7137eae1e2f364d333d8c23e9c092b9365c79f349b7a49261ffef22aa5,a,K562_region_00508,chr13:36871730:G:T;chr13:36871764:G:A;var1;middle;OL41|K562|25811d39d7196693
8ae9e2dc42efa3b4d5eecf67c8372931b5e953c7313b62abf38636455be7f972,b,K562_region_00045,chr1:25896021:A:G;chr1:25896065:T:C;var1;middle;OL41|K562|41bf8e58497bb5cd
8ae9e80ce014c99fffa45522f1bf610fe56ebc1f7732c3421b4cd8d86bcd8aac,a,K562_region_00245,chr10:91002845:C:T;chr10:91002927:C:T;var1;middle;OL41|K562|7cf43297d04cdcb6
8af3cfa5f3b67482974a78da67c184498dff15de12c798a64e09d58175b6e49c,a,K562_region_01776,chr5:142048269:C:T;chr5:142048307:A:G;var1;middle;OL29|K562|c697ff18c8007d32
8b03c434f51583c6984e5dc92934405d83de86a6f05af66cc16ace6962bba82d,a,K562_region_00134,chr1:177937738:T:C;chr1:177937755:A:G;var1;middle;OL30|K562|de94cf96eb23521d
8b04ac32ed09000b9ee973f9b7dfc967966f5e2cf7a89f8d358c2b2045e687d0,b,K562_region_00001,chr1:920692:G:A;chr1:920733:T:C;var1;middle;OL41|K562|a5d4ec6bd8fa5870
8b0d5c1dab46a3b92b1d44255e4103a8209283af0f15a153d393b8bea6c1bb80,b,K562_region_01342,chr2:228670387:G:A;chr2:228670437:T:C;var1;middle;OL41|K562|d3a5a4dfef1b2b49
8b0db8f6794698df58d4f7261c3942c33fcb2e301b9b7aaeba9ee12d121eb092,b,K562_region_00194,chr10:6075148:C:T;chr10:6075211:G:A;var1;middle;OL33|K562|792b0cff673c564b
8b1b892e2a8cced59366a840c738f4cc09bc27dc749f168394c2e13e19d145c5,a,K562_region_01420,chr20:58662964:A:G;chr20:58662969:A:G;var1;middle;OL41|K562|925ff403d6c8ede8
8b212dde8a55ab8d7c00e3e14ad16ddf69dc22353755b99a3545011040cccbba,b,K562_region_00953,chr17:78011360:A:G;chr17:78011370:A:C;var1;middle;OL41|K562|89208b4fe8f1500f
8b2819dc99356ab18991938e067f87d8a68a9c6ecdfcaa0bf200476d731c05b9,a,K562_region_01962,chr7:49815474:C:T;chr7:49815493:C:G;var1;middle;OL41|K562|c23a048543095291
8b39f2d171130ffe18a1bffdfdb32d3815e331922c112fc7f1edff320df7fa97,b,K562_region_01076,chr19:11526759:G:A;chr19:11526765:G:T;var1;middle;OL30|K562|d3d64db267aed8c8
8b3def61bd959de72efa94570c45a90f05b66417705eefe4ab205801272fbcf7,a,K562_region_01631,chr3:183530978:G:A;chr3:183530986:A:G;var1;middle;OL41|K562|4911e7ee8c2d91c9
8b4230f9934840c7d149352cb83147fa630109d8bbf7375158a669bb279dbe79,a,K562_region_01925,chr7:15956388:T:C;chr7:15956470:T:C;var1;middle;OL29|K562|97e5f500cdc5b310
8b484ba14eb8a9cde603462d6c9efeccc66577b9848b0a8561729323b98ed14b,a,K562_region_00877,chr17:17116544:C:T;chr17:17116613:C:A;var1;middle;OL41|K562|1f9f729db0f1eb1a
8b59ecb883ac9e3abec42a245bcfdcc71a24e8d6e9bfa30be3b05d3ac41d1444,b,K562_region_01223,chr2:25136866:T:A;chr2:25136916:T:C;var1;middle;OL41|K562|c624170a11f831c3
8b7126864c4b8bb99f4fae774c2ce679ac2fcd5a1b39f594d519df6cc8ffdcdc,a,K562_region_01723,chr5:428418:C:G;chr5:428462:C:G;var1;middle;OL41|K562|3436209f9fbb69e5
8b74844b5c41d31ee0f7e92fd2a5979cd2ea094c82e0c2d350c7369fe6b04bf5,b,K562_region_00889,chr17:33760128:G:C;chr17:33760211:C:T;var1;middle;OL41|K562|39de926c85f1b504
8b79f2dd989d42cd899290ad404bad068cdcb7ebf67058d88466cd38098073d5,b,K562_region_01786,chr5:167956220:C:T;chr5:167956263:G:A;var1;middle;OL41|K562|47e185ce7a557569
8b7c4926abfbd04539832cfdd3ac1b7a60fedabcc7313835f4f506f977cdfcc7,b,K562_region_02161,chr9:37716237:C:A;chr9:37716242:G:A;var1;middle;OL41|K562|3a972de320117217
8b7e808156b7938287d4dc7f3c906ab034d3776fd9caf60ca9833b2dccd306bf,b,K562_region_01041,chr19:1986414:G:A;chr19:1986455:A:G;var1;middle;OL41|K562|9146c7b4096bc1ec
8b82d96d4087e0340c266d3d8227ee1f4ea64cfd0e004c8662278c4d1e8e8320,b,K562_region_01405,chr20:52176338:A:C;chr20:52176395:C:G;var1;middle;OL31|K562|c842ffd985347d08
8b84c669f02a3b1aff41a396047384feb98a048cdcf2b713f669da57e86fa255,a,K562_region_00471,chr12:64062496:T:C;chr12:64062561:C:T;var1;middle;OL41|K562|b77a179db115131f
8b89752e3ac463904455e98101535bd5c97dc7a333955a9f0a6ef1b8e8a44293,b,K562_region_02166,chr9:86595731:C:A;chr9:86595801:G:T;var1;middle;OL29|K562|3cd3f48573b21b29
8b89caceaa665fae616c4de52d4b67c367406c24acf350bc209429b6035ba984,b,K562_region_00109,chr1:144909155:G:A;chr1:144909163:C:T;var1;middle;OL41|K562|a43f985d8415e7f8
8b8e17f82eff5b50a7eabafd31c407cd3e1eac1d7d24ca2eab65d1b3775fa165,a,K562_region_01482,chr22:19692751:C:T;chr22:19692795:G:C;var1;middle;OL27|K562|09146ea86546e1b9
8ba2287137e29d946ad437c6026361024c8ef2123e3d7c94ea325bb7615d8395,a,K562_region_01715,chr4:186347055:G:A;chr4:186347073:G:C;var1;middle;OL41|K562|6576187bb4edb42b
8ba434cb1c757863c9feee9b80f1821da7446c2e7f281017a60022aea49fbd29,a,K562_region_01371,chr20:3778676:C:T;chr20:3778691:A:G;var1;middle;OL41|K562|b3692af4948c132d
8bb456e04f69751c3219d5a72dbcc94dd3a41802edea8196e46571d7fa847e18,b,K562_region_02227,chr9:139638440:G:A;chr9:139638457:A:G;var1;middle;OL41|K562|cede5e0a5d146827
8bcde515f88cce5e784972ffb0811b7d8af6420acb0641e3e13f3b345b272322,a,K562_region_01774,chr5:139975626:A:T;chr5:139975636:A:C;var1;middle;OL41|K562|955f498b365fbac7
8bcefc03a42feed2e9d40a9a32f3c8b4ab519aec9b1eed2de23212521fc37749,a,K562_region_00095,chr1:110247164:C:T;chr1:110247240:C:A;var1;middle;OL41|K562|1122aaf899aa48f2
8bd9ca1097f23ae0b685129a736fd912727c38adc9a143524b10aabc25c76dac,a,K562_region_01668,chr4:6676485:G:A;chr4:6676524:G:A;var1;middle;OL41|K562|a12189b3bc9c8a71
8bf5e12ed2222bd89e2ca3dbe52d0f13489cb84430cf280d4a1997850eda972b,a,K562_region_01158,chr19:49218430:A:G;chr19:49218437:A:C;var1;middle;OL41|K562|f57c5e1c648fa201
8c0309d89a08af3909f4d34c233e23ee869cd62542270e9beb5ec1edf9abfd0e,b,K562_region_00850,chr17:4807098:T:C;chr17:4807164:T:A;var1;middle;OL41|K562|74b9829a99fbe730
8c1c5ff67844e649d5f78703b0976ebff24942580252b1e422711d6e4eab4a3f,a,K562_region_01600,chr3:111730546:G:A;chr3:111730591:G:T;var1;middle;OL41|K562|c4d7becdaefdd27e
8c2793c3753f005d0266f345811f3268098ab645c4f50315a74e543c90f6af63,b,K562_region_00209,chr10:20143106:G:C;chr10:20143109:C:T;var1;middle;OL29|K562|68b92825f26efde7
8c3683b8d9c6cff398b03c8f52846215d9d61edcd5fdc3061fe226bd8e54ba9f,a,K562_region_01837,chr6:41166151:A:G;chr6:41166154:G:C;var1;middle;OL27|K562|c0dac11e0ab276df
8c36f305a73e628caa9b649b4487ff1df22cfab4a640c878346b20c38ced1cb1,a,K562_region_01839,chr6:42285815:T:C;chr6:42285903:A:G;var1;middle;OL28|K562|64ed170be4f682c5
8c3b1322fee8d34b50258f7b719bd1c6bc91d3d54bc29e9d0c6e0b2635e45f70,a,K562_region_01228,chr2:27521107:C:G;chr2:27521167:A:G;var1;middle;OL27|K562|eb15a88ef84db864
8c511ad3dab15d2769786d86788fcb707acae3d1fba5b48eb6c51afc0562b9b8,a,K562_region_00986,chr18:21264965:G:T;chr18:21265039:G:A;var1;middle;OL41|K562|056350f43080908a
8c56035e8f93913cd8d0314a716ef3a94a9ec526c97858d8e31aa29269b69510,a,K562_region_01442,chr21:36919840:C:T;chr21:36919885:A:G;var1;middle;OL30|K562|e78157d04f551314
8c57a8051332e910e81f30cbc8d40e20d5f98c1bc8880ae2c5886a7f24daa068,b,K562_region_01751,chr5:77811561:G:T;chr5:77811638:G:A;var1;middle;OL30|K562|06817d3cc2afe3af
8c58f6bc46d636c7087be7966a725432fb3f56437da59f4cae69b562d6dc9bd4,a,K562_region_00692,chr16:1030147:G:A;chr16:1030154:G:C;var1;middle;OL41|K562|8199a0a230908821
8c5ad7aa0abaaee55b57846f574dfc7e4be7e4d7d1e54b88282bcbef4c87ab31,a,K562_region_01920,chr7:7244181:C:T;chr7:7244254:G:A;var1;middle;OL31|K562|37b8cd18c4136769
8c5bb77ad164e1c1da30470d73344c87ae39d693c4ac4e612a6a78aa159ab9b4,a,K562_region_01462,chr21:46350019:T:G;chr21:46350065:T:C;var1;middle;OL41|K562|73f196676d920f77
8c619f13bd5fee7b5975153c7977d785eda12ad8e10c61bd447ca85ab9e4791a,a,K562_region_00640,chr15:67370368:C:G;chr15:67370389:A:G;var1;middle;OL29|K562|e4c1126310317b65
8c65874e8dc8d346f1695b0a7b6dc6b1990a6889b60fc4817b4fb853a22a5c33,a,K562_region_01294,chr2:114393214:G:A;chr2:114393232:C:G;var1;middle;OL41|K562|e1de94dac45dae6e
8c7007c87b1f4cb70faa7679f0d555a46a611f2146e69f1b11af77ec2b8e0aaa,b,K562_region_00962,chr17:79303772:C:T;chr17:79303804:A:G;var1;middle;OL41|K562|7049b7795ea38852
8c710f425cd30c316706943a245b1e9d79b7a99d242d8b38d60bfe27ce6f3a12,b,K562_region_00859,chr17:7164499:C:T;chr17:7164563:C:T;var1;middle;OL41|K562|b25d50c3395f8f58
8c7b7cf73f6d4b65a469640fb84d9f4daffa54c1c3ce40912a711105ee654ea5,a,K562_region_01875,chr6:138427424:C:T;chr6:138427428:A:C;var1;middle;OL41|K562|739b7f7ed9711345
8c8548eae213bb55a0d53fcd398095dc72c49796846c309154f03cf0504e9afd,a,K562_region_01034,chr19:1372050:C:A;chr19:1372132:C:T;var1;middle;OL41|K562|6dea68800694d32a
8c86f0233e57a16c918fdf9c792ded85f69303841cb1fb23e274c08595440a68,a,K562_region_01789,chr5:173205282:A:G;chr5:173205318:G:A;var1;middle;OL27|K562|6207649f95ffa4e8
8c958fb9b1d9932fc3a88b241430de0dbdb9bffb9476ecb2fb0847e92a7ba632,a,K562_region_01267,chr2:68979302:G:A;chr2:68979331:G:T;var1;middle;OL27|K562|1c459eb6ce08f4e9
8c962f499f98a3b6302766d871b5c00744f8d992410fd100ead69d768694c06a,b,K562_region_00767,chr16:57058974:C:T;chr16:57058987:A:C;var1;middle;OL41|K562|25d06cf55437c576
8c9c38df88dff6f3e62cb1f3115812b90fe63998c6a9d6de1e3cf0f44364232c,b,K562_region_00313,chr11:2925574:C:A;chr11:2925621:G:T;var1;middle;OL41|K562|eb8b71081ad73b2a
8cb4f5aee5fd80b7d473c7ff0046365201cc7d30b19f7ecf16336446d0b21735,a,K562_region_00003,chr1:1009223:C:T;chr1:1009234:T:C;var1;middle;OL41|K562|76b1db40bf8e33e7
8cb5ce89fff5ecebcd1bccda76813968861731cb5765b79aa7e5d7ad55d033c7,a,K562_region_01610,chr3:128317968:G:A;chr3:128317978:C:T;var1;middle;OL28|K562|d6e36497635c0f73
8cbfd3bc6dd01a3618854c85d6db01842482893081ce13d395b1aa85f4d4a2cf,b,K562_region_01045,chr19:2360806:G:A;chr19:2360854:A:G;var1;middle;OL41|K562|9f48177f07f14939
8cc71e52247ede1f3a3d36f935ffaac628f35ec9dd1dea6fb0bca27fe3919934,b,K562_region_00499,chr13:25556102:C:T;chr13:25556184:C:T;var1;middle;OL41|K562|5ad72e06c40921eb
8ccd6aff870518bcf28b59ad7eb3aafe0197b70ae4a3430340205400d74e6f10,b,K562_region_01260,chr2:60285450:T:A;chr2:60285477:C:A;var1;middle;OL29|K562|b21e17c984755150
8cd0f1ae6b251c4f039bb11404faedb334d5e36143ee75b540ff50c3c65fa60a,b,K562_region_00657,chr15:85512726:T:C;chr15:85512767:G:C;var1;middle;OL29|K562|c0ab168d7772b425
8cd9c16d50e1e03b56f7669b0eec9b24a1cf81bf3367886498d0d26322fcbea3,b,K562_region_00806,chr16:88556004:G:A;chr16:88556007:C:T;var1;middle;OL27|K562|18433fedc8512a95
8ce0067907ddcc7d54870696c26d1a3b540213668ab3eccc356ceed0dd8f5754,a,K562_region_00457,chr12:30948824:G:C;chr12:30948848:G:C;var1;middle;OL41|K562|150668bf132b90f3
8ceb4ad7726ab8982618b7ed3e43b681cf041a0b5003e144333ea50afa9cedea,a,K562_region_00450,chr12:21323527:T:C;chr12:21323556:C:T;var1;middle;OL30|K562|038b0df7d0d1d5a9
8cf0d706381d7693b977e8f0633905d32a11276db6e21644af2b47e57c8b52ce,b,K562_region_01347,chr2:232419666:A:C;chr2:232419671:C:T;var1;middle;OL41|K562|e5d3d06f8365df63
8cf0f600954103881bd3c01eca51fbbf4a413c5f5f702dcfef456a792ab25b3c,a,K562_region_00991,chr18:42825022:C:G;chr18:42825040:G:A;var1;middle;OL31|K562|e6d1c5f5dfa6c347
8cf40425d547825f17697cfe1791d81f901ffaf59d4144feb83a9028e0098f8e,a,K562_region_02226,chr9:139620917:C:T;chr9:139620966:C:T;var1;middle;OL41|K562|5914f7fab5ad17f7
8cf7d21b48ec0021dd19056b54ee061b924b261853d4a88e8bc5e782edadb7ec,a,K562_region_00731,chr16:5075226:G:A;chr16:5075248:G:A;var1;middle;OL41|K562|c81a6325d2af174b
8cf973fbadad5701c4837935f2a34f6645cf32ae6be6baf27ac5a6a7e8f2b088,b,K562_region_01732,chr5:9544638:A:G;chr5:9544677:T:G;var1;middle;OL41|K562|3165679e46db5aa2
8d1da77e4a4aa26aa7da6666dbb6949d105dee41292c2836342e5d007d106a98,b,K562_region_01532,chr22:42466905:C:T;chr22:42466980:A:T;var1;middle;OL41|K562|811c4fe6ada39065
8d2a5b0948527ed349a4d92ffed8249a1749e01b1d5b3a0ff0e3940c009fdc56,b,K562_region_02094,chr8:72088123:G:T;chr8:72088171:A:G;var1;middle;OL29|K562|33a32e28b8db1da3
8d2c06fff6e78026c2801eb6cc83f8612ec156443bca968668633832c6c799cf,a,K562_region_00690,chr16:787738:G:C;chr16:787827:A:C;var1;middle;OL41|K562|d3fdd12321af8871
8d54e30afa3cdc0cd012534c39584cd9a61c714d2900da34e44d726991ad7cb2,b,K562_region_00744,chr16:19722309:A:C;chr16:19722366:T:C;var1;middle;OL41|K562|46968a3b9d71d431
8d5e30d93c2761a98b79aee9649ae88ecf28fbe20db606da6caac9c73342f439,a,K562_region_01911,chr7:2414550:C:A;chr7:2414567:G:A;var1;middle;OL41|K562|66465e9c86ae323a
8d697d9596e5f7c8d2d79ecb15bb15116b1f04e96091ca45ce348e61eba61f5d,a,K562_region_01227,chr2:27315021:G:A;chr2:27315064:G:A;var1;middle;OL41|K562|fd128405c1219e41
8d8d83f21485a19e56f8ba638d56415b1466eb0013b625fc71e72e0c3c329f30,b,K562_region_01878,chr6:141219627:G:A;chr6:141219631:A:T;var1;middle;OL41|K562|e9733eaa645c548c
8d9fe0cdd81540cb320b233881b74dde5f4ba7bded5b08de4455c298b35b8778,b,K562_region_01833,chr6:36974793:A:G;chr6:36974872:A:G;var1;middle;OL41|K562|19e05601efe3ce6d
8da5627037d1b94a160584808abf4517151a00fd3d8f13d349603a9d9a7e16fd,a,K562_region_00908,chr17:42846305:C:A;chr17:42846331:G:T;var1;middle;OL41|K562|3cfb3d64d7fc2d75
8db5143ae3c7020e4e01e0211c03b3185b38e5f6a8bf33f0d4ff7c94238927ba,b,K562_region_01373,chr20:3869057:A:G;chr20:3869099:A:C;var1;middle;OL41|K562|183020039b5dff60
8dbdda75a339aa3afa1837c11dac5cd4005e7dc42e1f8c396392fbdf8a74340b,b,K562_region_00265,chr10:115760976:A:T;chr10:115761021:T:A;var1;middle;OL30|K562|ea0f847c31dced98
8de5def19d9ce764a632da66dc7fdf33ed2c9a9cabaf3c5780f1e9fcf733dc47,a,K562_region_01772,chr5:132201774:T:A;chr5:132201793:G:A;var1;middle;OL41|K562|eb53f2a4efe293ec
8df4d07c9e7754f69afc12d5aa0c8750cce516acbb78c86aef8c44bae0cf54ca,a,K562_region_00316,chr11:3260150:G:C;chr11:3260189:T:C;var1;middle;OL33|K562|e9d1bf0cb4d043cd
8e088a644e1471e6d1de067795d85736d74d72145a42917646dfc3fd11284051,a,K562_region_00446,chr12:19158080:C:T;chr12:19158099:G:T;var1;middle;OL29|K562|f0c2024a0f328eb6
8e0b69d2391b422500e06e3d31ffa18d9a2fe0ad17d90e8d742b0a5ee3898ccd,b,K562_region_00602,chr14:105283159:C:T;chr14:105283166:C:T;var1;middle;OL41|K562|2863c053598ded79
8e0eb0cbd7e58257e88c2aab216a4b11a569beec533dd5bf62ad2b204fbc742d,a,K562_region_02011,chr7:129142694:C:G;chr7:129142775:G:A;var1;middle;OL41|K562|2f9974852907e5df
8e11ff707eecbb13ba8ea7537aa0712d51aad4d54571849bb3945d9122e52761,b,K562_region_00901,chr17:39942449:C:T;chr17:39942494:G:A;var1;middle;OL41|K562|65ba3b1faab8f787
8e13b02a2640a52bed7799d7a7ada2e1d8b9a555145359b89c8363a5f12ebb48,a,K562_region_02026,chr7:150021282:C:T;chr7:150021284:C:T;var1;middle;OL41|K562|792a848b5df1f84d
8e149f2d1b23e7880ca8b3d52d531bd8db9e89366e3d1b3f678f2b3f29533600,a,K562_region_00289,chr11:308178:T:C;chr11:308180:A:G;var1;middle;OL30|K562|e29dc7db56ef87d2
8e1f3274d26344674cfe8e71dec9d59840ff2a36e1e96c8af5408eeab0e04502,b,K562_region_01540,chr22:44577077:C:T;chr22:44577086:G:C;var1;middle;OL41|K562|294a7cafceb3d25b
8e264cbdcb74073e3535db1b11da735f43a914e028c9c30e3ad5c37673379953,a,K562_region_01185,chr19:56004080:G:C;chr19:56004135:A:C;var1;middle;OL41|K562|74f96bde4670c714
8e3a8b1bb77f45bbb282239403eddcfb6852426c5e2dbd8da9254514cfc66620,b,K562_region_01904,chr7:1273821:A:T;chr7:1273845:A:T;var1;middle;OL29|K562|4a6827c05acf9d76
8e4cae2efa698ebab3666e50a211a150c46e752b06b12857b06c9a2835f19641,b,K562_region_01317,chr2:164936940:G:A;chr2:164936964:C:T;var1;middle;OL30|K562|a3b9cc1d68823bde
8e4d2bc06152dbb7264b80352087e1da38f9d4f800df1f03b8d13892439e169c,b,K562_region_00279,chr10:132954191:G:C;chr10:132954247:C:T;var1;middle;OL29|K562|09c78d6ada046d40
8e5a7b52463ff06c191678db473c9ddfb669b6e26b1af77de5fefd24529c1632,b,K562_region_00247,chr10:91596920:T:G;chr10:91596946:G:C;var1;middle;OL41|K562|e53cc0d70488890f
8e60f2e41b51a1d18fbf44c4dd6e1bfbf2bdde6965b9c2af85df34f2b99fafb0,a,K562_region_00516,chr13:46672874:C:A;chr13:46672921:G:C;var1;middle;OL41|K562|c3d7428b0d414f17
8e6812aae0e81323ad3df689707cb4da97dd6097551ae44aa4d092d7a50200b4,a,K562_region_00565,chr14:52511911:G:C;chr14:52511969:G:T;var1;middle;OL29|K562|36b437c62860b19a
8e7eccd4d14d88e3e2314f94a4569f987670f7e3d369cc1a4a4f54c233d291f8,a,K562_region_00669,chr15:100339897:T:C;chr15:100339938:C:T;var1;middle;OL41|K562|92afa10068141ac4
8e8004cbc464367f796dd0ccb8867683fc7f3895a5e8892843f0084c1faa8ba0,a,K562_region_01531,chr22:41720697:A:G;chr22:41720728:G:C;var1;middle;OL41|K562|07ea688edf7bc8cc
8e825b84ed584ec90cb3e3b43c5b3aba6495f7e2f6a0b685e6c7742c449211f4,a,K562_region_02051,chr8:10278686:T:C;chr8:10278735:T:C;var1;middle;OL41|K562|6da28713b8560b18
8e8b541fa58a20fe8c54722fc0db17ebbc918b266df84ce2e70131a7b7eae5c3,a,K562_region_00903,chr17:40824823:G:A;chr17:40824834:A:G;var1;middle;OL28|K562|4491db8ce6435603
8e8d366d6df5be04df0a89d4b1a551c1d044b4001fdec5e09c9266c917a884f1,a,K562_region_01516,chr22:37470536:C:T;chr22:37470604:G:A;var1;middle;OL30|K562|baa574be3dd10ec5
8eb532fd65955bedc41a5a18ccf5bac8699d8bd494197c02718def21a855c177,b,K562_region_02216,chr9:136039330:G:A;chr9:136039398:C:G;var1;middle;OL41|K562|f7e2080e003d083b
8ebfbdf84801b0dbd3b37fd2bae95f174a8072384e0f48e15fc252101cb45734,a,K562_region_00587,chr14:95053863:C:T;chr14:95053891:C:T;var1;middle;OL29|K562|dff63148ce544183
8ec1ef9cdf4064b521fb9622a6f8a0656630e14395fb13ac789fb0e1fe88e866,a,K562_region_00294,chr11:332798:C:G;chr11:332857:C:A;var1;middle;OL41|K562|7faa950a58626c6e
8ed8d6dcb99e0dde0d58aa427078c22c6a232a13bd893e9f2be1902defaf26e3,a,K562_region_01062,chr19:4518610:T:C;chr19:4518627:A:G;var1;middle;OL41|K562|d1d01caf502769b5
8eda760d94916b3c23a1eabb149aabcbed4bced707d25814594b700b7d71b347,a,K562_region_01527,chr22:39420601:T:C;chr22:39420612:T:C;var1;middle;OL41|K562|325ad1c5f564adf3
8efc80e3b532a951aab402df04f4d414419d30d80c5129dbc89cca3312045ce7,b,K562_region_00293,chr11:330973:C:T;chr11:330989:G:A;var1;middle;OL41|K562|84d5968c2b49a310
8efe973513001868fe8f1bd2d5c5357b3bdb644aa7d205b45bf03dad23177e64,a,K562_region_01604,chr3:125636177:T:C;chr3:125636189:A:G;var1;middle;OL41|K562|4d85c323e2bcf7c9
8f20201e76b3c98cbef9da240098042ae9c5d0adb70b4972fdaad6d8f8f4973c,a,K562_region_01770,chr5:131721174:A:G;chr5:131721204:T:C;var1;middle;OL41|K562|4651a9a8ef09f56e
8f406c26c713a1f16ff2c38e8d58139e0b9922f1f36563015047c9ca450df33b,a,K562_region_01301,chr2:128642614:G:A;chr2:128642625:T:G;var1;middle;OL41|K562|33af14ff6118f90d
8f4ad2a1f22c84b4274c5a456beb09433db0a25c89e13059accf817f5cfe941f,b,K562_region_01333,chr2:204739781:A:G;chr2:204739823:A:G;var1;middle;OL32|K562|a739a45b015eb971
8f555e374c994e85a394466904470e888237c8a9a93c769686cb1359cf2253e8,a,K562_region_00065,chr1:55521242:T:G;chr1:55521313:G:T;var1;middle;OL31|K562|2a467ed47ba12b1b
8f5d37eab2ca14b4f41ee9175400ef312f74fca4a757866e8a59fd1efa05d5ce,a,K562_region_00824,chr16:89883208:T:C;chr16:89883224:C:G;var1;middle;OL41|K562|9e8b3deec85a9297
8f7251f5a69ac05063b782d19c3c7752d00ee534931de780f354ebfd1e3369c9,a,K562_region_01309,chr2:132795438:T:A;chr2:132795483:T:C;var1;middle;OL41|K562|1fbf96fc7e4102c5
8f7ef923a31d27e3bb9de8748214404bf12d3ffd2ff5bd8e2592f8a36b8408ae,a,K562_region_00806,chr16:88556004:G:A;chr16:88556007:C:T;var1;middle;OL27|K562|18433fedc8512a95
8f8b681b799b297b5c6df530f1e0a69884dfb9f9ccfa103fb5c2025cbb5f4311,a,K562_region_01271,chr2:74354479:T:G;chr2:74354544:A:G;var1;middle;OL41|K562|4aaae796929db6c1
8fa62d635fe3b476a9cb7cef51985e9aa31330e44a9c1cbf12189d1fdfb8d15e,a,K562_region_01590,chr3:42304285:A:C;chr3:42304293:G:A;var1;middle;OL41|K562|9d05e402e8c49f23
8fa9622834a8a621460f2852188a8307b89d151716d7adf3d97c9629beef6abd,b,K562_region_00878,chr17:17132166:G:A;chr17:17132202:G:A;var1;middle;OL41|K562|ac3d7bb8c0aa17a7
8fac93d55d8d2297acdffd59a35cffe4494028d47a25f0786568115882d6fae5,b,K562_region_00734,chr16:10635566:T:G;chr16:10635600:C:G;var1;middle;OL29|K562|c89d4a11f524f5c1
8fb419a89acf26629250a9c6ee73204260b1fd75a7353af9784bb89db422a10e,a,K562_region_00515,chr13:43597980:G:A;chr13:43597995:G:T;var1;middle;OL41|K562|834bc1aaff1ee59d
8fbb1a3e5ce47eae2a1245d6cfa7520e5a9714890b111528ec184d0c12cac1bd,a,K562_region_01139,chr19:43709798:C:T;chr19:43709815:T:C;var1;middle;OL41|K562|6bed72cea18fb941
8fc1d4e1739dc4a553bfcbae082a0c2ac114b878e55f8fa5c671307265e9e6a8,a,K562_region_01452,chr21:44197992:A:G;chr21:44198015:G:A;var1;middle;OL41|K562|49fd17f39bfc0161
8fc5a7617b93e30c8d442c0a319974dd1bc19262f6c0d1d0e914bf707e14b2f7,b,K562_region_02083,chr8:27630117:C:T;chr8:27630152:G:A;var1;middle;OL41|K562|52c177f2066d3090
8fd1f10cd5523bd0b07826b6ff7eddbd37b715d6057e097b7b76a9021ac63504,a,K562_region_00585,chr14:94454127:A:G;chr14:94454135:C:A;var1;middle;OL41|K562|2c84252152a76a19
8fd2914f9414f8a40d90a87f32e6343187ac0b8909db7f5e240f54a838ef4292,b,K562_region_00600,chr14:103576369:C:T;chr14:103576443:T:C;var1;middle;OL27|K562|dcd6a95a72937d1c
8fd36bde071bf1d83c3953be6d6af07b1c771211a4a6572e5e43cea076cd5635,a,K562_region_00998,chr18:53076736:C:T;chr18:53076790:G:A;var1;middle;OL31|K562|6ffce4f0a579252d
8fe79cba06a63e4c5e2d277caf146acf96472ecb64931c9e61ef8b3f7c79cecd,a,K562_region_00608,chr15:30648626:C:T;chr15:30648674:C:T;var1;middle;OL41|K562|5bfa9d15a62eb789
8ff3ecc5e25c9b54d11c0f44b87f6a54cae9e9148be50f542713a2e2c8d1e874,b,K562_region_00362,chr11:68597805:T:A;chr11:68597886:G:T;var1;middle;OL31|K562|a6bda101caf96ab5
9003bd3794b44c07e28b5061a97a2001040e5f42b800127ee9f18a67a89b4b3b,b,K562_region_00292,chr11:324630:G:C;chr11:324699:C:T;var1;middle;OL41|K562|0cdead62853ef61f
9016c994a240c122d1a1f4de0d24dea7554164bbe8f4b0ef4d1779bb558d106a,b,K562_region_01495,chr22:21400519:C:T;chr22:21400575:A:T;var1;middle;OL41|K562|71303f77b7f8870b
902b392f5cd362dc6622bd601ac6a37b1558dddb826d4d625b7a4f90b162012b,a,K562_region_01249,chr2:44060832:T:C;chr2:44060849:A:C;var1;middle;OL31|K562|5832b7d9007470b5
9052d05bd33894c46ccec9c584ce856ac8102e5bf4f005936acb75b284b89436,a,K562_region_01783,chr5:156916555:A:G;chr5:156916636:A:C;var1;middle;OL31|K562|ecfb9b4f33966a0f
905fbff670d90738b539c5313cc16eec65558ad10efd741ddf692b83ccebe297,a,K562_region_01415,chr20:57274077:T:A;chr20:57274151:G:C;var1;middle;OL41|K562|0a98e3e5771bc10d
90612445af241f2fb5b9ec971ed1f3fdcf9c7317c367b89004016dccdeea5649,a,K562_region_00633,chr15:63449777:G:A;chr15:63449865:G:T;var1;middle;OL41|K562|1252188abe6d92d0
906ae3d5d65b88890554489e15d97f4602edf9d0557aa995a1eb1c1f3f522898,b,K562_region_00786,chr16:81764965:C:T;chr16:81764991:T:C;var1;middle;OL29|K562|2a3600032365b58d
9072d8e8fe391ec5e29c951509d22140d48fdc90370a88606a3cf34fd5eef132,b,K562_region_01946,chr7:30617474:T:C;chr7:30617532:T:C;var1;middle;OL41|K562|4e1c6a884ba5a03c
90901938bbca0e3b95251eb9e732eb0532347e73b0a51ed9dfaf32d48a18ce6e,a,K562_region_01560,chr22:51017296:G:C;chr22:51017353:T:C;var1;middle;OL41|K562|bb03c3283ee63938
90952f6eed5f1c22b8b567d0e1be531a0df363a6196b663d18f33a053f0df9cb,a,K562_region_00322,chr11:4664442:G:A;chr11:4664460:G:A;var1;middle;OL41|K562|21ab184381431c27
90b276ffbbd2a6c5007404788723d1b7c9b790a58870804f175eed0c3bd26e9e,a,K562_region_00983,chr18:12911366:C:A;chr18:12911423:T:C;var1;middle;OL41|K562|b53ec7182381d834
90d1732975cf9f2b4cc6703136ad6a2660af68b67e4c146a5e58c7cdeb1e1887,a,K562_region_01178,chr19:54674349:G:A;chr19:54674421:G:A;var1;middle;OL30|K562|46a2becd641fb8c5
90ec45176b77dc226f5a70cabe3a74f511fbceb6c5b586cf430ab034c77bd682,a,K562_region_00909,chr17:44018488:T:C;chr17:44018519:T:C;var1;middle;OL41|K562|5c7a50b9d9f3f59b
90f39c6e6a37eb66b7195e3f5e797c5d4409b853721b453ace519ee1fe1b07ec,b,K562_region_00070,chr1:68720412:G:T;chr1:68720435:C:T;var1;middle;OL27|K562|b07b2ffa1bc42d7d
90f8d3cacd8e4bbf8e1ac6eb4b6da111d52ced5fc8682fcd5aef1559cd5def34,b,K562_region_00799,chr16:85938595:T:G;chr16:85938681:C:T;var1;middle;OL28|K562|b0007235dc34a09e
9108cd179cd91d4e753386d292d219606e6e83f2583ecdffec56ce18b6309b90,a,K562_region_01555,chr22:50658424:T:C;chr22:50658501:A:G;var1;middle;OL41|K562|95ba9a3a7fa0505d
9109ad52dbee18a71b3a9534a1c3b40e0335f2079ac54528faaed55554fdaa6d,a,K562_region_00521,chr13:51384608:G:A;chr13:51384616:C:T;var1;middle;OL27|K562|ce464019d66f9c7b
9110911dfc3129d212bebd5e631fc1784fe177379848a8736e32b2133a682c83,b,K562_region_01315,chr2:160754050:T:C;chr2:160754133:G:C;var1;middle;OL41|K562|4256075f5cd41b72
9121c3ebb804f1ba29e44e8b3f1a6a73b733d769957eed46d91679262d0f6733,b,K562_region_01641,chr3:193811162:T:C;chr3:193811168:A:G;var1;middle;OL28|K562|9fc6483cdc1039c5
913009afe439c3da3c89c1986b1bb5c22c287647a5a78ada3cf99b4907a8179e,b,K562_region_01040,chr19:1525243:G:A;chr19:1525307:G:A;var1;middle;OL41|K562|47fbfaf8c7e19187
913b2fb29e4197e10eb34d5175fc90b27934e46bd2c7046c3f6917cf95ce44ed,a,K562_region_01150,chr19:46974678:C:G;chr19:46974728:C:T;var1;middle;OL41|K562|6ed3232cf4010b90
914cb403aebf7c3fd518925c78ed721c5c147115cd9d98e7a6dc6fe23637df74,b,K562_region_01200,chr2:3494365:C:T;chr2:3494374:A:G;var1;middle;OL41|K562|a1cf02f6149facdf
914df6b82ca2f62cccd0166e87c95ea1c5b9a9158b868979437618243ae22d99,b,K562_region_02028,chr7:150522054:A:G;chr7:150522100:A:G;var1;middle;OL41|K562|db935d94251178ac
914fd87b8518fb57df9f4a6ffeb3ec37943aedf12bbf6935c93ad50319b7d66a,a,K562_region_00094,chr1:110246810:G:A;chr1:110246859:G:A;var1;middle;OL41|K562|1f42166da0807cba
917013177cb35ea4c0eb6ae991ea382588bb43eb4f5cc6d246c3648af2758e21,a,K562_region_01864,chr6:110743194:T:C;chr6:110743262:A:G;var1;middle;OL41|K562|44f32443e4a11f73
9171114ea79f96832ca8dc69fffed3339b2fd19f3da504d75753bb577346638c,b,K562_region_00531,chr13:100088088:C:G;chr13:100088144:G:T;var1;middle;OL33|K562|6496dc6120476f6f
91883b158f1d48485f35c6fed13f3354ae9449403f40d4ea0fe135c4a8762328,b,K562_region_00256,chr10:101287990:T:C;chr10:101288020:A:T;var1;middle;OL41|K562|e58df72a792512e3
918a6921a79e9e5a8dc018c7a3e92638de5a505e32822e26cae42b21b850532f,a,K562_region_00887,chr17:29743551:C:T;chr17:29743600:C:G;var1;middle;OL41|K562|24d5caaee6147214
91a538e83f91081bd11774477f59584b592fab779d14ca3df2afad69218e729b,a,K562_region_01589,chr3:39976401:T:C;chr3:39976459:G:A;var1;middle;OL41|K562|a7622566c4d0c83e
91be5c1a8bf42720fb91772e06cc34385d035249db78cdc368d24843b6120966,b,K562_region_01382,chr20:20033242:A:T;chr20:20033319:A:G;var1;middle;OL41|K562|c5539d5a972365d3
91c99cc2cf6ac2afe91678d91c2df14b37bbd621311f3a1e07dc6df9e7d90ef7,b,K562_region_00698,chr16:1510634:G:A;chr16:1510707:C:G;var1;middle;OL41|K562|09801c5a6b9f21f3
91ca0fa5bd82ae8c169bb1b3d27f16543eee53088a1bdd5ad65e58b3e0ab5ce6,b,K562_region_00497,chr12:132674116:T:C;chr12:132674118:G:T;var1;middle;OL41|K562|173c734556bc210c
91ccb7edd55a9cfbf32243855c7ef29c5e0d080519f0af1dbf3112be70f5758e,b,K562_region_00489,chr12:121435342:C:T;chr12:121435427:G:A;var1;middle;OL29|K562|88f39743c9c11bc1
91f6fb17dea9ac42370912f8bae3dc8836f1d9e6e24e442db5aeaad166f2097f,b,K562_region_02188,chr9:110532846:T:A;chr9:110532879:A:G;var1;middle;OL31|K562|f09a108bece0a39a
91fa4fd18656107c7f8ee144c04f4f47906c884100105b659fba6614fd45ef2b,a,K562_region_00424,chr12:3420653:T:C;chr12:3420674:A:T;var1;middle;OL41|K562|3034e52a361508c1
9201bafd1980793498da3d674121c627be7a47324b1e524cad6d520e2df609a4,a,K562_region_00652,chr15:79237247:C:G;chr15:79237293:C:T;var1;middle;OL41|K562|7bd9f651e79f9e25
921768965f578595b38315bfa50d667a011f0c92908b4c4c187e0ebfc58271f4,b,K562_region_01457,chr21:45515347:T:G;chr21:45515366:A:G;var1;middle;OL41|K562|b43a8ca241b0279a
92190da2fb347323d61df666a6b9472c73843b03e6954368d27dad3c8c4327ce,a,K562_region_00494,chr12:126467943:G:A;chr12:126468018:G:A;var1;middle;OL41|K562|518f5766ff62fdaa
921e2399db4b66689816d488c74636b1c49e0628aa04dcd1c802b2bf8a00b994,b,K562_region_00497,chr12:132674034:G:C;chr12:132674116:T:C;var1;middle;OL41|K562|d613e57b576283dc
922261fd299403ccdabeebb3627b68f589245d0c23d856cbe5413bc50f2716f6,b,K562_region_00845,chr17:3564779:C:T;chr17:3564815:A:G;var1;middle;OL41|K562|5e33e30390eec800
9225b8fe72e51ce6a2aa69d653069e6d6538a1c0c9a13a32462197758133a8ce,a,K562_region_00575,chr14:74250100:T:C;chr14:74250126:T:C;var1;middle;OL31|K562|4cf7f9dd24e9a9ac
923625a90e37567f7d7a13bce65bfb814777b961d1520a509f116eb39ac8040c,b,K562_region_00816,chr16:89260826:C:T;chr16:89260909:C:T;var1;middle;OL41|K562|bc070c4ef078cebf
9236e1de2a01c5130ff65a6cb9686c434bff6be3d489dc40a468e1c8e777130a,a,K562_region_00258,chr10:102552663:G:A;chr10:102552752:G:T;var1;middle;OL31|K562|7cdc4bf22d7a6884
9240ca1b52ae759777bc18cc2667df7b1ebe52cbac45b4638644b87d59133e09,a,K562_region_01935,chr7:23242754:A:T;chr7:23242830:C:G;var1;middle;OL41|K562|cea95cfd2c27b786
924538992d9ab0772001a5e5cc7d4c7a49259889e7208d8894e402a2e00dfb60,a,K562_region_01356,chr2:240142118:C:T;chr2:240142164:T:C;var1;middle;OL28|K562|03fc85cb6dd59e49
9265f413bc21e772048f1ce4c4cf51dd2b03545872277d3f8bd0d08fca4566c2,a,K562_region_01445,chr21:38340494:G:A;chr21:38340523:G:A;var1;middle;OL41|K562|f99d11bcc50708cb
92682d2cf9276a51d72e463f6c5857166023adf5c9fda426624dddf1a544ead6,b,K562_region_01706,chr4:141851355:C:T;chr4:141851432:A:C;var1;middle;OL27|K562|6aee17d9ff72c380
92695e9947088b0f5612d578aad2f60c44a843124ada8727a0ef1bbb0087bffc,b,K562_region_00547,chr14:20922994:C:A;chr14:20923007:C:A;var1;middle;OL41|K562|dde1a1f23d6b9227
927a4b58511c1c8f25d4b2e245b7033ba9620ac8240d617b4dfb75cf99301399,a,K562_region_01897,chr6:169720237:T:C;chr6:169720239:G:C;var1;middle;OL30|K562|5aa78f196adc1fca
927fcd1048e5d514f6d19bef042b682df965e3d6b6cf857ede51c00feb7bb7b4,a,K562_region_01341,chr2:220168607:C:T;chr2:220168616:C:T;var1;middle;OL41|K562|9fb4223dc9c4d513
92811e07f6e86517575f9ef863adb83e72e700090572af2955ba459ae86e133e,a,K562_region_00014,chr1:6266086:A:G;chr1:6266096:A:G;var1;middle;OL41|K562|f2e135d2b9ac817a
9288c798850f2ec483fdf139c030fde3363eebb213d1c5bd1913663a2502207f,b,K562_region_00577,chr14:74766080:T:C;chr14:74766089:C:T;var1;middle;OL41|K562|df39f041144d9065
928a0634c6ff29e05b5e54c393f664a607b0617174399ac8649f9d786c8dc185,b,K562_region_00812,chr16:88812250:T:C;chr16:88812328:G:C;var1;middle;OL41|K562|0d8f8e4ea1266e99
928d4dcef12a3638fb097731a5c5b9876a1a46f791e0ab4c1a764f608d172d75,a,K562_region_02007,chr7:128433061:G:T;chr7:128433141:G:A;var1;middle;OL41|K562|4c8fdcbc2365553d
929515ff433545726817efcebb39b59b509def204d65bb235af89b9afc5487a4,a,K562_region_02112,chr8:143799457:G:A;chr8:143799496:G:A;var1;middle;OL41|K562|bf069410b4576b5d
929c92516e8f0a56204faf2c83b8cea963ffdf3741d18d6c62d3c1d1dda0867d,b,K562_region_02025,chr7:150020422:A:T;chr7:150020489:T:C;var1;middle;OL41|K562|38b0d2eabada9103
92aea7c3b08a1492d01c3cefa32e6bcbabccafd7d35542f652fd96e4bab1704c,b,K562_region_00626,chr15:58678720:T:C;chr15:58678797:T:C;var1;middle;OL31|K562|a20ffa6657250a0c
92b81df51e4349bc6d456af7dcff1150763ec335cafba9955c50342dee12a1a9,b,K562_region_02038,chr8:182934:T:C;chr8:182949:C:A;var1;middle;OL41|K562|9eaf8c9eb036872d
92c4c45931a2910e6adc92d4f25ae01bc95fa474e976d88c8de1fabc1236f6e2,b,K562_region_00111,chr1:146717505:G:A;chr1:146717564:C:T;var1;middle;OL41|K562|bcec514bb8a71dd6
92cd6a267a97546225c75eafbb3e3cee88793159066a9ac55fdcc5f90df77007,a,K562_region_00525,chr13:74705179:A:C;chr13:74705251:C:T;var1;middle;OL27|K562|21713c54c3f3c3d2
92cdd2fe8c36b2cb8e3bc3dcbfb669c8096cf12882936d69b10051585db96ae0,b,K562_region_01412,chr20:56137807:A:G;chr20:56137834:A:G;var1;middle;OL27|K562|bb64c10d50389f47
92ced199e41994e995e0e3c1a3b9e81d9a9c4b06f7100c2ef20b38b282dc5489,a,K562_region_02027,chr7:150035459:T:G;chr7:150035500:C:G;var1;middle;OL41|K562|560ad4563ba15731
92d345875b43c37623eeef8c09a72d1e0f54176d74a0cab3413c0936e6d0a2fd,a,K562_region_01065,chr19:6737509:G:A;chr19:6737516:C:T;var1;middle;OL41|K562|576f9ddad2c2bec4
92da410d59141f8132d88a5419d52b8a26cb8ee196615ed4c7de1ea339c2790e,b,K562_region_01242,chr2:38893950:C:T;chr2:38893973:C:G;var1;middle;OL41|K562|4b10c8641029c391
92e11ba4086dfe8c7b755712240e25a29c2e223c0163760e3916fb8fa75c4106,a,K562_region_00367,chr11:71164471:G:A;chr11:71164544:A:C;var1;middle;OL41|K562|fa8083565e852199
92e8ba7bccad3eae38298cf303c9cc28168855c60d61ad30bc9fe29765f38b4e,a,K562_region_02061,chr8:11872239:C:A;chr8:11872314:T:C;var1;middle;OL41|K562|f911523f7483e7a7
92ea71492e0ffdd81e779c8e43074cc63e7f3d86c6fa21d0c04d8523c37ed85d,a,K562_region_00379,chr11:76293726:G:T;chr11:76293758:G:A;var1;middle;OL33|K562|d0a1e01ff1e854d4
92f67b4b59772ec9e23f7926e4b80a4a98c15e07523f006188ee75e882e233c9,b,K562_region_01588,chr3:39149180:A:G;chr3:39149218:A:T;var1;middle;OL41|K562|591933348ce483b3
9309027d126b6b2f803aa18d433e928edafd7aa645e6c6baebd26e97f86b17e3,b,K562_region_00511,chr13:40721751:C:T;chr13:40721779:C:T;var1;middle;OL28|K562|6db11861fe8a3bc9
930bd728d79605b6dfbe9a2512dcf738ded23d43ace05a5e02329de041cb62cf,b,K562_region_00168,chr1:230416744:G:A;chr1:230416832:T:A;var1;middle;OL31|K562|4c59bf506cc9ff71
931aca55d64c684cd4f84cff627151b4b59da2399919eea6656715ae1852d6f0,a,K562_region_00535,chr13:110910679:G:A;chr13:110910714:A:G;var1;middle;OL30|K562|05ba92a19dee9d95
9338a2b1bbbc6d48306e165f35598f145ebb9d80a6c5509fb58d3a7efe23b640,b,K562_region_00192,chr10:5062171:C:T;chr10:5062212:G:A;var1;middle;OL41|K562|d088c23c44a76a09
9356e15b47fe0ff1e48ef8c634940dbc04196f31a423f055974c6d7ad2cc5a12,a,K562_region_02040,chr8:1709918:A:G;chr8:1709972:A:G;var1;middle;OL41|K562|6d5d81be9e45b913
935c110f832f54f6a3882ee6263f05713a562c483501fc00556b78c34ee01b7d,b,K562_region_02164,chr9:77702301:C:G;chr9:77702372:C:T;var1;middle;OL41|K562|165e44be48e904e7
9384071c4ac83a5589c98e1e6288f3b8a98e30cff116569127c226e893ef7ac1,b,K562_region_00734,chr16:10635566:T:G;chr16:10635651:C:T;var1;middle;OL29|K562|c391a3e61f7390e6
9387712f9cc3eac0c97479e9dbc6d7ae6d3b30098ebf27a408825d089df0bb26,b,K562_region_01236,chr2:36810067:T:C;chr2:36810133:G:A;var1;middle;OL41|K562|8a12c38fee367b3e
939871898e01a20f23ad348af128dc198283cda3f995f3324c99a6b5420a92f8,a,K562_region_01525,chr22:39241262:A:G;chr22:39241294:G:T;var1;middle;OL41|K562|d95dd028bec661c2
939b68f1c0b32ddd836b8e00d10aef7be2d0b678c7a8c88cd10fd05a0aa7c659,a,K562_region_01401,chr20:46413137:A:G;chr20:46413163:C:T;var1;middle;OL31|K562|a2441ab5b14ef154
93a06f30aa52ec1b34af34aa4eca20ceb9f8e9b7ee581eec7730837560ebc58e,b,K562_region_02182,chr9:107589567:C:T;chr9:107589580:A:T;var1;middle;OL31|K562|5597a7814b323085
93a5d91ac6eb180d990ccdd83dbe8f5f4dcab13dc719f2ca1b14293d0ae65287,a,K562_region_00340,chr11:18433840:C:T;chr11:18433889:A:C;var1;middle;OL41|K562|171c47a7e921da13
93abee53e3a0ee952dcba72fba15dbd1d57e1c55809f193d6f6370d83ee101cc,a,K562_region_00990,chr18:42815793:T:C;chr18:42815797:C:T;var1;middle;OL27|K562|dd7c8a8893a8c149
93bbf77d5af50f596f0ea0b370e3dd860b3c46edc8844a3795134497407e51ae,b,K562_region_01684,chr4:40420131:G:A;chr4:40420183:C:G;var1;middle;OL31|K562|78469f1cfb3116d5
93c370c89cb0515dd544dc4a854d9b373697d619c953a292e75be9225f2f97c1,a,K562_region_01153,chr19:48097205:T:A;chr19:48097257:A:T;var1;middle;OL29|K562|6cc6547cd4ef2e93
93e1c1197182d18d5f5f81bb54650fc3da82e18cc0171ff4d0fae779c6a08dff,b,K562_region_00610,chr15:31394810:A:T;chr15:31394868:G:T;var1;middle;OL41|K562|1f77e0e18c1cc644
93fabfe3275a6760a7bda26e8e0222ef163dc41fd2fbe3c4e499765aec4c18e9,b,K562_region_01512,chr22:28186289:A:G;chr22:28186370:A:G;var1;middle;OL28|K562|4def31229d8141ab
9407357ff7c492a3b6680f7f054036763e0d4203b59500d67667374c3f7490a9,b,K562_region_01472,chr21:47711984:C:T;chr21:47712012:C:G;var1;middle;OL41|K562|7edaf944ce806473
940af856bdc49dc8596b8256b8e55d36d99ff4fa8497a837cf661a3846547bd6,a,K562_region_00391,chr11:116660686:G:A;chr11:116660768:G:A;var1;middle;OL31|K562|d25e9119c812f3b4
94173cc00fea923c5f317c98471cc02fa78a9a269fdc9ba8acd5e70253a8ed2f,a,K562_region_00018,chr1:9485454:T:C;chr1:9485464:G:C;var1;middle;OL31|K562|ede7a0f418318156
94201d422a6137b4a437b0eccf4b96e34e46038b31f07e7abd8f3a7180acfd00,a,K562_region_01540,chr22:44577150:G:T;chr22:44577160:T:A;var1;middle;OL41|K562|3b906e82b3e93af2
9443a826740d931fd21a2cc010c8ffe8ed391b6c32441820b586c17920802000,a,K562_region_00951,chr17:77078838:A:G;chr17:77078871:C:A;var1;middle;OL41|K562|17a1ee50f15e8855
946022b0d2613fa9c68181cf2a45ea2a8662faa0324fccb2e21ab18072a4d0ea,b,K562_region_00585,chr14:94454127:A:G;chr14:94454135:C:A;var1;middle;OL41|K562|2c84252152a76a19
94627a921362ad7d059793912f74383df2c694c4e03fa107933c95ac049268bf,b,K562_region_00298,chr11:674458:G:A;chr11:674499:G:A;var1;middle;OL41|K562|524d71719528fbd4
94655ffc12e30dfb31746058000cb126f8246e082eca8e78260f38f19581a622,b,K562_region_00137,chr1:183155399:A:G;chr1:183155482:C:A;var1;middle;OL41|K562|96c30a33e5b3fea5
947ca639f70dfbb2a6841aceef299e5dcc373df953f1fa3d2fafbcd144cc4b73,a,K562_region_01961,chr7:48128558:A:T;chr7:48128596:G:A;var1;middle;OL41|K562|acc1c3934c6d8ba0
94859af972629a9e20ddcfc5aea89c3e8e03d7fc05f07207ebef3da101d7d7d8,a,K562_region_00798,chr16:85783768:T:A;chr16:85783856:T:C;var1;middle;OL41|K562|09855e2fc23b108f
9498ec8e8a94b004081fe4be8d87e373efe805024f4732ee6f9dc5022427ed92,b,K562_region_00741,chr16:15227151:G:C;chr16:15227170:G:C;var1;middle;OL41|K562|90b1c22d40118083
949bc265ef196212d4d48fdb9cf952f5b534f2dc03e6854a7136f435a6773382,b,K562_region_01734,chr5:10308222:A:C;chr5:10308240:G:A;var1;middle;OL41|K562|a3826333e54703f9
94acf8ba9bad0917def95c9298bf503ffb8ea4520118fb964e658e7f5bdc13e1,b,K562_region_00360,chr11:66342611:G:A;chr11:66342691:G:A;var1;middle;OL28|K562|587fcd7184de6571
94d473eefb7efcb1ccc160f83416092c2c5319541399a03788a75f637c416cf0,b,K562_region_01595,chr3:66877343:C:T;chr3:66877417:C:G;var1;middle;OL29|K562|a31156df98e8d74f
94d85cc81764d4b1e5a05f9a1982f08e1be98a5dad1b9610d9b1074f9cc4117f,a,K562_region_01528,chr22:39493251:T:A;chr22:39493294:T:C;var1;middle;OL28|K562|957211ef1d6c7e59
94de64fbc54b14747627cb71be24fe2f1683cdadc5f79a583885646a86e59cfe,a,K562_region_00968,chr17:80341546:A:G;chr17:80341588:G:A;var1;middle;OL41|K562|40980ce825786bb6
94f8f257282ee377847788537f969818c0634795080e05f2234e0856ec5075b0,a,K562_region_01109,chr19:18988666:T:C;chr19:18988699:T:C;var1;middle;OL41|K562|5fc3343c6aafef5c
95027c2e644247b17b301879431a61b511db12a5bf8ebcd30a8119e548320870,b,K562_region_00842,chr17:2729980:C:T;chr17:2730030:G:T;var1;middle;OL27|K562|2258c3456d8e9003
9505d5241a1db974cf9edd9e4d2bb5ec411e72fa10a56743f596fda442c79fc1,b,K562_region_02049,chr8:9183596:A:G;chr8:9183664:A:G;var1;middle;OL30|K562|486d084414a45eb8
9508804b7f05ee5f065310d488db7604407097817d7c0590f663f69e190ebd94,a,K562_region_02059,chr8:11628162:G:T;chr8:11628172:C:T;var1;middle;OL41|K562|ee084945cfc9068c
9508f638514661573fc377e36fe90c1ae0790aa251e0b40a0e3a1f3dec86c8b3,b,K562_region_02170,chr9:95794386:G:A;chr9:95794393:A:G;var1;middle;OL41|K562|142132bcea97dfc1
951667c346219596779bbd6fd4bd057ef6f0865f2f1ff8f8d15603c1795ed25e,b,K562_region_02230,chr9:139847500:G:A;chr9:139847570:T:C;var1;middle;OL41|K562|e74f87490f47ec14
9520feb28d60864e61751701122cbb87708dbe30bf9065389954761dc3c86769,b,K562_region_01610,chr3:128317968:G:A;chr3:128317978:C:T;var1;middle;OL28|K562|d6e36497635c0f73
9549624befcb1b55a7b9aa39b0d6e6bf9c5d69b26658cf6faf04187da590305f,b,K562_region_00260,chr10:104487382:C:T;chr10:104487443:G:A;var1;middle;OL41|K562|45ccf3aacb835e99
9554cf824961c68918f9f93b6e5e54b9559cbffe97f7a0061fa864d8530e4d44,b,K562_region_00751,chr16:27331894:A:G;chr16:27331974:C:G;var1;middle;OL32|K562|484d01d03c1c09a8
959bc454891923ebc823ce650e7f888d55c7ffca14fe3f3dd98f8b5aa15c2c95,b,K562_region_01050,chr19:3185802:A:C;chr19:3185874:C:G;var1;middle;OL41|K562|2b648047257d695e
95ba73fd57b8dd806d47f238b9fcc6cf79152f89dcdf576c24bca1c69c7256c4,a,K562_region_00581,chr14:77787695:G:T;chr14:77787759:G:A;var1;middle;OL41|K562|753f7df91aded6cb
95cf5e099c9fb0b44fd24dbd83a964cd9477c00e0ec35d19d26c38b713b447dc,b,K562_region_02223,chr9:139239807:G:A;chr9:139239867:G:C;var1;middle;OL41|K562|ba39f984891cc4ca
95d30c41d649e14c968f16ae55e4de476f93d08e1740e4e9894da1dae428ea90,a,K562_region_00721,chr16:3054011:C:G;chr16:3054088:G:C;var1;middle;OL41|K562|e20914284f681268
95d6b605b232446f519c6ff4d4de5042f7d9a80158d5615b1bd277bcc20dde7d,b,K562_region_01802,chr5:180258087:G:A;chr5:180258113:C:T;var1;middle;OL41|K562|a7a8849db86fbbf5
95f35bdd00f398cb4c02d24807e0dba67adcd48735897177129d19a88bac4e9f,b,K562_region_01823,chr6:19804814:C:G;chr6:19804839:C:T;var1;middle;OL41|K562|86e7f7bc997522e8
9607e0b2b5e699fcf67d24a4e2b66bc0950ca5d60852f24dd8a9306e49153aa6,b,K562_region_01536,chr22:43533427:C:G;chr22:43533515:A:C;var1;middle;OL41|K562|4aa0a4b9a6d25287
960cfe0a0fe5c763af4a5b500d615706d800eca04fcccd0f666527a5591dd726,a,K562_region_02126,chr9:1642998:C:G;chr9:1643007:G:C;var1;middle;OL31|K562|ef0d8670fe26db10
961b9a45a709841317677ad258e1b0821f6710d7b767e842f8cca71600a7e5cd,a,K562_region_00752,chr16:29239828:T:C;chr16:29239889:C:G;var1;middle;OL41|K562|84b9fbb5b719c328
961fbf633617a8c81edb350f65b7f17916713f3d99546b2fb68c54688cfdeee1,b,K562_region_00064,chr1:55520864:A:G;chr1:55520938:G:A;var1;middle;OL31|K562|5d37412a72e06f35
964b141997a3e44610aeaf1754549ad4273b1a672b9ad80ef12cdf9c022eb2df,a,K562_region_00072,chr1:75219066:C:G;chr1:75219125:T:C;var1;middle;OL41|K562|e8ed272cf085dc2e
9659ca9ac7b7de2d824ac92ce21e4e61d6492e2624b336eee619c8dc57b07cd0,b,K562_region_00994,chr18:44337686:A:G;chr18:44337708:C:G;var1;middle;OL41|K562|58790606115ecd38
967c04519a81ad213a793b4e479e28f36b3f9fa8edcd7d77d2ca12a8dd412c39,b,K562_region_02004,chr7:108239402:G:A;chr7:108239477:T:C;var1;middle;OL41|K562|482ee83c250c326d
9688e037b50776cebaecf35deef1df84cccee2499e8a049c6e7aa225d83cdd59,b,K562_region_01259,chr2:55324905:C:T;chr2:55324960:A:C;var1;middle;OL27|K562|5f22f818a811220c
968e652d4d11a5bd8acf5360903c931532ff43dc7a55429ef1c9c3b4cfd824eb,a,K562_region_00160,chr1:217437376:G:A;chr1:217437463:T:C;var1;middle;OL27|K562|5d4876e20784e9d0
96a0f1a032e1b54a612467c5d045d775bc576e9c6b6df0a23da4a871e18ce564,b,K562_region_00255,chr10:101190507:G:A;chr10:101190520:A:G;var1;middle;OL30|K562|114574afe48bedbb
96a3c781b81eceb365f24f307e2ee9c95ae75dbc1bcc103838b2510ad5b647d5,a,K562_region_01138,chr19:41918009:C:T;chr19:41918054:G:A;var1;middle;OL41|K562|52063a7329579330
96aacbc4a7fb8552134c03a1e7b59c48b2659242b66d62f50a0e353b5c0e8bed,b,K562_region_00109,chr1:144909149:A:G;chr1:144909154:T:C;var1;middle;OL41|K562|00008e5323e7410f
96af33a1c2f377aa840a1f529749da2c186f482be00c793deccf2d7763ad0c56,a,K562_region_01328,chr2:191184475:A:G;chr2:191184524:C:T;var1;middle;OL41|K562|4d9b0b196b9f30f1
96ce475298c1bce9c2928b920aedb898baa2c9fcf6cbd3fdbc8cedacc7fb1fda,b,K562_region_00311,chr11:2752593:G:A;chr11:2752609:G:A;var1;middle;OL41|K562|656b67e46afc7e11
96d03b5eb69637c199e0353b15da3e14b2ec390dfd4118b96ca5681df3f496bb,a,K562_region_01278,chr2:87985242:T:G;chr2:87985283:A:G;var1;middle;OL41|K562|1e448ca04b973dcf
9702272af06e9aad8f1790a687421eec07c737b98397c45dee2e80fcdd0fb480,b,K562_region_01967,chr7:64700289:G:A;chr7:64700373:C:T;var1;middle;OL41|K562|01803fac9407256a
97162a68ae68e193c19950cbb296b3981ad676709ec371256920f1c3126e21a0,a,K562_region_02020,chr7:137879380:T:C;chr7:137879428:A:G;var1;middle;OL28|K562|be69937ee54440d6
972878c3aae67d2fe8b461b7304c1fa0acd68827111a6de6ecd0a2bf980da6e6,b,K562_region_02016,chr7:130585492:T:C;chr7:130585553:T:G;var1;middle;OL29|K562|47ee1a1d4c1d7808
972d71ab7c780425d9b2d544ea2745ff50843f2a4cb015458e4552c6c7ffb487,b,K562_region_00342,chr11:26594718:A:C;chr11:26594757:A:G;var1;middle;OL41|K562|ac03a2aa8190eec4
9742107a32093f5bd2278cefecab9e85617ec665255a22e7561149dabedf548b,b,K562_region_01346,chr2:231904874:G:A;chr2:231904880:C:T;var1;middle;OL41|K562|9c946777337cc012
974f5aaaa33fdfbeb0f0748c16a191853a418ed6a46065fe7c04a1ff812b7fc0,b,K562_region_00719,chr16:2916702:T:C;chr16:2916791:G:C;var1;middle;OL41|K562|4d159768b77f10eb
9750eabafec3e64c3613f177cbd03127514ca057ff5f862f733c71ea30023cc7,b,K562_region_01424,chr20:61464440:G:A;chr20:61464497:G:A;var1;middle;OL41|K562|f64ab8ee632cd5ed
9758bb38eed460b0c619e43eb2c1f4ddd18419d45ae1cb9dfcce8fa5edfd0d02,b,K562_region_00957,chr17:78074446:A:C;chr17:78074468:A:G;var1;middle;OL27|K562|c0856d6b33096202
9763a6c5216405430bf1ca207f89df7f18ed7666f777cd9230775d4d45b6bd9b,a,K562_region_00177,chr1:234653672:T:G;chr1:234653716:A:G;var1;middle;OL28|K562|f644ddb36f731bd8
97646fc86c63d36dac2f6374de3d5bfcc82a2d6466dddd14b9e20084a67aa24d,b,K562_region_00604,chr15:26105761:A:G;chr15:26105788:A:G;var1;middle;OL31|K562|012c92f4efa5c81a
9772ceb74e71347ac42e96fe89d985c41de5668798c58547fa7901c72450c1a9,a,K562_region_02155,chr9:32432565:C:T;chr9:32432647:T:C;var1;middle;OL27|K562|bbfcb8e2de8c1968
978c9c6dceb7d8a11b91f88737412b51dfcde7fe25d0054983394c56d999aa4d,b,K562_region_01395,chr20:43958743:A:G;chr20:43958786:A:C;var1;middle;OL31|K562|37d47a0ef7828745
978e40df45783cd4ea8cfc3f5fa124004f3eac5eba6f5cc37b0e6b0a7daee462,b,K562_region_02243,chrX:10246914:A:C;chrX:10246961:T:A;var1;middle;OL41|K562|f8b132575fb78527
97917b2ca8b6943d5143280da237949b927ebdce9fb1fb22fbb21e81b008b6e7,b,K562_region_01840,chr6:42500871:C:A;chr6:42500882:A:G;var1;middle;OL28|K562|227b28ceff4855b8
979c576485006ba5d9220c5e21236ffafea4a4928084d93294efff0773eafba7,b,K562_region_00344,chr11:44598235:A:G;chr11:44598323:T:C;var1;middle;OL27|K562|70567f4c2190eec1
979f3d0de10881beb0f0858fb61cf71514932c308052963d174d0be77d994a3d,a,K562_region_00656,chr15:80694883:C:A;chr15:80694922:A:T;var1;middle;OL41|K562|c866dce57c1f6ead
97b7e7789d9e9c46751a4b0eea17c55f3870b0c7ff72e4fcd8ace4bdf6e51b59,b,K562_region_00963,chr17:79357397:G:A;chr17:79357486:A:G;var1;middle;OL41|K562|a6b48452f029abad
97c2587da0752c9b647ef990c29ec0415ede6153ec11816665e71e484a574566,a,K562_region_00863,chr17:7732957:A:C;chr17:7733037:C:T;var1;middle;OL28|K562|6f45a6b469b22ed1
97d22fc5d8875beb5eccec569c1fe8b0e682271716e393ee4ed9fc0309dd3db1,a,K562_region_00893,chr17:36003275:T:A;chr17:36003359:A:G;var1;middle;OL41|K562|efbcfece62eed245
97d62ef4aaec9130afd16565c676725879c6d6688b778622a1bdcb98842dc311,a,K562_region_00683,chr16:427866:T:C;chr16:427925:T:C;var1;middle;OL41|K562|75ff41bb82d8126e
97da52f829c30e7a89ff3c4406092884f1248f37f5ec7e950ee774f8aa9c863f,b,K562_region_01186,chr19:56368765:C:T;chr19:56368812:G:T;var1;middle;OL41|K562|ef868d42fffabfca
97dbc57a02ff1a86f454572c01fb2f62eb7f71e4164407216dc06ec740d8d241,b,K562_region_02180,chr9:106856633:C:T;chr9:106856691:T:G;var1;middle;OL41|K562|94884faf0d744e6f
97f0a0d11819c2e6457029abd22d199c765c840421fa13799f90900647b80218,b,K562_region_00835,chr17:1612199:A:C;chr17:1612250:G:A;var1;middle;OL41|K562|2be77303a4dd328c
97fcc4e64394d703e7dda233ab969a3a8ea65f785a7ed31875424156485fe259,b,K562_region_01491,chr22:21332409:G:A;chr22:21332441:T:C;var1;middle;OL27|K562|4acaf0bbf6e0d756
9807e43f02b64c4fb68d7277fa507e1f291fc24cbb058ddbc19d9cc1b0c1c767,b,K562_region_01396,chr20:43973184:C:T;chr20:43973201:A:C;var1;middle;OL41|K562|431eec8f87b1635e
981502a1daff26897c9ab8f6d91a81739e6bb7bf3758a0b84df8e82962440211,b,K562_region_00211,chr10:28780293:C:T;chr10:28780373:T:C;var1;middle;OL27|K562|ee894946f290ed2e
981772823375b997aa4572367e457c9c85114c035e1aaa8f298c5f71985753d4,a,K562_region_01163,chr19:49950356:C:G;chr19:49950413:C:G;var1;middle;OL41|K562|88a9d9af4b75f7ef
981d5a575ecab03ad6515a4c3a655168d08fd6c87212fd3de7ae02443f380b54,b,K562_region_01418,chr20:58252407:T:C;chr20:58252436:G:T;var1;middle;OL41|K562|3893ef2340470768
982be38eec79aec795781a5dafa0041a4e5421a44bfcf3bea573d52051cb023d,a,K562_region_00945,chr17:74541129:A:G;chr17:74541137:C:T;var1;middle;OL41|K562|88ae19a68d98e135
982f456d8c7ffb463db18aac0918572a00df77a2ce28cff83c7802805583a173,b,K562_region_00436,chr12:9436288:C:G;chr12:9436298:T:C;var1;middle;OL41|K562|aeca01d426056aec
9831bf4561fce71f6aeb4b7b9ab5f879399b0f8d64a459a306422c4c7b3151a2,a,K562_region_00480,chr12:110086928:C:A;chr12:110087006:G:A;var1;middle;OL28|K562|dee7c228aac1ada9
983ac941451a1470d9b3451b68e6dc91c99c6e8bc34fe162f11186fc57ebd1ea,b,K562_region_02244,chrX:44203136:G:A;chrX:44203167:C:A;var1;middle;OL41|K562|4dbf022ec0b62d21
983b1eb28cf156ae41efdffae056be0a9734cd786832dd87c853079468808691,b,K562_region_00509,chr13:38289961:C:A;chr13:38289973:T:C;var1;middle;OL30|K562|f57a6642be46332e
983d3533f9b3deb1fdce4400844a66c84be6775ca89eaa2403bc4996f50c56bf,a,K562_region_01863,chr6:109822605:C:T;chr6:109822632:A:G;var1;middle;OL41|K562|8737867635f24d38
984f45d70886e919f9608c67a0047f2ba3dd21149b46a5a44c4ee8d9e7e57a9b,a,K562_region_01156,chr19:49206108:C:G;chr19:49206145:G:C;var1;middle;OL30|K562|a3c9f6017eaa64a3
9860bcee78b328b6213de4f614bff2cf1ce755b375e1f01d4824dafc45eb4312,b,K562_region_00600,chr14:103576443:T:C;chr14:103576526:C:T;var1;middle;OL30|K562|bdbca0552ea051f3
986388fc58af2fbe21d7821f2c97914f1ae595db7029e410cb603dd6a3448318,b,K562_region_02030,chr7:150784260:G:A;chr7:150784262:T:G;var1;middle;OL29|K562|08cee4419b9f6848
9866b48d4a9e7a980c762781af6bea5a89a0204816e93f0e86d4b6b11529af2c,b,K562_region_00367,chr11:71164471:G:A;chr11:71164544:A:C;var1;middle;OL41|K562|fa8083565e852199
986f7a82e8fcc56a6b7e50d49257af90fc3f7a692826af6514fea9ec789169ae,b,K562_region_01118,chr19:33182746:A:G;chr19:33182750:C:T;var1;middle;OL41|K562|7109718824a05f4f
988dddd35815b7734a6d1422d45a3f519644156e701166c5b49d4bf77c37ac83,a,K562_region_01112,chr19:20844477:C:T;chr19:20844531:T:A;var1;middle;OL41|K562|86b431447d1b5de1
98a00b24625fc03585a23543c3b63ecdf43c0038767f311db39804c0db869279,a,K562_region_00936,chr17:66576439:G:T;chr17:66576490:C:T;var1;middle;OL41|K562|0b9ac3b3c3df69c5
98a21bfe9115d733d5c53f325111dfd18657a8fca0b497d3a32fe069133f1435,a,K562_region_01806,chr6:397261:G:A;chr6:397269:T:G;var1;middle;OL28|K562|b6a4236430404119
98aad86685059f6c6f68d0f986020cee122f9c7986d18fcf114cd9105efb8bd1,b,K562_region_00899,chr17:38175553:C:T;chr17:38175561:T:A;var1;middle;OL28|K562|09dd374d101055d1
98ada93c724fa91c79a267e5c3261183fe200c933cb78aa79ce36979217c5205,a,K562_region_01567,chr3:5257971:C:T;chr3:5257975:A:T;var1;middle;OL30|K562|73688c11ac90ec84
98af88b77bafc50274abef2af27d93e1b8f0a74975c6478b38f309d84029ad2c,a,K562_region_00345,chr11:54807391:C:A;chr11:54807400:A:T;var1;middle;OL31|K562|4a74728f80f21c73
98b1adead24b965db7180cf73b8beea683d148f154b70f2ccafe28573e3d8d56,a,K562_region_00422,chr12:1629503:A:G;chr12:1629523:G:A;var1;middle;OL29|K562|6728292f778bd7a5
98dafcc1386b4e1b89987461d3f97da9389a735c9a71102424152352638b1cc6,a,K562_region_01407,chr20:54989326:T:G;chr20:54989365:C:T;var1;middle;OL27|K562|a04c17f12b3d899c
98ddcdc8f3b3463d470a7c157b28a2bdd07e7a62cf6fbc4033b479e1bf03036c,b,K562_region_01271,chr2:74354479:T:G;chr2:74354544:A:G;var1;middle;OL41|K562|4aaae796929db6c1
98edc514ca958931f892d48a8442ef619a7c2ce2f681ffc4c115bf56fb5ed3f0,a,K562_region_00803,chr16:87404088:C:G;chr16:87404150:G:A;var1;middle;OL41|K562|e1ff7ffc15a4de53
98f9f92bdc6353c1e68e6cf22cc8322b44c0ad19fdc891862fc8c0fbde6e9ed8,a,K562_region_00994,chr18:44337708:C:G;chr18:44337725:T:G;var1;middle;OL41|K562|b68944613c3a865c
98fe36ba2d8a1c4b3162a94c647f28935c723d726944e66d8245bf8f483bb485,a,K562_region_02104,chr8:126591354:C:G;chr8:126591392:T:C;var1;middle;OL31|K562|969b1647f38d31cb
9902123f73c797a593a9adff1dbeae5845f7f9ccbb9fdd705a3a3f7c77e1072d,b,K562_region_00756,chr16:49885737:G:A;chr16:49885785:C:T;var1;middle;OL28|K562|73309ad4e24aff17
99023d31c037f93c9ac2c267983221980af67f01f6176fb9846487200af06024,a,K562_region_01951,chr7:38384564:C:T;chr7:38384577:G:A;var1;middle;OL41|K562|9a4776b23a947b13
99064de45831a9b512922aa3cfeeddeca31032f8d518b041f0ea24f90676b1be,a,K562_region_01190,chr19:58144519:C:G;chr19:58144548:G:C;var1;middle;OL41|K562|f0d41961215e2b3c
990f41e2f884fd04b65d245e1ec943e57b756bb7225361584e02099b3a7f071d,a,K562_region_02135,chr9:5038164:G:A;chr9:5038180:C:T;var1;middle;OL28|K562|a465427a012ec8f5
99145bcf19726b7a70ac456b7bdf5b342bd1137191281cbd29c4fd8157d0babe,b,K562_region_01906,chr7:1298448:C:T;chr7:1298537:G:A;var1;middle;OL28|K562|d61b08146fb11783
99168702ad42071dda7813152ee8c70b2f0d8d658437a4207226bf38bd6287c2,b,K562_region_00913,chr17:44848438:G:T;chr17:44848517:C:A;var1;middle;OL41|K562|33a05c13639d696d
991b32a2ae68397e9cb254721d00ae3aa12f60cde03dbdda8bc15e34171830e3,a,K562_region_00875,chr17:16924823:T:G;chr17:16924864:T:C;var1;middle;OL27|K562|7eb64c98442601aa
99268408de5c81ed455554e1c9b49272bfa8090fc0fe6dd48c88e229297a194a,b,K562_region_00117,chr1:159175494:C:T;chr1:159175527:G:A;var1;middle;OL28|K562|d1a021bae6f785bc
99274f8202299c94296a485ea01ccba4d79b799975aa7c62de016553faecf201,b,K562_region_01733,chr5:9547958:C:G;chr5:9547965:C:T;var1;middle;OL41|K562|2743ae03b5c9a1e0
9938a9aff6b122eca54cf6d4cc78ce0f01db65fc23df7efa16be4ebf4a87a54d,b,K562_region_01694,chr4:77200799:C:T;chr4:77200875:A:G;var1;middle;OL41|K562|af935294c4449dc0
9956f9b74b7dac945ce78b8a0fa740f53700803c9da61eb54ae903af8754d892,a,K562_region_01792,chr5:176799992:T:C;chr5:176800054:C:T;var1;middle;OL41|K562|ffdc5cf6db0a38e0
9971e8208936d064bfc86347cb0a8591fc593489df3edfab8cd97fed63309949,a,K562_region_00488,chr12:121431225:G:A;chr12:121431300:C:T;var1;middle;OL29|K562|7194172cc810d7de
997fd5ba6d6fd36adc72aee1640886c26c9dae293724e7c40927e2327b0071c5,b,K562_region_00328,chr11:10471680:G:A;chr11:10471738:A:G;var1;middle;OL41|K562|e13f3da9adc040e8
9983794c2645a8330b6c2b25e0c444219b3a8701f497e2ceb4aa7745dd54100f,b,K562_region_00358,chr11:64979848:A:G;chr11:64979912:C:T;var1;middle;OL41|K562|549b2acdec33e9ca
998e0e74f42dd99b7b687dec86c012709d70388a545ca282270c0e68c981bc77,b,K562_region_00725,chr16:4460049:A:G;chr16:4460114:A:G;var1;middle;OL41|K562|a66fc2c785079e89
99c2c8f78fe94768b7318b3763fd5366771682e3f8e44cc1bd6ca03764635ed6,a,K562_region_00915,chr17:46891962:G:C;chr17:46892047:T:A;var1;middle;OL41|K562|3faa8ab6e04ab18a
99e98724906159a259523bcf47aa56f8ad21a1874a60a0abcab69504d6c0b292,b,K562_region_02139,chr9:6665010:C:T;chr9:6665097:A:T;var1;middle;OL41|K562|11b57666f323e850
99eeea6effbd5f40e40f8fbc4b4d35babad963ad36ecefa808a7b1b7d866b86b,b,K562_region_00410,chr11:126275960:T:C;chr11:126276006:C:T;var1;middle;OL30|K562|7c55e28eb35e22e9
99f38e5afaace1d275e9319112babf3e43fa5de5e73bf580d24563a58dfdd4c4,a,K562_region_01963,chr7:50271827:G:A;chr7:50271829:A:G;var1;middle;OL28|K562|eaa586fca97b5deb
99f3b8597ae4ab64514586bf0b3ebf78d0078b1e6eed43b06dbad83e95d7cd4d,a,K562_region_01807,chr6:428416:C:T;chr6:428486:G:A;var1;middle;OL32|K562|24b0a7905fd57a0a
9a041be6a0186f689020b810ad4a8cd3634b245fec1210b3d4dfde72ace29183,b,K562_region_00627,chr15:58686510:G:A;chr15:58686540:G:A;var1;middle;OL31|K562|832b0d8b565aa0ef
9a132e48908df185f35367f358413bbdb142d512939f87389c1cdd25b3c37b9e,b,K562_region_01898,chr6:170483234:C:T;chr6:170483291:G:A;var1;middle;OL41|K562|d4a40b831ecb7d54
9a28ca647209b4f366b8c24a35be2ba00310d8f1ed3139186ab42528373f0d7e,a,K562_region_02052,chr8:10292817:A:G;chr8:10292876:C:T;var1;middle;OL41|K562|77bafbdf8f171ff6
9a2c5d8374a6fbbad1a41eb71c2666e9401b42dcd2d7d4973dfec1b9f77c0c04,b,K562_region_02005,chr7:116920964:A:C;chr7:116920970:T:C;var1;middle;OL27|K562|7ec9b15be4c36d26
9a2e29e58c7790802fac28f19d9a7ade032805f61f1ed821a210f3c14cb7c6ee,a,K562_region_00840,chr17:2278557:C:T;chr17:2278609:C:T;var1;middle;OL41|K562|8f6f9e6ccb23b5a7
9a326960ea6a69977af1a03d63da402c44714abedf994872b472e2dfbfab325d,b,K562_region_00572,chr14:73305134:G:A;chr14:73305194:C:T;var1;middle;OL33|K562|eaf8b60fbf440a00
9a35db98e07041dd7bdf723ff1856a8686410537dafc8fab362ef550e8dce730,a,K562_region_00175,chr1:233086394:C:G;chr1:233086456:T:C;var1;middle;OL41|K562|13a3fd04e9f45d60
9a47fd206148711181e29b01171226207bd519d4fa238ba66ad5021dfe79cf76,b,K562_region_00942,chr17:72702914:C:T;chr17:72702978:G:A;var1;middle;OL32|K562|c9d4edaa73055e18
9a4fb8a2bd439a8a652ce3fdee5f8a0eeb7eb75ffa9c96ed7a76c67cf1462460,a,K562_region_00045,chr1:25896021:A:G;chr1:25896065:T:C;var1;middle;OL41|K562|41bf8e58497bb5cd
9a5b4adb02e5a2c5fa9243e88a13e7168aa2636b0da81f8b578deecb063a8125,b,K562_region_00993,chr18:44308614:C:A;chr18:44308687:C:T;var1;middle;OL41|K562|a50eb328f24e6b11
9a7cba4be01bf792136596e036d421334da13e7d5294887713e6d238bd637e1f,a,K562_region_01829,chr6:34503279:A:C;chr6:34503338:A:G;var1;middle;OL41|K562|f76454524893bb2d
9a8069fa52d387e27aadb35b9a508476917a83c8abb8f98399975118e8f89835,a,K562_region_01998,chr7:100803710:C:T;chr7:100803729:A:G;var1;middle;OL41|K562|d4769cc2c532d6c8
9a8ae61ff3f129986df17a1db61fc1815ad14c21375aa656d0e175f0e210db32,b,K562_region_00382,chr11:77734001:G:C;chr11:77734007:C:T;var1;middle;OL41|K562|bef5f4ad1b61e13a
9a8f9ac343c8196fd95c44ef21835aae448d660b3d4e087746277fb52e5b4771,b,K562_region_01354,chr2:239007997:A:G;chr2:239008067:G:A;var1;middle;OL41|K562|7b72ebbe704c9c35
9a922b22460999af080966b3571749d8bb9fa250db7eca89fce3bd180f31d48e,b,K562_region_00940,chr17:72604717:C:T;chr17:72604791:G:A;var1;middle;OL41|K562|dbc7fe26a027f2d7
9aa5a6172b1848797dd555882904e9bfbdaf404b1e06470fc063d269cbc402ef,a,K562_region_02022,chr7:149568291:A:G;chr7:149568360:T:C;var1;middle;OL41|K562|7e3a4bd775f01bf2
9aaa5833280593eb4da91e565ff51693115e1e3a2622170c10343aae71826377,b,K562_region_01056,chr19:3617460:A:G;chr19:3617493:G:A;var1;middle;OL41|K562|ecf1f5f520acd1f1
9aadcee84e215fa9db5a228e4a1a38265881c3ff14825322841acf27462b1320,b,K562_region_01905,chr7:1286192:G:C;chr7:1286244:G:A;var1;middle;OL27|K562|e6b414828f7ad057
9ab20a63afa345126fc3044170ba07e92d2a913ed19ea099fc320deb33330e9e,a,K562_region_00110,chr1:145382407:A:G;chr1:145382494:A:G;var1;middle;OL41|K562|864e8ca99ac84d3c
9ab4935218a37716618ecd99428aaa194ed7a4375471f64ff2df5f45339b1ae5,a,K562_region_01983,chr7:78769097:T:G;chr7:78769110:C:A;var1;middle;OL41|K562|11a1277ddc462698
9ab8baa90334412a3b62e2b60e556f6f6cbdd8597366e5a49ff268eca37a3ab6,a,K562_region_01725,chr5:1028876:A:G;chr5:1028918:G:A;var1;middle;OL41|K562|b0627f3e4cf5377e
9aca695dbe7e6a0254b0be1edc73a07c9065a74553f4fd29d9e6513ae053de01,a,K562_region_01644,chr3:195955203:T:C;chr3:195955272:G:A;var1;middle;OL41|K562|a6c330b73d6c0617
9ad37ec2ffe54a12b97184ebff141ddcf8dac0f9171eaf3e55771aca8ac230ef,b,K562_region_00543,chr13:114881032:G:A;chr13:114881078:T:G;var1;middle;OL41|K562|8711338966470705
9ad783f7e3a8aa04df16b978322ca4884f1407f468c6bd234d9d1c0e4f1f4971,a,K562_region_01726,chr5:1181630:C:T;chr5:1181651:G:A;var1;middle;OL41|K562|2c8f8d6c06425406
9ad85adfae3941bc52e01a75aee5f3834789558cad17a6c64caced50bdd524d3,b,K562_region_01663,chr4:3957353:T:C;chr4:3957404:T:C;var1;middle;OL41|K562|691a3562dc1091d3
9af112db74c2e5d0b0e6276b05bf1b85d9b5d38258b5712e56d255c5997f867d,b,K562_region_00524,chr13:74110416:A:G;chr13:74110458:G:A;var1;middle;OL30|K562|725d0795ff751ebf
9afb7eb1db5320b3111d3e1159d5b68596ac93dcbd6572859ac8f51e3fb762d3,a,K562_region_01204,chr2:5591695:T:C;chr2:5591729:C:T;var1;middle;OL29|K562|a3e8a695b7751436
9b0bf1e6717ab16b4bb4a19fc829bc43905a0dc7117a7988b53147e5fc5da582,b,K562_region_00481,chr12:115553034:G:A;chr12:115553115:C:T;var1;middle;OL30|K562|c8b92782477f47ef
9b1885cb616cbfaa2e1d6630e5801a400370744895d8c74eb653681988064502,a,K562_region_00860,chr17:7185062:C:A;chr17:7185092:G:A;var1;middle;OL41|K562|04b7532af8bad0f2
9b1cb968e3cc94dbe655bcbf583016e3c4bbf11af4c22650fcdfb016f9a6885f,b,K562_region_01659,chr4:3443917:G:C;chr4:3443931:A:G;var1;middle;OL29|K562|9364dd37e7fd0140
9b26a976ef159ec71b1285cd130b287a40465ae00a930bd454ffbcee23c38a00,b,K562_region_00435,chr12:9393573:T:C;chr12:9393624:C:T;var1;middle;OL41|K562|3d7dd44bd0d4aa20
9b28d77b8b810aa18196388454dd40834c239e887bad55bdbdc42302fa6df0fa,b,K562_region_01138,chr19:41918009:C:T;chr19:41918054:G:A;var1;middle;OL41|K562|52063a7329579330
9b29f7b7cc2fa0d4d90ccb1def8d9c516b5235b3bb9fcb616941cbe56bbe5b18,b,K562_region_00056,chr1:49037692:G:C;chr1:49037701:C:T;var1;middle;OL27|K562|2a3eed49aa266c45
9b33efed88c7c6240165eebcf3ca590423ead35aa123cb4d2e642029df6ee548,b,K562_region_01096,chr19:17337308:T:C;chr19:17337344:T:G;var1;middle;OL41|K562|8f5ce2ecc366a90a
9b3c0a692514916c2ea3d379110ec748d87ab7f66e96d97d77bc00cffc582432,b,K562_region_02148,chr9:22098574:A:G;chr9:22098619:A:G;var1;middle;OL33|K562|77f281998b9bd72e
9b41e0523bb782e3156d3d819aec19fdf3e40253b17e60a9255b46747a73f66c,a,K562_region_00777,chr16:78558239:A:G;chr16:78558321:A:G;var1;middle;OL27|K562|3099918c7a3183a9
9b450d8b3535730f85d9059235b8480a6c419c85eae37d705078f1ce55ae3269,b,K562_region_00220,chr10:49093976:G:A;chr10:49094059:C:A;var1;middle;OL41|K562|2b546d5c440d1f5a
9b4647938ae89d0ca3ba3c31d39d4a0e8000f1a2642afa80bf4e53d86f0d227e,a,K562_region_00459,chr12:48152995:G:A;chr12:48153045:G:A;var1;middle;OL41|K562|f8bb62152e883f1a
9b475cb815e79c348e590357cc05a05d4cc50b07d6efa81df7afa2e01198ece2,b,K562_region_01802,chr5:180258021:A:G;chr5:180258087:G:A;var1;middle;OL41|K562|2058517fd79b2bc2
9b4773364896ca0a790921a16a57805edad8d5e9664373f6cc1afada6a8bfc5d,b,K562_region_01455,chr21:45199112:T:A;chr21:45199150:G:T;var1;middle;OL41|K562|4fd11256abe0b517
9b4cea7d85ca5d53af74211f7adacbed5c5ff6f39ef2e2844081a51f0849765a,a,K562_region_00944,chr17:74309425:T:C;chr17:74309474:A:G;var1;middle;OL41|K562|7d07138a5b39293a
9b4e2aac52fcf8f0188d1c41ee6aa4085b743fb09d18860909de5f0d7ab657c0,b,K562_region_01998,chr7:100803710:C:T;chr7:100803729:A:G;var1;middle;OL41|K562|d4769cc2c532d6c8
9b5fb5a3999efc4422e106f42c632b2008fd03c1c1025373e8aacd46d5e355c6,a,K562_region_01031,chr19:1078297:C:T;chr19:1078303:T:C;var1;middle;OL31|K562|0117f9cf020267d0
9b693a6ce87acdadcae28f021c73d18ff7153a80d008f441dfbfda5172d182a2,b,K562_region_00383,chr11:93865567:G:A;chr11:93865651:G:T;var1;middle;OL41|K562|6ff6f45bd9510928
9b6f41a8a6e0b9a9657f77c9bad0612d336e2b6ee872ce1a340a40c3f73874ed,b,K562_region_01037,chr19:1495723:C:G;chr19:1495756:C:T;var1;middle;OL41|K562|da0d372efc062066
9b6f8c4c2a40af9ca153c985767a9fa6821ae3d374e15d4bf560bcfe4515b63e,a,K562_region_01739,chr5:34492488:C:T;chr5:34492562:G:A;var1;middle;OL27|K562|d29e4b64aab539cc
9b7191757665f7a7d2174c7fdb0ab9bca966b7c755779a1de06c10c03b823e80,a,K562_region_00761,chr16:51091677:C:T;chr16:51091734:T:C;var1;middle;OL32|K562|2062754187894ed0
9b75f2a02a1049be05cc5a61cd41802309bd304006322472b2916f59969061a0,b,K562_region_01631,chr3:183530978:G:A;chr3:183530986:A:G;var1;middle;OL41|K562|4911e7ee8c2d91c9
9b84d623ce76b180bb1df96d28e1fd315684835429fb1d9acf8fa3a54a74039a,a,K562_region_00334,chr11:11144344:G:C;chr11:11144363:A:G;var1;middle;OL29|K562|c321ababb471f14f
9b8cd1a0a0244fc1c5223fd4cd4f3df91e8ef7a1ad94dab44b265057279fd164,a,K562_region_00621,chr15:46585492:A:T;chr15:46585511:G:A;var1;middle;OL29|K562|aba47038ee749b8f
9b91a18c3cb17983ffdde19c24ec86a0644cbebe0ba5853dd363803b509612c9,b,K562_region_02024,chr7:149575707:C:G;chr7:149575725:C:T;var1;middle;OL41|K562|7f8ba03bd6707534
9b9ddbc3d15285525292ac558275651bbe693132950128436bc93097b94ca4f6,b,K562_region_01336,chr2:215674323:C:G;chr2:215674341:A:G;var1;middle;OL41|K562|84a769cb9c3d6fa8
9b9ee3a1baf5cf6e418c7bc412bd87de2ad71f40d4445b5f9b7596b0a861a7ae,b,K562_region_01176,chr19:54024214:A:G;chr19:54024252:T:A;var1;middle;OL41|K562|d2684777a09b2cec
9ba642a901ea62f80d2507c282ef1d8fa0e326baadcb05379533bfc426bbe7a2,b,K562_region_00450,chr12:21323527:T:C;chr12:21323556:C:T;var1;middle;OL30|K562|038b0df7d0d1d5a9
9bad3a2a53360de4ee844def1e2123bbd1a05670dba7df3626affbc3170cc983,b,K562_region_00504,chr13:29292867:T:G;chr13:29292872:A:G;var1;middle;OL41|K562|b1edf256b3cddbf8
9bad629db8d23ab88a89a1f069ccb615dc7c7b52fb23f17d0ce166b2116caff8,a,K562_region_00156,chr1:212640275:A:G;chr1:212640333:T:C;var1;middle;OL41|K562|27e10ea2bcb12a1a
9bb35d3ed4d9a85cd722068cb05933bdbda297beea45374c7e065b56c1ab5910,b,K562_region_01719,chr4:187075365:G:T;chr4:187075394:A:G;var1;middle;OL41|K562|9d36c6b3e593d515
9bb3cfe9fceaaf41331633b6fb91c7c41c1f64e04dc61574a15682852acc3ed4,b,K562_region_01190,chr19:58144519:C:G;chr19:58144548:G:C;var1;middle;OL41|K562|f0d41961215e2b3c
9bc47a85591f4fb8772b6002939e83f28346e9285328fe070963dd51b0bf2c85,b,K562_region_01734,chr5:10308182:C:A;chr5:10308222:A:C;var1;middle;OL41|K562|267ecfeb4fe67c5f
9bcb037d201f431aec93fba994c616420a1b068bce52d2a74c6eaed07ada6722,b,K562_region_01266,chr2:67838685:C:G;chr2:67838694:G:C;var1;middle;OL29|K562|1e5e0e00ede58b94
9beb7c9d4a00c6ef24b32daa78fe03eb37d8922a885454cf3c580c347b61b405,b,K562_region_00466,chr12:54536459:T:C;chr12:54536534:C:G;var1;middle;OL41|K562|e0a6c4b5806fb752
9c073f8af0365a99607a4bd6050228404bf8231321419aacc5d329c3d0aa6e08,a,K562_region_00436,chr12:9436288:C:G;chr12:9436298:T:C;var1;middle;OL41|K562|aeca01d426056aec
9c07fc8c671617a0f8e6990d646aa3278689a6e356b05e676199f171b8abfcb2,b,K562_region_01296,chr2:121124838:G:T;chr2:121124887:C:T;var1;middle;OL32|K562|78e57833dc974a01
9c13bccd15c10385964fd69b97a3426c98f0ad56158ff5baa63893fe5c1902fe,a,K562_region_01013,chr19:384644:A:G;chr19:384724:G:A;var1;middle;OL41|K562|d1b0c8b798ed0f46
9c1c1b11582ccc73a030df79037dd447849a7351dd7b028e4e06ea001b31ff3f,b,K562_region_00809,chr16:88766973:G:C;chr16:88767045:C:T;var1;middle;OL41|K562|8ceee927e45f13c3
9c1e1d8b023645aaac54fafbca974256d7e4451ed1c17178c9f3e56a752e1818,b,K562_region_01534,chr22:42981138:T:C;chr22:42981167:G:A;var1;middle;OL41|K562|52e86962f7b5bbde
9c23be4f4fdd04d33f934fc9871cac5347a6e133dc8537145d2a637140b4790a,a,K562_region_02165,chr9:78729176:A:T;chr9:78729213:T:C;var1;middle;OL31|K562|33dfc61c9f016665
9c35f19260633c39ff6ed84ca1bb528817bd4e8db813aad4d5e4b6e0a82bc9df,a,K562_region_02017,chr7:134388240:T:G;chr7:134388255:A:G;var1;middle;OL28|K562|bbb369cc0c71f8e6
9c4afc955e288a1fdeaae65a6933d2561a793f5d5d271b2d8352d7c358ba39e3,a,K562_region_00937,chr17:70030083:G:A;chr17:70030172:A:G;var1;middle;OL41|K562|50065db6749012b3
9c79a9c376af2660fd29fa2ef3c77d649ab5ded04090af0b1da53b11d6400b79,b,K562_region_01841,chr6:42672407:T:C;chr6:42672434:C:T;var1;middle;OL41|K562|609f67be2fd79a27
9c79b8fb6fe3b7c2686323d3c4f2224b8960404db1633aa8ab8db156a33fd08e,a,K562_region_01472,chr21:47711967:G:A;chr21:47711984:C:T;var1;middle;OL41|K562|58847498b4a5a53e
9c7e94b663d6597ad34cdcf5b9730a9600a8015746eee9a4386cb5d448cb9ec8,b,K562_region_01505,chr22:24331907:A:G;chr22:24331967:T:C;var1;middle;OL41|K562|22c3dda616a67e9e
9c87a926965c07b96fad9824cee7d9644a743eadbe04bf72d69f332d63687e44,b,K562_region_02181,chr9:106856910:C:T;chr9:106856972:G:C;var1;middle;OL41|K562|8a9809d1a0796497
9c89a2605e6631d74d3f721f57de8d84ddc1bf322cf914d330b07f87e4dc5990,b,K562_region_01384,chr20:25837491:G:T;chr20:25837493:G:C;var1;middle;OL27|K562|e14c9d5a015cc4d2
9c8e7e64553f3d8c9180a9c38d68aa900f1362e7b37a296b6958b7036cd501a6,a,K562_region_00188,chr1:247569300:A:C;chr1:247569321:C:T;var1;middle;OL28|K562|05424eca65a28908
9c9f04d961ae2e0a22a04fce8bdeae0c065871af8f7fc87b20f1c8a714f9e690,b,K562_region_01270,chr2:74347525:C:T;chr2:74347576:G:T;var1;middle;OL41|K562|3f7a3a16aa4bb320
9ca23991ac986b28ea5f72ad4299d4fa71282baeca2c60165531e48914e9ee97,b,K562_region_01532,chr22:42466905:C:T;chr22:42466950:C:T;var1;middle;OL41|K562|dcfb5c615117df33
9ca37fd40fdb382d15ad533683138c7741198b84d66bc1dd991647c6ec982220,a,K562_region_00303,chr11:834098:C:T;chr11:834108:G:A;var1;middle;OL41|K562|694fc4d502ec8bc2
9ca50a7851f27d5967d93985b941c4e1569b530143cdf8a66b820e3874ff557f,b,K562_region_02241,chrX:1556904:G:A;chrX:1556953:G:A;var1;middle;OL41|K562|61c2236e301b78cd
9ca76742dc4525351e780587938d23ecd58e8aa5965991cdf18eba18830fb858,a,K562_region_01559,chr22:51001391:C:G;chr22:51001432:G:C;var1;middle;OL41|K562|969d4146946636c4
9cac5840b003236c847c91441243a0e19cfde4b6b2886727a4d6089a5f93699c,a,K562_region_00897,chr17:38082807:T:C;chr17:38082831:T:C;var1;middle;OL41|K562|2b040a60eddf8ad7
9cbb9561cd9394ecf8ecc820c579d770ca9e968d9746a9fbc155f52de297082f,b,K562_region_01649,chr3:197234978:G:C;chr3:197235040:A:G;var1;middle;OL41|K562|eeac73ddd9f7a549
9cdd8565eee4d5f3946615885b80e89a98d01a7b6222bbfbfdbbd567957dd737,b,K562_region_01343,chr2:231034645:A:G;chr2:231034649:G:A;var1;middle;OL41|K562|8bced8c8a9d25a2b
9cddf38bc8cdefbd0d7f72f101ac7c38e4fe6c632b6754e9636a6c01f776f225,b,K562_region_00807,chr16:88567535:A:G;chr16:88567540:G:T;var1;middle;OL31|K562|1d2e030f9c2f1ac1
9ce4a4f229d600eda875f7c0e19f35131acdcde0fa2f9e7ba7dd7ac7bc718dc7,a,K562_region_01674,chr4:9995182:G:C;chr4:9995240:C:T;var1;middle;OL32|K562|223e87a71ff22ac3
9cf72f3e7ed3d4f51eae59b7b7b2d9fa40360d553bd56b3fe5db296c6455bcb8,a,K562_region_00392,chr11:116680418:T:C;chr11:116680448:C:A;var1;middle;OL41|K562|c56cb121a4bb9958
9d05842b145dc63a316a9fa436f4e2d171db47748fce88e652cd3fd6d400a929,b,K562_region_00200,chr10:13535359:C:G;chr10:13535398:C:T;var1;middle;OL32|K562|c3e5fea53b94f575
9d08b770239a3cdf16ea73bb03e1f20abffc2628ccde90903a3226bc6bf56ccb,b,K562_region_00769,chr16:57130031:T:G;chr16:57130080:T:C;var1;middle;OL31|K562|d9c0d20984a8ee15
9d0adc7016073070a0a48671310711d054549bbec02a4e987a84f824bc13bab4,a,K562_region_01773,chr5:138272249:T:C;chr5:138272286:A:C;var1;middle;OL41|K562|a929bf721bcc95a7
9d262bb35a042117b070245334221580a1862cbb06b795add10c9723b0688b7b,b,K562_region_00198,chr10:12292286:C:G;chr10:12292344:A:G;var1;middle;OL41|K562|2469b16dcc6d4fdd
9d2c6c30ab7030e4c83f8c664e3f28aba3a11350346ca5cc7c06e0c0c5a096d9,b,K562_region_00492,chr12:125316031:G:T;chr12:125316055:A:C;var1;middle;OL28|K562|6c40de254c14717e
9d32dceec5959dbefdd7735730506f49c65ef25da967890804c09a9013ff6920,a,K562_region_01988,chr7:95226249:A:G;chr7:95226255:C:A;var1;middle;OL41|K562|544faabd9dc942c5
9d3ee8b3b86d87c48860b30fadab350fcee7a12e4ca820fbcde9e32603a108df,a,K562_region_01308,chr2:132440040:T:C;chr2:132440073:G:C;var1;middle;OL41|K562|93d5a05f3e06f177
9d4b8a22d81100de1cbbe925742fa43ec54b68575aa4d11fe50a3bd7e07db9eb,a,K562_region_02026,chr7:150021284:C:T;chr7:150021350:G:C;var1;middle;OL41|K562|655602272f548536
9d4c28134dae391f40839346334bf2a367fdc7bcb7fb6da16bb400879c7c0dfb,a,K562_region_01523,chr22:38170026:G:A;chr22:38170046:C:T;var1;middle;OL41|K562|2228f9fdbe83e267
9d97a0edde0e41c3ae698c707aa7d14bdb081aaff74508a14816697d2b8edcf9,b,K562_region_00046,chr1:26504741:G:A;chr1:26504756:G:A;var1;middle;OL41|K562|49c87e3f8e94f612
9d9ebff18aba258d769037635869ad6b148bd148a7a35f31a6f35e1f3668de08,b,K562_region_00426,chr12:4713938:T:C;chr12:4714008:T:G;var1;middle;OL41|K562|5624a3ea340d3a42
9da8a7e4da2d1c8fe1f419080d29fd2c8c1009a172eeac42e2e33137ef785270,a,K562_region_00494,chr12:126468005:A:C;chr12:126468018:G:A;var1;middle;OL41|K562|19bd2a31534fcae3
9db34e83ba46b10d25ea7086ac19f6d1289e33cebfeeb2a74e680f980f390f3c,a,K562_region_00009,chr1:1638925:C:T;chr1:1638994:C:T;var1;middle;OL41|K562|2289c808978388b2
9dc15de87c382303af5a2fa46103a74fa18ef03a1e7b46423ff4791ca3307ed7,a,K562_region_00127,chr1:161646112:C:T;chr1:161646116:T:C;var1;middle;OL30|K562|518122277dc40799
9dc69e1be92b7438462ccccf9503949beae211a182305f088adaa6a10513f01e,a,K562_region_00050,chr1:38243785:G:A;chr1:38243865:G:C;var1;middle;OL41|K562|ee0a572ca870d97f
9dd00f111b38ba08f8f75ac55a86077310fe8aa3a93a5fe639c4bda8e39bcb6d,a,K562_region_01982,chr7:78122263:A:G;chr7:78122282:T:G;var1;middle;OL29|K562|6b16e8aea53434e1
9dd11c4e6afd8b11148fbdc38c98aeb481f0d6051933605ecd4fc2a249bc5af8,a,K562_region_00739,chr16:12072161:G:A;chr16:12072203:G:A;var1;middle;OL41|K562|2b912d8a989486ca
9dd28f7687efddd43cf7b016a98ef6cd868a6b4e7d044dc2ea0e7558ad446046,a,K562_region_01477,chr22:18958674:G:C;chr22:18958701:A:G;var1;middle;OL41|K562|b1b6711780de1e15
9dd42b55fac6e57a43d8f7feb4a2a262f549e89254ced0ffc57c07f3197c4db1,a,K562_region_01506,chr22:24339556:T:A;chr22:24339634:A:C;var1;middle;OL41|K562|db518ad9a638486b
9de799e1d9e96c7ad52be4636eb71f2b1f7c21df917c2cd674c66019cfab0f64,a,K562_region_01707,chr4:147097293:T:C;chr4:147097310:A:T;var1;middle;OL41|K562|508b241d8a2ec640
9dee87dd746ae887e1bbf681aa26e39a3abe460f5e813ba08be7bf8c9641e8bb,b,K562_region_00732,chr16:5666233:C:G;chr16:5666299:G:A;var1;middle;OL41|K562|676be6a24c8f936c
9df250c08aba009fb144389c11454c51be8f69297c0fde2f974f181a30a0584d,b,K562_region_01649,chr3:197234978:G:C;chr3:197235064:A:G;var1;middle;OL41|K562|e3b1ce208313da47
9dfd29f105b4700861d49dd1818cd9be85c40d16d9578d825a1e779ee73d9bf3,b,K562_region_00664,chr15:93588264:G:C;chr15:93588289:G:A;var1;middle;OL29|K562|736a84e791a0a61b
9e0c75c61e2e3988eb650e4950b79cd4081a005f6038c43672ed1bafaf69a33e,a,K562_region_00225,chr10:52419989:C:A;chr10:52420016:T:C;var1;middle;OL41|K562|6c9fd37c4c9ef22f
9e0cb54803c9406b4dde903ddd7a287da31857d96a2263402789f678708e836a,b,K562_region_00289,chr11:308290:T:C;chr11:308363:G:C;var1;middle;OL41|K562|f367d2fa632ddd5c
9e1287a90f7b9bbfb87744a71407916b4f3525cb41504b10d795dab3d6705df1,a,K562_region_01738,chr5:33996454:C:T;chr5:33996456:T:C;var1;middle;OL41|K562|31b372f85b7ad21e
9e128be746748105fb82ffd7a6bc902c9a5190f2ef27434f48b5bdec1e910698,a,K562_region_01499,chr22:23245173:A:C;chr22:23245195:G:A;var1;middle;OL41|K562|11faf6b7c309480c
9e13c9fded54c1101687677b12c2a3694777697c0ab68227769233773f5c10aa,a,K562_region_00720,chr16:2986233:G:T;chr16:2986289:C:G;var1;middle;OL41|K562|10bd52457eccb586
9e1af4a69f0b7c7762336fe065e54f91a8787b0e8c62a3a83d70846d894091e9,a,K562_region_01785,chr5:157924232:G:A;chr5:157924280:G:T;var1;middle;OL32|K562|3e2cbdb6a53fbfd6
9e1de7a96761bdeb2fd084e5d2d77762e0aa321a6b5fecbdb54d1dad0bb0d276,b,K562_region_01707,chr4:147097107:A:G;chr4:147097170:C:A;var1;middle;OL41|K562|4a0b3899026ce5d6
9e32c7cc34bd750b64b0aab4220d835ac4cd86c9e53a324e27670110e29c089e,a,K562_region_01208,chr2:7608679:A:C;chr2:7608681:T:G;var1;middle;OL27|K562|53223fd4db588aad
9e37a388715ea8601053af45ae76a08e6be9f9c9556316fe93b4dc83f0bfd0eb,a,K562_region_01226,chr2:26953540:A:G;chr2:26953582:T:G;var1;middle;OL29|K562|abf46916082fd77f
9e3b86ac2875a78eaeb1f083962c3c95fc2349d09727d3a8e61c399f05347537,a,K562_region_01747,chr5:55861595:G:A;chr5:55861601:G:A;var1;middle;OL30|K562|85a40d15056c51e8
9e3c18108b2eea6a32ede43a3250d22a8e0905632fe49602417b4b03d95512af,a,K562_region_02189,chr9:110957369:T:A;chr9:110957372:T:A;var1;middle;OL32|K562|773226f167b7a804
9e3d94e69e3e0049f5536e99db5e818d92421970d05d4b2af2784193585d8811,b,K562_region_01163,chr19:49950356:C:G;chr19:49950413:C:G;var1;middle;OL41|K562|88a9d9af4b75f7ef
9e47fec1c90ea8e2473194be511ad00e02eee1b268c9cb3b7fbe13e4ec80fbcc,b,K562_region_01611,chr3:129118922:A:G;chr3:129119005:T:A;var1;middle;OL41|K562|4624bd18f734a472
9e4977b936d56c9c16ca133843bf9de86c35493559d84eb6e040b631093bedaf,a,K562_region_02247,chrX:102565894:C:A;chrX:102565906:C:A;var1;middle;OL41|K562|4642c917176b1e5f
9e5234442cc900fcd0d2b704399b4fc78a2aac915c9427e53bfdfc2f05d47c44,b,K562_region_00317,chr11:3400334:A:G;chr11:3400422:C:T;var1;middle;OL41|K562|7984262aefa64181
9e64fb34e437beecb82240d2eb1340bdc87e5feafc9f299a9ed353d4eae939e1,b,K562_region_01130,chr19:39379855:G:A;chr19:39379906:G:A;var1;middle;OL41|K562|75433306bcc284b0
9e6818f2b5b607be5cb7118816ed08e2ccf75fe5770293ac66e924c2c0372027,b,K562_region_00289,chr11:308015:T:C;chr11:308065:T:C;var1;middle;OL41|K562|0a160290144743b8
9e76005f76fe6f82428e19759bc7b7600abc6a47305563d065ec3986da808785,a,K562_region_00794,chr16:84857345:A:G;chr16:84857378:A:G;var1;middle;OL33|K562|848b50d24bf987b3
9e7f01daa9b674ed69d5faeebfd597a00f3f1a735a335467d1e831f841068bc6,b,K562_region_01470,chr21:47405593:C:G;chr21:47405598:G:A;var1;middle;OL41|K562|3b1633c2a3e496e4
9e82bb11dfe3e0214984f65327243474139aed9fc8b051a9a4bfb46039eb53ca,b,K562_region_01622,chr3:156795468:A:G;chr3:156795525:A:G;var1;middle;OL30|K562|05aabc1511c2f894
9e90dd133c11c66fc7985a0d068ae7e754b9f9af230ee283aea91eb243be55ce,b,K562_region_01265,chr2:66906024:G:A;chr2:66906040:C:A;var1;middle;OL32|K562|aed4b8fd270d7e6f
9ea72df31bf0907c869d73843bac5880b7da401b188548a9b90470f08c3b1223,a,K562_region_00899,chr17:38175553:C:T;chr17:38175561:T:A;var1;middle;OL28|K562|09dd374d101055d1
9eb3c378c275437686665a6ef42f4ec8a477faf994ba296b0c5ba183a3f56617,b,K562_region_01510,chr22:25844116:C:T;chr22:25844147:C:T;var1;middle;OL41|K562|979380af6ec25e06
9eb95425fba7de28243002baa6f34f9f1ff140e9758a9afd7374d0a937db28ca,b,K562_region_00615,chr15:40654038:A:G;chr15:40654066:G:T;var1;middle;OL41|K562|bda20c5e0e8ae4f9
9ebe7efebd7629da3bbf73edbb1142fa7f50f501f8920fcfaabf80a52ed348ea,a,K562_region_01871,chr6:135419631:A:G;chr6:135419636:C:T;var1;middle;OL28|K562|7660116514d311e3
9ece8e3a28b4a7d65d11903e0408a0c90c73c823b43b56d289740a3a925f2a51,b,K562_region_00039,chr1:23850587:C:A;chr1:23850590:C:A;var1;middle;OL28|K562|93c20d4c928819bb
9ed6955eef4d0db4c4f643ac95716b59fab006b5b69d5b163e4aa57f2a6634f6,a,K562_region_00373,chr11:74171965:G:A;chr11:74171972:A:G;var1;middle;OL41|K562|bcfb26dd4fbe2a55
9ed95cfbc7fa96e1b7a2b1b33bfcdf670bd99c750fb1831e89ff98f7bec10385,a,K562_region_02246,chrX:71034539:C:T;chrX:71034614:T:C;var1;middle;OL41|K562|9e2d54d354d83a4a
9edad71110b8664854bc1bd90e5892cd8dd826c884cfb3ec1d85f13932582af2,a,K562_region_01853,chr6:52220935:C:T;chr6:52220975:G:A;var1;middle;OL41|K562|413f8a7f24e246d4
9eddd19513199cbe7bec0ff892584b7372892df8dcae4d6a015b315d32fdc095,b,K562_region_00832,chr17:781040:C:T;chr17:781043:T:A;var1;middle;OL41|K562|2a6e79f7518d027b
9ede1e814b0b3b8f9cc37151bc537f87e79de32828fa7b7ef32a3c5516043cf3,b,K562_region_01501,chr22:23657939:T:C;chr22:23657966:G:A;var1;middle;OL41|K562|299f411df9f2324c
9ee3074516bfcb5d5bee216c231da089cb85d4e1fea268c1f2280581bb33a722,b,K562_region_00149,chr1:205408903:G:C;chr1:205408911:C:A;var1;middle;OL41|K562|9b67f17fba4c9d15
9eea1bf916de0129f0e4c7a61cc6fa56ab70b3ac19acd8301ace666295ef08a7,b,K562_region_01902,chr7:1087426:G:T;chr7:1087454:T:C;var1;middle;OL41|K562|8eff95a8bad4579a
9eff125861a1d713978b1be27c1e291f408828c6e1c29058804a0972a71ebf90,b,K562_region_02113,chr8:144093864:C:T;chr8:144093928:C:T;var1;middle;OL41|K562|a1d9877831f892d2
9f0cda470e3d5bf513c1522ff33ce632a02e0825c824560d202543c85a0f6c0f,b,K562_region_00496,chr12:131519661:G:A;chr12:131519684:T:C;var1;middle;OL41|K562|124177efe565cf2e
9f15e655c6817024d1ee0abe75478a6f509aad9c5274efb8dca846c966d0a484,b,K562_region_00731,chr16:5075226:G:A;chr16:5075248:G:A;var1;middle;OL41|K562|c81a6325d2af174b
9f1963e4e5fe92436ef203fb531b8815f3a6d4f4bc0ac6d21cca3674eb30cf36,b,K562_region_01328,chr2:191184475:A:G;chr2:191184524:C:T;var1;middle;OL41|K562|4d9b0b196b9f30f1
9f228f4c845db5577b50224e248ee3299035f19af1a85f77a8eaa09c48535f9a,a,K562_region_00881,chr17:18057167:A:T;chr17:18057215:C:G;var1;middle;OL41|K562|c96466801946dfab
9f283b88b7ecb188909c1defb6a8ee6455d4ee12a0a3af2a912103171bbd5713,a,K562_region_01563,chr3:3153259:T:C;chr3:3153338:T:C;var1;middle;OL28|K562|5e7dafc0ebdc3f79
9f29a20899be82536c5bccc5dfc0842a7bccc93fc62adbac6cfaf7e528256a49,b,K562_region_00881,chr17:18057167:A:T;chr17:18057215:C:G;var1;middle;OL41|K562|c96466801946dfab
9f2d58dbc05056404f9bef191f2a2b80ac46555e5e0c8fb7efca2121f448f9bd,a,K562_region_00910,chr17:44083323:C:T;chr17:44083402:G:A;var1;middle;OL41|K562|c831d3d04de7f47e
9f308130800a193b7670b305f42426d3ea4865ced5507145deee026f45ac22ff,b,K562_region_01292,chr2:114360149:T:C;chr2:114360223:C:A;var1;middle;OL41|K562|017680acd5f9e96a
9f320d9eeb13a47028c2ff85b1ee71d62991bd55b9dd564f8e546f8040d5fd8d,a,K562_region_01360,chr2:242393795:G:A;chr2:242393798:A:G;var1;middle;OL41|K562|850d985454ff42c7
9f331a11569116079d0f14a49a3767988c2fd2d9fe9ee6e1feb216a6931cd5e7,a,K562_region_00546,chr13:115064423:G:A;chr13:115064482:G:A;var1;middle;OL41|K562|ebaf0467f8f86da0
9f37131743ca4592e70fd3fbc0374d60ea2bf6a45c4f58120d684c70a4614216,a,K562_region_00538,chr13:111566412:G:C;chr13:111566432:A:G;var1;middle;OL41|K562|1488f45fdbf05a13
9f403db62bd65bc046cd976e57878f4e11fa1060ecf4b698e42b75231129964d,b,K562_region_00828,chr17:72083:C:T;chr17:72161:G:A;var1;middle;OL41|K562|7f0e257b4d4ca490
9f413d2a4cb9126b19606f9c2f6bbf7562de5c0c1b8181a494cdf80108240361,b,K562_region_00609,chr15:30775951:T:C;chr15:30776002:G:T;var1;middle;OL41|K562|20be93ebff862ed0
9f519922f7433e6512d24ec07e344146ce7e17c741aa5d03591551f6cdc43ac4,a,K562_region_01615,chr3:137778242:G:T;chr3:137778320:C:T;var1;middle;OL41|K562|420d8cbd6ee5cf67
9f60e4e90b36ca566c4cd13b41f87382a97798d1c386a09ec2aebe80ebc1af6e,a,K562_region_00431,chr12:7014076:C:G;chr12:7014107:T:A;var1;middle;OL41|K562|a9bd329a920b1944
9f67a2067fbb292a8c79f2b594312fab351122fcb2dfcf17841d3fc380dfb543,b,K562_region_00753,chr16:30482494:T:C;chr16:30482540:T:G;var1;middle;OL27|K562|ae2d50021b4845d2
9f6825cee579fc1c81b59fa0bdcdf13ebe5e2be82e2de23340628e44b966d49c,b,K562_region_01736,chr5:14768766:C:T;chr5:14768806:G:A;var1;middle;OL31|K562|9d320f3829655208
9f6acca301c689c3fc2a0c8fc54d51225ad9cb58891a1878c0c80fe57f10c4f4,a,K562_region_00097,chr1:110270093:A:C;chr1:110270165:T:C;var1;middle;OL41|K562|f065062ec97199f8
9f7816c4f216c61e112dc99aff45f20367d95edd879fa03798a03f8e09b0efcb,b,K562_region_01161,chr19:49436926:A:C;chr19:49436982:G:C;var1;middle;OL41|K562|61acd302608ccec0
9f80e0290c11bb6d068cc95356de38ca137f62938ec3eb64e7c7d364123209b8,b,K562_region_01035,chr19:1456595:G:C;chr19:1456647:C:G;var1;middle;OL41|K562|61ce90e1944c1ffe
9f8c63660311dd1c9b8dfbc96da29e28cc9ba41402dee896a2adc21da30a1bbe,b,K562_region_01262,chr2:62733189:C:T;chr2:62733253:C:T;var1;middle;OL41|K562|7fc6c745f038c3e3
9f8eef9f273844bb81b89da2604d1408682b156a1b14a5e418dba3842d8e6289,a,K562_region_01074,chr19:10567212:T:A;chr19:10567216:T:A;var1;middle;OL28|K562|46cbe9fddba25d99
9f9b6440d418ab64872f0a9e1e554df88df9807e3b463aa5f4c41958f464133c,a,K562_region_00016,chr1:9296479:C:G;chr1:9296488:G:A;var1;middle;OL41|K562|80baf69281202717
9f9b6f6c4c725b04b1b968b338fa8446fa17e85b0d73fc3097fab9d77e82a7a5,a,K562_region_00965,chr17:79992138:T:C;chr17:79992140:T:C;var1;middle;OL29|K562|82a1e77b2b96f268
9fb1db17a5eac9760d84fb348bf719ca46d99de04698a40b95723f1d5b5070c6,a,K562_region_01409,chr20:56018024:A:G;chr20:56018085:A:G;var1;middle;OL41|K562|e3ed90ae77dbb78c
9fb89e35c9b176de0ff136988ee63f33dcf89c52a8d43f0764541825938ba29e,a,K562_region_01554,chr22:50647966:A:G;chr22:50647969:C:T;var1;middle;OL41|K562|f285d6127048bd18
9fba6359fc5baae289364e055723fa4b6a477fc1e7a2a7793f13ab37c85a7468,b,K562_region_00471,chr12:64062496:T:C;chr12:64062561:C:T;var1;middle;OL41|K562|b77a179db115131f
9fbef0eeef8328b767358d8448dd12030c403a477c029143a5a29557defe9fdd,b,K562_region_00230,chr10:64396916:C:T;chr10:64396921:G:A;var1;middle;OL28|K562|7b9f7d8077d77c8e
9fc8d28d3a52041b140402f81cbeea4d2f111e3ba3c00c2d24295135c5de7872,b,K562_region_01135,chr19:41116166:C:G;chr19:41116251:G:C;var1;middle;OL41|K562|f87bd05027335e96
9fdf196953b5fbffd8daf3aab303a6bd78a4f00d8b7c3a3a57601606c895639f,a,K562_region_00704,chr16:1845144:G:A;chr16:1845190:C:T;var1;middle;OL41|K562|84551b32fd7f84c5
9fe2c282e80bc73fdc70f9d1df77febe4012981f915d944d2a4bff18cae5a3f8,a,K562_region_01474,chr22:17700284:C:T;chr22:17700349:T:A;var1;middle;OL41|K562|3a3a15a4adaf0672
9fe484de0a3445c941b3bd90a1807d3a0e5437d7ae45ba1c5b16d1942aeed755,b,K562_region_01117,chr19:32585186:T:C;chr19:32585236:G:A;var1;middle;OL27|K562|3cbc4b501ef856ce
9feaf58a20265aee55ccbfd0d816190e64b15963a4422f0555c1faebaa1e64ee,b,K562_region_00324,chr11:5690691:A:C;chr11:5690741:T:C;var1;middle;OL30|K562|41bc7a6a98a2af9d
9feb50110053978e5a4c1bf9a4eee96eec61c88e38ab0131675574401beccec4,a,K562_region_01425,chr20:61735344:C:T;chr20:61735419:G:A;var1;middle;OL41|K562|a07b91b1beab7182
9ffa803899a4750ea227af2f6ab834a7c32924954900e87f62474ff0a8bc3750,a,K562_region_00039,chr1:23850587:C:A;chr1:23850590:C:A;var1;middle;OL28|K562|93c20d4c928819bb
9ffad9f7022bb01e3d4830d2f235ee6a787015e14b02ba6f83bad1f624a3a596,a,K562_region_01578,chr3:14188700:C:A;chr3:14188762:G:C;var1;middle;OL41|K562|e358ecc9287954a0
9fff1ca64d33515c36848f78942296bbc657ad5d6459048b6993035c20d8a158,b,K562_region_01482,chr22:19692751:C:T;chr22:19692795:G:C;var1;middle;OL27|K562|09146ea86546e1b9
a0080e4a6b39257bea77eb85d39c3a0ac1cfa70b490f3def19155e624ee51adb,a,K562_region_01510,chr22:25844095:G:T;chr22:25844116:C:T;var1;middle;OL41|K562|f003990e6d7d8c02
a00a2e4bfe71e062bb8f164a8f1ce8090c0318ea827daf3db225fab0efe59161,b,K562_region_02053,chr8:10295578:G:T;chr8:10295664:C:G;var1;middle;OL41|K562|2fd49e77c1a1e5e3
a00ce6b96c8241d77790d400a1c7970381856c62e8c87756870c12976f510e37,a,K562_region_01711,chr4:174060886:C:T;chr4:174060895:A:C;var1;middle;OL41|K562|817bdc2391da1fbc
a00ee91033e980a1b290c8997f1c50666c53977611070f10f0ff0e30f6fb8f9d,a,K562_region_01990,chr7:95722234:A:C;chr7:95722280:G:A;var1;middle;OL29|K562|2d601e5462e8a0c5
a0286b4506d22e8687fe24ba77d64c21ae1884b5231bca1656aa8d332caf9c05,a,K562_region_00090,chr1:108743140:C:G;chr1:108743178:C:G;var1;middle;OL41|K562|986b9ac59bb3e20d
a02c8693c9afa21a704baa534c3c3f8b31b10c0bf0c5a272a6a83b18932c91ac,b,K562_region_00726,chr16:4587789:A:G;chr16:4587811:C:G;var1;middle;OL41|K562|6f25c73530f581d6
a0343b25ebeea90b2d2dcf5fc87a99a4844dc4404dbd2652c56bbaf853d0beb8,a,K562_region_00666,chr15:96878349:T:C;chr15:96878437:T:C;var1;middle;OL29|K562|893255a97a8ab04a
a068f2035d225ae613a7745a110051bdd3a80d7ed70ff7eb3842949c01165a75,a,K562_region_01540,chr22:44577077:C:T;chr22:44577086:G:C;var1;middle;OL41|K562|294a7cafceb3d25b
a069acea68842a22f189856f315d517d2f1bbc4e2a8cf483267b90f2c08a8cf3,a,K562_region_02034,chr7:155195759:G:T;chr7:155195840:C:T;var1;middle;OL41|K562|8b40e0c706cbaee3
a075cfa7bd616d0537712915638f3f152115e167cf6f2af6833d6d663eb0fbf4,b,K562_region_01415,chr20:57274077:T:A;chr20:57274151:G:C;var1;middle;OL41|K562|0a98e3e5771bc10d
a08816764f04f2912a87888290d160f22f349bb77041f6c3c7cb14ddbdd4ce40,a,K562_region_01406,chr20:54148763:G:A;chr20:54148838:A:T;var1;middle;OL29|K562|0e22cbca28505073
a08a4f0db9ddbc1446526ac3e4f7c19d95ec67c666fd4cfb373201df94ce4264,a,K562_region_02245,chrX:53115858:T:C;chrX:53115909:T:C;var1;middle;OL41|K562|373e8f1864900034
a08a9412592ae14df080e34900ea0d2eed323e4a0410555f4c42eb3213397c9a,b,K562_region_00669,chr15:100339897:T:C;chr15:100339938:C:T;var1;middle;OL41|K562|92afa10068141ac4
a08d62391a942dd0cd47652700da4e42294cd4dde455e7fcfd4b03624a3f3998,a,K562_region_00469,chr12:63830572:T:A;chr12:63830580:A:G;var1;middle;OL31|K562|455724c93f25d8b6
a0aa0572f7fff6017173afb805a1e1ab1de010a713f83051527efe750486ca91,b,K562_region_01665,chr4:6593117:T:C;chr4:6593199:C:T;var1;middle;OL41|K562|966014b2fcf9c380
a0b01eec95ad54b033aee1099095c55fbf2684d402f5456f54fcb1f3d6a248a8,b,K562_region_01182,chr19:55697712:G:A;chr19:55697795:G:C;var1;middle;OL31|K562|9911fac05e9b1a8b
a0b7c16959d37afbc9c9d7f0646e9109b2f30e9a7ac2b0514a8050d4dccb1d22,a,K562_region_01354,chr2:239007997:A:G;chr2:239008067:G:A;var1;middle;OL41|K562|7b72ebbe704c9c35
a0bd3047bd79b9d9aaea5a2b9165a1699c943e54056edddda13c6f76ee71fc11,a,K562_region_01567,chr3:5257975:A:T;chr3:5257981:T:A;var1;middle;OL30|K562|141c99d30d8e6f57
a0c3093192cfc9a274a9e8a2bfb013086db51411316dcc40ddc04f4b8796ed80,b,K562_region_01774,chr5:139975636:A:C;chr5:139975672:G:A;var1;middle;OL41|K562|a93acc480c7303e0
a0f0283cdddc9dbff1cec86dbbc427ebe685199bfb0ab1aa21b463ce990f75c6,a,K562_region_00435,chr12:9393573:T:C;chr12:9393624:C:T;var1;middle;OL41|K562|3d7dd44bd0d4aa20
a0f4092f1cf4355ec3d0f199fddeb0d1869c96447e42850b3fe8f07347aa7af2,a,K562_region_00084,chr1:95287319:G:A;chr1:95287370:T:G;var1;middle;OL41|K562|791cbf94bf84a5b7
a0f94e0f9502f573672d49ac8e79c819223e741c60bc44a1d573e6e253f715ec,b,K562_region_01330,chr2:202122956:T:C;chr2:202122995:A:G;var1;middle;OL41|K562|0ab5b592f08779a5
a100f87f1b4b5820fb43359853e50fd708732007b1082b7c55e312b1095e0af6,a,K562_region_00886,chr17:28534469:A:G;chr17:28534531:G:C;var1;middle;OL30|K562|aed2a3b7ef3cc4ba
a103174938cb77e11269478da76eb0be881cee3fa80dd3b75a78a41312aa388c,a,K562_region_01624,chr3:156798732:A:G;chr3:156798775:T:C;var1;middle;OL31|K562|6d3c255d70bdca4a
a107bf65c43924437ae9fc59d61525b46b495483017034006bb754e57bde01f3,a,K562_region_00754,chr16:49006412:T:C;chr16:49006458:T:A;var1;middle;OL41|K562|66390fea2c592f2f
a10c824d85a7b99ea21b29e49c0d910d169cd62d808b4591b3c3ed1a6c0c9a7c,b,K562_region_00316,chr11:3260189:T:C;chr11:3260259:G:A;var1;middle;OL33|K562|fcf784ebb9e75821
a10f26295655c58c05ad3fcd4b0d8729cb217cf2abb2ee56a733cc8303b063d7,b,K562_region_01019,chr19:632675:C:T;chr19:632737:C:T;var1;middle;OL41|K562|c0f1c9432c2c0769
a118bf6aef0b18dfa2ed675e7cf4b0e459cfe34324a77ca466b4cd373f19e684,b,K562_region_01528,chr22:39493251:T:A;chr22:39493294:T:C;var1;middle;OL28|K562|957211ef1d6c7e59
a11b9f7abfcd01e1e52f8ad0ec490994223fd5832ac49c22a3cf333d4d814975,a,K562_region_00487,chr12:121420260:A:G;chr12:121420263:A:G;var1;middle;OL31|K562|12e8eb5529ec726d
a11c4898b22b9cecadc725f8001c5eec60ec5cc95a329cde704201d691a74335,a,K562_region_02039,chr8:224321:C:T;chr8:224343:G:A;var1;middle;OL41|K562|45a3f26d5cc6f1f7
a121822ff445c4d1c60ae598429c21f433a51372d2a9c0118dc6c0ae046d8f30,a,K562_region_00401,chr11:120039274:C:T;chr11:120039306:C:G;var1;middle;OL41|K562|8088f6049317ee32
a1223126c02e25944e46bce53e78153a6b5f92995cb3448db867742caa94733a,b,K562_region_01212,chr2:10424693:T:C;chr2:10424767:A:G;var1;middle;OL41|K562|ae9ef023818c2173
a12ca24afdf366a9953bce3a139a994bf43aace16074e39f68f6fe9d8f151baf,b,K562_region_02140,chr9:8356048:T:C;chr9:8356096:C:T;var1;middle;OL29|K562|e61e9d3e0a347302
a15082201e4030c3f0c13bbf46bd72557fb89cd9f8a3c3e215ca21318583fb33,b,K562_region_01571,chr3:12266804:A:G;chr3:12266855:G:A;var1;middle;OL28|K562|6c5ee963724e0f25
a153c8bccaa70f6c72529a520eb48b7436f877e21daacb2fd235848cf5b8d6df,b,K562_region_00146,chr1:205240141:G:T;chr1:205240145:A:G;var1;middle;OL41|K562|63481b928011c55d
a16cd6c592ec1320855816c9029513a353d653ad7374a211e735947e659d6c0b,b,K562_region_00223,chr10:51579518:T:A;chr10:51579520:A:G;var1;middle;OL41|K562|d4bb56dbf7c596e4
a17d700bed1c6f9902202ccfd87cd5a03935a400738e52414dd4c4df3c2bedae,a,K562_region_00294,chr11:332795:A:G;chr11:332857:C:A;var1;middle;OL41|K562|b23af5ceac5059d7
a1a1c01ccc95772649bb0ad4d2a048ce5f86e296b897aae9c18aaea555df243d,a,K562_region_01286,chr2:111935461:C:T;chr2:111935478:C:T;var1;middle;OL27|K562|9319dd12b7bbcd52
a1ae1512a31a067300e36992ff29a49974da7f48f367b8e1b467b1642ba465b7,a,K562_region_00786,chr16:81764965:C:T;chr16:81764991:T:C;var1;middle;OL29|K562|2a3600032365b58d
a1b54f0adabd2b7ef98fbaa4c70873ecb764bc0263096eccc197721b7a86f77f,b,K562_region_01348,chr2:232485775:C:G;chr2:232485833:A:G;var1;middle;OL41|K562|b45276fa61815d53
a1b5a5e266b5628ee68bc751685cb26a330ff6c681471b6ba081dbd6044a5acc,a,K562_region_00116,chr1:156552711:C:G;chr1:156552720:T:G;var1;middle;OL41|K562|db0edb13111f623d
a1b8857004442749d5c05b7d28e2ad9e4b2dfb7962d7cedf5c4a192a07bc6a77,b,K562_region_00345,chr11:54807391:C:A;chr11:54807400:A:T;var1;middle;OL31|K562|4a74728f80f21c73
a1c4528a3d49e57370f26b87d99d34862e207783dac217504e387fbe90740a09,b,K562_region_00680,chr16:420592:C:T;chr16:420678:C:T;var1;middle;OL41|K562|9975f7bcc767097a
a1cf454c8ed1e3a01025ee6f0138aad4c08243e329e6dff0fa3877ce57fde69e,a,K562_region_02209,chr9:132045333:A:G;chr9:132045384:C:T;var1;middle;OL41|K562|0a239f6da3097a60
a1d5d55b09ebc837c902ffddbf93b540228228860377e3242e35de1a11cdbeae,b,K562_region_01545,chr22:45725524:C:T;chr22:45725600:A:G;var1;middle;OL41|K562|768c90547aa57251
a20a6b19c0953723639ebbd2e1310e3ffd77263815034b5221eaa2e79b077f87,b,K562_region_00236,chr10:72240570:C:G;chr10:72240614:T:G;var1;middle;OL41|K562|b811c5b7a2202582
a224d4875b5f369d7bc6d61435443f0fc3688822ca0ba4fe3e59ca363fe3120b,b,K562_region_00948,chr17:74706349:A:T;chr17:74706380:C:T;var1;middle;OL41|K562|aa13e7e8d8254115
a23a2b5fa107613ff32341d9843f5152f208a192a45fc3d66d491d973793ce67,a,K562_region_01505,chr22:24331907:A:G;chr22:24331967:T:C;var1;middle;OL41|K562|22c3dda616a67e9e
a23f523785cb9865f1d2024f65e974f7f7dc369b5b4e0aefc2767b127ee3b36f,b,K562_region_00377,chr11:75509317:C:A;chr11:75509352:G:A;var1;middle;OL31|K562|84d13c87b3449bd1
a26d8a6da7ed1f8521c71e88925f4f408cdc5b4500ac7e746a35ee423214376a,a,K562_region_00527,chr13:75874524:T:C;chr13:75874528:T:C;var1;middle;OL41|K562|953dcc70bd6ce502
a29d5ab0fca1784e283a146fb88997e1e906fbb40b35c2e3b459bf7628118745,b,K562_region_00630,chr15:61069177:T:C;chr15:61069201:T:C;var1;middle;OL33|K562|9d872949ed4f3555
a2ab7dbd1a1602c3575b4a2ffd408efb62faf42f4d0ef693ad805863b3723c59,b,K562_region_01555,chr22:50658501:A:G;chr22:50658570:A:G;var1;middle;OL41|K562|3afe68603b77d027
a2b0612b6ab5cc857225923a1147ec96f1d68ed548754b546775724e2e4eae51,b,K562_region_02096,chr8:83064530:T:A;chr8:83064532:C:A;var1;middle;OL28|K562|1ef7f04b2c5b4150
a2b6ec1acca6171d3d55d002751835870a5f1e35eb2aa81fe70cb99b0c26cc2a,a,K562_region_01557,chr22:50860573:T:C;chr22:50860583:T:C;var1;middle;OL41|K562|8545b7543e26cd1f
a2cb1b942fbbc722b78e6cdd92bce6927902fc4a770f26c9f6f7edd33a30a43f,a,K562_region_00833,chr17:782899:G:T;chr17:782952:G:A;var1;middle;OL41|K562|e86adff303c5e21b
a2f3699bbc21f7d77eabc3606748ac78366d5d3887c7c133922ca4d3241595bb,a,K562_region_01736,chr5:14768766:C:T;chr5:14768806:G:A;var1;middle;OL31|K562|9d320f3829655208
a3080fd15546b1437cb6ca6174e3f65e998d018516751d61756bfa57e42832b1,a,K562_region_00378,chr11:76292573:A:T;chr11:76292575:C:T;var1;middle;OL30|K562|b09ed50732a323e8
a336ea0b4973994b3e660e255210ee3f40c9135a5ccc27f0f4049a01067b3221,b,K562_region_01444,chr21:37572401:T:G;chr21:37572412:T:C;var1;middle;OL41|K562|35f097579d2c077f
a342153eb30b540dcf863951e81690858780cdc62eae951dc97ac546d0426b67,b,K562_region_00278,chr10:130457648:C:T;chr10:130457732:G:A;var1;middle;OL29|K562|1a50e2ecc860e25a
a3471943655dd177a7ba90a15e61136e320fe0f7ab4bd5ee7981902e0450968c,b,K562_region_00530,chr13:97646229:A:G;chr13:97646264:A:C;var1;middle;OL41|K562|c803e7a9ee47a725
a34c9547e460a6d0f3cd521e38569bd9b58eada0ee0e3b4c8aa94be69da4efc5,a,K562_region_01969,chr7:66147101:G:A;chr7:66147110:C:A;var1;middle;OL41|K562|27dffd928a9d7c6b
a35407c518cade74e5863b036f94e5ab57907c22edb4acde62770a79ad0ee42d,b,K562_region_00720,chr16:2986233:G:T;chr16:2986289:C:G;var1;middle;OL41|K562|10bd52457eccb586
a36352e68f3e66cf67ad1624e0d42528de8639c96a4eae825f0d1929c2923523,b,K562_region_00446,chr12:19158080:C:T;chr12:19158099:G:T;var1;middle;OL29|K562|f0c2024a0f328eb6
a36573c37c064f528ef4db13cb3586c2c663e445f1e276fb6b2af34ff7d785d3,b,K562_region_00079,chr1:91190854:T:G;chr1:91190856:C:A;var1;middle;OL32|K562|ef5651872e4d90cf
a378a77fd02ffba5080ad82034699bffcb51eedbe729f30d130676f4d6e120f9,a,K562_region_01927,chr7:19145326:T:C;chr7:19145340:A:G;var1;middle;OL32|K562|ceb77f004de0f981
a3889f2bef5a7709a0b13f18d91c1288e1453ea9a81cb5a0ebca0bb0f4e22978,b,K562_region_01653,chr4:965720:A:G;chr4:965779:G:A;var1;middle;OL41|K562|997e6f31c76c1db2
a399d8086d1cb3dfd2632e03361dddf7ba11bd2c5552b82e583f634bb87e1002,a,K562_region_01831,chr6:36842183:C:T;chr6:36842192:C:T;var1;middle;OL41|K562|ee8777391c5780d4
a3a0be696c47d00de2ca063a7fdaa966feba528974717603ca564c1bf9a1550a,b,K562_region_01287,chr2:113388444:C:G;chr2:113388463:A:G;var1;middle;OL41|K562|9f80423da0662070
a3a6abddd56396614d3bfc1f8407a8c9f5e845fcc3d1ddf3f4d1294baddccecc,b,K562_region_01304,chr2:132033945:A:G;chr2:132033948:C:G;var1;middle;OL29|K562|9c4a663bf8a21d58
a3a9350a807a13ddae61d50612446f1c522ca6474cf61e7170a563015682ccb3,b,K562_region_01442,chr21:36919840:C:T;chr21:36919885:A:G;var1;middle;OL30|K562|e78157d04f551314
a3adf28fa731a1d1bb9138d722bd4c63b746f56ad4685b757eff1990b23ecd8d,b,K562_region_01047,chr19:2721991:A:C;chr19:2722050:C:A;var1;middle;OL41|K562|240dc6a0353e72e9
a3b004c3b54643619dad86a0d7166af4d5ddca3cf1bdb60af19e2676233a81d5,b,K562_region_01080,chr19:14172921:A:T;chr19:14172951:T:G;var1;middle;OL29|K562|8ad9a33f5c7b1d92
a3c5bdd65341575beba79fa552974ca37cf15dbb05b4772a939940b795694c1e,b,K562_region_00930,chr17:62160382:C:A;chr17:62160439:A:G;var1;middle;OL41|K562|4b3132ca46c9dbc6
a3d6e3b3691cbb4de897ec9f14f2c30b20718e7235f1cb2d8ff978d735ad81a1,b,K562_region_01813,chr6:3470609:A:G;chr6:3470613:T:C;var1;middle;OL31|K562|974760e95cc13e8f
a3f07d690189d8d53fddc8948eea2f6c4ffdf66986ba28b7797d6349e4c5c212,a,K562_region_00388,chr11:103673277:A:C;chr11:103673294:T:A;var1;middle;OL33|K562|f9879ae9685a5ee4
a401c8c21c24a9dc1185c615a83b17208a50b383407f5f66808a65b4e6566de4,a,K562_region_01979,chr7:76255933:C:T;chr7:76255998:T:C;var1;middle;OL41|K562|ce0706c80365b023
a41301d9bfcfa5aa0d64b4108f7e5ab93563d178fa7285bce503cba3d175b424,a,K562_region_01680,chr4:23854891:A:G;chr4:23854920:T:G;var1;middle;OL31|K562|f6455e52450f02a0
a4188a0ef83a2750f2a25893919e9f4172c1e3ad0f0afb33e055719b3f225efa,b,K562_region_02093,chr8:71359660:G:A;chr8:71359664:G:A;var1;middle;OL30|K562|a33e865c5228f865
a41ac5d35cd6fb505a3b1cfc7a863a487903485cf4c44c92d8304ff406b1aec1,b,K562_region_02186,chr9:109461021:G:T;chr9:109461098:C:G;var1;middle;OL31|K562|4ab4bae0b28c3cc8
a42c4a4ea2f7194bc1238fe96e4cbe3edfd103dcebf619e8c7d6f24986e2d487,b,K562_region_01655,chr4:1412749:G:A;chr4:1412785:A:G;var1;middle;OL41|K562|165149685dcec105
a43eb0eef17e76a9c68249e9d20ceb1c064f65c9768932baf9f41692b215bdf5,a,K562_region_01632,chr3:183534913:A:G;chr3:183534976:G:A;var1;middle;OL41|K562|614e36eb521659f2
a4509f20bd7d67e697b8faec39c19caf9406d991cb1c294b5cba95314f4bc9e6,b,K562_region_01870,chr6:135419018:T:C;chr6:135419042:G:A;var1;middle;OL27|K562|096f78b48d5c5c39
a458de6881293e129a2f0570ed5ba36300c847c15a815d28a42c6bd3c6386312,b,K562_region_01717,chr4:186580601:T:C;chr4:186580610:A:G;var1;middle;OL30|K562|69fa7ac8201ef78d
a45fb0c1928d6558d6d92d07c9eec54677fdb0ce49f84e2974870a84f5ae44e1,b,K562_region_01880,chr6:149795136:G:A;chr6:149795154:C:T;var1;middle;OL28|K562|c48e1e9443eae70c
a4661ffe79fa99ee0236631746a6ae4a94f78deb9046c7bd0a8649c6533fc471,a,K562_region_02065,chr8:17507915:G:T;chr8:17507964:A:G;var1;middle;OL41|K562|6598dd1ce06f07a1
a470c24a8bd6093921a5314354975b4d535de493925c67bbaf661d86fbdad8a9,b,K562_region_00938,chr17:70063522:A:C;chr17:70063583:C:A;var1;middle;OL30|K562|91cea8110f888770
a48ce43b4d8549073b3e605ec6178480354d76b757e55ded0d8c69b91ad436d4,a,K562_region_00002,chr1:948870:C:G;chr1:948921:T:C;var1;middle;OL41|K562|f95d643cae229622
a49150bb483d4911cdaa6e4c6ff67d3eeb08f5042df73990ab60a39d02dc93cf,a,K562_region_01101,chr19:17592799:C:T;chr19:17592844:G:A;var1;middle;OL41|K562|86a9d877b54ac7ed
a494830dac591324d161348f5b3bac908507eeff7cc5984b39c2f0ae4bcb9712,b,K562_region_00048,chr1:32712450:G:A;chr1:32712515:C:T;var1;middle;OL41|K562|6f7de35f9522d5cf
a49635c0c13285039bfe0e221ba7b3ffa1d0344709bbd556de594463671e03c3,b,K562_region_01311,chr2:135014116:G:A;chr2:135014126:T:C;var1;middle;OL30|K562|f1a5c6ce20b542fa
a4ad63e86917876fb100032d5415e518a503fc8ab87aa3680d93ff11dda06c6f,b,K562_region_01397,chr20:44538427:T:C;chr20:44538484:G:T;var1;middle;OL31|K562|1f181324baa3f186
a4b807cd0c4802cf8885378e87ab8df600ef3a89dd90a34db5d5207b37dce05a,a,K562_region_00717,chr16:2828157:G:C;chr16:2828172:T:G;var1;middle;OL41|K562|67891cab5932e0db
a4d13d04a8bdd887b6c3529b236dc486f5a6f1ede5eca31b5fb932aa03b8939c,b,K562_region_00922,chr17:48713096:C:T;chr17:48713180:A:G;var1;middle;OL41|K562|2e2723c44402c1f1
a4d5c99847fb23f114e7858ee46686e3926679391537624f0ce60d649f645e67,a,K562_region_00287,chr11:297601:A:T;chr11:297603:A:T;var1;middle;OL41|K562|5363d40650ecaa0d
a4f251e4ee19c0f75669fc4c2e06ed967c191e145374a4f3619e52679f0a0fcd,a,K562_region_01823,chr6:19804814:C:G;chr6:19804839:C:T;var1;middle;OL41|K562|86e7f7bc997522e8
a4ffd52fc6f069c467d6dcef7ce8152d048934a7a09ebc9bd8fe1ae7c9c9aabb,a,K562_region_00643,chr15:75287746:C:T;chr15:75287822:C:A;var1;middle;OL41|K562|5e0cd343afac6f6b
a4ffdd2c61e319a970063ff462aabedc8358d171b8cd9037ca4e6dca153e7f88,a,K562_region_01075,chr19:10676343:A:T;chr19:10676423:G:A;var1;middle;OL41|K562|6a4be6a2ceb2e391
a5133038d6a7a9464a0f294a9228a26ac16e75a51d2e25a8b4e10b1e293140c7,b,K562_region_00224,chr10:51984357:G:T;chr10:51984405:C:G;var1;middle;OL41|K562|23a6d6e6c28c4d30
a515bf36c240ca6e83bd2805c5edb94ee46cbdda7bc8cc53a19463958a185e53,a,K562_region_00121,chr1:160990875:T:C;chr1:160990878:C:T;var1;middle;OL41|K562|94b4b79005f111c7
a5295cf02d7b0dafe2712c66cadd510a08b8c2f35cf54e4f2e4eca087011d111,b,K562_region_00526,chr13:74730921:T:C;chr13:74730980:G:A;var1;middle;OL28|K562|c86ddce6a22efe82
a532db35fcf0c0624c1ec9ee4e56f04bc867e606bc8707fb5a63521a3526f069,b,K562_region_01443,chr21:37553132:T:G;chr21:37553209:T:C;var1;middle;OL31|K562|5d3db6501840c464
a53ef66a60208fab379426cb0f5986ee6cdeec350ef35ad1035e36ac9f12bf69,a,K562_region_00051,chr1:43232798:G:T;chr1:43232807:C:G;var1;middle;OL41|K562|5cc063e9d11a6462
a55f64b137eda6ed68c7d5efcad8477436488c227c155b52b226d204505b28ed,b,K562_region_00927,chr17:55164881:G:C;chr17:55164925:C:T;var1;middle;OL41|K562|099a3173e3fda3a0
a5680245cce40beca08bce61b00ee96b7912dd00091630f8b26bf9a8b08dfb51,b,K562_region_00777,chr16:78558239:A:G;chr16:78558321:A:G;var1;middle;OL27|K562|3099918c7a3183a9
a56f6dcb4cfacf0e07862c8a1f44b6e5f45ae32d6bc9d41fae1d8858f43d56fc,a,K562_region_01734,chr5:10308182:C:A;chr5:10308222:A:C;var1;middle;OL41|K562|267ecfeb4fe67c5f
a577e376725ea0fa05f7b21f739094029055e95bb858910d136cbc4f55d2718f,b,K562_region_01142,chr19:45451620:T:A;chr19:45451656:T:G;var1;middle;OL41|K562|9b56c14861b9e425
a57abf413f202f74961b5d37b4fdca2959f33e86c9dd77ea20e1761e753590c6,b,K562_region_00506,chr13:32606069:A:G;chr13:32606087:T:C;var1;middle;OL41|K562|8a55450409e55e83
a57fc72789734dd714a76a077fed9a4867a23c8ce2e46b278968d32ca69d6db9,b,K562_region_01383,chr20:23168500:G:A;chr20:23168526:G:T;var1;middle;OL41|K562|1765ae01282a72c4
a5825fe05c8b00f542ad4283b51964b08fe36945952d8dbd0f891551b4be75e6,b,K562_region_01175,chr19:53935766:A:G;chr19:53935821:G:A;var1;middle;OL41|K562|12209b06d0b41aa2
a59e8bcf5791a3097cce94a76e8788d8f1336a65447e894b7ee41da743ef0e33,a,K562_region_00232,chr10:64629323:A:G;chr10:64629327:G:A;var1;middle;OL28|K562|310277ccfb36b0d6
a5a9eec5c2f71b5ae39add3d6f6325c4164965b6604c0039e5e3d2e04bc24be4,b,K562_region_00904,chr17:41438653:A:G;chr17:41438674:G:A;var1;middle;OL41|K562|30ba96b91dd80caf
a5ae1695e65db21962b9097ba5289407f6a3f440bb3d81576eede6bb23a220b8,b,K562_region_01760,chr5:95173881:G:A;chr5:95173887:C:T;var1;middle;OL41|K562|e664fd309f5e5016
a5dba3ffa48844f4bf7e39d63f311837650a662161196c92dc166972c65ad5ab,b,K562_region_00212,chr10:44871062:G:A;chr10:44871135:G:C;var1;middle;OL27|K562|d20d460093290744
a5df2563f0cbdd8678c23e15879f0a261384ba9449e2086347bfa14c52b2cc6a,b,K562_region_02054,chr8:10335260:A:T;chr8:10335262:T:C;var1;middle;OL41|K562|e5011fde8dec13db
a5e256e9704cfa1296e39cb1094aba8f126b314d3c8ec6401e172a82a1b40aea,b,K562_region_00734,chr16:10635586:T:C;chr16:10635600:C:G;var1;middle;OL29|K562|e9d8e928f2bdf176
a5e77f01b41dca15db9869da221bf9c853ccd424d37ab84094e08fe217466b61,a,K562_region_01832,chr6:36915954:G:A;chr6:36916019:T:C;var1;middle;OL41|K562|69ddc1867e4249f1
a5edf9f9da54e2c6f2d7988220f0ac381a640c9eee1b65abc12483996061777a,b,K562_region_02189,chr9:110957369:T:A;chr9:110957372:T:A;var1;middle;OL32|K562|773226f167b7a804
a5eee06e41abe5408ad709b719f209dedc1581474ac4ce0717ea7478412bbc0d,a,K562_region_01036,chr19:1490664:T:C;chr19:1490703:G:A;var1;middle;OL41|K562|cc64daa09f5b47f1
a5f2f9f107ba6bb69147baf7b9643ca499ca79256fec50bee121d4a2c2cc4cc2,b,K562_region_00637,chr15:65174438:C:A;chr15:65174494:A:G;var1;middle;OL27|K562|1df7b01467af2927
a5fad6203d0d01d49161bf10fa7670839612f8b4677b890435ca07a6d391b585,b,K562_region_01515,chr22:36598058:T:C;chr22:36598081:A:T;var1;middle;OL41|K562|8271dcaed82a7280
a5ff194fe41d376df2339c445bd2b755af553d6db76daf3aa4e24475a00c4b98,a,K562_region_00882,chr17:21104746:A:G;chr17:21104817:C:A;var1;middle;OL31|K562|0cedd754b445aed8
a61b81f34fcb5e51855698ac93b000765870fe15895adb0ac5edd96a40b86001,a,K562_region_01909,chr7:1711039:T:G;chr7:1711062:T:G;var1;middle;OL32|K562|87a3247d0d4258f0
a61cc59ff38752c4dac8a4a4506b35b6168358d3665f05eb120c6a9aef403aa6,a,K562_region_00034,chr1:17336253:C:T;chr1:17336319:A:C;var1;middle;OL41|K562|fed6b38b9bbf0a33
a6242721fd027f1a89ec7b034971cd2841d5168c87aa867ff0ed23f48703535d,b,K562_region_01456,chr21:45512249:A:G;chr21:45512276:C:T;var1;middle;OL41|K562|57cd76576ba8247f
a631d33d298852cb5d839600e54050665e7347817fa24900da2e64dd9e1e18a1,a,K562_region_01722,chr5:415906:G:A;chr5:415932:G:A;var1;middle;OL41|K562|50f51a6876e688fd
a63766f225d68aa1500fe95c1deaf1c5c5af92b35b6a6b99616fbd87f69b9413,b,K562_region_01202,chr2:3605468:A:G;chr2:3605528:T:G;var1;middle;OL41|K562|8e3cd5638b2bb7e9
a63f965f4a2c96b0ff81c213e67cfcde2c378776477bb7663dd71b3b8efda998,a,K562_region_00601,chr14:104729699:A:G;chr14:104729715:G:C;var1;middle;OL27|K562|2a8c8bf4da10f76e
a63fb844e46d9b4c7b22db441e5c9c08fda5a64d3e448bf68aac13169c8006f3,a,K562_region_00304,chr11:838634:C:G;chr11:838672:C:T;var1;middle;OL41|K562|b91f9d4d7acdc52c
a6450928baaeb5534deabba86ed92d235632c0d08749c0c3a5fb90e27dea5311,b,K562_region_00966,chr17:79993388:C:T;chr17:79993412:T:C;var1;middle;OL41|K562|5c870f3d4fb97e8a
a64e1a510ca30bdb479514a0a481d951f2ab9e202cc8f7464d62243ffb353740,a,K562_region_01842,chr6:42903763:C:G;chr6:42903766:T:G;var1;middle;OL28|K562|f2f3ab93bfaef97b
a64f60ae720c55f4316f377e7e8357032f88682dc9a5b0bc16ab128651feb3e7,a,K562_region_01071,chr19:10097593:C:T;chr19:10097667:C:T;var1;middle;OL41|K562|d93a076b985ae066
a6500aec469d4848ec11ba53220327338f43a561d47c21f6fe5785db2254ddca,a,K562_region_00429,chr12:6976685:G:A;chr12:6976688:A:G;var1;middle;OL41|K562|21bc6e429080400b
a6938d0bb227ef714bbc0fb3821cced3ebf5dccaf04b2c129daa3e35db2a6d72,a,K562_region_00172,chr1:231523198:C:T;chr1:231523206:T:C;var1;middle;OL27|K562|bb1a8111df77ae4a
a6959a777ef79d1e375bbeba2cbae5c9e4d2b1b3138c287264a4dc004cf086a8,b,K562_region_01960,chr7:46805836:T:C;chr7:46805838:G:C;var1;middle;OL32|K562|c542f212189810b6
a6a0b92361e58f922d562dbe00b3fa716830c43df64179cb40226b7908defab9,a,K562_region_00220,chr10:49093976:G:A;chr10:49094059:C:A;var1;middle;OL41|K562|2b546d5c440d1f5a
a6a5754beaf0133bbcd67a01ebf5eb17ade3315fba1fede92fafe67dd567745b,a,K562_region_00722,chr16:3075633:G:C;chr16:3075701:C:T;var1;middle;OL41|K562|52838e1f92267ee6
a6ae71f726c6fd45c355dbaddb112bcf152b9f554169fecb564529ca7a76c2fc,a,K562_region_01281,chr2:95926334:C:A;chr2:95926363:C:A;var1;middle;OL41|K562|6e206699623d0800
a6b592a98fd4af8fa41167737e0bc86d7d31fdc200598022b8b7aa970310a154,b,K562_region_00551,chr14:23717231:G:T;chr14:23717234:G:T;var1;middle;OL29|K562|58ad7428891b3d6e
a6bd63bd74049a17fb46487824d917458921214b924ec2a9bc158e824a9d4fb5,a,K562_region_00138,chr1:197822977:T:A;chr1:197822994:T:A;var1;middle;OL28|K562|0486473c4594651d
a6fb83da9848384e8403255af94ebe251bc8f91f3cc074a44e51a5f114750a24,b,K562_region_00384,chr11:93923594:C:T;chr11:93923633:T:G;var1;middle;OL30|K562|b44d380051513f79
a6fd374f84beb6c295f8af70fb6a34418accc6dc77a487ad4f1826cef0515ec0,a,K562_region_00661,chr15:91351868:A:C;chr15:91351930:G:A;var1;middle;OL41|K562|aa97550fecd414ff
a705353787116f51a0c82b8e3c37a548bc741a210fb647e541adf58fb62354f3,a,K562_region_00912,chr17:44800046:G:A;chr17:44800110:G:A;var1;middle;OL41|K562|27fb066e928edf8e
a705efe20e32e07907b6473b7a2b8384da485f2dcd713064439ab031f70e067a,a,K562_region_00211,chr10:28780293:C:T;chr10:28780373:T:C;var1;middle;OL27|K562|ee894946f290ed2e
a713f144a30698a28005ffb879d89af66702f606849f019be33922da8332e93d,b,K562_region_00589,chr14:95063107:G:A;chr14:95063174:A:G;var1;middle;OL29|K562|df30be887f7bab5f
a726e87f9dc024eb10736e29e3e89cdffd37f464057bc74300fb5319fd9e6776,a,K562_region_02223,chr9:139239807:G:A;chr9:139239867:G:C;var1;middle;OL41|K562|ba39f984891cc4ca
a727d2a2567bb6786141f991b975e6f12ade12493706956cacb6998c8d1a3b9b,a,K562_region_01265,chr2:66906024:G:A;chr2:66906040:C:A;var1;middle;OL32|K562|aed4b8fd270d7e6f
a732fd038c0aad8f71f0c5168337de7e8daa4a5996adcd2a80f225be2fedad0f,b,K562_region_01254,chr2:46769095:C:T;chr2:46769135:T:C;var1;middle;OL41|K562|35c1484b93ba041a
a7336552995111e74ee64bc4fe9948f1026922617bf162fb172fdccd86b83306,a,K562_region_00978,chr18:8803227:T:G;chr18:8803251:C:T;var1;middle;OL41|K562|31f24973589e7415
a738ac184571f2c4d2245d6e0aab20d8271946d89b1510d9a4903ed0ecfc66b0,a,K562_region_00905,chr17:41984513:A:C;chr17:41984517:A:C;var1;middle;OL41|K562|fe6e932b3a54fe09
a73c82c3d81026b96501091a8727d07c62ce5379a3b3b1d44ddc6de937ba1f89,b,K562_region_00308,chr11:2197112:A:G;chr11:2197148:G:A;var1;middle;OL41|K562|58b4b3cd4a52c584
a74818cc257ca7fb406c4358b9d6b7661658c70c6f388508300fdbe3a8618278,a,K562_region_00312,chr11:2924591:G:A;chr11:2924610:G:A;var1;middle;OL41|K562|79618b1ed72604cb
a76bfdb703860d46c7cb96819148db27a10a4fc21c02daeed8390aa2e3a39219,b,K562_region_01782,chr5:151756636:C:G;chr5:151756719:A:C;var1;middle;OL41|K562|1ca6d9f9771bc864
a76f6e3e6c7d1f4615d496cf3ff21c69d6d8176b391e468c6fbe8114e98f8ccd,a,K562_region_01551,chr22:49262490:T:C;chr22:49262579:G:A;var1;middle;OL41|K562|c5ab300c3e6352d5
a7715a1aa1ee531593288b845ee13fa0672050b6c049fec50692fac2213729c5,a,K562_region_00606,chr15:28939797:G:T;chr15:28939824:G:A;var1;middle;OL41|K562|fe25fde1ee1de37e
a77a5a298684a030f6b8923561e6bea67f0c90dbd7b72b45cdaae535024f1012,b,K562_region_00369,chr11:72341342:G:A;chr11:72341377:G:A;var1;middle;OL41|K562|5efb5af276724199
a7a48df25411b2fb7b47a357edfe7c4cb93934b454c0d86972d2be9d1d0e13a2,b,K562_region_00432,chr12:7053085:A:G;chr12:7053149:A:C;var1;middle;OL41|K562|e5b3a6958bbce9c0
a7b09b13deef197d39842cbe8cc899f759f962eb3e6ba6c82d75eaf10d030526,b,K562_region_01377,chr20:10458616:G:A;chr20:10458671:A:C;var1;middle;OL30|K562|61d386e401e82037
a7cac1a538465c88b75f7c2879d5c87d6779d7880776366c4de147d7469d8bbe,a,K562_region_02001,chr7:106367604:A:C;chr7:106367636:G:A;var1;middle;OL27|K562|34887482f062df98
a7d4f9769a1cb92bc2c183cab243e5099095be242be7e644b0bea27fc7425c71,b,K562_region_00517,chr13:50260002:A:G;chr13:50260029:G:A;var1;middle;OL28|K562|23ac4614f0085273
a7ea903abfe198a830fa0919eeaf33e3420d79fc6b62cc4cc7aab11fb3cc2c02,a,K562_region_02083,chr8:27630131:C:A;chr8:27630152:G:A;var1;middle;OL41|K562|b78cb94d49c601e4
a7f3197fde41b39dbc6a133e1e44e5d22a087c30d4bed3866361b79b09acf6aa,b,K562_region_02174,chr9:95894886:C:T;chr9:95894961:G:C;var1;middle;OL41|K562|5d195bef25332a73
a80200e1e94e7a54f793ea498b5f0b059d16521f5a79b8daeac471a1a8598e12,a,K562_region_00768,chr16:57060340:T:C;chr16:57060353:T:C;var1;middle;OL28|K562|dc6d37f4d453ee0e
a8121056b6dced9e9b9b4fcf4ca7379afcf6f82d7de1d9ae8d42b02703184dcc,b,K562_region_00557,chr14:24869746:C:T;chr14:24869751:C:T;var1;middle;OL29|K562|a0de289a99f35c38
a813621a02eeffd34268f8512d4abcb1fc735bba4889a21e486a07be2dcf02ae,b,K562_region_00564,chr14:51422573:A:T;chr14:51422624:A:G;var1;middle;OL41|K562|a827e54c7d4113cd
a81db0cc1c39c63a86f4b2a7035669ac0239a1fee418446f23ae2c76b5530ba8,b,K562_region_01540,chr22:44577077:C:T;chr22:44577150:G:T;var1;middle;OL41|K562|e580f22a36fddf8f
a821bc4f44d684dbe75c71439e2ccf1a416fac0c022475c95c989b06946ee5a0,b,K562_region_00945,chr17:74541129:A:G;chr17:74541137:C:T;var1;middle;OL41|K562|88ae19a68d98e135
a82251ff949b72f814007e06a5aaf1be35b2e70865b69280ecbe947f3a8be4f5,b,K562_region_01714,chr4:181552420:T:C;chr4:181552424:A:C;var1;middle;OL29|K562|d29610cfd4ef7f52
a82ac0b14a4c975447be8851a5629a02668b7cfe3d4535057605486304f414ce,b,K562_region_01203,chr2:3639909:C:G;chr2:3639921:C:G;var1;middle;OL31|K562|4506f457555169ff
a83e91b6cb357524aebead3f80bec4b51e93f323876e00fe2906258ba693b1ce,b,K562_region_01521,chr22:37591290:T:G;chr22:37591318:G:A;var1;middle;OL28|K562|bdb91117379a693c
a847b780cbd12c88607e490098f7f213b4b198f1f03c655d8a777390aaa3a5d3,b,K562_region_00510,chr13:40514538:C:T;chr13:40514598:C:T;var1;middle;OL28|K562|0e9cd58cff2904f4
a8490f04dcb5314baa6d9d6c6dc4468f40ae3fc5887afc61c93c3356c8b96ffd,b,K562_region_01204,chr2:5591695:T:C;chr2:5591729:C:T;var1;middle;OL29|K562|a3e8a695b7751436
a8492421b0ef07d08c3263756c18b61cfe961f7c0b3cf695fea48f114212a696,b,K562_region_00958,chr17:78121096:C:G;chr17:78121170:G:T;var1;middle;OL41|K562|18143417507ceb73
a84f77458e32108a305208868ea540d31cd6b4c94cfa2adb972d9ab8bd3797de,b,K562_region_00322,chr11:4664460:G:A;chr11:4664483:T:C;var1;middle;OL41|K562|17161149d6665367
a8514c12f743b62822659ef1bea3811d5ec69f2d68c3e6d9fd0ce262109ca938,b,K562_region_00600,chr14:103576444:C:G;chr14:103576526:C:T;var1;middle;OL30|K562|f4553f6cbdcc8f49
a859b45e2d0f39e3067e8e88ce97e6976bdd4e8067b8637429f171f3614d9a5a,a,K562_region_00181,chr1:235110784:A:G;chr1:235110859:G:T;var1;middle;OL31|K562|64ca92b28562fc2e
a85afa8f238fb70bd2d26eeaf599ba7a2a3fe3e541007e38f658eb0879a565fc,a,K562_region_00699,chr16:1511758:A:G;chr16:1511811:C:T;var1;middle;OL41|K562|15601da1684215f2
a876ca03baef560acd0c47f5f4ff469cff09e7becd5f19c3af7c635fde7b7c07,b,K562_region_01986,chr7:92635973:A:C;chr7:92636040:C:T;var1;middle;OL27|K562|7576d4e5ce03bce8
a88732ec9308680ab5996cd0e344323a934033deeec16c4cbb4fcd08d38ca512,b,K562_region_01499,chr22:23245173:A:C;chr22:23245195:G:A;var1;middle;OL41|K562|11faf6b7c309480c
a8927acaefc4e6de0cd5aa5740c3b239d1279be836c1bc40c2ba970425e6b403,a,K562_region_00642,chr15:73977271:A:G;chr15:73977336:A:G;var1;middle;OL41|K562|ecc53aa64bbee664
a8a8ddffa2ab26914000d0a4a5da79559097debb3e8746188100bb0bb2393893,a,K562_region_00115,chr1:152161648:T:G;chr1:152161735:C:T;var1;middle;OL41|K562|1279171647a31367
a8ab86ddfccc983bc6d82c1bfe3ff8f90b3e755537421515598db2a2ff243523,b,K562_region_02237,chr9:141108111:T:C;chr9:141108122:T:C;var1;middle;OL41|K562|b5929266fc6dc609
a8b64f83461e48edd9e759d77ee15856a2b33d81a6ef74ca873c5969a49d6233,a,K562_region_02058,chr8:11619334:C:T;chr8:11619397:G:A;var1;middle;OL41|K562|8fe31524474fb326
a8b721cabbe6f4bbc5430263510bdbd5b965a095cfd493fd09bdc764cf8e6ef8,b,K562_region_02019,chr7:136638373:A:G;chr7:136638395:A:T;var1;middle;OL41|K562|7dab923027ab146e
a8bb529f5898ff471ece0be8345c8aa0ff91c0d3c329fac02c0ef763adc1a19b,a,K562_region_00266,chr10:115781527:T:C;chr10:115781547:T:C;var1;middle;OL30|K562|35f658a21eb76022
a8d7343a43deb66272847227e916b56c3c3440d0e5c2f29f49ef18bd348cbfba,b,K562_region_00951,chr17:77078838:A:G;chr17:77078871:C:A;var1;middle;OL41|K562|17a1ee50f15e8855
a8dcae416d0622ebd85e2a74abf284e9a3568826f1b68170d0b7ca63b35ed06a,a,K562_region_01248,chr2:43432927:T:G;chr2:43432993:C:T;var1;middle;OL27|K562|3b94321b806cdd67
a8e83fbb716a22b29efbd575b8cb87071ae52101954ad658b0482ec5a9241057,a,K562_region_01283,chr2:102574816:C:T;chr2:102574838:G:T;var1;middle;OL41|K562|2588f496d5c3859d
a8ee3f4b57dea24110064b94f6d668462ac7bd9c787ce1f5042d8543f5d243f3,b,K562_region_00069,chr1:61925076:C:T;chr1:61925107:C:T;var1;middle;OL29|K562|580fc18f19fdd8f3
a8f412f6a8908de70cfe2305e37f243d27c5c7b901926c41bf7780e349dbfefb,a,K562_region_01022,chr19:870946:C:G;chr19:871033:G:A;var1;middle;OL41|K562|28b171b201e98de8
a8f46cd504a2cffa462f7de09b55853dcc7e0c394c9eb039f124effa77ca3a95,a,K562_region_00267,chr10:115782368:G:A;chr10:115782424:C:G;var1;middle;OL30|K562|84a880d057769f45
a8f5b540e042e4b647875e4fdfbfd87e08077344d22367392c760dda3f6245e1,b,K562_region_00890,chr17:34527815:T:C;chr17:34527904:A:G;var1;middle;OL41|K562|d1ea087df4596b5a
a8f6da8214f7801a1b9fa16d9a2feb6aa504af38ecee594ffd9e1a52a708f9b0,a,K562_region_01191,chr19:58547449:C:A;chr19:58547516:G:A;var1;middle;OL41|K562|d78c527795cc5b70
a90034a486136cef9b26c0c79ffa6881d07eed365a9939989715ee9f20dd2fd2,a,K562_region_01548,chr22:46687220:G:A;chr22:46687268:G:A;var1;middle;OL41|K562|3600566ad03fd2c7
a9027c19cec635c7a3fb775846279b76afbaca7651ecc3ffd74ca5f6af0d4d95,a,K562_region_01949,chr7:33914327:A:G;chr7:33914394:T:C;var1;middle;OL41|K562|54e6b0eec3be2a54
a90a8cae82652a30ef5b7b926c089338e5a3583213309f42a6f7e8bb31fc3dae,a,K562_region_02083,chr8:27630117:C:T;chr8:27630131:C:A;var1;middle;OL41|K562|b7d39b87a8c1c509
a916998e3eeb095893c6c35b762117129fab87dd69a1f905dbe05225d821c165,a,K562_region_01080,chr19:14172896:G:C;chr19:14172921:A:T;var1;middle;OL29|K562|5d68f652fd95af82
a91cb7532afccfa8a1f137d05b7a399b67aec443e12254a3eb4d79b00f35eb90,b,K562_region_00693,chr16:1484338:A:G;chr16:1484392:G:C;var1;middle;OL41|K562|c561669ef0c34593
a933b8b89bb1361a5166c56a9f68461cb742d28bee7a04185aa1b0325604d5d8,b,K562_region_02151,chr9:22134068:G:A;chr9:22134094:T:C;var1;middle;OL29|K562|fa5fd9ac767bab02
a93b445cfd03c2230b4bfcea2161e4a9d9ec8179b18b304c34e5168487991c5f,b,K562_region_01563,chr3:3153259:T:C;chr3:3153338:T:C;var1;middle;OL28|K562|5e7dafc0ebdc3f79
a94237bb52993b97ac380f4f35775d2165b8b49927f68e2314d87ed687be6e7b,a,K562_region_01798,chr5:179259835:T:C;chr5:179259842:G:C;var1;middle;OL41|K562|600bad901e966695
a95253ab60fe2e8bfaf94aa73c3ebd9a597847a910776b5837222f78ff632526,b,K562_region_01007,chr18:72163410:G:A;chr18:72163459:A:T;var1;middle;OL41|K562|ebea25b6af89ecdb
a952695e8c4a75fca6e1047be5ad3515eb0ae57f50864e39af54e5643a69be5f,b,K562_region_01068,chr19:7991679:T:A;chr19:7991723:C:A;var1;middle;OL41|K562|a5cc82bd5090a8c5
a95482d0ab9e2580008504709e3a4e6eb2629557579d64308ffc7cfc1956d87f,b,K562_region_01850,chr6:44727770:A:T;chr6:44727789:T:A;var1;middle;OL29|K562|c425c8b6a19dd9e1
a974f428859b0c77f1bafc67bd93d7542ff7bf70b75cd14eb120a2c5426b05c7,b,K562_region_00928,chr17:58156330:A:G;chr17:58156392:A:G;var1;middle;OL41|K562|f1149fe5d017fa32
a9b0c7238c15cdd28da80f42755d5d18e177071699a44e570a0cc57e4b1967c4,b,K562_region_01353,chr2:238688275:C:T;chr2:238688305:C:T;var1;middle;OL41|K562|b5b1c7fda65c87fb
a9b9f02374c85657681140513937a337e7e24c6f0f6d88d5545f54d9bd42230f,b,K562_region_00663,chr15:93224690:T:C;chr15:93224764:C:T;var1;middle;OL41|K562|22bd88c5c7239051
a9d1bf0ad7abb998bfddf6c6849485c10f426f92eb6608d3e0f7740f3cbedb9b,a,K562_region_02156,chr9:33521992:C:T;chr9:33522045:G:A;var1;middle;OL41|K562|6bfdab94ff8ab2b8
a9dec27937e845d3ce03016dff62fb928059a6be53f9b6adf4be1be07ea74e70,b,K562_region_02096,chr8:83064532:C:A;chr8:83064540:G:A;var1;middle;OL28|K562|facb4f0bc0e36805
a9df15417bad51dcd7a82a87ed15166fe28f4983197c5c1f903d76a05076ad9d,a,K562_region_02191,chr9:112225774:T:C;chr9:112225832:C:G;var1;middle;OL30|K562|ebb3708979c0222d
a9e0f40ae48a2fe538fe9cebb850f422d9f1955e08365b8add901b8130331e24,a,K562_region_01230,chr2:28570398:A:G;chr2:28570438:A:C;var1;middle;OL28|K562|1fb230ecea705093
a9e5e6caeade8003c5734ecc3b6a55e269b49f34b96c597a12c539a63244e736,a,K562_region_01855,chr6:52532652:G:A;chr6:52532731:A:G;var1;middle;OL41|K562|a3a181d41de62250
a9e77a615e40f636538a60caea1619c5eae242cbc8d5daae90dc9eb5883727e1,a,K562_region_01184,chr19:55888095:C:T;chr19:55888156:C:T;var1;middle;OL41|K562|5dd024d3ede6851d
a9ed13a9f18553051d4b840cc3a52bfeee66a3ef063ac1a6d702f70536290482,b,K562_region_01231,chr2:28629343:G:T;chr2:28629367:G:C;var1;middle;OL30|K562|01cdcaaa86724ec6
a9f50b03e88624d72c091b71e6667469201d72ce9d652d6ee02c9d79aef5097b,a,K562_region_00904,chr17:41438698:G:A;chr17:41438735:T:C;var1;middle;OL41|K562|c3bdc0976790e2dd
a9ff92d260ff3fa247d8882e4799cc124574f1e20d9f7774167bcefb90d3fa1c,a,K562_region_01778,chr5:148663788:C:T;chr5:148663809:C:G;var1;middle;OL41|K562|51d7e5366e750a9f
aa01ad4440fb20aece19309e974126bfe0874374a8ea1fc54df8b6467cbbe7d3,b,K562_region_00749,chr16:23694732:G:C;chr16:23694774:A:T;var1;middle;OL41|K562|83d2606a3b6b9ad3
aa07eaa7ebc6281264884f87cd7b681366a84e91abbefe777429174f25a1dbeb,a,K562_region_01789,chr5:173205225:T:C;chr5:173205282:A:G;var1;middle;OL27|K562|233491a9e60a3660
aa1d80b48cef183562c800734c9633858010795535e1d9f4f53ea215c7664463,a,K562_region_02198,chr9:116056111:T:C;chr9:116056140:C:G;var1;middle;OL41|K562|9c1146b5cd28321c
aa301a13925326ac364556b05711655b1ee42d3f52b53e3d597abbf69b96aa3f,b,K562_region_01062,chr19:4518610:T:C;chr19:4518627:A:G;var1;middle;OL41|K562|d1d01caf502769b5
aa4056c8c21e3a1b0b5af06744802ca5cab042f02c6ecf367a06d89710fd78f7,b,K562_region_00775,chr16:75572713:G:A;chr16:75572793:T:C;var1;middle;OL41|K562|3561099e31257a1e
aa5021b42d54fb488529d693e3f690fab6acf18173b3abb1f3192b05f92b027f,a,K562_region_00916,chr17:47454507:C:T;chr17:47454515:G:T;var1;middle;OL30|K562|f38b334f7064c250
aa55824ad5ff7d48d8622fc0662eef5463b33b11994297fb3929d29c19e08a28,b,K562_region_00528,chr13:76123641:C:T;chr13:76123678:G:A;var1;middle;OL41|K562|06e24f71df2fac0e
aa66cfef59f11ecb1a75866d1fabfe96ac64617bf386fd50b8e885ec9f8bb867,b,K562_region_01015,chr19:460025:A:G;chr19:460049:C:T;var1;middle;OL41|K562|32c3eee0f8e2e4aa
aa6853c14be3bcbdac9aa8fbc0ed83c343bb7d1119bea8487584d9c9c3f3f879,b,K562_region_02199,chr9:117091002:C:T;chr9:117091067:G:A;var1;middle;OL30|K562|7b784586fa492225
aa6c1057de221da7b30394dbe9724f49066ef55faa335035f0761fc0ad2af4b9,a,K562_region_00740,chr16:15129158:A:G;chr16:15129162:A:G;var1;middle;OL41|K562|b3fee0bf85daeeff
aa72f0d49702aff99f14783aa623ce0e095b4dae2f8d561726256a4cdf08d6d5,b,K562_region_00762,chr16:51797235:G:C;chr16:51797252:G:A;var1;middle;OL41|K562|22115e5fd85dafcd
aa89b3a85476b6e533fc254fa4e69f131762047445aca981f72ba09ed0980950,a,K562_region_01380,chr20:14681801:G:C;chr20:14681863:C:T;var1;middle;OL30|K562|a3c091259e858b68
aa9af01e7c38526623be6136feb5850e60dde6b84bee1ef0dd08e9be662e8d25,a,K562_region_01180,chr19:55574412:G:T;chr19:55574468:G:A;var1;middle;OL41|K562|a010511b9ea9fa61
aa9dd5fde09119df0c3eee905b1d8e972928db84b591c7dcaa23917fa3fe84b8,a,K562_region_02152,chr9:22180264:A:C;chr9:22180329:T:C;var1;middle;OL27|K562|2cde510446d38edd
aaa665974909bcf35b1f66335c14e308fda6a2ab65191798832e94fd093e344e,b,K562_region_01493,chr22:21357119:G:A;chr22:21357153:C:T;var1;middle;OL41|K562|9019d347fb7ba162
aaaf893d79fefb3db59843203292cbbd316831018642ed05a7c0e1f611fa58ce,b,K562_region_00379,chr11:76293726:G:T;chr11:76293805:G:C;var1;middle;OL33|K562|1295122807cf5ad9
aac955848773b96502b8fedf97a473e984639b1fe6c632f6153c3ea2dfb57846,b,K562_region_00458,chr12:48132159:A:T;chr12:48132176:T:C;var1;middle;OL41|K562|1deb890b11befcf6
aad11e219bd191b540346fc1d8239aa8d01ffa5f85e4b80d4ee4679429dfcff6,a,K562_region_01055,chr19:3538646:A:G;chr19:3538654:G:C;var1;middle;OL41|K562|7264eaeaa20b05d1
aae5713feb5c56d32f01e2d6f47a96db477d17aae8fb19bb4dd12e2be917d6da,a,K562_region_01353,chr2:238688275:C:T;chr2:238688305:C:T;var1;middle;OL41|K562|b5b1c7fda65c87fb
ab05e9295fb730e41a0bb083a0564e369e418c85267473f81ce17a94d1c1ae65,a,K562_region_00323,chr11:5642001:T:C;chr11:5642026:A:T;var1;middle;OL41|K562|14bf1d026616c30c
ab08db4c6b81958f9a662993f0fd016c6c8d063bbf22568221429d9860f2b80e,a,K562_region_01155,chr19:48969879:T:C;chr19:48969936:A:G;var1;middle;OL41|K562|fdebfc35712b9ad6
ab0ebf431f1015fb86bb6557c1f27b9b0e6855444ea36b86f8930261632636af,b,K562_region_01824,chr6:21164077:A:G;chr6:21164131:A:G;var1;middle;OL28|K562|b78e9d66e1415f6e
ab15c6dfe6196f257d46c67d0fa067f3a5cfb6b6f24afbce117bc91014935103,b,K562_region_01314,chr2:160678144:G:A;chr2:160678186:C:T;var1;middle;OL28|K562|b15639f20962a2c7
ab176b9ae8613a6643cb6f1049c3b562a1a95cfd924e488015fa110093c82046,b,K562_region_00866,chr17:8785087:A:C;chr17:8785092:C:T;var1;middle;OL28|K562|f6e550dd0ec9ef0a
ab1808967476bf6978de4fcdd85dc8d78712496c6c548ca45ba9ae46da087fa4,b,K562_region_02196,chr9:114393235:C:T;chr9:114393246:T:C;var1;middle;OL41|K562|b78cc6b4016d1e34
ab19a2d949cf8bf902d11beb12d7488d369e0365c399853aa922a35a9a399e09,a,K562_region_02222,chr9:138679863:A:G;chr9:138679895:T:C;var1;middle;OL41|K562|2bd8f4123f844a34
ab1e375483d490c33fffa400cae6d07f7562213aac6027c8a673cc85b75304cc,a,K562_region_01030,chr19:1038222:C:G;chr19:1038289:A:C;var1;middle;OL41|K562|313e571e15f78b49
ab42ff24bd2c7c05c9c9f37c49484784cb06f8d72ed0d061ac40a0a03f009ed7,a,K562_region_01170,chr19:53636173:C:A;chr19:53636204:T:C;var1;middle;OL41|K562|2f7265ed3cd9e290
ab4e00318e9f7e9f33aa2da37f1418161da6165ea407a12c085d89a6e929c6c8,a,K562_region_01713,chr4:175041378:T:G;chr4:175041460:G:T;var1;middle;OL41|K562|0d237a9063209813
ab4ed28b63809c168e43ea1c5a4fd2a553fdf29786339deb5a502c95f8f4751a,a,K562_region_01628,chr3:172312614:G:A;chr3:172312634:G:A;var1;middle;OL41|K562|f299b558a901dd0e
ab56c54520f58c125e6dd081a51246c76e3aa6ba96854555a1f5203803d749af,b,K562_region_00831,chr17:738949:T:C;chr17:738952:T:C;var1;middle;OL29|K562|e41a83ca414c4613
ab5c51de5cb0d82e99e81bb21ab9fa1389e8615ea902b929adf8cd17153ae232,a,K562_region_00676,chr16:235490:C:T;chr16:235579:C:T;var1;middle;OL41|K562|7de7bd8e03f18a7c
ab5c5f99882a9d79fdf2895a55c8a3c09ec50ddfd95afe2b65473cf4f94cd0a0,b,K562_region_01963,chr7:50271829:A:G;chr7:50271831:A:G;var1;middle;OL28|K562|85bc693000cb03e4
ab63e900d4d10d1476096b2fc8533c392cb6a284a3d8a9fbeb0cd903104d7ca2,b,K562_region_02159,chr9:35658062:G:T;chr9:35658072:A:G;var1;middle;OL41|K562|94ff640bd68088cd
ab997631a772725a3d069128886214ec2a0bbe6f890a0b8e8f5b7b1b5c1df48d,b,K562_region_01903,chr7:1210554:G:T;chr7:1210575:G:A;var1;middle;OL41|K562|a3adfed7b324a74e
ab9f49041cdc62e2056947268f195ca9dc7eba5252beb5fdbdaf5fff1c9afdcb,a,K562_region_02067,chr8:18272466:G:A;chr8:18272535:C:T;var1;middle;OL30|K562|72a2dfa560782333
abb1762ff8bb3610351cbc791b8c79c1d1546b36ec3e27db4dcb51183e1b7f99,b,K562_region_01589,chr3:39976401:T:C;chr3:39976459:G:A;var1;middle;OL41|K562|a7622566c4d0c83e
abb24fae1625361d529369308d26f83ad7c4b0d4ae1dd6360d4c758798565491,b,K562_region_00865,chr17:8121622:G:T;chr17:8121669:G:A;var1;middle;OL41|K562|6ce557346db97529
abbec5d7cbcf557ec7bd7f980b95ec50760365ef2ac7636c8e9a029622f24447,b,K562_region_02142,chr9:12759781:C:T;chr9:12759838:G:A;var1;middle;OL41|K562|4595b597238c3ccb
abefe5fd5da5a6412e3ea5180e6822faa75862425b7ba9bb4707b158242eeef2,b,K562_region_00658,chr15:85926237:A:G;chr15:85926254:G:T;var1;middle;OL41|K562|cb119a9ed032375b
abf14ea5ce9dc50a160ad1ffb49895f2ee1d4a14e9ee14f5ce18f45152b3c56d,a,K562_region_02101,chr8:125859817:C:A;chr8:125859850:G:A;var1;middle;OL27|K562|734fe320e69c3f4b
ac02aed1d8f7d7d35b9ee0774fcaaba4b76726bd5fe2be7cf1317eb020371fe3,a,K562_region_02025,chr7:150020381:G:A;chr7:150020422:A:T;var1;middle;OL41|K562|2af17fbace391197
ac076a47f408d85a31c69a0fcf61244e8c1ef84ea29286ffc3506a747a3170af,a,K562_region_01437,chr21:17592516:A:G;chr21:17592547:T:A;var1;middle;OL30|K562|815c23ccef2c83f4
ac0aacf401e0c5cd4d5fe11418a8986cb149cbd67ec26b6f3582d27ba8d7c562,b,K562_region_01981,chr7:77315176:C:T;chr7:77315217:C:A;var1;middle;OL41|K562|a32ae59cd140a509
ac12407f4322b4caadef550fc2d62548ef16989c44b4debb0f11e11631aae639,a,K562_region_02176,chr9:95899227:C:T;chr9:95899230:C:T;var1;middle;OL41|K562|67f37ff95b3eedb3
ac1afd7522f8121425806e60d5cddbe8846866327fcc69853ffb824001cd299a,a,K562_region_00081,chr1:91966406:G:A;chr1:91966445:A:G;var1;middle;OL41|K562|638e795f0233a189
ac255bad8a531cb031cedcd0ee6dd348c7a94e6914b4ee7c3935d50f7b2aed24,b,K562_region_01246,chr2:43254426:T:C;chr2:43254496:A:G;var1;middle;OL32|K562|4c52aa810a2b200b
ac2a76e0f72d7e5226fbd6acb854809fc16f655dcfa227527570ff09d26b8276,b,K562_region_01612,chr3:131080830:A:G;chr3:131080881:C:T;var1;middle;OL41|K562|ac3453354f56fbbd
ac32bdbc897affbce3e5408535227d0ef436a5a277f079b2e0f93e08f77f45d7,b,K562_region_02172,chr9:95857937:G:C;chr9:95857959:C:G;var1;middle;OL41|K562|aa6982495ebc28f3
ac346b284052e7e2dcce1d0559ef8e944ce5c34c5445c6a3926b8de8308e128e,a,K562_region_01657,chr4:2366262:A:G;chr4:2366292:C:G;var1;middle;OL41|K562|3192634809961821
ac43e676faaabd0ef52292d30fe2ec28ab1d611782d5c46870dc96c724c59856,b,K562_region_00699,chr16:1511758:A:G;chr16:1511811:C:T;var1;middle;OL41|K562|15601da1684215f2
ac4d4b9bf7465496f42493375861dbc5ac7a56e6a39b50aa3a33a6a5f1a1bcc0,a,K562_region_01808,chr6:2445094:A:G;chr6:2445131:T:C;var1;middle;OL29|K562|e2bd3c449491e2b9
ac4e6e64dc257b559cca29147f7ccbf0d845ad481a77edfd8b2e209144116be4,a,K562_region_01693,chr4:77197651:G:A;chr4:77197674:C:T;var1;middle;OL29|K562|5180f37b2257b014
ac53f4e7e96aa08281da9466975cb438c611e42246c9eda6316f865be90f0574,b,K562_region_01284,chr2:108905030:C:T;chr2:108905048:T:C;var1;middle;OL41|K562|74a746d5357a363f
ac554221de6d8eb298002150e342e426925bd68d4e3ac866d1cb70f42a502399,a,K562_region_01154,chr19:48836208:G:A;chr19:48836236:G:A;var1;middle;OL41|K562|1c8888790c879896
ac59ffaa592478aee0a986dccb9e0d107ace14d7dadbc340ef42125cf57fdba4,b,K562_region_00516,chr13:46672870:A:T;chr13:46672921:G:C;var1;middle;OL41|K562|d33e66e5c77d57b3
ac759c6cba4589768847660e9843362a6c2f4b6ef589572ea7c027b3e7f23e22,b,K562_region_01208,chr2:7608679:A:C;chr2:7608681:T:G;var1;middle;OL27|K562|53223fd4db588aad
ac7a935bab712988e632e43428a4b78eaf83bba26b0107110cac396874751f68,b,K562_region_01276,chr2:86296566:C:T;chr2:86296593:G:C;var1;middle;OL41|K562|311794a1c4fcbc74
ac8d60dbf5cec0ff29acc5f244ffa009045a005b1896ba1151302d3c2d455aab,a,K562_region_00683,chr16:427999:C:G;chr16:428001:A:C;var1;middle;OL41|K562|143f37aa0b5461cd
ac8f5be8b6fb32c30babe430c2da0d7a687f0bd251a81168d72c233e490337da,a,K562_region_00589,chr14:95063107:G:A;chr14:95063174:A:G;var1;middle;OL29|K562|df30be887f7bab5f
ac989b79efc6b8b9b4ec95378c6ab8d95f958b7d0933695c0d1bd878ff5357b7,b,K562_region_00961,chr17:78962932:A:G;chr17:78962945:A:G;var1;middle;OL41|K562|0c5003bd91db3535
ac9cbe47dbf2600a1fbcc7fb5fb59d0daa8bfb883f2736884c9f9eb7d80ff795,b,K562_region_01778,chr5:148663788:C:T;chr5:148663809:C:G;var1;middle;OL41|K562|51d7e5366e750a9f
acb0d94bb1c87390bcdc82ed901d1bdc48c2956579bbae31091d52dfbf2be5c2,b,K562_region_00809,chr16:88766940:C:T;chr16:88766973:G:C;var1;middle;OL41|K562|f82f8a3cf4bcc4bb
acb7f1ae47e7f349120fbfea3e65e07149eb5970cb3be7b735ff350f36506022,b,K562_region_01970,chr7:66822214:G:A;chr7:66822267:C:T;var1;middle;OL41|K562|08583211ac9a1a4f
acc5422f7427ed19fd1b1baf3440ab504da71aaf157cd7ce59689efb42febfc1,a,K562_region_01640,chr3:189664326:C:G;chr3:189664329:G:T;var1;middle;OL27|K562|e81d19d6a4ec7eb7
acc5db6a7595d2c657ee52789cf34425e89f9ba7ca8e46e55a240711c0a83f45,b,K562_region_00824,chr16:89883208:T:C;chr16:89883224:C:G;var1;middle;OL41|K562|9e8b3deec85a9297
acc6135609abc74fc134f6de130793fbb3c347806457e73fe8a014c361200cf2,b,K562_region_01541,chr22:45559741:G:T;chr22:45559771:C:A;var1;middle;OL41|K562|0c55d287a51a4960
accd2925547162e5716cb4046d5bf8dc7369d63219a7dbfc645a392611dcf44b,b,K562_region_01277,chr2:86422793:G:C;chr2:86422816:T:G;var1;middle;OL41|K562|b455bd1994fc0d0d
acd2c7c7eaa3d53820e14183e6cccab7af303c1e555f3ec96e6a9c825dfd555a,a,K562_region_02140,chr9:8356048:T:C;chr9:8356096:C:T;var1;middle;OL29|K562|e61e9d3e0a347302
ace90285a5df8554f6640043d0f777201b641b4e2e33a860b92530481b54f299,b,K562_region_02114,chr8:144097377:C:G;chr8:144097453:A:G;var1;middle;OL41|K562|8695f71cdf9a965c
acebd05f24b62c5abde083d2fb7c9e23e01f70d9aaf56e05b97e4109d77842d9,a,K562_region_01539,chr22:44424108:C:T;chr22:44424192:G:T;var1;middle;OL30|K562|10ce97a8d1e2972d
acfa384f6d108de2f8972ff40e6d83a06321d97c7ceea5fac581efbac90fe2c9,a,K562_region_00197,chr10:9043595:T:C;chr10:9043614:G:A;var1;middle;OL28|K562|9bd9b13d6ccecee5
ad10e6734442b2a40146b55b3d1e9045e2fba39a94466696acb8fe69b26c18ad,b,K562_region_00114,chr1:151115690:G:C;chr1:151115752:C:T;var1;middle;OL41|K562|4d65f09aa5a2f616
ad3b37b5ee5088c3575d27fbecc66e73ba9e3fba64bc004c4efc415b38544eb4,b,K562_region_01316,chr2:164444356:G:T;chr2:164444419:A:G;var1;middle;OL30|K562|6d0d96362ad32ae8
ad4419fe6c2d44680ea4a84106a840ec4e1ff19b5d0033fc16450fc131d8cb6d,b,K562_region_02120,chr8:145162285:C:A;chr8:145162372:C:T;var1;middle;OL41|K562|7f09dc3f05e51bd5
ad44899a1ca04a92cfb11fdd1c353e51857c64ace99f02f295c1e63da1faae9b,b,K562_region_01074,chr19:10567212:T:A;chr19:10567216:T:A;var1;middle;OL28|K562|46cbe9fddba25d99
ad463c8cc21605852bb5213974ed3a3924fb90f8adc519f7b00b003a76902faa,b,K562_region_01004,chr18:61637222:C:G;chr18:61637225:A:G;var1;middle;OL41|K562|31ca723eeaee6bf7
ad486657678b05f7d6669bf22440f5f540d531f361c8180dfadddabd443efca8,b,K562_region_01789,chr5:173205225:T:C;chr5:173205282:A:G;var1;middle;OL27|K562|233491a9e60a3660
ad4c0f04236a10a22c17c2fb7c11e21553c79e5da1fb6dd6030e2502ff722f85,b,K562_region_01421,chr20:60776275:A:G;chr20:60776310:T:C;var1;middle;OL41|K562|d33d5a7676e25338
ad4f367761a319e334d308646f110df86d2bd22d4c27b32db9a67d4753e80f0d,a,K562_region_01797,chr5:178470304:T:C;chr5:178470307:A:G;var1;middle;OL31|K562|af544910ca22704b
ad4f4c05633f4909906fe54c0ddcee38599fc0f98dc8cd947db654a044ec9090,a,K562_region_01176,chr19:54023986:A:T;chr19:54024017:G:T;var1;middle;OL41|K562|47c393c537c27afc
ad63be7ba9f8fbd9cc31eea4483892806898b74f4bf4116f3ad4837dcfebbf0f,a,K562_region_01515,chr22:36598049:C:G;chr22:36598058:T:C;var1;middle;OL41|K562|ecb0c08c6183e690
ad6eba8a2886dae08996864c832e0b4b99fc712bc0a440e92aebb5d5750c4136,b,K562_region_00191,chr10:3629849:A:G;chr10:3629908:C:T;var1;middle;OL29|K562|2755e0d7f28d6353
ad77c1964f4e900625813fcbfdd7ff5a08d6ee24c06c8160aa5fca70b67a1e86,a,K562_region_01862,chr6:109640864:A:G;chr6:109640878:G:A;var1;middle;OL29|K562|635affccf7e56887
ad7acc1fdd06070109053e72b8441da2de0f3df81ccbfbab3aaa38b2a7c673de,a,K562_region_02179,chr9:100977392:C:T;chr9:100977457:T:C;var1;middle;OL41|K562|f9d4bc33ffe6c806
ad8bdb7de79409c00ff4b18c01b15bb684ef3f1fb1e42165d05331e6b616eed3,a,K562_region_02151,chr9:22134068:G:A;chr9:22134094:T:C;var1;middle;OL29|K562|fa5fd9ac767bab02
ad90a32a3e3ce33c270ffb46f1f73daadc8251b9cb62eece4bd729d787368459,b,K562_region_01368,chr20:3681399:G:C;chr20:3681420:C:T;var1;middle;OL27|K562|8fe19c695b10e518
ad9761bd6efcae77a6bfdcbc937624259eb27e87c54be357b9b9a6d0d8b47fcb,a,K562_region_00657,chr15:85512726:T:C;chr15:85512767:G:C;var1;middle;OL29|K562|c0ab168d7772b425
ad9b60ac08725ec3de7322124af00ae4446a2857d25d961991088ee7f21aac77,b,K562_region_01198,chr2:3484500:T:C;chr2:3484533:G:A;var1;middle;OL41|K562|e9e31a47cf8bdd0f
adb9e5d158bc737c1b65bcfa9bde10a48da633dbd67c064747e53f60c1c1edd4,a,K562_region_02105,chr8:129950323:T:A;chr8:129950390:G:A;var1;middle;OL30|K562|7ce1d5418102cf1d
adbb105e16617b23a24d2b9e6557d77e12bda46407906edcec23d22d28392fab,a,K562_region_00970,chr17:81007101:C:T;chr17:81007175:T:C;var1;middle;OL41|K562|d0a10cce0b54c2b3
adcf6a03ca0ddcc72964cf037a92b32e01464f560a39b21e3497178d17f8f1fa,a,K562_region_00052,chr1:43296173:C:T;chr1:43296195:C:T;var1;middle;OL41|K562|8ad87b459bf2fbd5
adda5da3e3c3d7055ed6d199a619c5184d7e9f1c2c043267a03f13145e029a1d,b,K562_region_02047,chr8:9018590:T:G;chr8:9018599:A:G;var1;middle;OL31|K562|2c362f578b1c9c43
adf11b1c02c9404faa42474413f09a0bb4ba6786247255cf1232a0e227a7804d,b,K562_region_00948,chr17:74706346:G:A;chr17:74706380:C:T;var1;middle;OL41|K562|6c8c3f3687172ae4
ae0aa38af8f566405ecd982d2163f061614a3f45626a6d14c64248caa5a3dcf3,a,K562_region_01917,chr7:5864980:C:G;chr7:5865048:G:A;var1;middle;OL41|K562|bd00dd21eed520c4
ae0b44af577631fb38bd7f660a9e8cc1314c1f49e82518931c9fd7591a0759d8,b,K562_region_01992,chr7:97847459:T:G;chr7:97847522:G:A;var1;middle;OL41|K562|71972cf67ba5affb
ae22aa505327db80aa6e5b578920be565e1e6624296a548c2b46ae7838280935,a,K562_region_00352,chr11:64004643:C:G;chr11:64004723:G:C;var1;middle;OL31|K562|d923906c5428d0e6
ae3499d836686bc24fc107bc52234aebd32be76198f054f39d8e888d25d76764,a,K562_region_00129,chr1:162254664:A:G;chr1:162254743:A:G;var1;middle;OL41|K562|043da4a1ea850563
ae43776c6a996cc028bfad5d004193d43ae64b9ba21c65a493c9737c0fd1633f,a,K562_region_01462,chr21:46349942:A:C;chr21:46350019:T:G;var1;middle;OL41|K562|a96067fe79372fb3
ae4a000c9e0f4509bb88885ee8c6ab3fa20969584a3610162ff472064dad6025,b,K562_region_01449,chr21:42689637:G:T;chr21:42689654:C:T;var1;middle;OL41|K562|bef0435b94eabffa
ae7015ef754e27c5720bf7967e1a6bb24c5d5f8c3c40c361d711576cf8c1e93b,b,K562_region_01894,chr6:169009635:T:C;chr6:169009688:C:G;var1;middle;OL41|K562|b522af681d633c42
ae755f873ab1a47c781ee805b7df0d78c17f8c73bd4f51be6d832eb655d26849,a,K562_region_01011,chr18:77725625:G:C;chr18:77725655:A:G;var1;middle;OL41|K562|bcfa16c1c12c9882
ae7af1c07a93b0d05a526f774785287af8ec20adb1cdbd9547ac6b9f5e2c8943,b,K562_region_00971,chr18:69390:G:A;chr18:69432:T:C;var1;middle;OL41|K562|b09d9e3b85ecb897
aeaa72c6e96aea194ffe363079302a08abe0f3b9f785f87d882801f45222234c,b,K562_region_00477,chr12:96244409:G:A;chr12:96244473:A:G;var1;middle;OL31|K562|8b3dff615de41d44
aeadc9dc372f1fd33c48d058338e29003137ddad2d2ce7a378641122aa50aad3,b,K562_region_01465,chr21:46424507:G:T;chr21:46424569:C:T;var1;middle;OL41|K562|08982af38dd08bce
aec03c3537943745eeca75295f42e5e31a292eefb3be0798e5f323256bf116ab,b,K562_region_00262,chr10:114206683:C:T;chr10:114206754:G:C;var1;middle;OL41|K562|8f8cdaf0b773b632
aec1a72c36e258e97dc395dcc5e862dcb0f7849344f865656e68e44c89344615,a,K562_region_01729,chr5:1594056:A:G;chr5:1594096:A:G;var1;middle;OL41|K562|dab659f6cf6abb33
aec1b49538e1bf2515c73c7dd3cb35fec047dcbd6834f9fdec0e3c21d1c2f373,b,K562_region_01552,chr22:50356274:C:T;chr22:50356302:C:T;var1;middle;OL41|K562|c8e23ac2de174671
aed1fb00c05cc0c177a7c0fe4b2c205c15a7d6b11b3bcddda2addfbb30ae73c9,b,K562_region_01120,chr19:33635043:C:T;chr19:33635097:C:G;var1;middle;OL41|K562|45e985c4cc188380
aee791cf3db7708ce3398c7e4d4c4b5b0f150bc83537115f5772dfdc5e09530f,b,K562_region_00302,chr11:833898:T:C;chr11:833975:G:T;var1;middle;OL41|K562|630420b6f89ee1b4
aef08761dc68d75dc92ad83da8a12767ef0b8a3a06594cdf17cc354db1db2f09,b,K562_region_00601,chr14:104729699:A:G;chr14:104729715:G:C;var1;middle;OL27|K562|2a8c8bf4da10f76e
aef8f87b90126de336b0e3e117ad11d66331ccbe0fca79c8abd856c4431c8d7e,a,K562_region_01653,chr4:965720:A:G;chr4:965779:G:A;var1;middle;OL41|K562|997e6f31c76c1db2
af148339e3ba18da431429e465f1639391a466ae8cf0cff74b037060610f1f1a,a,K562_region_02153,chr9:22446695:G:T;chr9:22446751:C:T;var1;middle;OL41|K562|552a36e6b4917746
af173d5b54f8c61589f0b3beeef356a775e6915bbacdfd503a9b8cd6264c23e0,a,K562_region_00351,chr11:62623019:A:G;chr11:62623051:T:C;var1;middle;OL41|K562|260f6c609b72b273
af19d1ab2a418df26b24364964b454fc38c0921cf42664e4ec42d4dc9965c67a,b,K562_region_00795,chr16:85059568:G:A;chr16:85059628:A:C;var1;middle;OL41|K562|e1e359f21d181f2a
af2c08785579e9046a3902fbab84b198394bfac8c15cf701edc46fce09ab4cc4,a,K562_region_02030,chr7:150784262:T:G;chr7:150784265:T:A;var1;middle;OL29|K562|b1c2a301fd7a6a15
af30e53f20d19990934e6bc2b82a37d5a15b85b11fd6cbc992683adc97079fe4,a,K562_region_00598,chr14:103388999:T:C;chr14:103389003:G:C;var1;middle;OL41|K562|5d4513404729047b
af37e03ab1e5d5e223b4985ec5ef7dd53fc7b9642d1fbccd0c6b5a1fbe028a6e,b,K562_region_01845,chr6:43130013:G:A;chr6:43130057:G:T;var1;middle;OL41|K562|b473a4b13ae48109
af4b5234c63a12d6f052645ee8568df6defa49d0e311a5fd601a9c7e7430ee3e,a,K562_region_00918,chr17:48132713:A:G;chr17:48132727:G:A;var1;middle;OL41|K562|1ac6c4589d09f851
af4c8224fbc70aad3666678a09c2a6be0514e85c2fb913835fb4a0a83837e3c0,b,K562_region_00252,chr10:99772373:G:T;chr10:99772404:G:A;var1;middle;OL31|K562|b9e154adaf549fa5
af5ffaf15cd87c333c16b340d2d961ecdfa1e6e3fe9929d5c91d390c76f31edf,a,K562_region_02161,chr9:37716237:C:A;chr9:37716242:G:A;var1;middle;OL41|K562|3a972de320117217
af69de97bd38c61dd3403814d1b92c9fe96333dd85b3fad51545704de34694f1,b,K562_region_01988,chr7:95226249:A:G;chr7:95226255:C:A;var1;middle;OL41|K562|544faabd9dc942c5
af6f13744dc6d60b7f5af6d8bb9006bb1b8f06e41b51abcc6bb9bee5d8bf00a6,b,K562_region_02236,chr9:141098344:C:T;chr9:141098428:C:A;var1;middle;OL41|K562|d59bf97ffca5f072
af74dadb8f69cccab1dad1cf808610d759e6acf528758fd4e794bb3b7ecdf869,b,K562_region_00427,chr12:4757841:C:T;chr12:4757896:T:C;var1;middle;OL41|K562|e5108b96f720e1c4
af7bb9f6d56194b3e07a3a7bd3d11c4d21f11911acbd32ff89c29845eeda3cf9,a,K562_region_00632,chr15:63429062:A:G;chr15:63429086:A:C;var1;middle;OL41|K562|74edc06d991a7283
af84177cdf4f3b8117ed32e7ee236aca3b5a9aff0ce4ce73b3e1b292cc7a1175,b,K562_region_00444,chr12:12618204:T:A;chr12:12618259:G:T;var1;middle;OL41|K562|e0d75cfcf6692e6d
af891ecbe92bed832d87b0eb45dfe44e4ce6a6816a4198373b06ff0aae467a4f,a,K562_region_01032,chr19:1083491:A:T;chr19:1083532:C:T;var1;middle;OL41|K562|9eab04bc78941192
af9786b7d667c31fe6c7016cd4db86fe94654d3cbcd33320b7cab746cbc62646,b,K562_region_01466,chr21:46680538:G:C;chr21:46680566:G:C;var1;middle;OL41|K562|14477d4f3ac328d4
afa4977dbdb86a3120531ebd610eaa18761da4d2227820bd467118c478696fc0,a,K562_region_01620,chr3:149212076:A:G;chr3:149212125:G:C;var1;middle;OL30|K562|4596b87f9ce3990e
afade8c6320dc40a2820bd7f829d1950e90b2b5e310251f188449d8c70c34dd3,a,K562_region_01669,chr4:6697590:G:A;chr4:6697673:T:C;var1;middle;OL41|K562|9d1feec813fc6c3c
afbb0f602244474728281bfdff3d98fd48c21697f1e17a2094ffa902f9053a6b,a,K562_region_00738,chr16:12071159:C:A;chr16:12071213:C:T;var1;middle;OL41|K562|e365f6e403001766
afd7e20a195878b5f45b606b2df6d0913c7d24e4557e151e5982493eebbaf0a2,a,K562_region_00595,chr14:101539131:G:A;chr14:101539197:C:T;var1;middle;OL41|K562|fdfadfaed1713925
b01cea603c28cf272ccca1813ec51f9cf7c223df27b10fe5fd4dd71629f625d4,a,K562_region_00472,chr12:65995687:G:A;chr12:65995727:G:A;var1;middle;OL29|K562|8a80113e6a21c8a1
b02c1f7160b90eddaba7e34f6430a413e49b1950b5f785c134274b3079321b8f,a,K562_region_01234,chr2:29288466:T:C;chr2:29288481:C:T;var1;middle;OL41|K562|eb542c7b899fd46a
b03b7814fdf8d9bcb89a85de7c94b28bc0747f54572778fbee9b6708d4338d24,a,K562_region_01600,chr3:111730487:T:C;chr3:111730546:G:A;var1;middle;OL41|K562|54d96e2eb227a091
b03e55dcaa8111437413678d81a196ef992107e0e40dbfa319cba9f32ba7a07c,a,K562_region_00419,chr11:134626123:A:G;chr11:134626169:T:G;var1;middle;OL41|K562|061a1b085e02876c
b0437b8674350168fb2970430e3d0c5c1ce234813144aec916371f7f4f77f285,a,K562_region_00403,chr11:122519281:T:G;chr11:122519352:G:A;var1;middle;OL28|K562|0d7b45a474f1c599
b04c504d84a874e076f736d749cd4a1df7459a8ec693153d4a09f07bbeb1f6aa,b,K562_region_01367,chr20:1930873:G:A;chr20:1930885:G:A;var1;middle;OL27|K562|4f6febbeb408f46a
b0564a39ddb83e15bc6d469d1f84e6104ea6c7edcc0b463ef9ba59ddda15ad69,a,K562_region_00177,chr1:234653869:G:A;chr1:234653904:T:C;var1;middle;OL28|K562|c2b1aee8b477a037
b059dac2ab3a307b41691463e8d02ab4bb38f44532944103e381db0d70ecc221,b,K562_region_01984,chr7:92243672:G:A;chr7:92243719:C:T;var1;middle;OL28|K562|dfac67711558c5b3
b06d64bdf615cd8aff3de9974b844ec5bf71875b444a9d9ca2f83c844bf17f57,a,K562_region_01688,chr4:55200059:T:C;chr4:55200114:T:C;var1;middle;OL41|K562|82a586969154cddf
b0925856f45eace78150482af97e4f71d14699d0eef432f5aa09120096d7d16e,a,K562_region_00683,chr16:427925:T:C;chr16:427999:C:G;var1;middle;OL41|K562|2765ba1499afca3e
b098de9a8fc128a33fadc25cc4505ff13beec7e6c18158da12e7be1507d3ddf8,b,K562_region_01350,chr2:234274654:T:A;chr2:234274667:G:T;var1;middle;OL27|K562|654045d30790d6bd
b0aad3ce087918b55fed27ba3848f60acfa531429d346160bb872fc61efc3f90,a,K562_region_01819,chr6:7254957:G:A;chr6:7255015:G:A;var1;middle;OL27|K562|345ee76fc905c537
b0b1744c4fe742587667fc9ed7674665004f87e200946909f3419d42f357271c,b,K562_region_01099,chr19:17412947:T:C;chr19:17413022:C:G;var1;middle;OL41|K562|15f7fddb47af8034
b0ca40350dbda04434d6a677717259276ad1323a506272c8394cc44ad85c3913,a,K562_region_02151,chr9:22134094:T:C;chr9:22134172:C:T;var1;middle;OL31|K562|2f02acc4972e15a5
b0d7753d41c73357233cf7f0eb760aa3d14594cb38f74ca5c9da71ec2db889c2,a,K562_region_02030,chr7:150784263:C:A;chr7:150784265:T:A;var1;middle;OL29|K562|801d2561705627fb
b0e12f34f67150a3d19d6e1673422b0784620fbc53f7fd83eebf5eff649fec5c,b,K562_region_00789,chr16:83794986:G:A;chr16:83794991:C:G;var1;middle;OL41|K562|d6faaae74a50de1d
b11ac0ba09bf8f189a89bd397cb04452ec83653f7f4a77f72ce62b08d3c69bb3,a,K562_region_00921,chr17:48601328:G:A;chr17:48601381:G:C;var1;middle;OL41|K562|d08ca45b2b4e216f
b12a35259b4d4686ac19c45b7d6ce0c723b2372733b9b239743fe7fa971b08f2,a,K562_region_00196,chr10:9043246:A:G;chr10:9043313:T:C;var1;middle;OL28|K562|24e007980971ff68
b130992f8b2100d17bf939f123acaec2c65a516083a95b320344a67a78d47681,a,K562_region_00301,chr11:805578:G:T;chr11:805589:G:A;var1;middle;OL41|K562|cdc76dad5c939e6e
b13fb6733ff942a8f47ef0b13262360ddbe375bf0b4006644dd672995a033cb0,b,K562_region_01579,chr3:23746187:C:T;chr3:23746241:A:G;var1;middle;OL27|K562|8807607a3db08aef
b157b29df36cf74e227e39cd6bf8efc0feeff28d6886430630ce0aefdbe05d5d,a,K562_region_00207,chr10:18425442:A:G;chr10:18425519:G:A;var1;middle;OL41|K562|b4f7468cda1ac7cf
b162685d1ebd0b0b429ce3cb8bdd98e58e4a3bc0a756b0c6f9d59ce195aa123b,b,K562_region_00216,chr10:48885021:G:A;chr10:48885061:A:G;var1;middle;OL41|K562|55864854ae194098
b17d16c1326b7e9d64b02478f84bab184e839e220fc4de8632e34765d2d9666a,b,K562_region_01914,chr7:5026462:C:T;chr7:5026523:A:G;var1;middle;OL41|K562|ee55d4742aac5349
b17d6ecc25d36c72f544092d0f7920a43734af26bf5147a8b23023ffd20f2dfb,a,K562_region_01001,chr18:60793494:C:T;chr18:60793549:C:T;var1;middle;OL27|K562|dbbb1cc31b558b93
b17e5af303bdb3990acbf1fdc3a7e263f8fda48f5ecd4e6684f2a7242f84ec78,a,K562_region_00782,chr16:81129416:G:A;chr16:81129495:C:A;var1;middle;OL41|K562|e74029d2695ae78a
b18f94703774a9378a6bb944262d831c37aa623b3b2c6f46595721cc6eae3e3b,b,K562_region_00309,chr11:2215584:A:G;chr11:2215587:T:C;var1;middle;OL28|K562|892d7c4bb5833f2d
b1986e7f4e587f094ee09f888d30ac7aaef36d4904e6c13c5e52f636aa0c025f,b,K562_region_00832,chr17:781040:C:T;chr17:781115:C:A;var1;middle;OL41|K562|b665a3c509f5a689
b19a0e8c19628adbb1c49224aacd18e82bfa4fbbe4fc3136c60ccf09b63b8854,b,K562_region_00039,chr1:23850584:C:A;chr1:23850587:C:A;var1;middle;OL28|K562|6a5b9f030eb798f2
b1a22aa64de76a46856d5cb3f2453bd67cc6648f03ec7006f07dfe0156d18986,b,K562_region_01551,chr22:49262491:T:G;chr22:49262579:G:A;var1;middle;OL41|K562|eb13a03b754e4a34
b1a292e07bb79940887770bb56cc01e02c1d36bd577ea6c0b0ae79c24942d6a6,a,K562_region_00489,chr12:121435342:C:T;chr12:121435427:G:A;var1;middle;OL29|K562|88f39743c9c11bc1
b1c43433420f0bf7047d44113a8f9730276cb4d3f52378ea59077423e6a0939d,b,K562_region_01811,chr6:3118952:C:T;chr6:3118998:G:T;var1;middle;OL41|K562|b6f02c937944d5b2
b1ec665777a8e83a9dc4bccf0a5cd55cae1aae2275496963d7cfc0fcfd21a5d5,b,K562_region_00909,chr17:44018488:T:C;chr17:44018519:T:C;var1;middle;OL41|K562|5c7a50b9d9f3f59b
b1f2b172b0dc5c4633b547248258dd0e1aab5190158b5284b80a3882eb39f75f,a,K562_region_01995,chr7:100221849:C:T;chr7:100221867:T:C;var1;middle;OL41|K562|e93b68251e0763df
b200ee13d8429aae3c4ba31c14d2d62c358d966b0e88aa7198d12cd00a5437f0,b,K562_region_01830,chr6:35436922:C:T;chr6:35436925:C:T;var1;middle;OL41|K562|d990839d737f5d13
b21086c4366e00cadb693f1b2cf49df51b1194f0ffca0adecb55d46986ea92ea,a,K562_region_01452,chr21:44198080:C:T;chr21:44198143:G:A;var1;middle;OL41|K562|2fb2161c6776113b
b242bd51279816bc13af9252128fa06c8633d08ce3db4edcd90ead4044506b56,b,K562_region_00973,chr18:907564:C:A;chr18:907566:T:C;var1;middle;OL41|K562|49a90b0a9a01e98e
b256f9102df11f26a6024c51b32b60604f09fdb7c72a40116c1fbb4c2b98191b,b,K562_region_02073,chr8:22477778:G:A;chr8:22477807:T:C;var1;middle;OL41|K562|93e495329d14f7de
b25d41321d04658562b783d343d6b75ba868b0c158489447e99d88e1ccf4ab0d,b,K562_region_01511,chr22:27978512:C:T;chr22:27978565:C:A;var1;middle;OL28|K562|fb34e4a345e415ea
b262e658fbc213b461ab71a99f44c10678f8049e07a9cf8ae4a1cc0450fe3f6d,a,K562_region_00468,chr12:57753833:T:A;chr12:57753835:T:A;var1;middle;OL27|K562|d9a4e4f6d8cae1ff
b26cd606b10d6026b1c5a2c9a77f659a0e6ff28cde7bc40bd8082845eba6fe0b,a,K562_region_00005,chr1:1179747:C:T;chr1:1179800:G:A;var1;middle;OL41|K562|737bb7bf599bcea9
b26e6ed7163cda0f6186874dc07b6d56b979aca2a6dc808de336c835e9ba6291,b,K562_region_02192,chr9:112244375:G:A;chr9:112244416:C:T;var1;middle;OL30|K562|7d44adb0ba556d8f
b2917b2a7897a547192ea63aa13244029449239384afea8d3d3bac33bea0f550,b,K562_region_00065,chr1:55521242:T:G;chr1:55521313:G:T;var1;middle;OL31|K562|2a467ed47ba12b1b
b2b37b00daa1dd0dc944d6d11018194c3b53e7e3bdc823c6b0ff5ed887c99ab2,a,K562_region_00032,chr1:16542876:A:T;chr1:16542937:T:G;var1;middle;OL41|K562|672384397d01b95f
b2c92aefa4b79f401e76369f92b5d5fbafda8accfea2a2a99a2108f7515c0a48,a,K562_region_01245,chr2:42998032:C:G;chr2:42998088:A:G;var1;middle;OL41|K562|01418e57d9d995fd
b2ccdc9edae3417e9dba3c148b163040b9935fc186df4c1dd95e1c8dd74c3a2e,b,K562_region_00170,chr1:230849872:C:T;chr1:230849886:T:G;var1;middle;OL41|K562|9ea7d68e67ea403d
b2cd9bd00b929b01c05881f386374802df5313e6870f400d594962334d8ef6a5,b,K562_region_01849,chr6:44229703:C:T;chr6:44229707:A:G;var1;middle;OL41|K562|d99b644f8d618dc3
b2e02b72a90aa1647b74a61b5296a7ebba9be0f83809be9abe33e502ec2de7cf,a,K562_region_02240,chrX:1517858:G:A;chrX:1517862:G:A;var1;middle;OL41|K562|fc99bb48783377f4
b2e8c3b5578832bf41291e4c57b4ff09b0a43e9c4154d2023658d49e221c2675,b,K562_region_00204,chr10:17010732:T:A;chr10:17010742:T:C;var1;middle;OL41|K562|0dc494135f842473
b2eb4e47ead14cfbc408d7cbf84e8e7eca9a8087c072a0c1e8d0136cb3eff262,b,K562_region_00771,chr16:58462627:G:A;chr16:58462639:G:C;var1;middle;OL41|K562|62fe49d72bc43bdf
b2f2e2c123ce8dc7fc470674b251698bd868a8ecaa82a919774363251021c982,a,K562_region_00399,chr11:118942638:A:C;chr11:118942654:T:A;var1;middle;OL41|K562|85a697ed98a85dd6
b2f4ef059f375ab05586fc44f9572c4377e55831a984e73979f92f903eea9ec8,a,K562_region_00918,chr17:48132643:T:C;chr17:48132713:A:G;var1;middle;OL41|K562|161029f69ce395f7
b303ddfed2946f015aef2ca1504dd95521d44df07153825095d992f8f8a8842a,b,K562_region_01137,chr19:41444406:A:G;chr19:41444410:A:C;var1;middle;OL30|K562|0645fc5638ea6e73
b3057a33991ea19f4dbeed26ed40ba73bea15f892afe6841184015e4f21eefa6,b,K562_region_00893,chr17:36003275:T:A;chr17:36003359:A:G;var1;middle;OL41|K562|efbcfece62eed245
b31cf62e7dfb2f53f3f1c29e864af0cee70a2d1dc3589faf72121722152fa501,b,K562_region_00996,chr18:48147793:T:C;chr18:48147876:G:A;var1;middle;OL28|K562|350d44e4820fa050
b31da24988cbb1ff4dc90e2986d12b1f3870b25ef7efce17d4189db69966b125,b,K562_region_02238,chrX:202439:T:C;chrX:202458:T:G;var1;middle;OL41|K562|82c1b0bc39162efb
b3205048fd867e21785e846902631b4232de4ba64ec7b71bbf672344e7af2e8a,b,K562_region_00787,chr16:82203711:G:T;chr16:82203786:C:G;var1;middle;OL41|K562|5a3e0abc05b9904a
b32e375566d7ea1e77e1ba9caf3b638b2dfe936a91b527efe07915353572e399,a,K562_region_01858,chr6:106960957:C:T;chr6:106960977:A:G;var1;middle;OL41|K562|6b372980060108fd
b33214852ffc0a1b2e1b9078f43c80081b5a75d8abd007d10f3170be135e584a,a,K562_region_00096,chr1:110254493:T:C;chr1:110254541:T:C;var1;middle;OL41|K562|50094e2dba5d3a22
b3368c8eef4e62a0ce2228b46027c2ec6973aaadd9040810a94241d6a51ccd5b,a,K562_region_01367,chr20:1930873:G:A;chr20:1930885:G:A;var1;middle;OL27|K562|4f6febbeb408f46a
b355c47c05ca8c8e0aed7ea6bfc0dc055df1951f94c0dd65c445b778782ede4d,a,K562_region_00631,chr15:63414723:T:C;chr15:63414725:G:C;var1;middle;OL41|K562|01cc511bc7ff3e9b
b364d9b01a70005451148019f0a950fbc9763936bdc6d4677d75bbb0b940c05a,b,K562_region_01590,chr3:42304285:A:C;chr3:42304293:G:A;var1;middle;OL41|K562|9d05e402e8c49f23
b374e5ab55701faf029fbb53f61f9cd80f069dd440209663de79866547ff8d85,b,K562_region_01107,chr19:18457026:T:C;chr19:18457045:G:A;var1;middle;OL41|K562|04ab8d3aae4e858c
b37547be21c0239e255cc0912671cbe8a3ce71e95cc799927773cee1b8c0ce00,a,K562_region_00720,chr16:2986289:C:G;chr16:2986323:T:C;var1;middle;OL41|K562|4a0f728b5a936bed
b39c717a53e80e70d472e4305af3d3b34f2a07aa54a7cc5f6989df84c96a8cf2,a,K562_region_01465,chr21:46424507:G:T;chr21:46424569:C:T;var1;middle;OL41|K562|08982af38dd08bce
b3a5e3d5c52fbda5ff6594f7153a4eac053aaa13773d410ce322ca3e92c27490,b,K562_region_01465,chr21:46424569:C:T;chr21:46424652:G:A;var1;middle;OL41|K562|d273bf95fdae9c29
b3b93fc31de319550b96e1da52951597bb58639a0bb99f2f9b573a969ed06bbb,a,K562_region_01577,chr3:13919309:C:T;chr3:13919315:C:T;var1;middle;OL31|K562|d1ff44e8336fb55d
b3bbe2d066e470e6e2503da9a13492631d5c547c5a940be242c7acb9baf89e16,a,K562_region_01350,chr2:234274654:T:A;chr2:234274667:G:T;var1;middle;OL27|K562|654045d30790d6bd
b3cd0aaabaf32e0bb396e8ce6c4b740f523724a8dfef77699cd3229174ce456a,b,K562_region_02153,chr9:22446695:G:T;chr9:22446751:C:T;var1;middle;OL41|K562|552a36e6b4917746
b3e3e27be309ddca8051d6f705bba5e9067ef82c0a66f02b6307920278d1115f,a,K562_region_00288,chr11:306878:G:A;chr11:306884:T:C;var1;middle;OL41|K562|43a51cb089da8332
b3e71329649c0d96ca60b7b8399811903d43afa53dd67656d912a06cab5adba0,b,K562_region_00246,chr10:91296924:G:A;chr10:91296961:A:G;var1;middle;OL28|K562|033688518c05a20f
b3f2a5d8d77bf3569d0feb2064e8ec8d6a17ae381b0b9eb08c21b2ea9a0c196a,b,K562_region_01374,chr20:4142800:C:T;chr20:4142809:G:A;var1;middle;OL41|K562|7f7e591e24519f2f
b3f7881c019f20e092682349a37b3f288c5f6ba04a6f8669972645c238fb25f9,a,K562_region_02229,chr9:139654762:G:T;chr9:139654777:T:C;var1;middle;OL41|K562|57dfb4ffa5faf033
b3faa8cd5a7828e07d1f16a45b6215bf131a120577e147dfd5a926b98cfa6650,a,K562_region_02144,chr9:13592687:C:T;chr9:13592698:G:A;var1;middle;OL31|K562|936496668b3c6ebc
b407fb99f562879373fd8647fe73fa6c913d84dbbc77d3390d44420f3e14aa46,b,K562_region_01249,chr2:44060832:T:C;chr2:44060849:A:C;var1;middle;OL31|K562|5832b7d9007470b5
b4400ebf6b6bba0bcaa25eff7d8aa1c251e4a77097c08c7ebf0efff28d4c0cd7,b,K562_region_01829,chr6:34503439:T:C;chr6:34503517:A:C;var1;middle;OL41|K562|5f4ba03496b883bb
b4509bfcfddf6d1fe15678030fdee17997026e85b820c2237535f561fffad966,b,K562_region_01394,chr20:42839990:T:C;chr20:42840019:A:G;var1;middle;OL41|K562|19c20f170c6fee79
b45948bea7c8445a1a72893ea448d9bc5e4df909ccb4d25077ce3eb6a74d6b12,b,K562_region_01896,chr6:169642242:T:C;chr6:169642301:C:T;var1;middle;OL41|K562|d5e37bc0b7298121
b45a72d3f720946448ec5e66f9a39b24f3db3784c38acb46e9dbdd18cf40fb34,b,K562_region_00251,chr10:99482986:T:C;chr10:99483037:G:C;var1;middle;OL41|K562|e29487d94edeadc6
b45a9ded5237ff7544d19de93af620070e23e9d963ea519a2ce2d3affee05776,b,K562_region_00187,chr1:247545294:C:T;chr1:247545374:C:G;var1;middle;OL32|K562|465d8767b7423518
b45b8d466141fd5cb8cbdf27822c14540ec66980df998326a1ef99a6d62362be,b,K562_region_00462,chr12:52252294:T:C;chr12:52252338:G:A;var1;middle;OL32|K562|30e40fc0915ea5f8
b4659a1d5dbbec9237e850c983ee4dc76bf6d2209ff4320b8c0761eb7b986360,a,K562_region_00336,chr11:13349477:T:C;chr11:13349479:C:G;var1;middle;OL29|K562|c8159266d235f9c9
b4880fed861dffaa0325e739305a4a83bdbdbee5302a90a79a52a1d1afe712b3,b,K562_region_02119,chr8:145128890:A:G;chr8:145128896:T:A;var1;middle;OL41|K562|0f834efc2ca49dcd
b4bf20354e4b55e0e2b4dff24803bdbbd39658c2287d685cfeb785db952ea90b,a,K562_region_00112,chr1:147735397:C:T;chr1:147735450:C:T;var1;middle;OL41|K562|eb1eeb656d2738a2
b4ce1a347fb8e33716456834cad54fe24eaf23835dc81a1d26023cebe65a14d9,b,K562_region_01401,chr20:46413137:A:G;chr20:46413163:C:T;var1;middle;OL31|K562|a2441ab5b14ef154
b4e14d39c7abd7c0d3a16597bf43369825aba3ff6dcb38ac10e22f5441dbb408,a,K562_region_00948,chr17:74706380:C:T;chr17:74706433:G:A;var1;middle;OL41|K562|ae6859182e91dcf5
b4e54655329d9ae9f13e3eca6bf8f2b5cfc2d87a7ce576d9fc4aa804e90f25af,a,K562_region_00969,chr17:80385765:G:T;chr17:80385793:A:G;var1;middle;OL41|K562|9e17e97fc0c0f0e5
b501f4b9101614b6077c9856a6ecf32f73e61d1b254db6aa71254b52ec492ebc,a,K562_region_01250,chr2:45192080:G:C;chr2:45192105:G:T;var1;middle;OL31|K562|965f005ab851b200
b510bbc77d331c95e0dfeb210fbef1afc78078801dcea5ac8d6ac417c6772781,a,K562_region_00665,chr15:96714746:T:G;chr15:96714816:C:A;var1;middle;OL29|K562|54d14c739ea7324d
b511c40b787d43967e053992992459fae12f6365613355186b7faf29cdbdbb2c,b,K562_region_01313,chr2:143556890:C:A;chr2:143556962:G:A;var1;middle;OL29|K562|979a590838d9d223
b518bc5d68323c8557f61e7158668bef1b5aec6b3eaf917ef73aeedfdc79ed96,b,K562_region_00586,chr14:94595945:G:T;chr14:94595989:T:C;var1;middle;OL41|K562|8118d3c52fbe96d6
b51b42b6cd73f9e661af1252d413168e64882480bdde9db1463478b5b29f9e72,b,K562_region_00468,chr12:57753833:T:A;chr12:57753835:T:A;var1;middle;OL27|K562|d9a4e4f6d8cae1ff
b53ff881d4ce349c84f0466cee5c15d3ab940b4227962d50dd6793187969ed42,a,K562_region_00230,chr10:64396916:C:T;chr10:64396921:G:A;var1;middle;OL28|K562|7b9f7d8077d77c8e
b5417203036de404ce1119ca70a5c26c80f6bd9e2b22c7e91a97ac2ba8c7fcc6,a,K562_region_01829,chr6:34503439:T:C;chr6:34503446:T:C;var1;middle;OL41|K562|f27541c6959736ab
b542ad864620db740c410c8a31aeb2ef9b36de5e4832a66b36780c3ef12e8d67,b,K562_region_00145,chr1:204955329:A:G;chr1:204955416:G:A;var1;middle;OL27|K562|4dbf6f4d514c9e0e
b54f7a8381d50416efcaace66873a927db5c5340e77a5b8086c8befc416f9e2d,b,K562_region_02086,chr8:28286071:T:C;chr8:28286124:C:G;var1;middle;OL41|K562|88bb051b1fd8a6e2
b55b4aa14b2e5e2bbec8517f3491be8bbb2a66fa5104a9f0093f453da999d67c,a,K562_region_01151,chr19:46975520:C:T;chr19:46975590:T:G;var1;middle;OL41|K562|1429990e8931ac1a
b55fa820a558af3fa50538536c7565cabef17e5e800d562f15817abe7d7524b1,b,K562_region_02030,chr7:150784260:G:A;chr7:150784263:C:A;var1;middle;OL29|K562|c4c60313321320a9
b56cb6725d98e1f7ea5c9b6b1e643343f538281b7689a64801ff410741360acb,a,K562_region_00987,chr18:21640515:G:A;chr18:21640564:G:A;var1;middle;OL28|K562|3ee2aab4d5a43cd7
b57ac34d450926a2b1843da3ea94b7c19537047c4aa7c9ae394c070ae05f8410,b,K562_region_00679,chr16:419733:A:C;chr16:419805:A:C;var1;middle;OL41|K562|005e0101ab6b27cc
b59adaa5b4c1be5a8eb065265dc2c65d35f5c775e7f73dc6b84db7f179732a95,b,K562_region_00407,chr11:122585573:T:G;chr11:122585598:T:A;var1;middle;OL27|K562|aa9051552d2a9e84
b5b450f3fc7d9ad82fe185ada30dd29526a53eb330f921c2a0ff587760238a71,b,K562_region_01256,chr2:48776192:C:T;chr2:48776217:A:G;var1;middle;OL41|K562|a44e30ac48328922
b5be2b8a6eaae984552e5d3bb43bac5d892b4181acdfc9a2fbf28b2de97cb91a,a,K562_region_01426,chr20:61738167:G:A;chr20:61738232:C:A;var1;middle;OL41|K562|d92c12ad24f258c1
b5c0df81613cf205a86045b73138f04a721fc6852aed266aa7fce97d2f98f42d,b,K562_region_02125,chr9:1202797:C:T;chr9:1202855:T:A;var1;middle;OL33|K562|26f109fa1892bee3
b5cde62fe9d2a3f24d6730cfbcee93ab3ad1c14cc1636489861ed5d39db9d8f2,a,K562_region_00552,chr14:24458684:G:C;chr14:24458752:G:A;var1;middle;OL41|K562|d34a4a7d04e1966d
b5d1fda08ddae01a293642c152e5fc34dd1bc88f27f221d05b2b6aadfbd39787,b,K562_region_01544,chr22:45608347:G:A;chr22:45608360:G:C;var1;middle;OL41|K562|92422b5b67cd9440
b5d6cad6ab0529ec55ac94e18add03c900488df8ad5f395e92eb37363fe85b5f,b,K562_region_00243,chr10:88718761:T:G;chr10:88718833:C:A;var1;middle;OL41|K562|ea1688152a12e76e
b5e9aabcd8ada84c407d349a690d24220d4abbf0756923e8205da809089d9a41,b,K562_region_02034,chr7:155195759:G:T;chr7:155195840:C:T;var1;middle;OL41|K562|8b40e0c706cbaee3
b5f3ccdcf49ab6442759b00a5a069dab619ac2c81bee9264a06a8a82647ceaef,b,K562_region_00235,chr10:70977308:T:G;chr10:70977395:A:C;var1;middle;OL27|K562|c61d33229671f447
b5f6bf9132d952bd7288cb71dad022972b338ef328809104f8e1deeb98106919,a,K562_region_00063,chr1:55505604:G:A;chr1:55505647:G:T;var1;middle;OL31|K562|07cca6849319feaa
b5fa7cb21557c930b7393972ff4995f1fa87ae51885bc009a5ab6e817770b852,b,K562_region_01698,chr4:89206172:T:C;chr4:89206230:A:C;var1;middle;OL41|K562|a6a92930d7eb1bd5
b5fbad976d3c094f28f202fee622286e77c616e82ce44f9c7705beaa01676033,b,K562_region_00681,chr16:426432:T:C;chr16:426476:T:C;var1;middle;OL41|K562|93758973e91c0d75
b60babd2ce319a4f50c0d2565fa3c0f1e80bb47350d499ac5ffb2888142fb7a2,a,K562_region_01099,chr19:17412947:T:C;chr19:17413022:C:G;var1;middle;OL41|K562|15f7fddb47af8034
b611156a4edba7bd0610c0f53d556b3eed65b03bbbcf96c789989822c32f0464,b,K562_region_01164,chr19:49954803:C:T;chr19:49954807:T:G;var1;middle;OL41|K562|137a8adf5ee6a0e3
b616900d1f24ec60d909f57cc8a2b48adadb80959148818d2a2b2b4832807225,a,K562_region_00981,chr18:10520290:T:A;chr18:10520309:C:G;var1;middle;OL41|K562|b3559077bc6a4c9d
b61ae1b487245c0c8324d90d6473d09afe4d30c9d98da046df44599eebbeb133,a,K562_region_01670,chr4:6891455:T:G;chr4:6891519:G:C;var1;middle;OL27|K562|6dc9fb6211444bcd
b61ce6e2a0e55954a108744c9b0c56cd15f6a174876eef9e217bb49bc184c6ea,a,K562_region_01427,chr20:61884656:C:T;chr20:61884674:G:T;var1;middle;OL41|K562|5ca00690dbb90a46
b622cc4ead7b4d92fb6c7a56f30099dc837e9fa8165e6cc80405d957f9eb77e5,a,K562_region_00145,chr1:204955329:A:G;chr1:204955416:G:A;var1;middle;OL27|K562|4dbf6f4d514c9e0e
b628117cc90c933fb9aa23de30e0a17d0f484cf839a078b8efa86b2ef21165d0,a,K562_region_01708,chr4:153022292:G:A;chr4:153022375:G:A;var1;middle;OL41|K562|9f48e0c1c759e2f7
b6298eed496593e7a7386141d5a214d307e3debd08c9b2d096f4de37453dacd2,a,K562_region_00469,chr12:63830564:G:T;chr12:63830572:T:A;var1;middle;OL31|K562|f663514820855516
b63a94fd9f9d9ba6966d8a44c735410605992f505537c8aa3a8ef243f71195cb,a,K562_region_01871,chr6:135419636:C:T;chr6:135419688:T:C;var1;middle;OL31|K562|b837a6c13733ce15
b63aa9baba05a52214bed3d5dd91d0c0891f65826e4c0770570f75cb7062f072,b,K562_region_01654,chr4:987276:T:C;chr4:987343:G:T;var1;middle;OL41|K562|b5a33d7925795431
b644e706e942cc1811758bdd6ac17ca24bc2ab1fe633fb7d28092aed54707cec,b,K562_region_01807,chr6:428416:C:T;chr6:428486:G:A;var1;middle;OL32|K562|24b0a7905fd57a0a
b645f3337e43641cce349496a2b3aa08b85d836a4555fe25c7671c021685a5b7,b,K562_region_01038,chr19:1516557:T:G;chr19:1516565:C:T;var1;middle;OL41|K562|3a3a84ffda090692
b64660bb13fbe862fc5178a0b436c2049d057a490d032bdb4f5ba1baeb9a6780,a,K562_region_00591,chr14:99752570:G:C;chr14:99752615:T:C;var1;middle;OL41|K562|f8229df2d5112830
b656256b73d003eefc433233f07a2b6d6c52a6fdfcc74a93d466f9730bbbc93f,b,K562_region_01100,chr19:17580183:A:G;chr19:17580226:A:T;var1;middle;OL41|K562|31fa47501a32beca
b65d5694554f84321c4bc192d092265854650ee734711029995e50a102807a09,a,K562_region_00380,chr11:76504698:G:A;chr11:76504732:A:G;var1;middle;OL41|K562|e584a901ec92de28
b66cae8c23f82e418ccc449672d46b1a9fa8a128db6bddf96f20615bd79865b1,b,K562_region_02090,chr8:41630405:G:A;chr8:41630447:G:A;var1;middle;OL28|K562|384bd0491501db92
b6834bda7415156532f60f6941edbe25e221c7f232a4445601c65f4d41f70651,b,K562_region_02195,chr9:114361659:G:C;chr9:114361707:G:C;var1;middle;OL41|K562|c980a1c87d37264f
b68a677d3fe00e8362ff2b73e5e38a50c8f01bba014fad10917bf18cdcbaf790,b,K562_region_01016,chr19:488474:A:T;chr19:488506:A:G;var1;middle;OL41|K562|8f2254567d7b2283
b691fd9166ae3b9018e248c3eccedc29ce0e3a96f03d821ee9113a643bfa8c52,b,K562_region_01837,chr6:41166149:A:G;chr6:41166151:A:G;var1;middle;OL27|K562|86c201805388f55a
b69c3129e3cd72c196441e34136a1fed5d4e16e9604ef5d03c796aa9ef252be6,a,K562_region_00644,chr15:75321910:C:T;chr15:75321999:G:A;var1;middle;OL41|K562|614d2063667875d5
b6a38deabdfaa9e0cec0287b4b93fb1f7fbef858d18fab1ea40542cbf28eb975,b,K562_region_01369,chr20:3682730:G:C;chr20:3682762:G:A;var1;middle;OL30|K562|eb86267af2c333f7
b6ad4da1796bc9e8072ec5e9aebaf696b2fa9b0bb602f374664f4e625c65b5ca,a,K562_region_01908,chr7:1622775:C:G;chr7:1622837:C:T;var1;middle;OL41|K562|d14485cd3860ae38
b6b55cf1f25ed0ac2b47756a45aa613ed50b758edf4c17d07311e5ec3b3444e3,a,K562_region_01347,chr2:232419666:A:C;chr2:232419671:C:T;var1;middle;OL41|K562|e5d3d06f8365df63
b6bc4fde80cadb247c054f4671ef56aac47f568bcc6856e28d23d54acf384697,a,K562_region_00626,chr15:58678720:T:C;chr15:58678797:T:C;var1;middle;OL31|K562|a20ffa6657250a0c
b6d608f58268d247c506976a76332554f7036bb5a2f5d2825ba42df9be85d3bd,b,K562_region_00902,chr17:40705715:G:A;chr17:40705724:T:G;var1;middle;OL41|K562|b1bf03444915ab62
b6d92e39db0b4d78edb575053fe968d054d5520bf3e9bce7be0e7725063d74ad,a,K562_region_01677,chr4:17917781:A:C;chr4:17917818:G:A;var1;middle;OL29|K562|7490ecb132934e81
b6dc4eafaf944136a9cfff13981730204ceb8fa5cbf782a0c56ebee20ce2ac92,b,K562_region_01472,chr21:47711967:G:A;chr21:47712012:C:G;var1;middle;OL41|K562|d8b4243b23e4c859
b6efdcfe2dd55cdfb2c63b08532a3901b03dcef68930b466d11b844e38be7bc0,b,K562_region_00781,chr16:81041950:G:A;chr16:81042028:G:T;var1;middle;OL41|K562|d3d3ddcebe0e0219
b6f29b9c912b6a0f3c14118af630e6d6f96cb2d4ae913cc6a0d801481031cffa,b,K562_region_00798,chr16:85783768:T:A;chr16:85783856:T:C;var1;middle;OL41|K562|09855e2fc23b108f
b7008449941eeda922a8aefa09a6485115ffe5cebf9671bd0f178bca75a2b38f,a,K562_region_01096,chr19:17337344:T:G;chr19:17337413:G:T;var1;middle;OL41|K562|7c25ea879a82b950
b71b138a083a64a5db34f12703c7bd01a92a933665f6600ea6c44590eca0c666,a,K562_region_01310,chr2:132796362:G:A;chr2:132796380:C:A;var1;middle;OL41|K562|f3850c784179a60d
b71c18a87a93a6f982137f674f7de748d47af2e772965a4bb17908758fd602ea,b,K562_region_00254,chr10:100175477:A:G;chr10:100175532:A:C;var1;middle;OL41|K562|23c60b081fc32523
b71fa7e07d5df8001928fd8a165ea6b61d3a58bd8e004eaae0a5addf6150b199,a,K562_region_01755,chr5:82815158:A:G;chr5:82815170:A:G;var1;middle;OL29|K562|d074f7fe9b5f889d
b735b8716f58a36dad3b4f3f80715d532a19bf18eaa0f9584118f3226efe88c4,b,K562_region_01948,chr7:32133424:G:A;chr7:32133475:T:C;var1;middle;OL41|K562|72d00f791c8c96a9
b73c36fca4170e61ca4131f6d093a3da4f47613148a499d087786f265365cbed,a,K562_region_01344,chr2:231880308:C:T;chr2:231880381:G:A;var1;middle;OL41|K562|6c3f406307ba05b4
b745c01254f95da917da36041c924a005ef2fe384990cf2410b704cb953d3ae1,b,K562_region_00445,chr12:14926776:G:T;chr12:14926835:T:C;var1;middle;OL41|K562|1666ca69466aa9be
b754f3768e98fe2420e17808613a883028853e44ae62f58376a05d071ca33162,b,K562_region_01147,chr19:46533914:G:A;chr19:46533996:T:C;var1;middle;OL41|K562|76a05b546927caed
b75d3661bd00295d598919407c89af71f16c8b1c38cee1deba5c1bfe221eb161,b,K562_region_01854,chr6:52236778:G:T;chr6:52236824:C:T;var1;middle;OL41|K562|1de3605011efca8b
b76af900bdfa9a1f6687c6d464ea58e91e8da0e1f15dd0c067ccad757f0f1887,a,K562_region_01905,chr7:1286192:G:C;chr7:1286244:G:A;var1;middle;OL27|K562|e6b414828f7ad057
b76f7bc09e2f2a7c3ded60c814198e861ef6e922a9a35dcde701e511f95798a3,b,K562_region_01802,chr5:180258087:G:A;chr5:180258114:T:A;var1;middle;OL41|K562|a2ee8ba919766a86
b7778047dab9c93b919d736667190e749d9b27b364a3994ac14f6f260fb7fa6a,b,K562_region_00739,chr16:12072124:G:A;chr16:12072161:G:A;var1;middle;OL41|K562|587894f68e709a40
b7a49e1d13d9f567098f65b06f478a7c9fa27d0ec54c71c8ceb880f139fab2c8,a,K562_region_01112,chr19:20844531:T:A;chr19:20844599:C:A;var1;middle;OL41|K562|11919d745a71f149
b7acba5a7aed38b567b5d1103564c96703d95a9a38772f379f75a41a04e24ecd,b,K562_region_00625,chr15:57869168:A:T;chr15:57869193:G:C;var1;middle;OL30|K562|27602383a46be294
b7d7212b7c87ab6304dc334b0bb24602912fac2d6d7c7b04f5c4d8f4678a8f02,a,K562_region_00256,chr10:101287990:T:C;chr10:101288020:A:T;var1;middle;OL41|K562|e58df72a792512e3
b7dac2f9e852371b16d9a204f5e7dd82e4dc651854610470bad47526649cf45a,a,K562_region_01648,chr3:196548829:G:A;chr3:196548870:T:C;var1;middle;OL28|K562|39c3d329a0444c20
b7e6d90a6c140ab277b8b8c6776ec1effb7c23ed02111468f3e169494580884f,b,K562_region_00556,chr14:24869465:G:A;chr14:24869512:T:C;var1;middle;OL29|K562|8ab349ffc3bd8004
b7f1187a503a3d35e2cc636b4eb97d0401657c3c62548ff631a0298d78b0bbfd,b,K562_region_02153,chr9:22446683:G:T;chr9:22446695:G:T;var1;middle;OL41|K562|cd2367a8037e59ad
b8029fff0ba5a8234ad035f557e245cff5c0595b19ecc413867071a2effd4b44,b,K562_region_00310,chr11:2322383:G:A;chr11:2322415:G:T;var1;middle;OL41|K562|7ce768d0ba2c2e24
b8042c0e1d14a44fb4e4add906a607abe2553fa47bf9420a582b8c6ff22bb1fa,b,K562_region_01283,chr2:102574816:C:T;chr2:102574838:G:T;var1;middle;OL41|K562|2588f496d5c3859d
b81bad5965638251b1cb9cda80b92193fc51fa3b159bc4205630b2fe7695e49b,b,K562_region_00829,chr17:205055:A:T;chr17:205065:A:G;var1;middle;OL41|K562|16ac977fc9d73c9d
b81f2f29df93c17e2f43a6d9504d53498e6d8fad28b5e7f1ac9b50eb7e9a9430,b,K562_region_00718,chr16:2892695:A:G;chr16:2892770:G:A;var1;middle;OL41|K562|849a6725c938d262
b82e7e70388a8e11212dcee635d3de077f388402eb18f09c22a8b6f120be6537,a,K562_region_00548,chr14:23288935:C:G;chr14:23288953:A:G;var1;middle;OL31|K562|197f50a1556f3ddc
b848dc5fc3ecfdfd133803a25d0acc019e70daae7448301c9b5cd4995691850a,a,K562_region_01833,chr6:36974793:A:G;chr6:36974872:A:G;var1;middle;OL41|K562|19e05601efe3ce6d
b84b3de36c43ec03b0471a0a272e4a3325651627177f70ee71835762eff3591f,a,K562_region_01803,chr5:180631270:A:T;chr5:180631342:G:A;var1;middle;OL41|K562|6022a6e42e9959a5
b8657adc4786799cc699273273771817bc0c0cbb26648fbac01ef0301651083a,b,K562_region_01438,chr21:35349285:T:C;chr21:35349371:T:C;var1;middle;OL27|K562|3e1e3717c3ca4481
b86d384074ebd1b0725e5daa4c311f81bc7fc14009566d1e38783ac615cc7853,b,K562_region_00850,chr17:4807098:T:C;chr17:4807150:C:T;var1;middle;OL41|K562|0d70a49a65225ddf
b89050eec6a3430d389a1038db87f9ae5c888c517532842f466046d28e4027f6,a,K562_region_01048,chr19:2775668:C:T;chr19:2775723:C:T;var1;middle;OL41|K562|1a5539945a3626e2
b891fec708118065f1b04cc5ac30e58af55e61211b78070aa55571635db6e06f,a,K562_region_01639,chr3:189435816:G:A;chr3:189435858:C:A;var1;middle;OL28|K562|27a0f58ea15e39e6
b8962689112f49f55d604c4b4f58bb003ce574a941c576bb5bab9a8e822dcbc6,a,K562_region_00725,chr16:4460049:A:G;chr16:4460114:A:G;var1;middle;OL41|K562|a66fc2c785079e89
b89cbe84e00055042251e0f04bf1a06268990600a90b705d7d621d86a70895cd,b,K562_region_00803,chr16:87404052:C:G;chr16:87404088:C:G;var1;middle;OL41|K562|cea2da7e9a3d9f6f
b8a31f36b6aab564283c0f74f7b118c57429eb160eec0ff5acdf203a228cdffa,b,K562_region_00208,chr10:19777982:G:A;chr10:19778056:G:A;var1;middle;OL41|K562|d05b9d8d0cb63ea5
b8a7e8ddd3c2ad85397430f231d431dd7315dcd8ef6c385bc4246bca97b95b64,b,K562_region_01964,chr7:50470138:G:T;chr7:50470156:G:C;var1;middle;OL28|K562|ba57091d0048e4e7
b8abac46bf1f01caed492d6aa0b3e678d13de6a3108e47ae96412370191d8181,a,K562_region_01060,chr19:4445073:A:G;chr19:4445156:A:G;var1;middle;OL41|K562|23c4fe1e16b85861
b8cef02720daaa0f9653d6f5c2be62b0d73644fe61e149fe363b084c9c6a5f4b,b,K562_region_01942,chr7:27138754:T:G;chr7:27138829:G:A;var1;middle;OL41|K562|56d07ce61217c935
b8cf7feb79aafad0041c83246b1be1de55e472a2fcda3b45b8b3034d4f4b6648,a,K562_region_01555,chr22:50658501:A:G;chr22:50658570:A:G;var1;middle;OL41|K562|3afe68603b77d027
b8d6db2eeb61a350de4175b800657ea060d4e7d83dba7e1650bb85aaaa6b9e47,a,K562_region_01318,chr2:169764148:G:A;chr2:169764176:G:C;var1;middle;OL31|K562|ebc05761af01eea2
b8e0b46ad34c3eca36991be71e186624f38ca4d3bfb77c6cf65667f82be158b3,a,K562_region_00254,chr10:100175532:A:C;chr10:100175536:A:T;var1;middle;OL41|K562|f8c55505f9345683
b8f18d351269e0dfd632b631899aec7fc08e0445ccd8dd278f2f31137afa4074,a,K562_region_01733,chr5:9547941:T:A;chr5:9547958:C:G;var1;middle;OL41|K562|6ea35f02548a8e9e
b8f8dec3f1ef5dc29809500e9053d028ab692427c4942f70973abe96f35d325b,b,K562_region_01633,chr3:184090242:C:T;chr3:184090266:C:T;var1;middle;OL27|K562|3bc043edbcfb8613
b902ac50ad657aab6ba2c1c20afcf957b305cd2af36e88783406b6e4aa9843d5,b,K562_region_00603,chr14:106452690:G:A;chr14:106452766:T:A;var1;middle;OL41|K562|79b8fb7cd43576dd
b91c18f56beef70cb33fc9d2fa1ba054e34ca3e55fa1a6000e7177dc279f2e1f,b,K562_region_00542,chr13:113676795:C:T;chr13:113676801:C:T;var1;middle;OL41|K562|070d7e51056fbfbc
b92562927d5517446435761ee87a07d1d2f1921d013d5ac59086f9139975dd52,b,K562_region_01067,chr19:7223785:C:T;chr19:7223848:T:G;var1;middle;OL29|K562|0be11be2f16e2f7c
b9304dae0c1a707718add9aaadc449e277aad65b491aeae7e85dcedfe6909c6d,a,K562_region_01976,chr7:76143625:G:A;chr7:76143705:T:G;var1;middle;OL41|K562|872c852784ff81a5
b938173ce82f15c020a3cb4731548927d2c204d88becedfe8c721e387a9c5cbf,a,K562_region_00078,chr1:90228305:C:A;chr1:90228377:C:A;var1;middle;OL41|K562|399f5342bc024866
b95511120a902af6da5e04c4902def3dc0d381f1fb29e98b4209458c3ae8c43c,a,K562_region_01150,chr19:46974728:C:T;chr19:46974748:C:G;var1;middle;OL41|K562|374d1d1f73697491
b9668043e003a54552a8e3f677f549e8b46b20f5e5a954549ef8a7b3a6f25d95,b,K562_region_00244,chr10:89826993:T:C;chr10:89827001:G:C;var1;middle;OL31|K562|60fc72fcdb4f5119
b9954b3101a2b97e01ab88e5294e0c154bae6ae847cc577952aa48f7f749aa61,b,K562_region_01791,chr5:176053622:G:A;chr5:176053645:C:G;var1;middle;OL41|K562|bdcc025603491c81
b998a85bae8c923838aed3314ed09e49058df3395fae44ef3ba997b77669d23d,a,K562_region_01127,chr19:36605794:C:T;chr19:36605875:G:T;var1;middle;OL41|K562|bd01e27562be05de
b99d8f31dceaf8e861f54ec04b8a9c552313fa35195e249650552af9f9793324,a,K562_region_00059,chr1:54683856:C:G;chr1:54683925:G:A;var1;middle;OL41|K562|b95f87d2ff15b19c
b9b5ec2410895024e4adb86492ff54808c584cc7bf463d56fd7ac4f881b90dd8,b,K562_region_00733,chr16:8740151:G:A;chr16:8740235:T:C;var1;middle;OL41|K562|883113e1516f8acd
b9d0ed01d2e2436a9fa9d773e5b6ebd40e95e33cdbc34a399eabdb6b7ad7807a,a,K562_region_00290,chr11:320115:G:A;chr11:320166:T:C;var1;middle;OL41|K562|5169f7bd8e51cb7e
b9db45f221deb3f1ac4ae5e14aa23a16cef129c758d2f5ec1ae46bd7bcc24248,a,K562_region_00321,chr11:4647517:A:G;chr11:4647575:T:A;var1;middle;OL41|K562|72317612f0b212b4
b9e0be183c0257c75dc9eca7b7d544803624353eb8e8508e3538b75baf733a54,a,K562_region_01169,chr19:53360976:C:G;chr19:53360992:C:T;var1;middle;OL41|K562|04fa1365a604b632
b9f3853f097fd24462ff147eaefc65a7847854247286c282314225fb4510ea0f,a,K562_region_01215,chr2:11853913:G:A;chr2:11853964:G:A;var1;middle;OL30|K562|ef90491a42aa2c52
ba05ad53540b6726b53c281a27a1e091e39254a475f261dfb43590f5768200bf,a,K562_region_00728,chr16:4845532:A:G;chr16:4845575:G:A;var1;middle;OL41|K562|033c5bcad1110195
ba1e2fd6ff8152bfb3a0b5253a065eda921320cbb7788d843cfc139431dcd95b,b,K562_region_01572,chr3:12268191:C:G;chr3:12268244:A:G;var1;middle;OL27|K562|3871f2952cf00b48
ba1ffede69234532055060a6828f5ddb0fb145d58e9d995aa4e8e6fd2128f591,b,K562_region_00949,chr17:76300505:G:A;chr17:76300568:C:A;var1;middle;OL29|K562|7061ec9cbb0310f1
ba3108a551dbe78d5a5101b0987e363b6f717d8bfd2e17da7ee5d6b44da095b4,b,K562_region_00578,chr14:75428234:T:C;chr14:75428248:C:T;var1;middle;OL30|K562|eeca5096ad980971
ba37bfafde75533712dee5023924ce4b8197caabdcc0b383e0f10d76d5554687,a,K562_region_00679,chr16:419733:A:C;chr16:419805:A:C;var1;middle;OL41|K562|005e0101ab6b27cc
ba416bb2b22608383ed9b17218fc37ec9df571281adefefb3847d90976382988,a,K562_region_01515,chr22:36598058:T:C;chr22:36598081:A:T;var1;middle;OL41|K562|8271dcaed82a7280
ba478c6bb26ff58b68f34bffa13f34dd2f7be17ea8bf8e51f4142199046125cf,a,K562_region_00042,chr1:25586488:T:C;chr1:25586492:C:T;var1;middle;OL41|K562|84b70e1190cb8325
ba5593bcc925400cccabde4059804d9a227646914bda85189370c84dbc1bf7bd,a,K562_region_01448,chr21:42653237:A:G;chr21:42653289:G:A;var1;middle;OL29|K562|8b1b82664aa26428
ba6a4537835bd0b5cea7295fcd5068fafdfa6131bf0d48709e4b7e6bb167fa14,a,K562_region_01172,chr19:53868959:G:C;chr19:53868979:C:G;var1;middle;OL41|K562|6a622821aa24d575
ba74b54559f0ef1d2b753fef2476f493727f07c7b6bc1491de50e996e1f7b34a,a,K562_region_00332,chr11:10669172:A:G;chr11:10669228:T:C;var1;middle;OL27|K562|0c9871a59cd10552
ba83dea9e59748ea4f0723c7f5bcab67a16dc264fc3012ec38cb8af179bad5ad,b,K562_region_00972,chr18:686782:C:T;chr18:686807:C:T;var1;middle;OL41|K562|303059d47b69e4ad
ba870dd195746dc676730089062f9040691cee8b79a7b19c787c3c1d92ba9adb,b,K562_region_01911,chr7:2414550:C:A;chr7:2414567:G:A;var1;middle;OL41|K562|66465e9c86ae323a
ba8b0676741a025306701823d1e965085f5767a785fbaf2679d1e7343301809a,b,K562_region_01181,chr19:55658387:T:C;chr19:55658397:C:T;var1;middle;OL41|K562|1ec304cef8d86781
ba907e2d19c7bd1cb2bc18850402cac246048cf3539b6a582024e46dd5b77892,a,K562_region_01663,chr4:3957353:T:C;chr4:3957404:T:C;var1;middle;OL41|K562|691a3562dc1091d3
ba9d23839f8e2d9fd0e9f581063b954dbe9c1bc78e97fafb356642478640dba6,a,K562_region_01530,chr22:39496663:A:G;chr22:39496744:G:A;var1;middle;OL28|K562|d4d31130c372fe5e
baa3b8e05ee4fb72f463115a5640ec89ff576194a4ffff46c79bc6aaf7a44623,a,K562_region_00387,chr11:102401633:G:A;chr11:102401661:T:C;var1;middle;OL41|K562|ce62fed4578ebb02
bab5b17bbd294de57ef430ce7e1aeed629c13940dd0b06bb407f9b5c0c7d1d30,b,K562_region_01705,chr4:122618117:C:T;chr4:122618166:A:G;var1;middle;OL41|K562|cd08509f7586150c
babaada0e0ec02f332a4044f3571fd24a3b78b907387d210328acfdf7f0a6cda,a,K562_region_01225,chr2:26916844:C:G;chr2:26916846:C:G;var1;middle;OL30|K562|f2cf451a691ab3e2
bac2691dcddd1902a637a0bd4ed943c883d3827521cb5ed915c8e169aa2631d5,b,K562_region_01501,chr22:23657939:T:C;chr22:23658007:G:A;var1;middle;OL41|K562|c2d203e2c74e5bd5
bac95a9c7d952c2e1b6df7d54c5bc700bf5583aea1afd08ab976b4bb11f10ed9,a,K562_region_02113,chr8:144093864:C:T;chr8:144093928:C:T;var1;middle;OL41|K562|a1d9877831f892d2
bae2524cf89bcafbb4b7a95e5b34585ed02c92b63cd6ecd4d8ec5c03ffcf0a3a,b,K562_region_00709,chr16:2011082:T:C;chr16:2011126:A:G;var1;middle;OL41|K562|a4e928d82d062c8d
bae7d88e54d5ac19e388c612c4dbb27276760d6a485431a455b1265d0fabef51,b,K562_region_00044,chr1:25895526:G:A;chr1:25895599:T:C;var1;middle;OL41|K562|462b1904eaf71eef
baf5954272b56eb3c45c6a60de81ea4f3a31dbf9bd3316f5d82c2e04812a24c7,b,K562_region_02072,chr8:22228970:G:A;chr8:22228978:G:A;var1;middle;OL30|K562|7c833250702338c2
baf78e3f2bbdbbad363fbd818b0c3cd307fac4bd624ad0353772ce48b166d56e,a,K562_region_01774,chr5:139975636:A:C;chr5:139975672:G:A;var1;middle;OL41|K562|a93acc480c7303e0
bafd6dc27ac0ccf03bb21c86c8a3690961f91bf5fb855881137ca44d6e6842b6,a,K562_region_00576,chr14:74734660:G:A;chr14:74734694:C:T;var1;middle;OL41|K562|50d2a24e59891cd0
bb0133cb519562a944bc3a30c40cb8befc62d25ac8ff0b2c72ce5b9cf1950be8,b,K562_region_02176,chr9:95899179:C:T;chr9:95899230:C:T;var1;middle;OL41|K562|1c5b4f5379d8ee05
bb172778f9859342fba0d833b17f5aadbf6a4837dc46906715b14581156c8a08,a,K562_region_01262,chr2:62733189:C:T;chr2:62733253:C:T;var1;middle;OL41|K562|7fc6c745f038c3e3
bb216adde4be8f658ec7fb0b2092262d3fe9778604751ced0146a1daa19a19b9,b,K562_region_01156,chr19:49206108:C:G;chr19:49206145:G:C;var1;middle;OL30|K562|a3c9f6017eaa64a3
bb2dde57a04d87e25f7bd397dd3988e6a1a7607b7aa72c7f4e87a76ef8c6fd4d,a,K562_region_00540,chr13:112221296:C:T;chr13:112221334:G:C;var1;middle;OL29|K562|f30bba0617547740
bb345dd63c0e50deb49caacdd15464ac6af7159d640b17e0db72ac78e810e36e,b,K562_region_01152,chr19:47609212:C:T;chr19:47609223:G:A;var1;middle;OL29|K562|d06b801d04b2a7bf
bb37e0528e3e361b4e6c679415ee035d6df51288ccb36fdd8b5bd6155f6318ef,b,K562_region_01974,chr7:73026848:T:G;chr7:73026886:C:T;var1;middle;OL31|K562|f6da0c5a80f0ee76
bb3f2e9d37debdfef266a4f625bc3ed8b6446268ae556ea3c71d62faef256ce2,a,K562_region_00504,chr13:29292867:T:G;chr13:29292872:A:G;var1;middle;OL41|K562|b1edf256b3cddbf8
bb609d8d9161bd7a3a62d253751b1de2ba059aaf9f759795dd650cd0fadfa927,a,K562_region_00680,chr16:420592:C:T;chr16:420645:T:G;var1;middle;OL41|K562|bad14fa3de0a257f
bb6d22f2870e881a0e043a81f1334d355fc8e627475dfc38416d6be1590ac5b9,b,K562_region_01286,chr2:111935461:C:T;chr2:111935478:C:T;var1;middle;OL27|K562|9319dd12b7bbcd52
bb72767602979a1a15b2ba56914b03697e9d54c99de3989c79fef537674ce545,a,K562_region_01305,chr2:132243380:C:T;chr2:132243446:C:T;var1;middle;OL41|K562|acf35b94d982b412
bb72d12489761670b83c87d53ec3af21c4d94f0bcc0f2958734103bbaabe3592,a,K562_region_01495,chr22:21400563:G:A;chr22:21400575:A:T;var1;middle;OL41|K562|3aa75dfb3d9fedcc
bb75b2ebd5fd4fa11af8ba31d06cefc554f8f41c93c8e5c6ff328ee8defc9e9f,a,K562_region_00914,chr17:45771873:T:C;chr17:45771933:G:C;var1;middle;OL41|K562|131d41155b03f12a
bb765374733c27d82b6321981d45b8a9791c39f3b0210078b0fe3042072a0116,b,K562_region_00562,chr14:35885747:G:A;chr14:35885785:C:T;var1;middle;OL31|K562|f90b050c4cd6a5ab
bb7ab6b9b4c82b9f01e2d7a3f02bed60b231db5a2b3b191722a9a4d03b7f3141,a,K562_region_00193,chr10:5335965:C:T;chr10:5336050:G:C;var1;middle;OL41|K562|c6ed37b0cc117349
bb7d24761fc306acf6a90e19da5fa896b07f5cf7b7d86262ba326315eae4850f,b,K562_region_01150,chr19:46974678:C:G;chr19:46974728:C:T;var1;middle;OL41|K562|6ed3232cf4010b90
bb99491aacbdb00a2d14c454e65a2ff142afc8354cd4a32269ba22f25aa39b92,a,K562_region_01393,chr20:42473719:C:A;chr20:42473769:C:G;var1;middle;OL41|K562|56fbf2ad4b371ddf
bba77aa896dc5e33f8c9d55d73261cf382f574dcd12049845b8e442707d823c7,b,K562_region_01112,chr19:20844477:C:T;chr19:20844531:T:A;var1;middle;OL41|K562|86b431447d1b5de1
bbbc19ee6aefaae49f15dacc47d94967c212c0b89d7a5a539804772c44ac9590,a,K562_region_00107,chr1:144541653:T:A;chr1:144541734:T:A;var1;middle;OL41|K562|6c2b4c7f7c20a663
bbbd46f855dbcea1b896bc012142d4e348121ea85f84df6ae7763059dffdd3fd,b,K562_region_00299,chr11:695955:C:T;chr11:696036:C:T;var1;middle;OL41|K562|ebac5a2ac1abb54f
bbdbb63f8b8ee7842369e5b6fdae5c3e31116674f81049e901cde602fc9e735f,a,K562_region_00227,chr10:52643179:C:T;chr10:52643221:T:C;var1;middle;OL30|K562|2e585872392ccd98
bbe7769f1fe0c0c20035934cf56fa77fac8e1994891f6ab1de375f7a4f94db1b,a,K562_region_01537,chr22:43549649:G:T;chr22:43549652:C:T;var1;middle;OL28|K562|d46f318c932f28ef
bbe78b25ceffc2c3b272a4915edb044cbe185fba714b873d4b65173fd0d69a8b,b,K562_region_00366,chr11:70253389:C:T;chr11:70253475:C:T;var1;middle;OL31|K562|9964abf849b68b66
bbf30611758396a74997d3f03d70193ee23da5b176c7ef56c93596d1622a9b02,b,K562_region_00914,chr17:45771873:T:C;chr17:45771933:G:C;var1;middle;OL41|K562|131d41155b03f12a
bc01944312514e865507f5a5c3448113acb3190385aad7498414e5d825f75152,a,K562_region_02079,chr8:23406169:C:G;chr8:23406241:C:T;var1;middle;OL30|K562|a2b0f72a994d1a19
bc092c2ff31a46be48561769fb7cf03fbff4e678485dfdf04a7d28937183a766,a,K562_region_00693,chr16:1484338:A:G;chr16:1484392:G:C;var1;middle;OL41|K562|c561669ef0c34593
bc0da01323bf986761055392ff06346507c4062fb1b171f9bfe08c0154ed3dfb,b,K562_region_01508,chr22:24997357:G:A;chr22:24997369:T:C;var1;middle;OL41|K562|ca1b9e411e89af28
bc1bbd31914306212eeaeff9d98b5e443a2d7152db0697c301c30bea6b5d0ba6,a,K562_region_01216,chr2:15906179:C:T;chr2:15906185:T:C;var1;middle;OL31|K562|32c792dd42466d16
bc21ca11e0f6805fe231516aea5a4b375c022d373421593bc8709d08ee9bb615,a,K562_region_00441,chr12:11000560:G:C;chr12:11000612:G:A;var1;middle;OL41|K562|1cf1bd30ba4bfd65
bc277ce429df27e0d2ac1b7300d29ce7787bb4734f55e854a6b2eef4201b39c1,a,K562_region_00522,chr13:51638146:A:G;chr13:51638170:T:C;var1;middle;OL41|K562|cca1b30bef8dbabd
bc38885957fa28e7799fa5ed3d09eeb9c5f5784522695261b8d1d342e586310f,a,K562_region_01740,chr5:34654441:C:A;chr5:34654477:G:A;var1;middle;OL27|K562|17346dc8108f6ebd
bc42d2353ba6c2f7ea2fb6c98457f11e655fa3b33bbd070cef694465347dad6c,a,K562_region_00124,chr1:161014649:A:G;chr1:161014727:A:G;var1;middle;OL41|K562|e2fa370d22b9cd6c
bc450df65af639be4c955723e652c4d855f3be76b67e2ceff16c9838d8fc2338,b,K562_region_01923,chr7:14799692:G:C;chr7:14799739:T:C;var1;middle;OL31|K562|fb8e3da42fb15a58
bc506f5b6a19a9b2c916a85f410bd68d41afc284244c3577ba6073e62c0943d8,b,K562_region_00861,chr17:7347042:A:C;chr17:7347123:C:T;var1;middle;OL41|K562|170fbedcee22bf81
bc561373cd22fa705b2a0630ed0028446aac99782749c202fe840b5932de0a36,b,K562_region_01269,chr2:71277382:T:C;chr2:71277430:G:C;var1;middle;OL28|K562|0a9a7f3c8a0f623a
bc6c777065cf80230106ac6222f620c1071806b22fe58f11d6d8bae5b4d7a137,b,K562_region_01526,chr22:39241583:G:A;chr22:39241656:A:T;var1;middle;OL41|K562|94fc61965847831e
bc7e49e9825311b19944d23b11e684576c5c1122d263a47c3dc793183cd2182c,a,K562_region_00938,chr17:70063522:A:C;chr17:70063583:C:A;var1;middle;OL30|K562|91cea8110f888770
bc9098c02799dfcda201e36f7dd28195482745ab7d9b3362c496d7276cb3d43a,b,K562_region_01810,chr6:3027015:G:T;chr6:3027019:G:C;var1;middle;OL41|K562|07969ac347bd538b
bca48a8ec8b2856ea38ecb41a36cee05ef030567ba30356352425c97cb8efe63,a,K562_region_01940,chr7:25473826:A:G;chr7:25473913:T:C;var1;middle;OL27|K562|3071077b647f63a5
bcc008ac84c74ab1098a2ba70d33fa2cdd344bf2014e4a005e7e3e755dde3a19,a,K562_region_00834,chr17:812491:T:C;chr17:812533:G:T;var1;middle;OL41|K562|b4eb46b30ab41b50
bcc676ddaacf63fc1f72d94fa3fc8dff9031e1f6eaa1b5bdc44a4881e8c2eecb,b,K562_region_00277,chr10:127475630:C:T;chr10:127475662:C:T;var1;middle;OL41|K562|71fa201244b7f8f5
bcd18735b2be2cb6a28133bd2259e2e2a57e9405f955a566e145818beb6b1a68,a,K562_region_00600,chr14:103576444:C:G;chr14:103576526:C:T;var1;middle;OL30|K562|f4553f6cbdcc8f49
bcd77b802b38eb8f9047a6450097ee6165ae42efc0ea9208796a3226af567219,a,K562_region_02111,chr8:142456943:T:C;chr8:142456983:G:C;var1;middle;OL41|K562|9be6d9b8e3899376
bcd8f2f2487244d5a04aa59d9a736ed254517a0eb4ab20f4669ab7612fb2a57e,b,K562_region_01036,chr19:1490664:T:C;chr19:1490703:G:A;var1;middle;OL41|K562|cc64daa09f5b47f1
bcf448abef8db369a94490f7e3233d36088e8b1d0890c6dc1e214092f76ec44a,b,K562_region_00956,chr17:78021493:A:G;chr17:78021529:A:G;var1;middle;OL41|K562|1ee01528372fa53b
bcf8f7f5bce924e7a3050ad3658f9aaa6ae3a5c71a25c89c73af7d2f39426dd3,a,K562_region_00366,chr11:70253389:C:T;chr11:70253475:C:T;var1;middle;OL31|K562|9964abf849b68b66
bcfc7f5dc05cc1031ff5f72ca5092a0724d64891b77982ab636c3fff6484a326,b,K562_region_01232,chr2:28819614:G:A;chr2:28819674:C:A;var1;middle;OL41|K562|70665f55dec5c76a
bd0defa8cae48981649680eebac44a7dfd9568bb67a0a732c7fe3a84c7a5ba5e,b,K562_region_01569,chr3:8826971:G:A;chr3:8826973:C:A;var1;middle;OL41|K562|50ae49cbf244d1ba
bd1d6b5ca8ab81a21d29a0d745b7e635006fe32bf75a76e9a01f8ca19e8dbc0a,a,K562_region_01963,chr7:50271829:A:G;chr7:50271831:A:G;var1;middle;OL28|K562|85bc693000cb03e4
bd24b095bc940f439d89a58efd8cf431ccdde9c1d11fcba746d9d89bf5b070b0,a,K562_region_00428,chr12:6901077:A:G;chr12:6901134:C:T;var1;middle;OL41|K562|6c8b14202f0827e4
bd3be4934138298c7214ccc1be4ade56c275463bd03d5498cfc0a6ab0326fb57,a,K562_region_00404,chr11:122520528:G:C;chr11:122520558:A:G;var1;middle;OL28|K562|f1cfeda87386c138
bd439a3470627f98ca0411316a1fc10af13a3d1625287d02bffd90ec666e40bc,b,K562_region_00864,chr17:8009331:A:C;chr17:8009337:G:T;var1;middle;OL41|K562|9e2b2b1852bcf9e7
bd4b5b98f1310ca5f8a415acd954f5819879b1da5d7179285345af79376d80c7,b,K562_region_00289,chr11:307999:T:G;chr11:308015:T:C;var1;middle;OL41|K562|c52e498386c5cf97
bd569230517768c3fa313e0dbe6042162d1719d5731f48cbc0d19cec6779d0de,b,K562_region_00694,chr16:1486875:C:T;chr16:1486926:C:G;var1;middle;OL41|K562|3b1891848c78606c
bd61d98049eacfbd5463e36a2d7b844de574dc39f4a8cfccd97f0f8b080e0ee6,a,K562_region_00831,chr17:738949:T:C;chr17:738952:T:C;var1;middle;OL29|K562|e41a83ca414c4613
bd6c85ee1ebcea2904380acf83cfdab47a5b50003af185fd694ac68aa2c6025c,b,K562_region_02156,chr9:33521992:C:T;chr9:33522045:G:A;var1;middle;OL41|K562|6bfdab94ff8ab2b8
bd7527659503b9c58564af070ee95db071cfcf8f5f0f85a2fce6f613c70dc984,a,K562_region_00039,chr1:23850584:C:A;chr1:23850587:C:A;var1;middle;OL28|K562|6a5b9f030eb798f2
bd7f7857032251dfb2de7049bad7a26ac7a2d36534422e3128ab13e24fc46d5f,b,K562_region_00546,chr13:115064423:G:A;chr13:115064482:G:A;var1;middle;OL41|K562|ebaf0467f8f86da0
bd826eaffdb6e9fff2bc08406cd3c6f5722331546c109980813ac00c0e3773e7,b,K562_region_02171,chr9:95840256:A:G;chr9:95840344:A:G;var1;middle;OL30|K562|f9f8bf8d51739dde
bd8ecd9f0b7b6ed5c4dc33dd1d9c6d5c37b92cf8e1547d380ce815e3eec5e853,a,K562_region_00519,chr13:50703650:C:G;chr13:50703703:C:G;var1;middle;OL29|K562|8ad63d3a4d22191e
bda72dc044822eadcae99506d20a5dacdd166e1abed9a67142ce119348d17cff,a,K562_region_01210,chr2:8819789:C:T;chr2:8819812:G:T;var1;middle;OL41|K562|19b4d6655f283480
bda8ae61371492c3d155ecb6739f6878843e4d45701c9132da0ac91e80ec79f4,b,K562_region_00361,chr11:67200812:C:T;chr11:67200819:C:T;var1;middle;OL41|K562|1f7c19d073a46fb8
bdaa70b264a815c303689e9ce31ce9acfa4a6cb6f6b3b0ec3cbfe2b27d158588,a,K562_region_02204,chr9:130733706:C:T;chr9:130733762:G:A;var1;middle;OL41|K562|6ed8019e98764552
bdab1a7e9fe27a4b7dd09fef7eb9b41ddbbaf86a6dd0589bb3edd9fe39631aa9,b,K562_region_01570,chr3:9507257:C:T;chr3:9507314:T:A;var1;middle;OL29|K562|8f931f5195971191
bdae749d0218f5374bbef1601217c74237d27f56c0993a9ecca4a9999c7f06ff,b,K562_region_00583,chr14:90421493:G:A;chr14:90421558:G:C;var1;middle;OL41|K562|b219c12b2e8a74ab
bdb59744acae6a5ee08dd6214308a9484ef6b884b32b00990896a805b61595f3,a,K562_region_01041,chr19:1986414:G:A;chr19:1986455:A:G;var1;middle;OL41|K562|9146c7b4096bc1ec
bdca8c87865b236b501c460b9320ffebfd10d1adfb75282f90fb4df0995fa391,a,K562_region_01382,chr20:20033242:A:T;chr20:20033319:A:G;var1;middle;OL41|K562|c5539d5a972365d3
bdd81a606686443fe398664985fbbdb1d01038ceda09c4527c7dfade3c00bd12,a,K562_region_01029,chr19:1016206:G:T;chr19:1016285:G:C;var1;middle;OL41|K562|d60b97dbda098ffe
bdefd7bd41cab2de7756506767692a13b72ed9ce358e42279efa876bccb00422,b,K562_region_01826,chr6:22930460:A:C;chr6:22930522:A:C;var1;middle;OL27|K562|b33468c0ad23d1ee
be080edf5aaa479a349b3c3ff9f899c92df341be253134d35d05971f21750f8c,a,K562_region_00154,chr1:209979613:C:G;chr1:209979635:C:T;var1;middle;OL41|K562|2e0b381dc8e77628
be0958ced78c3433cff85a452e288e8a39ab4f5b0c86fc3f84e5ace009e147fb,a,K562_region_02139,chr9:6665010:C:T;chr9:6665097:A:T;var1;middle;OL41|K562|11b57666f323e850
be24bf463e9ef266822bb9a7ea2a5c0408c2a642c8791b71dd76df0d790740e0,b,K562_region_01477,chr22:18958674:G:C;chr22:18958701:A:G;var1;middle;OL41|K562|b1b6711780de1e15
be352dc16616b86b6b96cdfe7837a9ecb62e2ceba4a4c93f36676b3288ae3246,b,K562_region_01002,chr18:60846656:T:C;chr18:60846738:G:A;var1;middle;OL30|K562|88d13df355538397
be36c7e885a5852bffd932d2a9703cdd3e90eee8d5d420e3802e842fca289e91,b,K562_region_01381,chr20:17596155:C:A;chr20:17596219:C:T;var1;middle;OL30|K562|ffff28ff11abcaa7
be4628998ef42e28986ed15e5e43dac21e96573d14c69f9434518e8dbe66a78b,a,K562_region_01867,chr6:126069636:G:C;chr6:126069702:C:A;var1;middle;OL41|K562|83b66ef7ff29a487
be4ba162ad79d4e5ebed3cf7344e71352510f14710e56a9b499aed4138712978,b,K562_region_01385,chr20:25842403:C:G;chr20:25842456:T:G;var1;middle;OL41|K562|8b478d478863a8d7
be592754b1269a94995622a86332579cda207327d776c379e0a94c93997e3e5d,a,K562_region_00973,chr18:907564:C:A;chr18:907566:T:C;var1;middle;OL41|K562|49a90b0a9a01e98e
be615d172cc3bc651e4fd0d77021bb105a013f50a72475964cd0078952a71506,b,K562_region_01848,chr6:44170206:T:G;chr6:44170262:G:A;var1;middle;OL41|K562|d1b325f6ac1a1f2e
be6d8d13f075f3f49b66d60e4fde6c992e233ebbb9422e5f8cd34046f535c551,a,K562_region_01893,chr6:168720652:G:A;chr6:168720691:T:C;var1;middle;OL41|K562|f9a759da10e3f989
be7edac32945a423f046efbcded676291d318c2217dd2a83f50a67dec24d7d86,b,K562_region_01029,chr19:1016206:G:T;chr19:1016285:G:C;var1;middle;OL41|K562|d60b97dbda098ffe
be8227a36c7ef149cebfcd57293d88e8e99f8f140fdd659cd11c861cf642bece,b,K562_region_00387,chr11:102401633:G:A;chr11:102401661:T:C;var1;middle;OL41|K562|ce62fed4578ebb02
be942d93011885f9dee90b53359d1555c5ee90077a66bafca40e9fb5f89e5487,b,K562_region_02135,chr9:5038164:G:A;chr9:5038180:C:T;var1;middle;OL28|K562|a465427a012ec8f5
be9be8099dba275b54f2d1272f7f918cc607b8fb083e2f526500e81ae8720b39,a,K562_region_01128,chr19:39260470:A:C;chr19:39260544:T:A;var1;middle;OL41|K562|d092d56a67202a0b
be9c6ef59b0f4f5e32920957618310a432d7e0cf1fd3099a070a0f27f69c2348,b,K562_region_01646,chr3:196433421:C:T;chr3:196433441:T:C;var1;middle;OL41|K562|bd887e494a2e58e5
be9f2db41bd7e8aa30fe95e754254882cd6b83234b08d3c469bbd022d42d4eb8,a,K562_region_00170,chr1:230849799:A:G;chr1:230849872:C:T;var1;middle;OL41|K562|2c3c12dbcd60fee3
beaf5aded6b7a7ade6709ba52fc6281eb3848dc890e62ea662889e2652763c6e,b,K562_region_01234,chr2:29288425:A:G;chr2:29288466:T:C;var1;middle;OL41|K562|df98a6947ae44ac0
bec08df9403c243f48f10f242d158836ef17d523a0e071dbf927327ea9a34e5d,a,K562_region_01994,chr7:100211486:G:C;chr7:100211556:C:A;var1;middle;OL41|K562|18836dfcc9a114af
bec0e1e993e1be1def636719778207a36a2b23b6b7215e3859b42d7dec5fb6ee,b,K562_region_01468,chr21:46714641:C:T;chr21:46714707:G:A;var1;middle;OL41|K562|ce7d1cfa4a641974
bec24f4a6171ca92cfff36dc39814a690ce6a0871cab611bc6089f3ce481ff96,a,K562_region_01537,chr22:43549637:G:A;chr22:43549646:C:T;var1;middle;OL28|K562|5ad99770b0c5fcb7
bed71ffa6dcc69fc4b59ef1368783427f4890a595856c362cce0d203688c1ad0,a,K562_region_01532,chr22:42466905:C:T;chr22:42466950:C:T;var1;middle;OL41|K562|dcfb5c615117df33
beda64240bb305f9167efc81ce6748b5729bdf2c106c0e772987c1d9ea089cf8,b,K562_region_01903,chr7:1210688:G:C;chr7:1210745:A:G;var1;middle;OL41|K562|d9990b6db84a2056
bee40bb9a0aead46ed78e59680325973a3e9bea413fd6b783890416a0a413b69,b,K562_region_01555,chr22:50658424:T:C;chr22:50658501:A:G;var1;middle;OL41|K562|95ba9a3a7fa0505d
bef25cfb6ae5215bce3961155b6e6f2022c046d13f939ecd92fa8518a5511b13,a,K562_region_02025,chr7:150020422:A:T;chr7:150020489:T:C;var1;middle;OL41|K562|38b0d2eabada9103
bf053b1d8bb3fe29c4c30382ca12cde838bc4744df5210ef77b13603396ef7e4,a,K562_region_00747,chr16:20420807:G:T;chr16:20420889:T:C;var1;middle;OL41|K562|d6759654034e5b6b
bf05cfe6c2705569c0d2b51e141247342cb1d947da951faa07836b22623fcfc7,b,K562_region_00525,chr13:74705179:A:C;chr13:74705251:C:T;var1;middle;OL27|K562|21713c54c3f3c3d2
bf2193741aa49eca16a786ea4a895d1b12709ee7777d8baedc46b43c7c6024b9,b,K562_region_00686,chr16:449934:T:C;chr16:449980:C:T;var1;middle;OL41|K562|eca84977f7a0005d
bf2660422e8d60b83949712b6569380d0bd689bede0e9cf1b31072557474d4aa,a,K562_region_00191,chr10:3629849:A:G;chr10:3629908:C:T;var1;middle;OL29|K562|2755e0d7f28d6353
bf2f99522a3a21c1bc495f6d81d187fb52b31e3ecdd8646f236e1b03789a9369,b,K562_region_01289,chr2:113934174:C:T;chr2:113934226:C:T;var1;middle;OL41|K562|3793db31e47f12f8
bf32bcaeb3f4aac6eb1fe79ab69f19f7cc81fdc6c9a20ffbe91afb41b15b103d,b,K562_region_01282,chr2:101179122:T:G;chr2:101179174:A:G;var1;middle;OL41|K562|2fb6348aae69581a
bf4886e2a2acdc7d69ee6485b2f5a4c3019f361b69bde6ec4d14e659beb771f7,a,K562_region_01498,chr22:23058621:G:T;chr22:23058658:G:A;var1;middle;OL41|K562|2897fb99aeaf39ab
bf499a0590c40dce61c696f4faf4926d1a1714bd62f06359cc85b3123c13d2f0,a,K562_region_02107,chr8:134502205:T:C;chr8:134502223:A:T;var1;middle;OL41|K562|47c8baac12b72e2e
bf566a4290da6ec6bdc31c7c24617107b0c1e61b2c72be317a65af6acf799036,a,K562_region_01013,chr19:384724:G:A;chr19:384812:C:G;var1;middle;OL41|K562|4b6771e391425108
bf5880527c11cb0ded3cd18e5baae9da5e1f36506b365a421e7ece869ac24882,a,K562_region_01119,chr19:33517152:G:A;chr19:33517201:C:T;var1;middle;OL30|K562|a173f94d77c99fc3
bf5f990c4e079ea32f70f724ab20df7b4042ac55fa40f4b67b5cd9946ad629d1,a,K562_region_01759,chr5:95170683:C:T;chr5:95170719:C:T;var1;middle;OL41|K562|e77d7e8586b634eb
bf875c0026a0cc28f6a20e73469475c15fa4b33b4ad9e7f2f70e1c2f37c735af,b,K562_region_01758,chr5:95163437:A:G;chr5:95163449:G:A;var1;middle;OL31|K562|d6db50912a99c8d3
bf88fe1765a11f5c1cdf51f3fa6c637b9d998b2bcf80e0700a08a0bdf6ad2485,b,K562_region_00205,chr10:17180649:G:A;chr10:17180675:A:C;var1;middle;OL41|K562|9e74dab640373067
bf9cc6948cc26a10ef6755dc77331560c36c8d9e830ed471b50915dc8dff388a,b,K562_region_01829,chr6:34503279:A:C;chr6:34503338:A:G;var1;middle;OL41|K562|f76454524893bb2d
bf9f98f8f6b415ea14bea54bfe0a519edb476ae899eb90fbbbd3b4791cc67241,b,K562_region_01274,chr2:85645545:A:C;chr2:85645593:A:C;var1;middle;OL27|K562|8a83a0bf8948a828
bfa4e078c1d8910895ca809e054df6a62db95b57b5a4a3735d1f8bd6c83302d7,a,K562_region_00484,chr12:119709698:A:G;chr12:119709787:A:T;var1;middle;OL33|K562|809b340da59aa02b
bfa4ea9b2d84bd6c6d3e07f07b81ee8675c15881d16dd245ff701a429a88f87b,b,K562_region_00632,chr15:63429062:A:G;chr15:63429086:A:C;var1;middle;OL41|K562|74edc06d991a7283
bfc500a1dbe152eecfd07bed39fd59d3d37062fbc3d2120653e137103b3f59b3,a,K562_region_01259,chr2:55324905:C:T;chr2:55324960:A:C;var1;middle;OL27|K562|5f22f818a811220c
bfe3df1685a8de7ac75a6659d16fd0cee13e82c9b082804ce6cb653a485f2f74,a,K562_region_01719,chr4:187075365:G:T;chr4:187075394:A:G;var1;middle;OL41|K562|9d36c6b3e593d515
bffcc5baa8ed775e9a99cb4efbdf0c971d4cfe120b993c8f96faf219b693f96d,b,K562_region_02103,chr8:126507308:T:C;chr8:126507389:C:A;var1;middle;OL27|K562|b260edd05d6c32d3
c00c3ad3b2062faf01af612b8db0021ce2b0bce530f4f4606ad0ca0ec239c407,b,K562_region_00305,chr11:1689409:G:A;chr11:1689461:C:G;var1;middle;OL41|K562|a8b09f656e6b56a9
c017c892815d10cb234f46cb4ed1e2289cd05763431834026f1849f03a7b92a6,b,K562_region_00952,chr17:78006747:A:G;chr17:78006749:C:T;var1;middle;OL41|K562|d3ab93522cca3c6a
c02b5bd08f5a38c498526c1be1a6a5b72f0ac394201fa720b193a306f3d8e869,a,K562_region_00997,chr18:51773423:A:T;chr18:51773444:C:T;var1;middle;OL27|K562|b1f4bbb01bf8eace
c04b147ee799d02010fc9f222b10eab7b222f9ddd3a59a812436dfd6fadfd655,a,K562_region_01346,chr2:231904874:G:A;chr2:231904880:C:T;var1;middle;OL41|K562|9c946777337cc012
c05919eb26514e37fb997ca1e9d5732361e751a84773b6644f574c28c726e902,a,K562_region_00262,chr10:114206754:G:C;chr10:114206837:T:C;var1;middle;OL41|K562|30e1257008c2179c
c05c1ee46f305810b5c065c8a08a21b5ab54e500da927a373c8444dea3d9d162,b,K562_region_01700,chr4:100065593:T:C;chr4:100065626:A:T;var1;middle;OL41|K562|82b27e3c9eaf8d54
c05e061218d3d7779524b2084815905db86611e7fedb44b8e84e6a15d74a5640,a,K562_region_02133,chr9:4844214:T:C;chr9:4844265:T:C;var1;middle;OL31|K562|2bfc1fa8325fbe44
c06c3b6f9116789b6ce04bfec5b89fd63df1f7bee9162b87f6ee993273805fb7,b,K562_region_01720,chr5:202023:A:C;chr5:202064:T:C;var1;middle;OL41|K562|ca708aee9ea8f0cc
c070fe79834d36877ed04b70570dce63e6c86de90bf0e16c3fdf48601f62317a,a,K562_region_01006,chr18:68158754:T:C;chr18:68158783:C:T;var1;middle;OL41|K562|8d4874318ca6a60b
c085d9d21ce5004f2d025fbf7b56e1ec40cb1747df9abcbe4ee8b9bd54ce33d7,b,K562_region_01616,chr3:139396734:T:C;chr3:139396758:G:A;var1;middle;OL41|K562|9b6b1fc1db772753
c08c240ac066909744efbf8f125b3474118fbd7bea3d59f11dc35f6e244ad1fe,a,K562_region_01349,chr2:233791608:C:G;chr2:233791648:G:T;var1;middle;OL41|K562|443d32a68862c5f5
c09935b318645d1c129728f5502de6db4e5db6ab6230996c395304632574cf81,b,K562_region_01635,chr3:184455239:A:T;chr3:184455246:T:A;var1;middle;OL41|K562|a5662a48a5733c8a
c09ae6e7d964556df55843710192cddca3528d4718ccba5adc7034dd5b55da6e,a,K562_region_02154,chr9:23829702:A:G;chr9:23829728:T:G;var1;middle;OL41|K562|8b08d64c41ff894d
c0a72d35e19c8faa3f1e67a34b5b1db2ac77db2ede0d48051846a00a5ba03235,b,K562_region_01069,chr19:7992052:A:C;chr19:7992126:G:A;var1;middle;OL41|K562|f58d1136bbe533e4
c0b2d937a509daa61de29854138e5ba89a5c7ce89c7849a82f157ba7c70602b0,b,K562_region_01551,chr22:49262490:T:C;chr22:49262579:G:A;var1;middle;OL41|K562|c5ab300c3e6352d5
c0bedbd70dfc8e5b45c35196ea913c3e38c4dd7cdcd702f85fa51e193c83bf9e,b,K562_region_01321,chr2:174836670:A:G;chr2:174836754:A:G;var1;middle;OL32|K562|3c32ed69b480600f
c0c3ebdd7e486599d69f5d100624223cbe6e3ad78a2628d4072911e0125f4fd1,b,K562_region_00273,chr10:124017423:G:A;chr10:124017511:G:C;var1;middle;OL41|K562|2fe32fc8802b2703
c0ca9c2b4790b5f89895eefaeafdd10fc9abe06db18554f95176911a3c67022d,b,K562_region_00059,chr1:54683856:C:G;chr1:54683925:G:A;var1;middle;OL41|K562|b95f87d2ff15b19c
c0cc006dad5d11f6bf81cbaa11d4359ba8d5f821890a2aa7de731338cf0ed4a3,b,K562_region_00334,chr11:11144344:G:C;chr11:11144400:T:A;var1;middle;OL29|K562|1fae3aea15b102d7
c0d8a77e63393572f3b8404012d274d3f0d16af0b19689d27e6eefb0c09a4c47,b,K562_region_02106,chr8:134214204:C:T;chr8:134214224:G:T;var1;middle;OL32|K562|cab7214d7bdd9d5e
c0f7d40e4425ada49f9f224d2ac5ea36384cef3bf0a0b2380a46a07fa655a89f,b,K562_region_00501,chr13:26586775:C:T;chr13:26586788:A:C;var1;middle;OL41|K562|c22831bd30e98e55
c0f8542c70881ee8153f1edaab6b4ecc594542583a83dde9176ed9db0264417d,b,K562_region_01757,chr5:95144722:T:C;chr5:95144746:T:A;var1;middle;OL41|K562|66a2534ddd1ce006
c10bc1b2d7678511c6e8141ef3e44f025afac0a686932b7f105e9506faa311cc,b,K562_region_01573,chr3:12351555:C:T;chr3:12351588:C:A;var1;middle;OL41|K562|50dfc2cd7153a350
c12eb742097995a958c0bdb3ece8b50a91d2119d91664c994639b9965212e028,b,K562_region_01035,chr19:1456544:A:G;chr19:1456595:G:C;var1;middle;OL41|K562|da90359f72630d0f
c13115b10a10bb8582d36ba0c88f6860b762c54da76e0aff1100f6b8f42c63e3,a,K562_region_01718,chr4:187071282:G:C;chr4:187071358:C:G;var1;middle;OL41|K562|2af83e3e6380dcc9
c135daf677658d20eb2f7a98816f2cffe08a6068b8c21760c83d14427d23e28f,b,K562_region_00764,chr16:54148547:C:A;chr16:54148628:C:T;var1;middle;OL29|K562|4a275cb7fc0258b2
c1404e2c4882eba5c40f198296fd844d2d2501eebf99772b38f481c33efff53a,a,K562_region_01004,chr18:61637222:C:G;chr18:61637225:A:G;var1;middle;OL41|K562|31ca723eeaee6bf7
c1516feaeb9856caf39366dd7f4fb250ccd2dd2cd9e283e55881b47ba1abdc6b,a,K562_region_02205,chr9:130908044:G:A;chr9:130908109:G:C;var1;middle;OL41|K562|8788a3e17af142d9
c1575ba319042aded055fa0a60e227fffe6fe3de46673d93de4aeb1f0c42db96,b,K562_region_01486,chr22:20192544:G:A;chr22:20192587:G:C;var1;middle;OL41|K562|357b6025a3f42cde
c17099125f58b05f764ed9b4ab453d478c7493c092a8b8212cd560205d834112,b,K562_region_01080,chr19:14172896:G:C;chr19:14172951:T:G;var1;middle;OL29|K562|34c9f532f77d7d59
c177fca1bc8a72a04a07c405323f9796ee8c7cc482b6002346da9a37ec03292c,a,K562_region_00443,chr12:11791628:G:C;chr12:11791685:A:G;var1;middle;OL31|K562|a10751bcb493782e
c17bc125cf7054ed63762c404217b8496582a9ea206cab7a91cc9397b780e34a,a,K562_region_00989,chr18:33766982:G:A;chr18:33767017:G:C;var1;middle;OL41|K562|fba3be4c69de4186
c1825b9e74128ba67273fd4c38bcb0d5147a534150e0f8b00297ab26d4a6b041,a,K562_region_01150,chr19:46974652:G:C;chr19:46974728:C:T;var1;middle;OL41|K562|c548d8cc622ff80a
c182bba61fcb41fd3806e8496c88abf882ddfbb9137e8b3e18e3cbc85c57fff3,b,K562_region_01483,chr22:19860977:G:A;chr22:19860990:G:T;var1;middle;OL41|K562|103dd259005870dc
c1898a4032f9fb79de0afcedd53dca6f9faf3ff984150139d4e48d64f5a98f84,b,K562_region_00247,chr10:91596866:T:G;chr10:91596920:T:G;var1;middle;OL41|K562|8329affd4e8d6a3e
c19fd70e95c9cf51870bee05254a146dd694a26e12cb537cc9f1e665ea80e340,a,K562_region_00718,chr16:2892695:A:G;chr16:2892770:G:A;var1;middle;OL41|K562|849a6725c938d262
c1bbc1d830c92e60ba9c54b290c876f3bcf3e462283771c770c32f1c9538571a,b,K562_region_02218,chr9:136131415:C:T;chr9:136131461:G:A;var1;middle;OL41|K562|4e8451fabdbd711f
c1c599ae8500418854bd8fb397d8ed91460b188816b2e232d00a2ab2de290705,a,K562_region_01890,chr6:160570114:G:A;chr6:160570172:A:G;var1;middle;OL30|K562|5130ac4484cb8c07
c1cdf026d15e7c985f8271009dcd94349f578e51be8c9e8b743ef21a7996b1bd,a,K562_region_00485,chr12:120043595:T:C;chr12:120043649:G:A;var1;middle;OL28|K562|2f6772e8bcaa700f
c1db2f49db24ecd7b8b4baa747d20a269c8cbae9252153a0798deb18f4c97233,b,K562_region_01077,chr19:12982233:C:A;chr19:12982291:C:T;var1;middle;OL27|K562|7c77bdb825a32f03
c1db941c35d7c7a0429ee83591eff587925ad4a171ae23f48adc44025e2fee56,b,K562_region_00800,chr16:85966710:G:A;chr16:85966730:G:A;var1;middle;OL28|K562|dc7990265c94bd55
c1dd0e56a8873f6888880ba3794626bf9a98a9b6c6422ef8267bd69848c4eccb,b,K562_region_01844,chr6:43057192:C:T;chr6:43057265:A:T;var1;middle;OL41|K562|be5cddcfd168a8d8
c1e853f39b36d11070fb429fda099c1aae8198a3bceeab2dcd03562c9d8d2d73,a,K562_region_00192,chr10:5062171:C:T;chr10:5062212:G:A;var1;middle;OL41|K562|d088c23c44a76a09
c1ee70302aac04d76fb765e074f397cf8c39c5b670dc761be4ef66d75b65f374,b,K562_region_01516,chr22:37470536:C:T;chr22:37470604:G:A;var1;middle;OL30|K562|baa574be3dd10ec5
c1ff20cb4c46b65d043da277beedb2ce09ca15f69d1eaf22088a9ec9119bcfe8,b,K562_region_02080,chr8:27318391:C:T;chr8:27318425:C:A;var1;middle;OL41|K562|c1814112e2e7e2e1
c20672127bfaa68f11643ef6665a5bb4604a953cca5122d5ace49b1e9fafee68,b,K562_region_01243,chr2:42149319:G:T;chr2:42149344:C:T;var1;middle;OL41|K562|d1e45e7dc42b6568
c21a3d98db880164f80aeed2667e7eee811df13c4f2346a7ad66ad481938978c,b,K562_region_01241,chr2:38893660:A:G;chr2:38893677:G:A;var1;middle;OL41|K562|95b53f1257d7ca02
c21cdf55b8a0339cba6db30b77ef04c018dfcc0576b8ec0dcb6f5b4f127f6885,b,K562_region_02040,chr8:1709918:A:G;chr8:1709972:A:G;var1;middle;OL41|K562|6d5d81be9e45b913
c223f8ab85e3a6fe895f1f002782116f2c3d9d8888242dadc6878d954261b4c3,b,K562_region_02235,chr9:140169246:G:A;chr9:140169249:G:A;var1;middle;OL41|K562|8cf5477adcd4b417
c2254d01820e13c08ef29125e734648db2d75c86f10cb26d9e2113436b1f5ab4,a,K562_region_00518,chr13:50265225:C:T;chr13:50265228:C:A;var1;middle;OL41|K562|96d3bb5537807c5c
c23cb1105ef5a5b3a4220c13c4c851963441cee1d4fe743d93167152de1c7eff,b,K562_region_00587,chr14:95053849:T:C;chr14:95053863:C:T;var1;middle;OL29|K562|f1ae91c51b25d0ce
c245013ce5459f377faf6b0c40f149492c0c5a001ec793480bc717dc76236afa,a,K562_region_01950,chr7:36170883:G:A;chr7:36170904:C:G;var1;middle;OL31|K562|d269cafda16998a0
c2557ab9b56ed5bc33833fe65523483b163842dde93616cd6199308556ada79d,b,K562_region_00515,chr13:43597980:G:A;chr13:43597995:G:T;var1;middle;OL41|K562|834bc1aaff1ee59d
c265247871cdfa49cd8e6a755833115becd88325352d84161a84c1f3c6971e90,b,K562_region_01647,chr3:196439625:G:A;chr3:196439648:C:T;var1;middle;OL41|K562|d25db4b26a76b2a4
c2745c16eac27dd826f582b8efc5dfd410cac1668d188e86985f48d1843baf14,b,K562_region_01649,chr3:197235040:A:G;chr3:197235064:A:G;var1;middle;OL41|K562|c237b0276e3236d0
c27cdfd4a282c273c786805eaefce406e624ba16907f05d4c2b5992f0017a1ac,b,K562_region_00197,chr10:9043562:A:G;chr10:9043614:G:A;var1;middle;OL28|K562|df36f7028cd80403
c2a44a8c47b6d084060e838c66a42d376ac27b06520fb2c59f3bb4cd8cab8997,b,K562_region_00661,chr15:91351868:A:C;chr15:91351930:G:A;var1;middle;OL41|K562|aa97550fecd414ff
c2ca386f30f02e5a0b7fb32bd625c0e3b7c48fb00183c12cc1523b12662a6271,a,K562_region_00832,chr17:781040:C:T;chr17:781043:T:A;var1;middle;OL41|K562|2a6e79f7518d027b
c2d22ffacafa8ad0d605db28f3accbef9e3a5caae1e82e4c19025670168c2cba,b,K562_region_01272,chr2:74358252:T:A;chr2:74358286:T:C;var1;middle;OL41|K562|408d23e575f4a04f
c2dcad05ba9da9f7b6af4d5138390611ca4844f474c6de28ed9c9c9e2d2067c0,b,K562_region_02143,chr9:12760884:C:T;chr9:12760920:C:T;var1;middle;OL41|K562|353b6ed06facb47b
c2e4d07cc3721e8b714ec85d0e680cb66327d529b64a887f51a453d2858ebb34,a,K562_region_01340,chr2:219155907:A:T;chr2:219155909:G:T;var1;middle;OL41|K562|a9daeeb37d650f27
c2e87dfa2e45439b1cdcf08e4abda8f7c580031e86b4ee9f98702b50b5b23acc,b,K562_region_00254,chr10:100175532:A:C;chr10:100175536:A:T;var1;middle;OL41|K562|f8c55505f9345683
c2efa7c8483df1cf290c273863bfdf71b0cb7d0ee9bfa8c8519ed08cf0b744d2,b,K562_region_01550,chr22:48717304:A:T;chr22:48717393:T:C;var1;middle;OL41|K562|19fb38bd561376a5
c30bd4b552123fc0b971155efb6beef2cedb7e8ae7263c625da2a773c45571f4,a,K562_region_02148,chr9:22098574:A:G;chr9:22098619:A:G;var1;middle;OL33|K562|77f281998b9bd72e
c30cb2b1743b3904a3bbbed7ff01c87e0923ab5123e3262a6f23a71bb6d83cc0,a,K562_region_00368,chr11:71278828:A:G;chr11:71278915:C:A;var1;middle;OL41|K562|e8ab115dd0177d7a
c3119a6dead3d2ce23d68743b6bff8263849b1bab36a7a696d48be5f9eb92d86,a,K562_region_00616,chr15:40675443:G:T;chr15:40675493:C:T;var1;middle;OL41|K562|82a249511e8b0219
c3121bb38d023b63f2e0f0e2459bd30e5eb8827d9d8f2e4e92ad56481891d0c1,b,K562_region_01398,chr20:45557017:A:G;chr20:45557065:A:G;var1;middle;OL30|K562|411911980c097098
c31ff9896a4bb5b63beed60842adf5321936dfc5f9fb3270688b017b6a481557,a,K562_region_01096,chr19:17337413:G:T;chr19:17337447:C:T;var1;middle;OL41|K562|8a80f71403111553
c32289cdbcee74df326711d510a544b865ae9a8038fe0c4fc6b6ee5244880683,b,K562_region_00553,chr14:24760764:G:A;chr14:24760808:C:T;var1;middle;OL41|K562|431ec8b445845684
c3295a788aa6954ff52799d55931812a1838eef6585b810d3f92626919418891,a,K562_region_01512,chr22:28186289:A:G;chr22:28186370:A:G;var1;middle;OL28|K562|4def31229d8141ab
c341d9b730769d13cc7e5b2f8780d4c181e9ed5f9b67799f203679575215715a,b,K562_region_00919,chr17:48432681:G:A;chr17:48432749:G:C;var1;middle;OL41|K562|ff8f8bed0ef75e3c
c3495592025c2781a7131eb539392d31ef279a1c9b56376d972f889cbebd4e66,b,K562_region_00025,chr1:12042443:C:T;chr1:12042506:T:C;var1;middle;OL27|K562|b373fa6d42dddcda
c34d641cabebf54551c035e62b3acd80b56f93f93dc7b111f9b535daca6a8b14,a,K562_region_01869,chr6:135376379:T:G;chr6:135376409:G:T;var1;middle;OL41|K562|c8bb3853a11e736c
c355a4274419bda771c2dcc3614bd8a0f1d05453caf2218c9cff665f99cb6f25,a,K562_region_01837,chr6:41166149:A:G;chr6:41166151:A:G;var1;middle;OL27|K562|86c201805388f55a
c3873c0959b9bac46d60ae1c241da1120de3fa3d52a892d162520fcdf03b299a,b,K562_region_02153,chr9:22446751:C:T;chr9:22446828:A:G;var1;middle;OL41|K562|0bd2268bac715a18
c3943bd761bf339bd27a253ae128c150794b129c2350c12c11132b569bf21d6b,b,K562_region_01502,chr22:24247293:A:G;chr22:24247310:A:G;var1;middle;OL41|K562|13005e63465bad22
c397b61d9f49cffc8faef9199114b81c9d48f7e78a54fe0486b015a4b1c12518,a,K562_region_00270,chr10:119533256:A:G;chr10:119533345:A:G;var1;middle;OL27|K562|33b200bba95eb5ce
c3ad914df97ea43d7e5a123f93bd38c05416b8fb8efb43d9374c1baac9d4e27b,a,K562_region_00807,chr16:88567535:A:G;chr16:88567540:G:T;var1;middle;OL31|K562|1d2e030f9c2f1ac1
c3baaa1680d8fbb91fd35bdef312d5ff7a9ac6d9524934f8384c7bdc6d229a76,b,K562_region_00518,chr13:50265225:C:T;chr13:50265238:C:T;var1;middle;OL41|K562|ee4e495d2de52e35
c3e504d228cbd37492c5d0fb565dc8af59906f75db644c0a1d66814177072b29,a,K562_region_01906,chr7:1298448:C:T;chr7:1298537:G:A;var1;middle;OL28|K562|d61b08146fb11783
c3f07343c0750a499fd2df694b7267523397d677a83e90f70fb61706c49c7c9b,a,K562_region_00755,chr16:49884530:C:G;chr16:49884569:G:C;var1;middle;OL28|K562|fc618d0929fe7cd6
c3fad22ebd3e602f2b421f6c20fa74d800e794bfd7806e7f8f30000aaf0047af,b,K562_region_01645,chr3:196367930:G:A;chr3:196367936:G:A;var1;middle;OL28|K562|099a717546f538cb
c40da916e65c62f4ab6ee6b2134a92f636ebe70fd4460b27640e8324bed93916,b,K562_region_01717,chr4:186580610:A:G;chr4:186580657:A:G;var1;middle;OL30|K562|2873691bc8601fad
c42231783f69ca45679f19c981d2bf8a6d4d87d3c029d7216f29e5090b49fc2c,b,K562_region_00928,chr17:58156392:A:G;chr17:58156427:G:A;var1;middle;OL41|K562|a419a2f576184aa0
c425d33dd669562ef44e774944dd8cb4e291311185649c7ab229273f8e5365a7,b,K562_region_00685,chr16:449162:T:C;chr16:449178:T:G;var1;middle;OL41|K562|fca8f4a8e4852f8d
c43ccedff156597e1908e459b99df5370f21d0f00f9f2cc8c77917edd1b676b4,b,K562_region_01014,chr19:425290:G:A;chr19:425305:C:T;var1;middle;OL41|K562|0156a4097410a128
c440c2138b5a9758198a780fab8a8203b6262ca8629fc0f7d378d6e725989994,a,K562_region_02193,chr9:112745176:A:T;chr9:112745178:A:T;var1;middle;OL28|K562|49c4383791eee415
c44239aabc6046e0d816b930bff944c37a8d172028d71f7c649dab0c0f791e09,a,K562_region_01581,chr3:24341268:A:T;chr3:24341272:A:T;var1;middle;OL27|K562|fc3046e84a51c5dd
c4472141191fda29d782d4a3b3f3084fff5818a9c238169dbd7d1467d949cdba,b,K562_region_01281,chr2:95926334:C:A;chr2:95926363:C:A;var1;middle;OL41|K562|6e206699623d0800
c447ad2321385616309387bb7e05ae5e28bb781c5ec45f68c8b2fbc269a5a79a,a,K562_region_01513,chr22:30128380:C:T;chr22:30128443:T:C;var1;middle;OL41|K562|038abd4fbcdc0dd1
c44e2bfcf50aca31f6bde196e137bf7f377b48fcbef0fc3d76fa02206c178ab8,b,K562_region_00684,chr16:433538:A:G;chr16:433552:T:C;var1;middle;OL41|K562|27adaa72fb80d310
c4583d6b84dd00c330772e3e1a9376f5477e3e6fb2671d7732b571a57958aa61,a,K562_region_01104,chr19:18166559:T:C;chr19:18166638:C:T;var1;middle;OL32|K562|79332627329ddf4e
c45d2901559c12dc4d3b26ed04e6d617ae136abfebf172f6c3c45242b5520619,a,K562_region_00763,chr16:52310527:G:A;chr16:52310545:A:C;var1;middle;OL31|K562|3114c5c244e8ff1a
c45f30074dd26fc025e80c098a940f2e0e853ceb899be699050c488147c5596a,a,K562_region_00393,chr11:116708663:T:G;chr11:116708702:C:A;var1;middle;OL41|K562|0ff1a9a614b75100
c46e46d90e5bc02ea4b91dfd963ab50ca4d734f286003eb38a2ee1d6b311bed7,a,K562_region_00452,chr12:26426338:G:A;chr12:26426420:T:C;var1;middle;OL27|K562|65dd9043496cd7dd
c471fe1fb68b06cbeb7d043953c72cb254a9b736b4174113004db90fc67fbe40,b,K562_region_00680,chr16:420648:A:T;chr16:420678:C:T;var1;middle;OL41|K562|9372c2617d2fca10
c478681aee2d154d82a653eeeb176dc3e0cc2236bf487599f1d9827e9fff709f,b,K562_region_00576,chr14:74734660:G:A;chr14:74734694:C:T;var1;middle;OL41|K562|50d2a24e59891cd0
c483cd2fb0cabfe7132c9979e01945f994d845f4279faf5bac4a4d79f85efddd,a,K562_region_00019,chr1:10798489:C:G;chr1:10798552:T:C;var1;middle;OL30|K562|ab06f558ce308a96
c48ac33e8109d776c811845fa2480098ccef38dafcb07ff82ef01f735a75af77,a,K562_region_00574,chr14:74184889:G:C;chr14:74184917:A:G;var1;middle;OL41|K562|e26cd0d00ed3e497
c4b0a51f78ce02ca19ff376344c9d4e6227361d9cecada04c4c631af22008b41,b,K562_region_01910,chr7:2399161:C:G;chr7:2399179:C:T;var1;middle;OL41|K562|51b74660756695ee
c4cf5f14ddb75e1c868308b31fd2c746542435bee9684236b2625da1de6409f9,b,K562_region_01724,chr5:498182:T:C;chr5:498235:A:G;var1;middle;OL28|K562|be5979ae2a0fd634
c4d152d92fe4f92f9075dcf8694ee8b5567e132bf2af82eac2bb497cb2ca2c47,b,K562_region_00103,chr1:144512571:C:T;chr1:144512603:C:T;var1;middle;OL41|K562|416f710dee867895
c4e2fc31f3d3f2e61fe088038f368b02dda76839f9cc725854465421a4eab96e,b,K562_region_01901,chr7:970035:C:T;chr7:970041:C:T;var1;middle;OL27|K562|26ac8893f47b89a4
c4e52e1f44d21b930934c59f5842d5719afb9208ecae7cc513f13be55c298148,b,K562_region_01784,chr5:157158326:G:C;chr5:157158393:G:A;var1;middle;OL41|K562|59b4b44d6d9616f5
c4f02f50c7704ed5fdd65fdde8c34d3aea43fc3a8a80ccd6971c149a820b16af,a,K562_region_00162,chr1:223228143:C:T;chr1:223228179:G:A;var1;middle;OL28|K562|62498874f375d6bc
c4fe918a77817d0d0710ee1f24c29f4cd1b944cd0fdc6e724c111567c6d439ee,a,K562_region_02034,chr7:155195682:G:A;chr7:155195759:G:T;var1;middle;OL41|K562|ce05996f867a2334
c507d7c10b422414a67756fa93b7217f360f5f1dea1278dc7a837223d0c6a574,a,K562_region_00339,chr11:17406607:C:G;chr11:17406632:T:C;var1;middle;OL41|K562|fde62ff40996a739
c51101176d6c227954fe341eb26cd327dcc5ac20fe56f3a0b8d017d46895b766,a,K562_region_01991,chr7:96581466:C:G;chr7:96581553:G:A;var1;middle;OL29|K562|2f3be8bc1359eabb
c5196ac056695864599a1f10b0cbb4da671a90725ca2b3f2fdd0e2254362d53f,a,K562_region_00317,chr11:3400334:A:G;chr11:3400422:C:T;var1;middle;OL41|K562|7984262aefa64181
c52834156431ec76c66486da47879fce744e15fdaa0b75bbdc9bd9291cacc0d1,b,K562_region_01784,chr5:157158372:T:C;chr5:157158393:G:A;var1;middle;OL41|K562|3d81aedd4487b62d
c528f6986704834fa63417c98436e5bd2b3d98634afab0d12cb25621658354b4,b,K562_region_00527,chr13:75874524:T:C;chr13:75874528:T:C;var1;middle;OL41|K562|953dcc70bd6ce502
c52e77ef6c663e9b742d1e9b72e9cbbd1ee3c87dbad5662511982d6c9091fc68,b,K562_region_00411,chr11:126287754:G:T;chr11:126287785:G:A;var1;middle;OL27|K562|42cf217ff2bfad85
c536a1de8261fc15c8406856c78178ad9720372d5da6143cdc373f04762ad02e,b,K562_region_00289,chr11:308354:T:C;chr11:308426:G:C;var1;middle;OL41|K562|4e827fcb416fa4e3
c54974075993489be238dd5996d3cc360e7f065691b17c516aadfa6a4c0b4f56,a,K562_region_01339,chr2:219134928:A:G;chr2:219134950:C:T;var1;middle;OL41|K562|94a1fa71630968c0
c54bcd15e75fc0236959f249f2b2a57ac0ff2332141439a95a4c4754826c498e,a,K562_region_01769,chr5:131330461:G:A;chr5:131330515:C:T;var1;middle;OL41|K562|a0455a57beddc89f
c552fe3373abfd08e81f0018248f0f61347163b67df40543ea47d9449456fc6d,a,K562_region_02153,chr9:22446683:G:T;chr9:22446695:G:T;var1;middle;OL41|K562|cd2367a8037e59ad
c570e9220b289df61e1ec07761d64d980627ff30ea682666e195631e80d314f6,a,K562_region_00120,chr1:160791880:G:T;chr1:160791892:T:C;var1;middle;OL27|K562|204150ba0654b86f
c58551d2522aa1f285abcc396d38853de99b4f0710aadcfa7db2d03af9c71d92,a,K562_region_00168,chr1:230416744:G:A;chr1:230416832:T:A;var1;middle;OL31|K562|4c59bf506cc9ff71
c58b987fc24c7d16a5b1bec390b273b62386ab8d9e0fbcf69787287e492f1a05,a,K562_region_01658,chr4:3189139:C:T;chr4:3189148:T:C;var1;middle;OL31|K562|6ac6f71b9d041806
c5958e7b1c9b85a50e5a400c0175e5459d1d1d04c5443c999fe93e7289237891,a,K562_region_00894,chr17:36046395:G:C;chr17:36046451:G:C;var1;middle;OL32|K562|18ec4002df3c111c
c5b098f144145a3ec14eb679030e847ac6556997a6c0c8b0f09981006004e23f,a,K562_region_01239,chr2:37987450:A:G;chr2:37987497:A:G;var1;middle;OL30|K562|6ca6ef577efec24c
c5b1fc1e8d988402610b5910d05e8f5ec93e55f73a4116c68c4070ad91cc4b0b,b,K562_region_02168,chr9:93919341:C:T;chr9:93919368:T:A;var1;middle;OL41|K562|70b765b0ff720d3c
c5b26caeef7c5fdcdcf8efc3e16845b06098098188e7c049dde4981d90e00524,b,K562_region_02067,chr8:18272438:C:T;chr8:18272466:G:A;var1;middle;OL31|K562|e44160d404d78a9f
c5c8564ec3045ede38839ed8e62a6a1753cbad2c26eb9571279fed915a598ac4,a,K562_region_01928,chr7:20418134:C:T;chr7:20418190:A:G;var1;middle;OL31|K562|a6223ffe95e09b61
c5d22d12de3db79c00bab870788f1bc84d46ae3d62d352bfd7bb48970cbb0b7e,b,K562_region_02099,chr8:120711487:A:C;chr8:120711548:C:T;var1;middle;OL29|K562|1d429e0f7aa6bfa1
c5d4df97330257ebf7276df05595004648ca998050ebffbe5b719967b0c7ca6a,b,K562_region_01155,chr19:48969879:T:C;chr19:48969936:A:G;var1;middle;OL41|K562|fdebfc35712b9ad6
c5e499c2092dc4fac6b5ee99c97c65c7ecebde23f116265c5c76176095fd70b4,a,K562_region_01965,chr7:64126500:G:A;chr7:64126536:G:C;var1;middle;OL41|K562|db170e95376662e8
c6030963ca68812eec7d947ac433ddf5fc99333803d9928e7c06ce2773404564,b,K562_region_00159,chr1:214177413:T:G;chr1:214177423:G:A;var1;middle;OL31|K562|fc6596d69e612ea9
c60761c5b4da6a6ddaba9363c14feff7c1bba18bc20d8011a3048995710344ca,b,K562_region_00780,chr16:80183887:G:A;chr16:80183937:A:G;var1;middle;OL32|K562|7ed1a20eda13ad20
c60c4305c7d96e63a1731f1fa9150b0b8868122df7f7a97f03a7f286d03921cd,a,K562_region_01200,chr2:3494322:A:G;chr2:3494365:C:T;var1;middle;OL41|K562|b7e1880263640da1
c619133910d22c1db29a35089d66f17912669b3c22c9d5ca049d7f8e2896230e,a,K562_region_00038,chr1:22351947:G:T;chr1:22351951:A:G;var1;middle;OL41|K562|38d64a94e869a5fa
c61a7820758220b4840a0555582033ed104d153477373bcffc554a9d2c9a716e,a,K562_region_00212,chr10:44871062:G:A;chr10:44871135:G:C;var1;middle;OL27|K562|d20d460093290744
c6205dc8145c501784aa7e4b1c0690437f6069a0b2e2abc46e009a1d0e3d1431,b,K562_region_02141,chr9:8858303:C:G;chr9:8858350:G:A;var1;middle;OL41|K562|186b105a5db0c58f
c6211246c82cc5c6d5987cc3e3217be653215feee0b06f9235e018bcac8588d3,b,K562_region_00676,chr16:235490:C:T;chr16:235579:C:T;var1;middle;OL41|K562|7de7bd8e03f18a7c
c6248e5ad9dff168521e498cefa00d74cafc8bddec74b4d2ae9c71dfd0055d56,a,K562_region_00413,chr11:130080037:C:G;chr11:130080065:G:A;var1;middle;OL41|K562|cfd83ced38bd2417
c6346842bc6655beeadad173db19b05a43369234f72a469f1379d29e8f2953c0,a,K562_region_00678,chr16:333138:T:C;chr16:333146:C:T;var1;middle;OL41|K562|e5ecb7eee5003bba
c63d471c90366ec1e6fbb3cde8d65dc0c901b48af8cfe92f41299cb0668cdea3,b,K562_region_01735,chr5:14768270:G:A;chr5:14768308:C:T;var1;middle;OL31|K562|a4973a7883d896e5
c6499b68727bbb3c8b8bcbb5c3be017891e606f73df7578552403a9e86da009e,b,K562_region_01955,chr7:44784864:T:G;chr7:44784866:G:A;var1;middle;OL30|K562|c5a7d6d5da09f1c0
c64f96ef793df94028f8d9c155104eda9c62a68d326b472e6aa888551307ce44,a,K562_region_00618,chr15:42229838:G:C;chr15:42229852:C:T;var1;middle;OL28|K562|61455f9452df644d
c66b27eeacb7cebc052ffa42f23e2dfa4e2f014cd547ba89d3a622042e3a11aa,b,K562_region_02123,chr8:146061978:G:A;chr8:146062030:C:T;var1;middle;OL41|K562|c7401c7834a7adf9
c6722b6611aec80cca70888e7102159650eb4cfe9f9feba6f64f2bcbb87129cb,b,K562_region_00826,chr16:90020341:T:C;chr16:90020346:A:C;var1;middle;OL41|K562|38af6a71b90b6d98
c6798a3b24612189ccc530d49ce5be3fd4a547ca7675cbd034873cd3dc751eaa,a,K562_region_00817,chr16:89583578:G:A;chr16:89583610:C:T;var1;middle;OL41|K562|56557fc3c6633577
c6919694720ee66482f4c4d68f5b79f2850f2b8211cdedfc1a43b86003a43b1a,a,K562_region_01700,chr4:100065593:T:C;chr4:100065626:A:T;var1;middle;OL41|K562|82b27e3c9eaf8d54
c691c099d3c4284c7846c65d9533839306af35b15f64f71914b75506f4d01c1b,a,K562_region_01606,chr3:125788421:T:C;chr3:125788472:T:G;var1;middle;OL41|K562|dc5f29241213e123
c69413cbadc63daf9e221ea9afeb5d5b3fdc09a10706b45bc2b4d679bb257fb6,a,K562_region_01593,chr3:52864635:A:G;chr3:52864693:T:G;var1;middle;OL41|K562|dc145b71a16daf37
c6ac977957f2162d178eb39308d65afdb9d710b7ce357013fea478aa88c4194d,b,K562_region_01073,chr19:10347032:C:T;chr19:10347084:T:C;var1;middle;OL41|K562|c7f2e99ea05f6478
c6ba021a2c78772f87d79e5f080d5314ca5b13c2fc972070ae584d83371897d1,a,K562_region_00929,chr17:62079286:G:A;chr17:62079334:A:G;var1;middle;OL41|K562|bbe693d13593c729
c6bc13430a96ae26188e94b8644424684e0e68f1e04e1db77cf9cba4a6fe37ee,b,K562_region_01627,chr3:170734377:T:C;chr3:170734438:A:G;var1;middle;OL29|K562|f990cc40489c0167
c6bddae78cb1483f25b7b8e0aaff293e7662badb2d3fbbc48413aa890845a0aa,a,K562_region_01395,chr20:43958743:A:G;chr20:43958786:A:C;var1;middle;OL31|K562|37d47a0ef7828745
c6befd36a38869718a9d4c106fca7ee18fcf22e8f28abf1fd5ee8f42d7d72e3b,a,K562_region_01608,chr3:128284948:G:C;chr3:128284965:T:C;var1;middle;OL28|K562|98c36d56f4eb9aa9
c6bfe6928f3858fcc4c9982507a0bd6cbea086be87de2671268480e53d61ac6b,b,K562_region_00916,chr17:47454507:C:T;chr17:47454515:G:T;var1;middle;OL30|K562|f38b334f7064c250
c6c01883a6104fd0e156315d6567678d08124e999241b73d32c2f87f7f67c100,a,K562_region_02208,chr9:131588813:C:G;chr9:131588888:G:C;var1;middle;OL41|K562|c112cceb5c47d632
c6c52216d9cb8091bc08900f8e5614480dd580aaede7874a38e83b67d3bc992d,b,K562_region_00739,chr16:12072161:G:A;chr16:12072203:G:A;var1;middle;OL41|K562|2b912d8a989486ca
c6d1f60d5e4fafdfaef3019ef7777d6fb7f11ef2dd17380f367500843f6c7e24,a,K562_region_00067,chr1:56906274:G:A;chr1:56906308:T:C;var1;middle;OL28|K562|e7f806512cbacc1c
c6dac616ecd5b28bfdd242e80c15538cae81b496562c8f8b48cc5bb1f2ab5bab,b,K562_region_00803,chr16:87404017:C:G;chr16:87404088:C:G;var1;middle;OL41|K562|2d711fce50b4cc1b
c6db10ec8b1ecde7f698218143fbdf65c9d7077f3a59f0d1a36ccf3b7ef8ff18,a,K562_region_02172,chr9:95857937:G:C;chr9:95857959:C:G;var1;middle;OL41|K562|aa6982495ebc28f3
c6decea9e457ef14cf1138524a03e06d8ac1a3ea0178fd09102191b1b2f04a71,a,K562_region_01784,chr5:157158372:T:C;chr5:157158393:G:A;var1;middle;OL41|K562|3d81aedd4487b62d
c6edb6fb5bc92486f00735e53a0a6bfd180f45d51099d3f9379f4a6a23ba5067,b,K562_region_02185,chr9:107690450:G:A;chr9:107690535:G:C;var1;middle;OL41|K562|181dad8253b74c1e
c70eb1837157be42ffeff33e2623922545425e3a9556e581ac95527d7cd935c1,b,K562_region_01367,chr20:1930798:T:C;chr20:1930885:G:A;var1;middle;OL27|K562|87eb59fdfcbc7dd8
c71165195b475806b13f14b1566ce91b39b16dfc1ce11867030162c39b0efa5b,a,K562_region_00655,chr15:80267395:G:C;chr15:80267481:C:T;var1;middle;OL27|K562|9eacb4dd3715929d
c72c39613fd8e2bca1809c5d22accf7c09609dd825266cfd9bc09a7d69482f42,a,K562_region_01572,chr3:12268191:C:G;chr3:12268244:A:G;var1;middle;OL27|K562|3871f2952cf00b48
c72da0c26c4a7904b1cf1c99e57fa2f62776903efbb89dadf63231619d8e48a0,a,K562_region_00531,chr13:100088088:C:G;chr13:100088144:G:T;var1;middle;OL33|K562|6496dc6120476f6f
c73f9a42409de2c032831b9f7e6b15d8b15aac4c954ab686ddf6eb81c4d2de27,a,K562_region_01610,chr3:128317978:C:T;chr3:128317997:G:A;var1;middle;OL28|K562|52602b7d61185a0c
c74c22c104ef5df474f904f7e9ea737b67cdca0de6322ad07c2cc2adcf4ddf85,a,K562_region_01966,chr7:64411148:G:T;chr7:64411166:G:A;var1;middle;OL41|K562|5f8c1e7fa8b2dc3e
c76989e7420c329747f1edae6b111c778693651a3875b17f7c4d70823a53a9db,a,K562_region_02063,chr8:17016207:A:G;chr8:17016224:A:C;var1;middle;OL41|K562|a98133a48db4fb84
c7723b1d1e0d3f7ed37670a569bfa7c52988b3207325133738b0d6a95b8b6914,a,K562_region_00208,chr10:19777982:G:A;chr10:19778056:G:A;var1;middle;OL41|K562|d05b9d8d0cb63ea5
c776e92d85da6a0c1ab06d8e2abc22e1b7b364ca32f55550b2048a08cf2b3020,a,K562_region_01213,chr2:10862139:G:T;chr2:10862188:G:A;var1;middle;OL41|K562|c0a0c3c62886eb0b
c78604230731db26cd373de48437501f6c19078aa3a75badb355d8c24788fa98,a,K562_region_00396,chr11:118550522:T:C;chr11:118550524:C:T;var1;middle;OL41|K562|8dff427f41b85dbd
c7913d4e584a2c30375dcb9e831650d764369a269aeff875b580531ac830f43e,a,K562_region_01535,chr22:43019562:T:C;chr22:43019632:C:A;var1;middle;OL41|K562|0f49b566c6457847
c795976e1d0438197ce7c20c04b50ddc68f48c073dcc9a80117733d99314ade3,a,K562_region_00689,chr16:783156:G:C;chr16:783173:T:C;var1;middle;OL41|K562|155e450f35aa1043
c79604bd8eff83dd4804b426467784aa59b789a873ff576c53ddd27f3cf2af4d,a,K562_region_00318,chr11:3663409:T:C;chr11:3663422:A:G;var1;middle;OL41|K562|6c5484dfab597ca1
c7b941bbd03587dbacac54500c4392f2a2e0bfef62564db4ef0c86b14073352e,a,K562_region_00149,chr1:205408903:G:C;chr1:205408911:C:A;var1;middle;OL41|K562|9b67f17fba4c9d15
c7c407e1c99d5037f34bffd1837bb18d33a02034e3e4a9755f95519bd697e1dc,a,K562_region_01841,chr6:42672407:T:C;chr6:42672416:A:T;var1;middle;OL41|K562|be48ffa65a1531d0
c7d5fdb070e9377b6a4420be2adfc7232d7d6aef5944b85496bc35ef4117db83,b,K562_region_00582,chr14:81425425:C:G;chr14:81425428:G:A;var1;middle;OL41|K562|f3c2e6dadce41f75
c7d9a53a8b5a9795561acd96518232023109b7bb4065f52068e5e94d706dcf84,a,K562_region_00961,chr17:78962932:A:G;chr17:78962945:A:G;var1;middle;OL41|K562|0c5003bd91db3535
c7f23eec446000e712b0ada68c19f95b83da7feab48a2c4d3d24991e4d81cbb0,b,K562_region_00709,chr16:2011064:T:C;chr16:2011126:A:G;var1;middle;OL41|K562|df3f98085f499dbf
c7fb0bcb94e0ded8a2b6db4ca878d9d57fbe64dbc6fa041931d3c607a0cd3635,b,K562_region_01326,chr2:187398614:T:C;chr2:187398616:G:A;var1;middle;OL41|K562|936fd16c0655658a
c80019010171bb5015e53e9dd78dfda82aa53cd46de34be75cef1cb5ee0cf001,a,K562_region_01793,chr5:176839890:T:G;chr5:176839898:T:C;var1;middle;OL41|K562|9b0086f650c6ac02
c812e280ce8a9b7dadc8b5f1a332316bcbf6f276f5107cb0a776cb34bfc539b4,b,K562_region_01787,chr5:171577689:T:C;chr5:171577700:A:G;var1;middle;OL29|K562|b15b2af9d89b237f
c8228d9a41ca4c7143bd9899a3fc05ef2a4308c45043463faf634d6fee93afec,b,K562_region_00822,chr16:89768506:A:G;chr16:89768558:A:G;var1;middle;OL41|K562|92492238807cba9e
c827005357ca912120140dac67a8065dfcffb691a62036ee6222103660f484fe,b,K562_region_00112,chr1:147735397:C:T;chr1:147735450:C:T;var1;middle;OL41|K562|eb1eeb656d2738a2
c834619f260ca2a187f7fd6c64c423adccac1ced34bf2ddc017f65d0f3b5e95e,a,K562_region_02164,chr9:77702301:C:G;chr9:77702372:C:T;var1;middle;OL41|K562|165e44be48e904e7
c83ce78aaeef2abb819437bf24008979294d0a029150299288493a08aac8886c,b,K562_region_01695,chr4:77394018:T:C;chr4:77394095:C:T;var1;middle;OL27|K562|88ac660c972e7f9a
c8490e8336b37049bc902fb008ce1d07c58253d4f21951d764fdd97aae3ecc02,a,K562_region_01116,chr19:21950337:G:C;chr19:21950402:T:C;var1;middle;OL41|K562|a1414725af6d3d1c
c84cac4e143b86ca05cde93d77cdb35eabcf3d1f60d31fc8850898d9642759b4,b,K562_region_01598,chr3:100131897:A:G;chr3:100131976:C:G;var1;middle;OL41|K562|9b4d7ecabbfa9b45
c84dbb71c7475113feea1342e129e82d3484cc07566a8e9ed79dcf9ab7a4e4d4,b,K562_region_00448,chr12:20581334:C:T;chr12:20581339:A:T;var1;middle;OL29|K562|3dbd1e5f6c404879
c84e5d620a865ec324bbf7ac409081c54c3ca8fa9fb1cff54e786522e09ad90f,b,K562_region_01034,chr19:1372046:A:G;chr19:1372132:C:T;var1;middle;OL41|K562|af66ca5edcabfe51
c86171237946def378fd233f0ae39a14207d06ce540c17160b5f9bb33e1aaf4d,a,K562_region_02177,chr9:95899884:G:A;chr9:95899933:G:C;var1;middle;OL41|K562|56d6ec9019a30a0e
c86171ce82a2ffc032a66281d7761b6b257cefdf65c79fc50e4b57245f70aa70,a,K562_region_00610,chr15:31394810:A:T;chr15:31394868:G:T;var1;middle;OL41|K562|1f77e0e18c1cc644
c8797ddcafdc8702267a5e200000e31b305227efc2db54d04a85d3f360145e24,b,K562_region_00262,chr10:114206754:G:C;chr10:114206837:T:C;var1;middle;OL41|K562|30e1257008c2179c
c87bfc53dec82c6da7d06f19ff0ed11968eb472b442d0242488c5029df4ba8d4,b,K562_region_02194,chr9:113912553:A:G;chr9:113912560:T:G;var1;middle;OL28|K562|a764dc8b150ccb7d
c87d115403d2bb5a15231636da4b97171467cb020850b18bead5e78a5a28dbcc,b,K562_region_00038,chr1:22351947:G:T;chr1:22351951:A:G;var1;middle;OL41|K562|38d64a94e869a5fa
c886325b7dccf327c0087bd4d84b27b09f544f712f1a5c30669007922ac8bc2a,b,K562_region_01378,chr20:10548145:G:A;chr20:10548218:A:G;var1;middle;OL29|K562|751a59ffa9007e32
c888b6920831a612bec4ac5167676acccf501638840d8536000782924e3d6923,b,K562_region_00904,chr17:41438653:A:G;chr17:41438729:C:T;var1;middle;OL41|K562|477b45bbe5d5bb66
c8929628c51e4337034f1fd0a458e2e9296a838ab499d1c44ebff6e598988f8e,b,K562_region_00948,chr17:74706380:C:T;chr17:74706433:G:A;var1;middle;OL41|K562|ae6859182e91dcf5
c8a9c07f27d9582eec9cabdb202641376064a279ca3ceddab2a66b18ce1c057f,a,K562_region_01702,chr4:110638764:A:G;chr4:110638824:C:T;var1;middle;OL29|K562|707c293c9a053f4a
c8c936008d9a16c351d2a7139bea2b27b6cce347f27bd3778ee30eea1a834f66,a,K562_region_00566,chr14:65230317:C:T;chr14:65230358:C:T;var1;middle;OL30|K562|1ed3fd71871b3ed1
c8d1a37f3b54838754f136d52c298514a0977e8bdfe414ad35a8d932e27cfe80,b,K562_region_02000,chr7:102383663:T:A;chr7:102383690:C:A;var1;middle;OL32|K562|df0a456220428459
c8dd142c99a274f2708024f42a6be3e6593a69227915080ee53ee4bafed322a5,a,K562_region_00288,chr11:306877:C:T;chr11:306884:T:C;var1;middle;OL41|K562|d93bfa52163cce9d
c8e4c2f2fd8b826a03f538f7b55d7a1a2c76104e414f28307e960cbdddce7c12,b,K562_region_01562,chr3:3142423:C:T;chr3:3142503:C:A;var1;middle;OL28|K562|79721e9adb20b221
c8e9d9cb774004b6fcc3a3df3d34e905b494e4fb8ffa604f3edecd5c901e9dec,b,K562_region_01101,chr19:17592797:C:A;chr19:17592799:C:T;var1;middle;OL41|K562|b775041e28709338
c8eb37411f14c11e9c2dfab644917a9ce8b101dfb7a3e0ee12a2deb894ab71b2,a,K562_region_00867,chr17:9588450:T:G;chr17:9588455:G:A;var1;middle;OL41|K562|b5342973c5d69f87
c8edaf1c92811946c3227d5c8a1f4f1f91ea4534d1e63bfd79bab159d757bc6a,a,K562_region_01782,chr5:151756636:C:G;chr5:151756719:A:C;var1;middle;OL41|K562|1ca6d9f9771bc864
c8f1ee0b1720152ff705345f7539280562af0aadd786b4771ecbb926a5611c6c,b,K562_region_01436,chr21:15352877:T:C;chr21:15352881:G:C;var1;middle;OL41|K562|3c6af06893abce43
c8ff86d9e356ed707be58d76bc72ed48ef88cd3933d30e2a643692d6d83fd2d4,b,K562_region_01450,chr21:42798030:C:A;chr21:42798065:G:T;var1;middle;OL41|K562|1f2fa8e6fd085e28
c8ffd888bb0d1817fc150cbad23f49e34f95aeb69e21e38991c8086d35d3b8f8,a,K562_region_00576,chr14:74734614:C:T;chr14:74734660:G:A;var1;middle;OL41|K562|08bb8d40793d991c
c9083642f1ad37773fa90713de2acb4cff9cc51baf9505eeed778d143077ff6b,a,K562_region_01510,chr22:25844116:C:T;chr22:25844147:C:T;var1;middle;OL41|K562|979380af6ec25e06
c9131d5f70bc7789edba7aca2c1c5ba5bbf1fb34a8de2bc0a81c6648ccd65607,a,K562_region_00556,chr14:24869465:G:A;chr14:24869512:T:C;var1;middle;OL29|K562|8ab349ffc3bd8004
c918c0d11b2922f6f53ce51bb78f3196e9374cc8fe478bbafed78addc6f72163,b,K562_region_01367,chr20:1930798:T:C;chr20:1930873:G:A;var1;middle;OL27|K562|b7bc61c1cde6b559
c9220ba1c25732c6ae847fbc91963c3f396a08924465f02ea2a9ab71b4e756e1,b,K562_region_01300,chr2:128615330:C:G;chr2:128615390:G:T;var1;middle;OL41|K562|6187226dd422d62e
c929ed9ee12a2b3d04fc29d112453ff01bd106cc6d68ca23dda02a28d7af1433,b,K562_region_00453,chr12:26475565:T:G;chr12:26475582:G:A;var1;middle;OL32|K562|c724d04383f2061d
c92f5a216f4ea60aba0d624414c156b77f9041b9a328c22de5a9060cc383ad65,b,K562_region_02178,chr9:98878881:A:G;chr9:98878961:C:T;var1;middle;OL31|K562|cd7666184d4f92f3
c93d5e7a76c38edb48ed987e6603fd29e252e971bb4982a1a4f66cfd5d27ab39,b,K562_region_01990,chr7:95722234:A:C;chr7:95722280:G:A;var1;middle;OL29|K562|2d601e5462e8a0c5
c94011549ad61132f688da9235d349c3914c71efc7d0b52d561d7f1cc3e25c6a,b,K562_region_01237,chr2:37046594:A:T;chr2:37046602:C:G;var1;middle;OL29|K562|df94568f47585f0d
c9574ac33e5ef5e4b7ef5670f6237854c4c0c3e7adf5cbb6ea5d5046b751de35,a,K562_region_01487,chr22:20788969:A:G;chr22:20789046:T:A;var1;middle;OL31|K562|20cc4b32f97c4d67
c9685e33da1fe4b03656193fe8d68aa2335d96fe172c78e7c2db7b5f181914f5,a,K562_region_02175,chr9:95895755:C:T;chr9:95895796:C:T;var1;middle;OL41|K562|defb046a4cda3422
c982282f3db8702b8a1d1deaf718abcadafccf79af00e1fab4d5fa768d568c4f,a,K562_region_01502,chr22:24247293:A:G;chr22:24247310:A:G;var1;middle;OL41|K562|13005e63465bad22
c985f31133d56a76834c6aee140a49125e67288a6f57ae28f22ec47efd24e098,b,K562_region_01522,chr22:37594920:A:C;chr22:37594956:A:C;var1;middle;OL41|K562|9e07fe243012ccfc
c9898d35e23f5027f63123c8f93e54c6f1878f0e43420bd774f67433c31260b9,a,K562_region_00671,chr15:102039837:C:T;chr15:102039842:G:T;var1;middle;OL41|K562|e283465e68ab530f
c99a54e899a91ed01d63a87ba16c6dfacd4cc01c1fdebe2cf4b962b0c1b4d183,b,K562_region_00399,chr11:118942638:A:C;chr11:118942654:T:A;var1;middle;OL41|K562|85a697ed98a85dd6
c9a68aca51c12e04567498bbd1fe7349dff3dae55c37d5745f22cb9159cd213b,a,K562_region_01200,chr2:3494301:C:A;chr2:3494322:A:G;var1;middle;OL41|K562|2d63ee119e587e65
c9aff481de97778de3386118ec06d6f491f18a897edd388d21b6bd28fd6f0c32,a,K562_region_01717,chr4:186580601:T:C;chr4:186580610:A:G;var1;middle;OL30|K562|69fa7ac8201ef78d
c9b8a19e08b7a3c45e7fd895ca0294ba9c9196e46e3758b77cb56f88a1a685d5,a,K562_region_02196,chr9:114393246:T:C;chr9:114393328:G:A;var1;middle;OL41|K562|dd1598e69a027ede
c9bfdb66fd9731df4dd38bb62cab9750e3d15dc8c4ab026b7f3154f68877e37b,b,K562_region_01768,chr5:121415899:T:C;chr5:121415921:A:C;var1;middle;OL31|K562|5d01b84167329024
c9db20dcfdc802558ce007747a249847c0da4d12b35ad167ccfd231601d656cf,b,K562_region_00508,chr13:36871730:G:T;chr13:36871764:G:A;var1;middle;OL41|K562|25811d39d7196693
ca08fa253e86331bf1c09a523d846cbc8fb287fe1bd595bd98c6ef91f89e2a6a,b,K562_region_01015,chr19:460025:A:G;chr19:460027:G:A;var1;middle;OL41|K562|74c0ec7437a6e2e8
ca0b4464257ea9de37ac825d59a1cdae5825de20f6a3dca15495af617b45db22,b,K562_region_01091,chr19:16365586:T:C;chr19:16365655:C:T;var1;middle;OL31|K562|1dcda7291c476f23
ca138a5ab7538b51fdcdc446b6a0134e13552c1c13dbef7b70e5fca098ba3852,b,K562_region_00576,chr14:74734694:C:T;chr14:74734757:T:C;var1;middle;OL41|K562|31b8e35174522263
ca13e37f9370e9a58d86dd45471624931f0d2c96053aff75569ef705265ea31d,a,K562_region_01102,chr19:18157498:G:A;chr19:18157551:A:G;var1;middle;OL30|K562|9b181efe82e01648
ca27b2f58d07829e88910c0844c23f5f6fb1577eb9350beeb6826b35f379c44d,b,K562_region_00524,chr13:74110412:T:G;chr13:74110458:G:A;var1;middle;OL30|K562|8c6f6676b44582a9
ca3f16f1f6997a5b9c968f1d8f804ac1d54328bbac6a3ea17f33bbffd0610c87,a,K562_region_01176,chr19:54024128:T:C;chr19:54024214:A:G;var1;middle;OL41|K562|9af4c4094a308e35
ca3fc9eac176645c021ace52d1d56bf546197deb08a28cfc963608e5159636a1,b,K562_region_00016,chr1:9296479:C:G;chr1:9296488:G:A;var1;middle;OL41|K562|80baf69281202717
ca42f177621e0f19c4cea0941d1e32ca48226ef0d82d46d90d85c7a0a776e6d9,b,K562_region_02095,chr8:82066938:G:A;chr8:82066998:A:T;var1;middle;OL28|K562|b3e5fc1f61eeb067
ca483cf7ee1e0e5fe3033781698ec3cded11f076a02a5a2ccefaa14aa7a130d9,b,K562_region_01868,chr6:130923678:G:A;chr6:130923720:C:T;var1;middle;OL41|K562|cac9cb2c39193112
ca4e76dec8f8f1e906db5aa58f5d80f53e3de0c8618bc13b5005dd4c171d24bc,b,K562_region_02133,chr9:4844214:T:C;chr9:4844265:T:C;var1;middle;OL31|K562|2bfc1fa8325fbe44
ca6ff8cf51175f20e2c2372be84b6dfe528ab9fe8befeaf023b4ade469112fa6,a,K562_region_02201,chr9:119245085:G:A;chr9:119245127:T:C;var1;middle;OL33|K562|65fee17cfc8f06a1
ca746b35aea52cda9a846ff748c0aa6a1df7ec96b64dba8d676f983fcf7338c8,a,K562_region_00132,chr1:165406243:C:T;chr1:165406313:T:G;var1;middle;OL32|K562|00f88b965bf6b126
ca777c0e16ca7a2883cb869e799fe3fb60364a7755ac53b5cced321d3e5b60ee,b,K562_region_02228,chr9:139651885:A:G;chr9:139651959:T:C;var1;middle;OL41|K562|b0bd05edf74b7947
ca846e262bea24c1559477c20150dd6ed87ac2cc679e6a5938da53c42299921c,b,K562_region_01356,chr2:240142164:T:C;chr2:240142223:G:C;var1;middle;OL28|K562|30a652434858afb9
cab513662721851aa8e117f1c42ba7cb7e27c3b055d4514f437f5c9c355d9687,a,K562_region_00821,chr16:89760474:G:T;chr16:89760492:C:G;var1;middle;OL41|K562|277e15c897597faa
cadfe8574d4162294d9fb3fb72c8fcf1c6c6ffeb9584049a87eff4dfe8542e0c,b,K562_region_01726,chr5:1181630:C:T;chr5:1181651:G:A;var1;middle;OL41|K562|2c8f8d6c06425406
cafd7aa9c6f4d6e49d412a22af217f265bcbcaab7f29d5b902ef2e4625b07fe2,b,K562_region_01148,chr19:46929591:C:A;chr19:46929619:G:A;var1;middle;OL41|K562|7f343ab018729f36
cb0be914b9ba55c1ffbbe040d04ac7a594dd3466fd0ff481379dca789613a1de,b,K562_region_00024,chr1:11968313:G:A;chr1:11968346:A:G;var1;middle;OL41|K562|a921ed6670bdc348
cb170d0aecf9def4ba9c8f0a16a34868c720126b2e65477024e864b0a292201a,a,K562_region_00038,chr1:22351951:A:G;chr1:22352040:G:T;var1;middle;OL41|K562|9b0700dce8165939
cb1df3c8c1aa500aad5b1d132bc57d1a2c0e4c8e513e026068fe8a8d806aedb2,b,K562_region_01879,chr6:149491863:T:C;chr6:149491914:G:A;var1;middle;OL41|K562|892d1021f5d6d10a
cb2307fcfe209b9149134658b6290e03b171e4c0b90186b446f628900cb21112,b,K562_region_00720,chr16:2986289:C:G;chr16:2986323:T:C;var1;middle;OL41|K562|4a0f728b5a936bed
cb30f3aac0cf2f2faaa31397d926b4a330f4e197c016271b2799094abd76296c,a,K562_region_00285,chr11:207400:A:G;chr11:207462:A:G;var1;middle;OL31|K562|520aa0638c9cc5ac
cb32b7226887332ee45c162f74c368ba58be0885e70ab6ed505f6c092779ec7c,b,K562_region_00161,chr1:220076273:T:A;chr1:220076288:T:A;var1;middle;OL28|K562|afc49905822cc5b5
cb38e9c501d64d64e29ef8599b3c552be7a54989a0185a18e87665c57a9ef634,b,K562_region_00686,chr16:449934:T:C;chr16:449977:G:C;var1;middle;OL41|K562|8f87f1c573dc7c75
cb483f8faba399eee4b3964b5bfdd05d3347cc6fefa6b70ba3179df3366b7966,b,K562_region_01997,chr7:100347059:C:T;chr7:100347079:C:T;var1;middle;OL27|K562|93321c58db5a4174
cb4eec3802a4cb98fb325b0dc7e067578daf82ff1e24d433a8d190046a8475c9,a,K562_region_00859,chr17:7164499:C:T;chr17:7164563:C:T;var1;middle;OL41|K562|b25d50c3395f8f58
cb8913172e4fe051d917edfa855dc6fe6d4f88b4889ba63cb9e04763dfd3d9ba,a,K562_region_01538,chr22:44324727:C:G;chr22:44324730:C:T;var1;middle;OL29|K562|feaec9f7cea38395
cb94990d27abfc831fe590ff2c1980938c660cf17e1e2ae8a02ce3290715ab50,a,K562_region_01033,chr19:1086314:T:C;chr19:1086352:C:A;var1;middle;OL41|K562|a5943102787f4f97
cb94bffdfb5948acf7ed912cb547aaa2cb43c3dd2c459712f6058dd5e8cd43d8,b,K562_region_00802,chr16:86568805:A:G;chr16:86568824:A:G;var1;middle;OL41|K562|68df7937958cb3ac
cb97b9e1f267af64f658bfeb69c70cbd3f30b3b0a9b180b281a9f0356ccd1f02,a,K562_region_00748,chr16:23653269:G:A;chr16:23653343:C:T;var1;middle;OL41|K562|bbfba2df2bf532f4
cbb40681674757c1473f96a39a3a6076deae1c1e3676e9b1035b0c2ad9f40a20,a,K562_region_01731,chr5:7290434:T:A;chr5:7290436:A:T;var1;middle;OL32|K562|7b2614f048563c4e
cbcc27dad9fe57b51226898f8ed4d2eec4aab6da77c9cc6b1f47bc7e831771f5,a,K562_region_00021,chr1:11783451:T:A;chr1:11783484:T:G;var1;middle;OL41|K562|6782c4061f1befe6
cbd6106580c03434d822779ac3c27139a3008b199302ebd1741a8c158b6a6b64,a,K562_region_00334,chr11:11144363:A:G;chr11:11144400:T:A;var1;middle;OL29|K562|c3d5233531419913
cbdd226d5c8fdb63cd57ed8d2c9a6e45c5cdef90ab6cc772436a20f62411c6af,a,K562_region_00744,chr16:19722309:A:C;chr16:19722366:T:C;var1;middle;OL41|K562|46968a3b9d71d431
cbddc511b008812819e96e1d71533dbdce1ffbca287a8246595577c3b8eb6175,b,K562_region_01901,chr7:970039:C:T;chr7:970041:C:T;var1;middle;OL27|K562|74c57b996f48ac82
cbe3a29425ac2e6a99737f1b829d337b5380c4a688dba355cd017805cd165df7,a,K562_region_00426,chr12:4713938:T:C;chr12:4714008:T:G;var1;middle;OL41|K562|5624a3ea340d3a42
cbe807f13d37ac7cad7e41d2b6736a6ab5433c579807aa7c0a5e2f3752ea7c6e,b,K562_region_01691,chr4:69361441:G:A;chr4:69361445:T:C;var1;middle;OL31|K562|0d3e2901c0c35a37
cbed4fe9fd43ccf4949504365747bc22e45757b409be62cf1f5a9f5eb26f2754,b,K562_region_01443,chr21:37553209:T:C;chr21:37553248:C:T;var1;middle;OL31|K562|fe81f44609fb49f6
cbedccba4f85819363a9c35bbf06db20702cc92e0d8cdd834b218cfb45ae8d1f,a,K562_region_02144,chr9:13592698:G:A;chr9:13592701:A:G;var1;middle;OL31|K562|7c308e785350f086
cbf7741fa4780ccd6b3d1a60b7add518108a0025e74b2e80c0c7ac0e3acf44c5,b,K562_region_00178,chr1:234667206:G:A;chr1:234667247:A:T;var1;middle;OL41|K562|2514e9192739f45d
cbfa5819342d063c553f746d08292ff7ea28483c5e8a2a4ef0776a7219eb8de5,b,K562_region_00349,chr11:61560035:C:T;chr11:61560081:G:A;var1;middle;OL41|K562|b2badc5f9da0a8ff
cbfcbc71ae821118b7d9ce3b121150beb19c6e29c7b5fc793c14f420ab289fbf,a,K562_region_01878,chr6:141219600:T:A;chr6:141219627:G:A;var1;middle;OL41|K562|92e8bbd5af3b5397
cc0ade7160710a53793c93492e9de6705d1c3490dc7cfea88debe06b48c7a80f,a,K562_region_00344,chr11:44598235:A:G;chr11:44598323:T:C;var1;middle;OL27|K562|70567f4c2190eec1
cc176c87d83cf491fd7ce98252a77d2197c154b5b5d2e93d608b7e1b394664b2,b,K562_region_00039,chr1:23850584:C:A;chr1:23850590:C:A;var1;middle;OL28|K562|f82a7af4a077fe9d
cc25b6e9817d1c4fe0145c1bebda4fdf4e4a2aa7dd0e18b345650a7b1af21038,b,K562_region_00724,chr16:3181963:T:C;chr16:3181996:G:A;var1;middle;OL41|K562|695a9ea8c08817fe
cc43d46ad52eacd75ef191fca5f11359cdf2db1d6972e4461460a0a7b7a19409,b,K562_region_00896,chr17:37070988:A:T;chr17:37070994:A:G;var1;middle;OL28|K562|9233d93b8b780615
cc4c9a0400f89eaee97f615c5072b7e29b3fee3ac1b53cb8da6f00a50b91b6ab,a,K562_region_01177,chr19:54492922:A:T;chr19:54492973:C:T;var1;middle;OL41|K562|f3e08fd9b8daee93
cc4d877808d551b909518bd6ba49427e893a0005982ed406359a0e67aa2f7d42,b,K562_region_01110,chr19:18989270:A:G;chr19:18989320:T:C;var1;middle;OL41|K562|72007532fd15cd8f
cc54adffaacad689b81f4fa6c5fa390c59f4d79d553526bdf4a72a755693c883,a,K562_region_01673,chr4:7931611:G:C;chr4:7931682:A:C;var1;middle;OL41|K562|66a6ea97058a3562
cc58fee142862b9d518babcd365a69d60e69de8e6fc4492b37cea33fc36552f0,b,K562_region_01975,chr7:75442723:G:A;chr7:75442730:T:G;var1;middle;OL28|K562|34242652390dd323
cc5b04aae3bd39317e9f8a3f58c829dd5fd32bd1e0bafe3989286877056853c7,b,K562_region_02162,chr9:37806425:A:C;chr9:37806462:C:T;var1;middle;OL41|K562|cddd40358d217afb
cc66e161111b1054de63fd6fe731c2ee677a8341b8860fde8b96ab0c6bf9b244,a,K562_region_00394,chr11:117068977:A:G;chr11:117069061:A:G;var1;middle;OL41|K562|2da22424fc4c4bf6
cc68ca2302a2ac03250c8fe2652c4ef204fbc7e7008394db52c0521e94535383,b,K562_region_02175,chr9:95895755:C:T;chr9:95895796:C:T;var1;middle;OL41|K562|defb046a4cda3422
cc6d8875b81a6f8847bab6f9cf5f36485a30060fa6dee4dc633339c34942078c,a,K562_region_00410,chr11:126275960:T:C;chr11:126276006:C:T;var1;middle;OL30|K562|7c55e28eb35e22e9
cc6dd010ec184deb9d492411990d412abeba22020ad15c3eb1202e6f20ed4952,a,K562_region_00102,chr1:117603156:G:T;chr1:117603188:G:T;var1;middle;OL41|K562|ed7c41e7ead2997b
cc7d106b3ed316f02c01629b46fe90e25ac243bc735d5872ecb173ddd68899df,b,K562_region_00118,chr1:159697343:C:A;chr1:159697359:T:C;var1;middle;OL32|K562|d47b5235c75cfd6d
cc84ea8528c1076414612cef7becb05ac4c50cfdae8db52b3f97f40ff64f15ae,a,K562_region_02147,chr9:19389082:G:T;chr9:19389084:G:A;var1;middle;OL30|K562|f7f37219cd74e2c3
cc8c1d14a6fc0d9a8e6d4e61116525078b1a6a8624a16be166bb99c944883502,b,K562_region_01968,chr7:65509258:T:C;chr7:65509290:T:C;var1;middle;OL41|K562|9e2515f6a424d5b4
ccab80554a78e79431f54f89c4ce01b5804f87fdf892fb7c258f242b36735594,b,K562_region_00856,chr17:5412932:C:A;chr17:5412937:G:T;var1;middle;OL41|K562|976a0f192d83d6dd
ccad57907732bd1ba805701d005ace13d0354836365eeabc0150de2b194e8939,b,K562_region_01629,chr3:179033543:A:C;chr3:179033604:G:A;var1;middle;OL41|K562|12f40ef4ba607195
ccbee2bb46878f3fa17f6610e4aff8733905365f9b0dd6c422e439a7d7d5a1c5,a,K562_region_00507,chr13:33554352:C:G;chr13:33554405:T:C;var1;middle;OL31|K562|e884a99854e01bab
ccdc578c18d489c3e69c638a38e7f6348468f4efe650623e24807ab4e85fb29e,b,K562_region_01113,chr19:21753035:C:G;chr19:21753089:A:C;var1;middle;OL41|K562|d8d707c294825acd
cce831e74a28e20b31a9a957e79bb48021de899aebb024e7055435a1dfaf40cf,b,K562_region_00287,chr11:297601:A:T;chr11:297638:T:A;var1;middle;OL41|K562|b90285cc79a455f1
cd04968b9e992f4a8a393cc33e64ecffcde49eb8cdd7b516b51ff4dca0def7bc,b,K562_region_00060,chr1:54728858:C:T;chr1:54728864:G:C;var1;middle;OL32|K562|47f3f18193ae3804
cd2586776ad17aa1d8083d192f53628110c9318c8069d76e9ebe5d2d5922a3b4,a,K562_region_00297,chr11:654091:G:A;chr11:654109:A:G;var1;middle;OL41|K562|84091c7edcb78812
cd38778f68d60057710a4428a9259ae99b44935ba278076dd4229568b19a3bb0,b,K562_region_01556,chr22:50837868:C:G;chr22:50837915:C:T;var1;middle;OL41|K562|c003b638168ec226
cd3ecfda93255a64bc94afea1af1cabf5fc866da7b62749df6fe607a286e8259,b,K562_region_01761,chr5:106810888:C:T;chr5:106810945:T:C;var1;middle;OL30|K562|594e0af7ff8d9431
cd44bd35b3adea88f2944c9bb4d07f4670fcafe9f68747609feca725b5585fe7,b,K562_region_00208,chr10:19777907:C:T;chr10:19777982:G:A;var1;middle;OL41|K562|739fa75b823afaba
cd464bc9e234a4e19cec92b07d4dca92a7e44d9b87c62988c3587bb65d7e94f8,b,K562_region_01141,chr19:44952066:T:G;chr19:44952075:G:C;var1;middle;OL41|K562|ed2cb7b1d28f0782
cd4881534f524fbe7038ec73183b3dc8213fd49edc1ff029a5d4d74eb7d9903d,a,K562_region_00315,chr11:3259809:G:A;chr11:3259830:C:T;var1;middle;OL33|K562|0b104ca18bcbafc8
cd49029bf521126122d1520a3c81c6feab99fc4e17fbfb7e4982039f52903a04,b,K562_region_01422,chr20:60964064:A:G;chr20:60964122:G:A;var1;middle;OL41|K562|55db08e2bf78f90e
cd54d1b77d09636750849c8202136a42c9c489d7f9d6c41e1f89cbabff071d41,a,K562_region_00797,chr16:85706564:G:A;chr16:85706633:T:C;var1;middle;OL27|K562|0edef522b8ff5ca8
cd5ba1a7aeeaa093804c8e5ad58b0c96042ac9941f580881c67c8d1149eabfb2,b,K562_region_01941,chr7:26438652:C:G;chr7:26438699:G:A;var1;middle;OL41|K562|a3a6eb1d43fa45e2
cd5c2008b168de410292cf25f0517851c4b0de11a3856e95ee9eb174b788f9bf,a,K562_region_01087,chr19:15890771:T:G;chr19:15890777:G:T;var1;middle;OL41|K562|5bc594cb05f2044e
cd7234e8c20fa966a933b96bee227c174ad842ea26f25f5bd491b473ac3f6cf4,b,K562_region_00207,chr10:18425442:A:G;chr10:18425519:G:A;var1;middle;OL41|K562|b4f7468cda1ac7cf
cd84b0f46b8ce05a00eb90e0c709fd0680d189d45ee5cfda14a41151d9b9ec6f,b,K562_region_00495,chr12:127941262:C:G;chr12:127941275:A:G;var1;middle;OL41|K562|3b13dbf85fa87fef
cd95a50ace39dffaa989262293205c08e33eefe8678a67663c9bc7ed6b8873ad,b,K562_region_00647,chr15:78200400:A:G;chr15:78200422:C:T;var1;middle;OL41|K562|f31adca879c28260
cd999963560ef68904a0f7f11de5077998a3199a3456bf297b32d21784705e2e,b,K562_region_00070,chr1:68720435:C:T;chr1:68720448:T:A;var1;middle;OL27|K562|2c3fdfb06436bb29
cdc6f1b7068703abdadf8647a3f6a4ce33847306a0ac6b89867ec77ec30cf5b4,a,K562_region_01813,chr6:3470609:A:G;chr6:3470613:T:C;var1;middle;OL31|K562|974760e95cc13e8f
cddff97f488df9d8f919fb48370b5f453019db2edf447202e2c9eaa81b7bca0c,a,K562_region_00015,chr1:6652718:G:A;chr1:6652745:G:A;var1;middle;OL31|K562|0d84b430dba45748
cde6aa1024f82c896d5c72198a95aeabab151ea38ed034e7c06157aa2e128a56,b,K562_region_00296,chr11:537469:T:C;chr11:537502:C:T;var1;middle;OL41|K562|6fd0fa32ef97cd54
cdec28b8383e2a046e873403ef224076c79bd0e5560bffe594e301b4d008fcc2,b,K562_region_00023,chr1:11905974:A:G;chr1:11905995:C:A;var1;middle;OL30|K562|a4067831a73dc91f
cdf40408aede43308a0a401af58a668c19d80fe225d2f3b163c07d14125101e2,b,K562_region_00518,chr13:50265228:C:A;chr13:50265238:C:T;var1;middle;OL41|K562|a16e26feab4b9dad
cdf6195f6020dc11c7912449be0c6527d97f96cfcab2f8c54380b3cf890afa00,b,K562_region_01377,chr20:10458671:A:C;chr20:10458688:A:G;var1;middle;OL30|K562|691fdf066bf8451e
ce099003925400fe6629574fdffc14ae71e4e86cfa1fe6285480ae9b24c7bc2c,b,K562_region_01846,chr6:43750556:G:A;chr6:43750587:G:C;var1;middle;OL27|K562|f4a17c2b3aac76cc
ce0c3dfb9fa565002fc8a23421ee3ce4d6c446bfc242f394d7586bb33915b883,b,K562_region_00469,chr12:63830572:T:A;chr12:63830580:A:G;var1;middle;OL31|K562|455724c93f25d8b6
ce10958f3a0cd2e85a8c43e4026b899b3576101775f6ff59d1c946fcbe43a525,b,K562_region_02052,chr8:10292817:A:G;chr8:10292876:C:T;var1;middle;OL41|K562|77bafbdf8f171ff6
ce13c45a8946aa70c2b7329e6fdd04ccf287393b17d80398135e5206a2126eb8,a,K562_region_01528,chr22:39493294:T:C;chr22:39493356:C:T;var1;middle;OL28|K562|9ce69097d2c02f70
ce2d4e14dcad99b7cf99950bd065a88c6e4a99b658eb0e31580907610f755f9f,a,K562_region_01342,chr2:228670437:T:C;chr2:228670476:C:G;var1;middle;OL41|K562|5a3fd13a785b7629
ce42d7ca9e5d5308db52a4a1ae4255b1a91e6dec359a8c9752a16dbf20a489f2,a,K562_region_00734,chr16:10635600:C:G;chr16:10635651:C:T;var1;middle;OL29|K562|88db494ea41da0bf
ce47f2b96c3c8886a0e007509c44c5b98ca38bcf7c1924bfee3f3597312210c3,b,K562_region_01200,chr2:3494301:C:A;chr2:3494365:C:T;var1;middle;OL41|K562|f8223251eb6c6bb4
ce564102b4ca31c1dd0b27da941aec2f81c96c3ddf09708cb55e6e58c28745f7,b,K562_region_00106,chr1:144533984:G:A;chr1:144534025:G:A;var1;middle;OL41|K562|a07f0e3c53f02ba9
ce580dc32cf88fb2f9c0187f68d0fad61fe5943cda13c89cc79a9feb9a54368d,b,K562_region_01589,chr3:39976459:G:A;chr3:39976467:C:G;var1;middle;OL41|K562|f1dd7039d1ecd675
ce5c70e0e36da20af5d6dd6960a37eaf1eec7797d8ad589f90c24a281275c821,a,K562_region_00130,chr1:165352839:C:T;chr1:165352846:T:A;var1;middle;OL32|K562|9c649188ef13bd69
ce80f3b0deedcf6bf62db9af57f5cbcd484a442ecd8fb9dfd51cb9340f251f8d,a,K562_region_00432,chr12:7053085:A:G;chr12:7053149:A:C;var1;middle;OL41|K562|e5b3a6958bbce9c0
ce85dce973aefa2cfd9510c9b45028cbbc6663b850985f9a8b89b95f1606c681,b,K562_region_01031,chr19:1078297:C:T;chr19:1078303:T:C;var1;middle;OL31|K562|0117f9cf020267d0
ce8c100fcfc4444232cfe3643eb757a28972cbcc0431411210f950c579aaf355,b,K562_region_00538,chr13:111566412:G:C;chr13:111566432:A:G;var1;middle;OL41|K562|1488f45fdbf05a13
ce9dfc69cbcc27a5770d14619ceea1e2f28a30d1668f404de3bf667e48f972b8,b,K562_region_00042,chr1:25586488:T:C;chr1:25586492:C:T;var1;middle;OL41|K562|84b70e1190cb8325
ce9fc725e9d535ccf76af6a29cb47f0d31eb3e411f9987776b96babe906e3922,b,K562_region_01178,chr19:54674349:G:A;chr19:54674421:G:A;var1;middle;OL30|K562|46a2becd641fb8c5
cea8b3cc5a7b6e4b7c4c62b7c4cb0c6590661b436a3280e395f2e1e671f069c1,b,K562_region_00991,chr18:42825022:C:G;chr18:42825040:G:A;var1;middle;OL31|K562|e6d1c5f5dfa6c347
ceb6c80934316bdece82776caa395fa1f7ea761c1b4c75869790efcc3e797e95,b,K562_region_00175,chr1:233086394:C:G;chr1:233086456:T:C;var1;middle;OL41|K562|13a3fd04e9f45d60
ceb73712d1fc6db5e7c44dc8dcdbf2fa974dbf26e8ae4960cf66ce91efb08b91,a,K562_region_00264,chr10:115107258:C:T;chr10:115107328:C:T;var1;middle;OL29|K562|cf9c1e464982f57a
cecab08f0605f30e8e086fd4102946478c7ffb6888d18010038b8563e631466f,b,K562_region_01426,chr20:61738167:G:A;chr20:61738232:C:A;var1;middle;OL41|K562|d92c12ad24f258c1
cee7370d90ee9090a18e2fcbe75227b8ac687cb38065a85320eaf38bbb5e2934,b,K562_region_00397,chr11:118889132:A:G;chr11:118889185:T:C;var1;middle;OL41|K562|10f90fe8433ffa41
cf01739812e389ae94157c4d45072192e43cfc0002b19220d5592244c26199d3,a,K562_region_00659,chr15:85932249:G:A;chr15:85932267:A:G;var1;middle;OL41|K562|5b77b108fd3c7321
cf2041aeb88541ddafcfb75b6dfb0116aff34120ff2651b8d44e78f9bf7e5785,b,K562_region_01125,chr19:36209680:C:T;chr19:36209700:T:G;var1;middle;OL41|K562|133a396bfe5617a2
cf214899d7c54eb7650c926851ec19b9cb489f3b822e681b5fe31741d06440c1,b,K562_region_01104,chr19:18166559:T:C;chr19:18166638:C:T;var1;middle;OL32|K562|79332627329ddf4e
cf2ea125044f1f4b581c551596725f09691146b80c2dcc5a75eb35d1d8f149ce,b,K562_region_01963,chr7:50271827:G:A;chr7:50271829:A:G;var1;middle;OL28|K562|eaa586fca97b5deb
cf45f3df2cfa250e6ee777cb7e5402da4e1e1c1743a74551b4b9c20ba03652aa,b,K562_region_01711,chr4:174060886:C:T;chr4:174060895:A:C;var1;middle;OL41|K562|817bdc2391da1fbc
cf4bb9c676953dda24be622ceba70144e033e1ad007bdf8c2ea3abfc640336af,b,K562_region_00116,chr1:156552711:C:G;chr1:156552720:T:G;var1;middle;OL41|K562|db0edb13111f623d
cf4c1964d9f4e9af246d3feb248a3f0929b28da75bcbb6b08aae856ba2dab598,b,K562_region_00705,chr16:1845619:T:C;chr16:1845630:G:A;var1;middle;OL41|K562|54ccd3591f321d8c
cf533302add2c03bc1b48092f0a4617b784b56c40f8a7697656a28c6f2376515,b,K562_region_00247,chr10:91596866:T:G;chr10:91596946:G:C;var1;middle;OL41|K562|bb5ffcd121e5f559
cf5eba0bdd86918539b93df20536081fdcd13048dc9000b90e395f52452ae30d,b,K562_region_01575,chr3:12615964:G:A;chr3:12615984:T:C;var1;middle;OL41|K562|81ab427982acba8f
cf72c14809ebac24ef7ec1a9e572b1bd41203a17364aa175eacd112f93676168,b,K562_region_00979,chr18:9619173:T:G;chr18:9619241:A:G;var1;middle;OL41|K562|bc1b5e8e20a303ff
cf748e7a7663fa1fa72b5b2ccf252449c567033ad4edf2c63f8d69223e83959f,b,K562_region_00888,chr17:33382734:C:T;chr17:33382801:T:A;var1;middle;OL41|K562|e1560a4bb6cfd7f3
cf7d6242d84302d5c55fdd85e13b928bc998f19c851d73a76cf290dd3041c582,b,K562_region_01951,chr7:38384564:C:T;chr7:38384577:G:A;var1;middle;OL41|K562|9a4776b23a947b13
cf9dee930d67d354135881f112434a5ca72a1821d8450f9670ba0ffecf0141a1,a,K562_region_00939,chr17:72601810:T:C;chr17:72601818:G:C;var1;middle;OL41|K562|164b519876912d76
cfa41c93aa58e9a424de90d3fc6151a320282930cfaab2c4cf146060fb61a489,a,K562_region_02160,chr9:35686376:G:A;chr9:35686390:G:A;var1;middle;OL41|K562|1bbb5fadeea5277d
cfa685660b5ac690a842079df2427f1a10ddfa071df92471069986f75333a1dd,b,K562_region_01680,chr4:23854891:A:G;chr4:23854920:T:G;var1;middle;OL31|K562|f6455e52450f02a0
cfb1ab8b3e220fb9ecbdc7c9c63bb55b359c7d96388bcdc4f3cd9935ce5e4227,a,K562_region_00945,chr17:74541137:C:T;chr17:74541171:T:C;var1;middle;OL41|K562|a026de0cff006fff
cfb83fb41dfad69f3598c78dfc4881b616ccac3b961c960b6b871dd7a5e8fa02,a,K562_region_01300,chr2:128615330:C:G;chr2:128615390:G:T;var1;middle;OL41|K562|6187226dd422d62e
cfc558ac8cd9c6afbbfab22900b2ea35ba4aa2a95a1763098ff54fba1071b2b2,b,K562_region_00064,chr1:55520864:A:G;chr1:55520887:G:C;var1;middle;OL31|K562|f5b5f8aa79987ce2
cfd0bf220fa2d2b81a334e3200cc3783aa837728e9955d4d860f307df5af21c2,a,K562_region_00311,chr11:2752593:G:A;chr11:2752609:G:A;var1;middle;OL41|K562|656b67e46afc7e11
cff3ce9ca294ee2b56b4ce2f8ffa41442b4454dacb26e1971bd5d6bf34eaf383,b,K562_region_01112,chr19:20844392:A:G;chr19:20844477:C:T;var1;middle;OL41|K562|5dd9bbb2b4a215d2
cff7a9efd7e0ca4474e13f6059908b8ca68b1e05316c158e3b3648685795025b,b,K562_region_00827,chr17:65610:G:T;chr17:65632:C:T;var1;middle;OL41|K562|f6405cd9821ce9f8
cffabd7e57b29fc23a263f3ef328383b66f7bd3e047578fc0f0a9c6204697173,a,K562_region_00305,chr11:1689409:G:A;chr11:1689461:C:G;var1;middle;OL41|K562|a8b09f656e6b56a9
cffb89cc16b73b03b726157e6b2395bf2a03b15e3355dbcdd24652e660e7dbd2,b,K562_region_02176,chr9:95899227:C:T;chr9:95899230:C:T;var1;middle;OL41|K562|67f37ff95b3eedb3
d00b2e73034a90c3a673166749636e7c71a55b51ffb6891bfaf6afd961f750bf,b,K562_region_02111,chr8:142456943:T:C;chr8:142456983:G:C;var1;middle;OL41|K562|9be6d9b8e3899376
d00c6a332193f2d3e023af809a9ee3dea27c78940b140549d14379ca57a0393e,b,K562_region_01255,chr2:47150575:T:C;chr2:47150626:A:G;var1;middle;OL41|K562|5f123cd0624b5ec5
d0100d66b6d4f3c284c04260b09915520a42870fdb6f10236373bf2f059194ad,a,K562_region_01034,chr19:1372046:A:G;chr19:1372132:C:T;var1;middle;OL41|K562|af66ca5edcabfe51
d01ae4f730297ecb92dd5e58bc4ac389a37060530c6f918f917f7b476bbf7839,a,K562_region_01047,chr19:2721991:A:C;chr19:2722050:C:A;var1;middle;OL41|K562|240dc6a0353e72e9
d02d5f5de4910dc7f6ed0c280fa5a63e5d97d06ded73974922742343d096d66a,a,K562_region_01304,chr2:132033945:A:G;chr2:132033948:C:G;var1;middle;OL29|K562|9c4a663bf8a21d58
d0490e853fa104d24b60490519c66a4d45d7448eae800f1c47dd6cebadf12d3e,b,K562_region_01306,chr2:132250941:T:C;chr2:132250966:T:C;var1;middle;OL41|K562|e38f94d263fee1cb
d0578d983e07ff5ed6e97868eb50d03cab0f9f637383a0090ac0bcbdb0b5ffcc,b,K562_region_02001,chr7:106367604:A:C;chr7:106367636:G:A;var1;middle;OL27|K562|34887482f062df98
d059eacff77a6cc8754d15eb52c47bb4b9e9805987b3db8e5109a39caabf671c,b,K562_region_00856,chr17:5412937:G:T;chr17:5412979:G:A;var1;middle;OL41|K562|97f35a9270eef505
d05d53ad5fcfbf8fe2cfb484044b6a4725515c9b81ce9acc99d0cfa033290a4d,b,K562_region_01087,chr19:15890771:T:G;chr19:15890800:A:G;var1;middle;OL41|K562|4361bef472b279e9
d0646f94922209e83251b47934f719fe25be3546803c7a9191c6ee100045c83e,a,K562_region_01549,chr22:47135205:A:C;chr22:47135272:G:A;var1;middle;OL41|K562|4a39e4e6daccbac0
d06eb6ed75179c105daac3daac252c59d2dd5467f13238b56891b63ec1d5417b,b,K562_region_00894,chr17:36046395:G:C;chr17:36046451:G:C;var1;middle;OL32|K562|18ec4002df3c111c
d078391ca867a64c80b64762197e31aef5a4ef46c68c2be9b22c9c7c824d37bc,a,K562_region_01421,chr20:60776275:A:G;chr20:60776310:T:C;var1;middle;OL41|K562|d33d5a7676e25338
d0807006860a21c6bf5f0aa7a13ebad934212a46209e77d460e018ab7c6a001d,a,K562_region_01118,chr19:33182746:A:G;chr19:33182750:C:T;var1;middle;OL41|K562|7109718824a05f4f
d082df070b24d9a34eafc4db29851fb97d0bed9d1faf919aa0ce9345b55deccb,a,K562_region_00627,chr15:58686510:G:A;chr15:58686540:G:A;var1;middle;OL31|K562|832b0d8b565aa0ef
d0987820b7f07d77f87272781382ff376a2f08f6dba6ca9518512b637b564244,a,K562_region_00600,chr14:103576369:C:T;chr14:103576443:T:C;var1;middle;OL27|K562|dcd6a95a72937d1c
d0a03f544567f08439c3a30d9a3816eeec14c921c652f93721c74831e55134d0,a,K562_region_02008,chr7:128512228:T:A;chr7:128512231:A:G;var1;middle;OL41|K562|08ded846de4e21b4
d0a33998b3592a2ac4fd13bc309600a67809121315f4d3b1dec26e364e3a303a,a,K562_region_00326,chr11:9078598:A:G;chr11:9078676:C:T;var1;middle;OL41|K562|8cd90e6a4bfe114f
d0b182525dababc80567fd7ae03b52b1f4b8ad956437203d19c8fe791af8080c,b,K562_region_01490,chr22:21322836:T:C;chr22:21322888:A:G;var1;middle;OL41|K562|603eb701d255bca6
d0bc379d8220dc17cc75fa3ef876a18ffaac5c79815572d32c53102a24a6ccfe,a,K562_region_01073,chr19:10347032:C:T;chr19:10347084:T:C;var1;middle;OL41|K562|c7f2e99ea05f6478
d0bebae838db43b45a9241ac803bf4a3f5e072eb694a840c4226de6d9be6c97b,b,K562_region_01694,chr4:77200799:C:T;chr4:77200805:C:T;var1;middle;OL41|K562|fb3e52ed64840e36
d0e20a95be5fe47992f3b7cdcc8392479d73cfe7eb7269654de5acf119a2202b,b,K562_region_00840,chr17:2278555:T:C;chr17:2278644:C:T;var1;middle;OL41|K562|3ce1c6ddce124f93
d0fee488d2cbf43031915cc49030370f9f62ebfe432ee0c0df91d6c64ade3ea9,a,K562_region_02212,chr9:133887895:G:A;chr9:133887901:C:T;var1;middle;OL41|K562|bc43f3d0218d92ef
d12382709f6ccdf892792a4822f252f9f84376196673eba72a848c0bed62c575,b,K562_region_00548,chr14:23288935:C:G;chr14:23288953:A:G;var1;middle;OL31|K562|197f50a1556f3ddc
d126ef9687ce60956eb49cfca908243abc4f03176df0559cecda883d98442d23,b,K562_region_01983,chr7:78769097:T:G;chr7:78769110:C:A;var1;middle;OL41|K562|11a1277ddc462698
d1390f917c083fbc5716e59dbbc737691544a3fcc0b567c754a5b94e8f157139,a,K562_region_00186,chr1:246891260:G:T;chr1:246891269:T:C;var1;middle;OL31|K562|c01b28f7fa1901f0
d13a895bea852556773ff3107c40ff574af72af8fd15647adb78e888addfcb6b,a,K562_region_00619,chr15:45021705:C:T;chr15:45021766:C:T;var1;middle;OL41|K562|bf676fca160da469
d157141d22a6666993e3455f7d58f4f060e62899a3d53ca633ee3b3352a80893,b,K562_region_00552,chr14:24458684:G:C;chr14:24458752:G:A;var1;middle;OL41|K562|d34a4a7d04e1966d
d1733c45cf0c254970bc8316d5b447d76db6028ca973a1dd6eb618604e2ed08d,b,K562_region_01921,chr7:7277215:C:G;chr7:7277263:G:T;var1;middle;OL41|K562|dbb87350ff528762
d17623a6289f543d4587b86a8c36814fdfc1f3b784ab9b1e35cad861b065db72,a,K562_region_00132,chr1:165406187:T:C;chr1:165406243:C:T;var1;middle;OL32|K562|740d925fba1eec1d
d19a14bb5f1c30615dc544111a1ec10c5e6e2f327672846934c13dc7fedccbf0,a,K562_region_01043,chr19:2324384:A:G;chr19:2324458:G:A;var1;middle;OL41|K562|2298ff5b6df89814
d19f03fc52fbd358f216293fe36413aa99dbd6e908c03600ee8eace7e912bf78,b,K562_region_02217,chr9:136127956:A:C;chr9:136128000:G:C;var1;middle;OL41|K562|f10d94fbbea73f85
d1b3356722ad6591bd13d4812534da7c812e945bfaf7d8b5de050d336b25d502,a,K562_region_00684,chr16:433538:A:G;chr16:433552:T:C;var1;middle;OL41|K562|27adaa72fb80d310
d1c02eb42b47dafaaccac4ad1a0be48dd64bc4e911becdd74813e1fa94f053d3,a,K562_region_00144,chr1:202830160:A:G;chr1:202830219:A:C;var1;middle;OL41|K562|8f0db93240d300f5
d1d04d4893da69e8efcc3a0a8be75c5e6833540cc235c3c2d26afbcae5eeb549,b,K562_region_01048,chr19:2775668:C:T;chr19:2775723:C:T;var1;middle;OL41|K562|1a5539945a3626e2
d1d79fdeb860b4deec212d0bb53055af73d3f6fd1f0ab4682dff054a9880d603,a,K562_region_02012,chr7:130126780:G:A;chr7:130126860:G:A;var1;middle;OL41|K562|110b5d9914d2e718
d1dc73326e30cad3b5c23dc2b82484eca9d7c4b9c5aa42efd2a17f4a90a88943,a,K562_region_00737,chr16:12070422:T:C;chr16:12070486:T:G;var1;middle;OL41|K562|9de2107d7d8abf81
d1ffe10797ed1373c5c0870080af0325d0bee1e822e407da41b40cd1f88bc085,b,K562_region_01715,chr4:186347055:G:A;chr4:186347073:G:C;var1;middle;OL41|K562|6576187bb4edb42b
d20ed8c8b6f5a36d44051a6618a849a87459e91e534663abf8a597a40b8677c2,a,K562_region_01896,chr6:169642243:G:A;chr6:169642301:C:T;var1;middle;OL41|K562|23ee4163aad9de28
d215516462fc467ed86f37dce3962c061984fce4ce8f0044dda37b097a7e6017,b,K562_region_02016,chr7:130585553:T:G;chr7:130585623:T:G;var1;middle;OL29|K562|d6e7472393c6d846
d25b355593b2f9304df93d7f0148b98df3b68a1cbe86fcf61597feb32ce8a697,a,K562_region_00027,chr1:14150714:G:A;chr1:14150740:G:T;var1;middle;OL32|K562|4833081dc05de418
d2601179771d56c452dbf3fa38b175bf7c86b267b9724426ba1b56904d8f3549,b,K562_region_00047,chr1:28575121:T:G;chr1:28575140:T:G;var1;middle;OL41|K562|676a834d75b98c75
d26dd8f26c74e72e52d73ab955854ba2a86e2bc255f33a0f063a3d806c3097ad,a,K562_region_01958,chr7:46481614:T:C;chr7:46481634:T:C;var1;middle;OL28|K562|761ab0aa8a887594
d27049b5f51fd40435171831074606ee336095452609ca95eb3a06ad559f5a5b,a,K562_region_00517,chr13:50260002:A:G;chr13:50260029:G:A;var1;middle;OL28|K562|23ac4614f0085273
d294203c3598e17739b8d60f1e1c7ceb61836c107ebccd537bb0f4aa13bd8668,a,K562_region_01131,chr19:39906985:T:C;chr19:39907036:C:T;var1;middle;OL41|K562|423119c2cd6ad9c0
d297e535192d19aded7110dfb6d923a71425b11665ff8536cef0c89af83ee185,b,K562_region_01476,chr22:18915282:C:T;chr22:18915347:C:T;var1;middle;OL27|K562|ee089b74780c1512
d29ee7cc71d3242fb67cb923e63f7696a546dc91d322198bd0397ca32971186b,a,K562_region_00923,chr17:49020855:G:A;chr17:49020921:G:A;var1;middle;OL41|K562|9901446fe7f84c1d
d2a82dd450fc183b6bac015b4cc13430947c481822b4ef130a4de52119bfef7e,b,K562_region_01553,chr22:50621366:C:T;chr22:50621433:T:C;var1;middle;OL41|K562|b0e973e4c45efc2d
d2b3d5c87144626a188e6d68ff445e232a7c867b45efac2a688484826961e276,b,K562_region_00019,chr1:10798489:C:G;chr1:10798552:T:C;var1;middle;OL30|K562|ab06f558ce308a96
d2ddcd1a18609ac495b3c67c5ceb2d0bbbc2bf8ed0782b5922005f42d85aa255,a,K562_region_02089,chr8:30843698:C:T;chr8:30843700:G:T;var1;middle;OL28|K562|02b6c25ac54a9e65
d2e07fab932cf7661ef811737adb7dc76d73f20b3392720200072f3d4afde13d,b,K562_region_01355,chr2:239035853:C:T;chr2:239035937:G:A;var1;middle;OL41|K562|7e3392a265b33b66
d2eebffc15d06b50b097f7ef4408bd52014678483c8011584cec56195d267dd0,b,K562_region_01071,chr19:10097593:C:T;chr19:10097667:C:T;var1;middle;OL41|K562|d93a076b985ae066
d31d8e386f0b60a5c7bfe9af76d6d6647a1e11889b5aa17714298b4bbd1cf7a4,b,K562_region_02039,chr8:224321:C:T;chr8:224343:G:A;var1;middle;OL41|K562|45a3f26d5cc6f1f7
d3281373fd1ca2582e62206ba7c1b069b5e8aec4a365709ecd5c406921fe367f,a,K562_region_01762,chr5:106893481:C:T;chr5:106893495:C:T;var1;middle;OL30|K562|651d840162bdcc5a
d33edc2b237f6d1caa42ddd957ee145b59775768727bc828defa93f900b67a01,b,K562_region_00686,chr16:449934:T:C;chr16:449979:A:G;var1;middle;OL41|K562|556ab0631a839ee5
d34d59789059bc447e9169278f2433d68cbd3e14c22e139967833a4230689d82,a,K562_region_00942,chr17:72702914:C:T;chr17:72702978:G:A;var1;middle;OL32|K562|c9d4edaa73055e18
d35eafa96ea22cbac4b334504c98d2c73578f614823bda13a3829543f1e123d5,a,K562_region_01367,chr20:1930798:T:C;chr20:1930873:G:A;var1;middle;OL27|K562|b7bc61c1cde6b559
d37db4a513ad763cf53759ff7219220c4bde427ddbc4f9b77140708dbe49f567,b,K562_region_01597,chr3:72396241:C:T;chr3:72396329:G:A;var1;middle;OL28|K562|92d84463c48c7ad1
d37e9b0f48e26505cea69c7718549d63152f23d14e3105d9cdbe1437505c6c21,a,K562_region_00379,chr11:76293758:G:A;chr11:76293805:G:C;var1;middle;OL33|K562|646aa1ef8210654e
d39e2ac53447bc9821b6e415208f48a6d61303c1c48c781c953e450025ba0e0c,b,K562_region_00287,chr11:297601:A:T;chr11:297603:A:T;var1;middle;OL41|K562|5363d40650ecaa0d
d3ac917ec6f2787eb8af8c69c6a59e8400cfb2e05744cc5de6d12273b43ba2a0,b,K562_region_00242,chr10:88511303:C:T;chr10:88511326:G:T;var1;middle;OL31|K562|1e5b267153ff2455
d3ad6afed4ab6223cc58aa69061a4dbb8f8a4e3ae0d6fbcf6bfe8d3d6ec2e925,b,K562_region_01809,chr6:3023384:T:A;chr6:3023467:C:G;var1;middle;OL41|K562|c2921c54b45483c2
d3b1d597ab87e2b024838697abf3a6ab51ab9d45f15387111bdb1d51813f726f,b,K562_region_00041,chr1:24882015:T:G;chr1:24882028:A:G;var1;middle;OL41|K562|cbc1abd2c4f2e2ce
d3c9260c5ca7f272af66dcaf934cc6c65183ce644b6702ea8dde150783fe1f10,b,K562_region_01799,chr5:179285428:C:G;chr5:179285451:G:C;var1;middle;OL41|K562|810d0e191b9e40cc
d3d42f4e439be512508122df21933890d42c57f7bc5062f594b9c0c4462e3c0c,b,K562_region_01893,chr6:168720652:G:A;chr6:168720691:T:C;var1;middle;OL41|K562|f9a759da10e3f989
d3d8165b039af2c0a39b98a6e0b6f3943229b071d23cae37c0f886defdf55a71,a,K562_region_01422,chr20:60964064:A:G;chr20:60964122:G:A;var1;middle;OL41|K562|55db08e2bf78f90e
d3e4fbf61b075058800267be7e126565f18c608347010f1d4ab19c54e2f262b9,b,K562_region_01568,chr3:8775379:G:T;chr3:8775457:G:A;var1;middle;OL41|K562|e998995fc453b355
d3e9b46acee44dce5f891fe8c9791ff435c6cda671e2a3eeaa0f68de3a620f78,b,K562_region_01537,chr22:43549646:C:T;chr22:43549648:C:T;var1;middle;OL28|K562|dbf4f604abd5ffd7
d3f0057d75544f730c6250f88278e9ce8cdb410196bbabc2e42ac6d654ed5e57,b,K562_region_01303,chr2:131131866:A:G;chr2:131131869:A:G;var1;middle;OL41|K562|70c75e6137afdd28
d3f85d75c0acdb7d7b5d6ddb7fa64aa9f325711fa591158729d5acb9be691ffd,b,K562_region_01474,chr22:17700284:C:T;chr22:17700349:T:A;var1;middle;OL41|K562|3a3a15a4adaf0672
d40242af5d2ad632c69a5c4d9e5b4ae210691874f1548f3785710c10f10eadc7,b,K562_region_00434,chr12:8379795:G:C;chr12:8379813:A:G;var1;middle;OL41|K562|457b4e800fcf0aea
d40426f1c4aeea5d6f4cedd7dc1d139c43805941fe6d29ae64e30b19a50169a4,b,K562_region_01178,chr19:54674421:G:A;chr19:54674478:G:A;var1;middle;OL30|K562|f7df6abe6c5197bf
d411a5d0367ebb94f5f4099e5b2e4a596f451eb0c04e4af2361d217fcfd23f8f,a,K562_region_00729,chr16:4846068:T:C;chr16:4846137:C:T;var1;middle;OL41|K562|4c507df34ad74751
d4237157ad53f555b7149bb97737a19d943cd7da1d9b5ed0400bd229b04ac166,b,K562_region_00038,chr1:22352040:G:T;chr1:22352108:C:T;var1;middle;OL41|K562|222264d9c09782f9
d43c26e5b93b1bf283f38ec3b14e57faafb9b30fa42cabce6472178d43ff15d9,a,K562_region_01358,chr2:242022038:G:A;chr2:242022111:T:C;var1;middle;OL41|K562|05fa28e7fe7b5d0b
d4460620c778e6ddbfbcf187df40a57f02baa7df9ac5f5e14ff9616741e680f8,b,K562_region_01033,chr19:1086314:T:C;chr19:1086352:C:A;var1;middle;OL41|K562|a5943102787f4f97
d44609ef3cef4ecbc1cdb42bd220d71728b1000bb0b183879eb9cf60e1d8a9a4,b,K562_region_00152,chr1:206676331:G:A;chr1:206676383:C:A;var1;middle;OL41|K562|5f438a5c6c09ccc7
d448952af97a4e096090e565673f6bd0252403ffce53ccea4b6e9fc681fa40c1,a,K562_region_01063,chr19:4837487:A:G;chr19:4837557:C:A;var1;middle;OL32|K562|2dba432b3e1401a9
d46cd9cd1e4b39424d590ed5ad812b436e66cad1e0e22db850fc97d777888c99,a,K562_region_01845,chr6:43130013:G:A;chr6:43130057:G:T;var1;middle;OL41|K562|b473a4b13ae48109
d48493f1374b9124de08b7987ffe7c9abc538398f13455c9b98445cf1e10145e,a,K562_region_01545,chr22:45725524:C:T;chr22:45725600:A:G;var1;middle;OL41|K562|768c90547aa57251
d4876d2876986734c9a4b31849c0037a02fa31f9f7691f90b3b407234623ca37,b,K562_region_01013,chr19:384724:G:A;chr19:384812:C:G;var1;middle;OL41|K562|4b6771e391425108
d48f21ad4b7c45a3349d84e4080a5d2cbb2c86c18d53745831da1f55c45ad094,b,K562_region_01119,chr19:33517152:G:A;chr19:33517201:C:T;var1;middle;OL30|K562|a173f94d77c99fc3
d493fe5d0839722e266c4325a8cd54e2a360df259393bcc3fbae55ca18b42b64,a,K562_region_00649,chr15:78237027:G:A;chr15:78237071:C:A;var1;middle;OL41|K562|31d4adde630af0af
d4a4db04bcd49385b903bf52e3e0f869e99d4d45e7bc862840327942a5fc3780,a,K562_region_00022,chr1:11797186:T:C;chr1:11797234:T:C;var1;middle;OL41|K562|0d88a940530ddfd7
d4b171644097c9847f4523f57086075ebb4b7b348d056ae37361cc5a18f1f51b,a,K562_region_01135,chr19:41116166:C:G;chr19:41116251:G:C;var1;middle;OL41|K562|f87bd05027335e96
d4b376ab56ca3fd611d28b7b006492a23251ff3a4a559070126bc7903854f8cc,b,K562_region_01032,chr19:1083491:A:T;chr19:1083556:A:G;var1;middle;OL41|K562|0411473e103c7563
d4b5ed87999651b95caac7f470d68dfcfb3dff960d8dcda480a2d248d0cd12c2,b,K562_region_00885,chr17:27410544:G:A;chr17:27410546:G:A;var1;middle;OL41|K562|be1a74aea6f057f5
d4b86607f11290510ce4ef47f093d7c5363ef59f3504b04550e97c3b6e2d95b6,a,K562_region_02031,chr7:151413124:T:C;chr7:151413194:T:C;var1;middle;OL27|K562|3155da39be2b2916
d4beb350a2e8d49013b393f75d2e81c957df069361dedcaa0a9b61f0f2e21506,b,K562_region_01430,chr20:62157198:G:A;chr20:62157200:G:A;var1;middle;OL28|K562|af048bd3c7d61e98
d4c06ad72c0b08ce2456f8936a695324260b2ae644d2757b45a1ad4002af6f21,b,K562_region_00701,chr16:1558915:C:T;chr16:1558935:T:C;var1;middle;OL41|K562|4973b781f094152d
d4cb6034080360675d2a35a0462c0e669f9cb1ec1269f16383a6283141a0b0ec,a,K562_region_01448,chr21:42653434:A:T;chr21:42653468:C:T;var1;middle;OL29|K562|f3ca741f9d4a70a3
d4d59109fa6403591f23443a451510c9c6fe48761177e4223e2e38d257f42620,b,K562_region_00969,chr17:80385765:G:T;chr17:80385793:A:G;var1;middle;OL41|K562|9e17e97fc0c0f0e5
d4d8a2c3545ebeeb5b18647672e7d8555d4a943fa883136e6fa2244654fee671,a,K562_region_00362,chr11:68597805:T:A;chr11:68597886:G:T;var1;middle;OL31|K562|a6bda101caf96ab5
d4e362fc0755bb0f16c146756e0bea0ca7b0500c5a99eaade86b5e7a48d7d859,a,K562_region_00328,chr11:10471680:G:A;chr11:10471738:A:G;var1;middle;OL41|K562|e13f3da9adc040e8
d4e830f0c02c4b54fbd7e2194426a769703324b386567228fd40951503c09463,b,K562_region_00171,chr1:230888426:A:T;chr1:230888501:G:T;var1;middle;OL41|K562|8b6e47b9ecdafc17
d4eb034c58b3ff3a4a445cab0f97024e99813ac090bc92f8cb773548c30b2523,a,K562_region_01342,chr2:228670387:G:A;chr2:228670437:T:C;var1;middle;OL41|K562|d3a5a4dfef1b2b49
d4ee5b1dec2c675aa1662d401dcc473a4410f3edce904e44d280b708def82090,b,K562_region_00051,chr1:43232798:G:T;chr1:43232807:C:G;var1;middle;OL41|K562|5cc063e9d11a6462
d4eea6ffe6295d38b04a1a5420c475d3bab51db43d1e5d953a8c5ad4303e1ad1,b,K562_region_01638,chr3:187451701:T:C;chr3:187451709:C:T;var1;middle;OL27|K562|ac88bce27b3bb6d6
d4f96b59bc5ffc2a62d724d349998d3ca5751e160c7ab706ccb4bf93ede19804,b,K562_region_01988,chr7:95226249:A:G;chr7:95226257:T:C;var1;middle;OL41|K562|9ad09808c4d35afa
d4fa80d29ebf25d1206e8abb4d11497b4e04f2e25b2b27c76c9b3b881174ef05,a,K562_region_01815,chr6:4133766:C:G;chr6:4133855:C:T;var1;middle;OL41|K562|06029bd171ba0ebb
d505ad647c1806b302ad2b3430dbb004ba4714a43992166c871e27b100925eda,a,K562_region_00161,chr1:220076273:T:A;chr1:220076288:T:A;var1;middle;OL28|K562|afc49905822cc5b5
d5079d3a25ed44f5facf6a5201355b07a008a0283bb7603ea2a32a8919beebbc,a,K562_region_00086,chr1:101620490:G:A;chr1:101620526:A:G;var1;middle;OL30|K562|ae2e554da62d548b
d51004bef775dc3adb4ab2a0045deda9d143beaac3ecc554dfd4d27c635e6648,b,K562_region_01842,chr6:42903763:C:G;chr6:42903766:T:G;var1;middle;OL28|K562|f2f3ab93bfaef97b
d52d0c4c33468419118b51a0f0bf8172c6c3faba44f6dc08cf409b621bcaba83,a,K562_region_01649,chr3:197235040:A:G;chr3:197235064:A:G;var1;middle;OL41|K562|c237b0276e3236d0
d536c9497addb6fe7f4ff7682ab1a66b803e201b0c550c347361d7da787cb3ec,b,K562_region_01882,chr6:150210685:C:T;chr6:150210723:C:T;var1;middle;OL41|K562|0c766582014e3da4
d542d65bf8078606c1c5593c12afc517bf85235a7037ebc260c191022bc6b2c3,a,K562_region_00948,chr17:74706349:A:T;chr17:74706380:C:T;var1;middle;OL41|K562|aa13e7e8d8254115
d5578afc2a06563b779d6d5a8ed1cc079ffb075f0a0dc018b651be7f8e31b5ab,a,K562_region_02004,chr7:108239402:G:A;chr7:108239477:T:C;var1;middle;OL41|K562|482ee83c250c326d
d558180a41858a011082ad4341e277841d8e61cf5b2088063e6d0f28e3c4b032,b,K562_region_02047,chr8:9018590:T:G;chr8:9018657:T:C;var1;middle;OL31|K562|858f1590c3f326e2
d566907e1431905d904cdb33fecbed6b19a59369f0b1b4d95677661404a21834,a,K562_region_01627,chr3:170734377:T:C;chr3:170734438:A:G;var1;middle;OL29|K562|f990cc40489c0167
d568ab1db21ead2647d9d0bd0832ffe485af6632f2a27e7b4cf66ff341ead9e0,a,K562_region_02145,chr9:14292104:T:C;chr9:14292138:G:A;var1;middle;OL30|K562|46ff4d5149bd7297
d569d3980d4c8a98da51238eab282d253dd7264d52a7ff9642bd48c53e284c39,b,K562_region_00454,chr12:26589726:A:G;chr12:26589770:G:A;var1;middle;OL32|K562|adc9f9cde779a086
d56a135e4895e0ae2569b237cedd40aab8edb13f87e8340e66076b7e03a2356c,a,K562_region_01270,chr2:74347594:G:C;chr2:74347666:T:G;var1;middle;OL41|K562|c2778756393d52eb
d56ee732503e0443e55f6d941675da73a3bed10c0588aee0fb149da142b9cb56,b,K562_region_01938,chr7:24758565:G:A;chr7:24758645:G:T;var1;middle;OL41|K562|3507873d0e69cfb9
d594f83fc1622dca8a8dec6e60e0a8bb7ab35adbd7f13c67a121bd759a85b1b4,b,K562_region_01407,chr20:54989326:T:G;chr20:54989365:C:T;var1;middle;OL27|K562|a04c17f12b3d899c
d59588fb9a9ebc1bf709b2ef99e993fc2a3610eb217ea592bed6d1a468a06f42,a,K562_region_01193,chr19:58662235:C:T;chr19:58662254:T:C;var1;middle;OL31|K562|730d51095e668862
d599562f80ac8a149441f956181b7175d056b6c7b1fe8a7fb5c517202443afaf,a,K562_region_01051,chr19:3189634:T:C;chr19:3189652:C:T;var1;middle;OL41|K562|4620b08249bd15e5
d59bf2059f55dcaa4dd60fa74020e2a9a8bf599e3ada62b6ac1d3d44ab4d4ccd,b,K562_region_00442,chr12:11324344:C:T;chr12:11324364:G:A;var1;middle;OL41|K562|37e21cb6ec3d7380
d59cc62aa40180291951e7fe4d516fc0b0e8d9f07952288baed568e7aa1fab79,b,K562_region_00852,chr17:5014145:T:A;chr17:5014212:G:A;var1;middle;OL41|K562|3fb610c0cb6451f5
d5a78302d7252505d3f5959e3d953ad77f07309bd671298a22075fddbc4fdb8a,a,K562_region_01550,chr22:48717304:A:T;chr22:48717393:T:C;var1;middle;OL41|K562|19fb38bd561376a5
d5b0941d8713cba84ef04e8a4a994a88f3b3deb2b21e90db96f0270979334d2e,a,K562_region_02146,chr9:16686323:C:G;chr9:16686327:G:A;var1;middle;OL29|K562|247562b1abc38c8d
d5b7a5128af187d61f4abe60bf54977b41c05773b597b5ce5e1a3d6f9ba925f7,a,K562_region_01149,chr19:46974233:G:A;chr19:46974307:C:T;var1;middle;OL41|K562|f912b4501b40325c
d5e6b4a0ef7eb8a1afc8a0be909e25e8cc87ba981b3ef9486efec37222936ef1,b,K562_region_00089,chr1:108742123:C:G;chr1:108742130:T:C;var1;middle;OL41|K562|b8e11b61e915e793
d5ebef2917be753e9a25d3394e278a876b0e4aaf670150f11d787610cd95887e,a,K562_region_01933,chr7:23144914:G:C;chr7:23144947:T:C;var1;middle;OL41|K562|7d156c96d1807abf
d5fd5fe814706b535ea6364cdda44a5812a66f56b19470ab4e70588891dc841e,b,K562_region_00714,chr16:2262066:A:G;chr16:2262113:G:C;var1;middle;OL41|K562|7c09a34843c0cabf
d5fea4ec9a5fe3313d9a92ca486632c5ab61d89858f95cbb25e114f1b339f1fd,a,K562_region_01767,chr5:119388659:C:G;chr5:119388744:C:T;var1;middle;OL31|K562|6a85a618f1753bc9
d5ff79f55c2b2274cf8ee1708383a1cca214e2be60f4b23f04369e742ca79b92,b,K562_region_00980,chr18:9870028:C:G;chr18:9870046:C:G;var1;middle;OL41|K562|3dd9e01ecdad012f
d611919d55cf47ce65615d19096a5bd22eeedf64175b8940cf30b682f6852419,a,K562_region_00497,chr12:132674034:G:C;chr12:132674116:T:C;var1;middle;OL41|K562|d613e57b576283dc
d61595d0e327a0896d5741320f5556ecb33193148e5554ee3eb726d3975763cc,a,K562_region_01277,chr2:86422793:G:C;chr2:86422816:T:G;var1;middle;OL41|K562|b455bd1994fc0d0d
d61ad35a926ddc9dc6b9fd372fd0e62e264b6c9e31aff7c859fa7d35cd0f7165,b,K562_region_01165,chr19:49990793:C:T;chr19:49990843:A:G;var1;middle;OL41|K562|0bc329320df718d4
d632fa34529de6cc2d8613d8a09f58fb4c6f9aec2712dd48c8f9cb0b9a89a7e2,b,K562_region_00406,chr11:122524668:A:G;chr11:122524741:G:A;var1;middle;OL30|K562|b61a0d42e73f7b62
d6407921020a73b740a3856a1c7e92a59f98ca4b83b9aa97ade1f8fda013200f,b,K562_region_01752,chr5:80256909:T:C;chr5:80256973:T:G;var1;middle;OL41|K562|97e2fc16ffdf157d
d6435cc8ae3a1787c7bac0b98dc172ee146f12df81ac1704684c000f3a605b12,a,K562_region_00892,chr17:34841617:G:T;chr17:34841669:C:A;var1;middle;OL41|K562|bf3e78c5fe44acab
d6441034aef3efaf8a297b553ffeae62f25e86e4194e4ad3932848abbfecdc6b,a,K562_region_00324,chr11:5690691:A:C;chr11:5690741:T:C;var1;middle;OL30|K562|41bc7a6a98a2af9d
d65633098f3641749ad007bb5ee71dd8a7c2d07ead735c791f0393f2b2b71e49,b,K562_region_02057,chr8:11274481:G:C;chr8:11274554:C:T;var1;middle;OL41|K562|175a354ac52fa09b
d65a47a98d5f607886b0e3ca137ce0c9ee2ad3ef1084e34f85b9ad470f2e8c42,b,K562_region_01664,chr4:5026576:A:G;chr4:5026641:A:C;var1;middle;OL41|K562|075e2d9ee343a3fd
d668c761fa612a280bce0ae235d32b136fd1a333dccecf608c4e8beb88b02730,a,K562_region_00417,chr11:134625046:A:C;chr11:134625076:G:A;var1;middle;OL41|K562|9d4c0d27c18cc754
d66afa96955ced999135e0c2dd0ce4c38d24278b0793f95c69a67684253fb754,b,K562_region_01327,chr2:190526205:C:T;chr2:190526224:C:T;var1;middle;OL41|K562|b3b4f9f7aa26f0a8
d66d7aba339b4283e594d8e77f723909a47fd67bc54b8a9ec08401bef1309505,a,K562_region_00847,chr17:4522811:T:G;chr17:4522898:C:T;var1;middle;OL28|K562|82f22fece2f11782
d675526dff366843393ad865839867efdf030d98edb11003c84aa1de636f7aa8,a,K562_region_00416,chr11:134611854:C:T;chr11:134611935:G:A;var1;middle;OL30|K562|8a94bc3f8f00de9a
d679297e19ad23fa7f824318da99980dfd2d4ebd3d5fb22237f4af4b991ac5e5,a,K562_region_00766,chr16:57007353:C:T;chr16:57007361:T:C;var1;middle;OL31|K562|c41feced7f889ca0
d679b5df83a95e1bac43248f19894267506c4b24526aeb7fe858add998d7e8ef,b,K562_region_01420,chr20:58662983:T:C;chr20:58663069:G:C;var1;middle;OL41|K562|05127459e0edc32d
d67d1862e5e5c7028512c2b6bb6caf97a9aa5b48fa54d436bbe00415ff364291,a,K562_region_01881,chr6:150184080:A:T;chr6:150184148:A:C;var1;middle;OL41|K562|fe4ae4de55e33c6b
d68e497e8b22cb6ecdd99a4b29862fcadba63eaa88ad3b61194935d050919a8d,a,K562_region_00365,chr11:69174982:A:G;chr11:69174986:G:T;var1;middle;OL29|K562|b9442a5d2fb4611e
d69412a16a6a756d8434d048a100f48f1e78a5aec8ba35981e4cec85f799aea4,b,K562_region_01072,chr19:10338676:T:G;chr19:10338764:A:G;var1;middle;OL28|K562|1a1282f0d30ab5e0
d69ca82873711c1e20017c35beea0dcb98ecbacf827986a57e114b8aa7e486f6,a,K562_region_00292,chr11:324630:G:C;chr11:324635:G:A;var1;middle;OL41|K562|cac819a9b3841823
d69cb4e0606ae86e0d50e803cbe55d95e1202cbec3b5a9c15797be71487a5d71,a,K562_region_00577,chr14:74766080:T:C;chr14:74766089:C:T;var1;middle;OL41|K562|df39f041144d9065
d6af00c848e43d84288801f26a2accfcc64bf86d6c7558fcea12b830100d9f01,b,K562_region_01168,chr19:53141566:G:A;chr19:53141625:G:A;var1;middle;OL41|K562|1fe1772d54269643
d6baab5dc0ce65da62bbf17fa39babffae08a73d25487cc628b9fba5967ab3f8,b,K562_region_00954,chr17:78011691:A:G;chr17:78011731:G:T;var1;middle;OL41|K562|0530ca25ebe4656f
d6c7d9600e2619c6c415475ed4e6d55097803a46e32d55b3ed226f50be9c4f5a,b,K562_region_02006,chr7:124032505:G:T;chr7:124032560:C:A;var1;middle;OL41|K562|f9f59bb57379b3db
d6cc2700f38bc558a0febedfab23d0187e4316722eef25d79844e9442929de6b,b,K562_region_00097,chr1:110270093:A:C;chr1:110270165:T:C;var1;middle;OL41|K562|f065062ec97199f8
d6d8d873ec446a9a3239800a881a5b84a8bc0c56ff4cd29125bb1d66689d143f,b,K562_region_00768,chr16:57060340:T:C;chr16:57060353:T:C;var1;middle;OL28|K562|dc6d37f4d453ee0e
d6df3cd5a7ed3f55162acd257b73bb8ae0a155e889ce77e07800a4a939e649ac,a,K562_region_00615,chr15:40654038:A:G;chr15:40654066:G:T;var1;middle;OL41|K562|bda20c5e0e8ae4f9
d6e18e3c4fe3dd6f5619043e7dd5d0ed3feec35daab609ddb75f3edd3ab56c83,a,K562_region_01246,chr2:43254426:T:C;chr2:43254496:A:G;var1;middle;OL32|K562|4c52aa810a2b200b
d6f24d6034c8a8548688884e3ca3b9edfc207933e55a7cc55b33f762647abe47,b,K562_region_00936,chr17:66576439:G:T;chr17:66576490:C:T;var1;middle;OL41|K562|0b9ac3b3c3df69c5
d6ff87cb091c1c7d66f8f1b0294b24e23fa8136601b6510730d8034c31296a2f,a,K562_region_01289,chr2:113934085:A:G;chr2:113934174:C:T;var1;middle;OL41|K562|89309c7139ed1584
d706791cf1f7602d467b4e9a51382ab1b1e005872a352d1f88e6ebb3efcd8bd2,b,K562_region_01897,chr6:169720237:T:C;chr6:169720239:G:C;var1;middle;OL30|K562|5aa78f196adc1fca
d7072e59d034a184a22f8cc322858a8504ac09d7b80935f1b89fae73bf9762c7,a,K562_region_01754,chr5:81586801:G:A;chr5:81586829:C:G;var1;middle;OL41|K562|409f22dc8c0852db
d707666f205149619f06b75eaf310931b977c72ee4078b11f3975260cbf2c329,b,K562_region_00590,chr14:98646886:C:G;chr14:98646939:T:C;var1;middle;OL28|K562|c2f344f47314ab17
d724889ca6b08ca5f8fa10e0165c82958d76687cfd966e372964a58868a7f154,a,K562_region_00746,chr16:20392332:G:A;chr16:20392415:G:C;var1;middle;OL28|K562|61ad95bc97c6d731
d7342aef07eb0959f9814c7fd1449a8f52c0c560e2b62a783f2e4da0045e2fa0,a,K562_region_01416,chr20:57477090:T:C;chr20:57477104:A:T;var1;middle;OL28|K562|1969d458e8530017
d73826ed33bd82d9fd99d41c0025a68cf76fa4efb782d3a2d99f8fd564f8b734,a,K562_region_01110,chr19:18989270:A:G;chr19:18989320:T:C;var1;middle;OL41|K562|72007532fd15cd8f
d73dd18c9f37506c1a178cb8835be4cd26da2701147c2d390c1e6b956f73a3ba,a,K562_region_00709,chr16:2011082:T:C;chr16:2011126:A:G;var1;middle;OL41|K562|a4e928d82d062c8d
d7417af75fd0dd4be3dc2a1158a5f9c27b14749a8643f8e0fb792e319f4d3e22,b,K562_region_01515,chr22:36598049:C:G;chr22:36598081:A:T;var1;middle;OL41|K562|5258b2c505dcff1a
d74f6b1e5319587c326fe883af940516e7783f75fdbfdb06f5de7210be42e1cd,b,K562_region_02145,chr9:14292138:G:A;chr9:14292207:G:A;var1;middle;OL30|K562|304d97e1cdb50011
d758ac6b56be408ac4af86958e2b99af68063649f0e836a2af04a1672da2ed2f,a,K562_region_00194,chr10:6075148:C:T;chr10:6075211:G:A;var1;middle;OL33|K562|792b0cff673c564b
d75ac35210d2af3dc917691047f2a626b350cb0271e9b8abc1b9650693485bef,a,K562_region_00706,chr16:1854038:C:T;chr16:1854101:G:A;var1;middle;OL41|K562|abf60a5dd59b6100
d75ae4cd3d511a1bd97e12f89542a1788b97ab584697e1a9059a049fd2afff32,b,K562_region_02083,chr8:27630131:C:A;chr8:27630152:G:A;var1;middle;OL41|K562|b78cb94d49c601e4
d75d32235d25eb10e873bc8bb3a311188c687368b6eb4a28e7c0567ee647e5a6,b,K562_region_01194,chr19:58912737:C:T;chr19:58912788:C:A;var1;middle;OL41|K562|2f18e7fe4a127a37
d75f629fb928c30ed2a38590f5836a7a0de190d8d941ba24f23d0017b4b599e9,a,K562_region_01746,chr5:55860781:A:G;chr5:55860866:G:T;var1;middle;OL32|K562|34fe777fba968801
d760b876cce8bf620e15147ff68fa55fbc855f6a612af3bc4d05cef6afe3a4c6,b,K562_region_02137,chr9:5453172:A:G;chr9:5453198:A:C;var1;middle;OL41|K562|cd95e81d649a7750
d76c6ce9567bdb4c93b15225c99c73ef6cf553ba2af4bca40750d976c03e833f,a,K562_region_00122,chr1:161008535:C:G;chr1:161008572:C:A;var1;middle;OL41|K562|deece55f1ad01d6d
d77174c2761cb2148d64db23aa9efc314302758b17e6a5ebd0825b73a2cd860c,a,K562_region_01377,chr20:10458671:A:C;chr20:10458688:A:G;var1;middle;OL30|K562|691fdf066bf8451e
d7746e7dce3bbbe578c66be68020271b92e12c3bae710d3a605affea9784611a,b,K562_region_01821,chr6:13408794:A:G;chr6:13408874:T:C;var1;middle;OL41|K562|6246630bf3edc9f4
d77d13a76db869f714e6cee3f0b7c2ba01305ad0986bf68bc34492749cf04c34,b,K562_region_00304,chr11:838634:C:G;chr11:838672:C:T;var1;middle;OL41|K562|b91f9d4d7acdc52c
d79ebf0648f5d3a880e6e918c32e2174b7453bb46b673db4a2ecfe82b0a8bd7d,b,K562_region_00084,chr1:95287319:G:A;chr1:95287370:T:G;var1;middle;OL41|K562|791cbf94bf84a5b7
d7a3beee2454fadd5e7887776c4ea0f2b77f912ff88c5cd8b27853d48a8d7f34,b,K562_region_00931,chr17:63063412:T:C;chr17:63063451:A:C;var1;middle;OL31|K562|6b83efe717fc9dc9
d7a9068ac4ffe1d52453f85969c5b4be5b6b28bf75349777fb2ac07e08e6755e,b,K562_region_00352,chr11:64004643:C:G;chr11:64004723:G:C;var1;middle;OL31|K562|d923906c5428d0e6
d7b026aeb338cbaf3356dee4bc94718012c575c20535c2bd6c411a56d587c9a5,a,K562_region_00828,chr17:72083:C:T;chr17:72161:G:A;var1;middle;OL41|K562|7f0e257b4d4ca490
d7b848df23580abbbbf2a1225826109c8b300afe0eec97cc38561403ac1d398e,a,K562_region_00381,chr11:76922946:G:A;chr11:76923017:G:A;var1;middle;OL30|K562|df665247c08c0f7f
d7c264d370f4d3553de48302f7680292e966d2520a1370e5b393cf9784d1f335,b,K562_region_00503,chr13:29068150:C:G;chr13:29068175:A:C;var1;middle;OL31|K562|a2fdf1ed3f33560c
d7c97f2994d6be5de7167dd33b501893a8b39a8fae58115ec9ee0fa6b9f842c5,b,K562_region_00371,chr11:72435983:A:G;chr11:72435996:A:G;var1;middle;OL41|K562|6a86e980c475effe
d7c9d8a91e1d86709bd0800c3d3a6494cca957f87cf7f32be42f3ed81fe4d4f5,b,K562_region_01941,chr7:26438699:G:A;chr7:26438728:T:G;var1;middle;OL41|K562|cff20c1c8bc92b93
d7cfe1085b416037ef3ab5288a41a1eeedfaecfbed39232c7cdbf775f1059ed4,b,K562_region_00770,chr16:57320086:A:T;chr16:57320113:C:T;var1;middle;OL30|K562|38f63655e1361de6
d800624db7aabcf7de47f76bfffdcc1999442eebf5d9324489942039ef43eeb4,a,K562_region_01089,chr19:16197377:C:T;chr19:16197432:C:T;var1;middle;OL41|K562|af816ffd1677e044
d807a9b54c39051d9b9a5350e2de54c9e786fbe5922b28ad977d93b00e2887fd,a,K562_region_02036,chr7:156124435:A:G;chr7:156124437:A:G;var1;middle;OL28|K562|d1da1ef094c3b803
d81b653970d1cc4184f29a9edf8df4993d6f31dcb1fcfeba29201302afdb9dee,b,K562_region_01184,chr19:55888095:C:T;chr19:55888156:C:T;var1;middle;OL41|K562|5dd024d3ede6851d
d826a7af0cb9ca237f92a7bb6326cb1bc6304dad77d9651db02d8de17313af28,a,K562_region_01156,chr19:49206145:G:C;chr19:49206172:C:T;var1;middle;OL30|K562|ad159f83ebb309d8
d832efb4fd1e3b561328965ce0ae1364b1e002d2b6dca8b43b8f41cc8e151d98,a,K562_region_00025,chr1:12042443:C:T;chr1:12042506:T:C;var1;middle;OL27|K562|b373fa6d42dddcda
d8399ed807bf666d5acb91cac8dfb0ed84d7692fa6090ece945accedd9152603,a,K562_region_00455,chr12:26986011:G:T;chr12:26986098:G:A;var1;middle;OL41|K562|350a32e337c2f3e2
d83da1d21409edfb0661ab7bf16cf39876f8f242c1993e684cee4e6c09289911,b,K562_region_02181,chr9:106856910:C:T;chr9:106856952:C:T;var1;middle;OL41|K562|da53955717998610
d851daff5e8a94851dbadc377c176143be831ac53c810e5fc05fc719c1406fd1,b,K562_region_01189,chr19:57678194:G:A;chr19:57678258:C:T;var1;middle;OL33|K562|0d59a0e17b970a10
d853595e265f3eaf6b3c667cc3a67765ab8060a0cc22d8e595f15af3594f0fc9,b,K562_region_02209,chr9:132045333:A:G;chr9:132045384:C:T;var1;middle;OL41|K562|0a239f6da3097a60
d865f9a94900b9ff9235083c595c9efc4f222e04bca3952f2d9bfd832f672aca,a,K562_region_01981,chr7:77315176:C:T;chr7:77315217:C:A;var1;middle;OL41|K562|a32ae59cd140a509
d86852a06d6e0a84b10474134b30b2bd186d98fb086f5cb8d2ed24f26b56d269,b,K562_region_01583,chr3:24755717:A:T;chr3:24755790:G:T;var1;middle;OL29|K562|e5521d7c631c1b8f
d87098eb4785878621f47e8ad5107ccee29fde5ca022efc93d6f6d06a373388f,a,K562_region_01637,chr3:186434108:G:A;chr3:186434188:C:T;var1;middle;OL28|K562|95d521dbb559f38b
d88252a2a99c3231adf047c5b4f4b49187b0fab1ae16609b0f9ab8e9b85d1378,a,K562_region_01420,chr20:58662969:A:G;chr20:58662983:T:C;var1;middle;OL41|K562|60b01d06d0e42b8b
d886c1e549e495324e0d89053ffddf974480cd8075b3c2416bbc1f51e54e5fb2,b,K562_region_00735,chr16:10833734:G:A;chr16:10833794:C:G;var1;middle;OL30|K562|59384021531f1f7a
d88729f3dc9fb25237844aaf9f151829867b9597fbcbe07e896711a048a05637,b,K562_region_00774,chr16:75182354:G:C;chr16:75182433:A:C;var1;middle;OL41|K562|4fb7150c185a5e42
d8a2b95010712a91cb04f2cffd342407651643776af9cd8961c17c6a70c99268,b,K562_region_01872,chr6:138142737:A:G;chr6:138142754:G:A;var1;middle;OL41|K562|e8d17898c89ae7b1
d8a361c3c5deb306943bd262e973bc7cf2c8c5af1b0de057df22e8f6f2fc0890,a,K562_region_00247,chr10:91596866:T:G;chr10:91596920:T:G;var1;middle;OL41|K562|8329affd4e8d6a3e
d8ab9e279b0c15d349f77eb52b37520936007142336e004f1fa281b8edcf1b2c,b,K562_region_01856,chr6:73663745:G:T;chr6:73663814:C:A;var1;middle;OL31|K562|7e30896afd06e0db
d8aed3494637bcde029cd0581d63ff4ad9bff9ef8600309883f983e8e9441a72,a,K562_region_00347,chr11:57209360:C:T;chr11:57209367:T:C;var1;middle;OL41|K562|f4f03e43d4439a14
d8b2456400c026c0dc307c80b62b045c636c778651b6700edab0292792492660,b,K562_region_00096,chr1:110254411:C:T;chr1:110254493:T:C;var1;middle;OL41|K562|6683d27b09d7281e
d8b71186af6a26d4e873970e1df5f67089430daa9ec23bdc5a2c7af1f8770bc6,b,K562_region_01577,chr3:13919309:C:T;chr3:13919315:C:T;var1;middle;OL31|K562|d1ff44e8336fb55d
d8bfeecd7dbf502aec9a509f360a87064e90b5f618ac7da75c315fe471385404,b,K562_region_01420,chr20:58662964:A:G;chr20:58662983:T:C;var1;middle;OL41|K562|01f95ad18eb8bd92
d8c8fcb67c9bc7ad62feca19803914062cda5668e2edec9fe6049abfdb76faf8,b,K562_region_01157,chr19:49206603:C:T;chr19:49206674:G:A;var1;middle;OL31|K562|76d4a3a1ba5b80fe
d8d8afe96908783e1f72c60f434933cb49cb94cd43f166427867bfa49f0ff0d3,a,K562_region_01123,chr19:35556640:T:C;chr19:35556729:C:T;var1;middle;OL32|K562|8755705f82b03686
d8deab13e04218baf10acc5d591b78271521207db1d6ec1ee03a822bbfcfb405,a,K562_region_01992,chr7:97847459:T:G;chr7:97847522:G:A;var1;middle;OL41|K562|71972cf67ba5affb
d8e1aaa22bdf799bfa0d14de4f0b9651efcca154848fea674fc815e4be9086f5,b,K562_region_01445,chr21:38340494:G:A;chr21:38340523:G:A;var1;middle;OL41|K562|f99d11bcc50708cb
d8efca046f4fbf906e58a51c72ec94b41658c118ae06618b244a286b0d58236b,a,K562_region_02098,chr8:101484612:G:C;chr8:101484638:C:G;var1;middle;OL27|K562|df56960098310e4e
d8fab4956bca87597543145ff015fc5a39f83488cbce4784025cbfa610edfb0b,a,K562_region_02053,chr8:10295578:G:T;chr8:10295664:C:G;var1;middle;OL41|K562|2fd49e77c1a1e5e3
d90db79af96c612c5ce51792b6c3a9c87adc6b3f8fd9a222047a20eb05232a3e,b,K562_region_01226,chr2:26953540:A:G;chr2:26953582:T:G;var1;middle;OL29|K562|abf46916082fd77f
d92d702dca70da50ada3b254cdca3d698fdaebc154d701be696bb862112b7c88,a,K562_region_00314,chr11:3147917:G:C;chr11:3148003:G:A;var1;middle;OL41|K562|e625ea98c3674a08
d93a73bce668133682447cf32a6990bfb34e17c91595de0115cdee455149b6db,a,K562_region_01297,chr2:127783846:T:G;chr2:127783891:C:T;var1;middle;OL41|K562|b8c099ecaa6e4824
d93cbed44268cceea520e748def447b8557b7fa833fdc63dc49968672b0685eb,a,K562_region_00062,chr1:55035269:T:C;chr1:55035348:G:T;var1;middle;OL41|K562|7129ad26729e4ea4
d93f11505a13d22dc8b9f3dd3d46da66cfd9b1836eb955808ce6068440a4ecd7,b,K562_region_00337,chr11:16359555:T:C;chr11:16359567:G:A;var1;middle;OL31|K562|a7feb27e04b3a677
d942ac455383652a344b90a2c0439a965cf65bbcf856234ef54d503294f1e45d,a,K562_region_01734,chr5:10308222:A:C;chr5:10308240:G:A;var1;middle;OL41|K562|a3826333e54703f9
d945547376631c082a73c261be2a059cb0cc107b415dae3db00c22193a178a42,a,K562_region_00498,chr12:133181399:T:C;chr12:133181425:A:G;var1;middle;OL41|K562|2a92edbdf227478b
d95c8b9f2bdf9e81e3976c986eea9d61be97954781c5ea3ad4bdf34140598b43,b,K562_region_00100,chr1:115848388:C:T;chr1:115848450:A:C;var1;middle;OL27|K562|b0ced3d025b791f6
d96c337c03204da95b8fd8a0cab33e06ed42978fc06d9b358ac974fe6add2284,a,K562_region_01679,chr4:23810178:C:T;chr4:23810189:C:T;var1;middle;OL28|K562|04d78977e50bf42b
d96ed2e43f5440268e602bb89d5cc0cbf2a2b6c2ca611727cee2da2804131b34,b,K562_region_00015,chr1:6652718:G:A;chr1:6652745:G:A;var1;middle;OL31|K562|0d84b430dba45748
d9708fdb894490580612330989a2874354d386db740021ef6f787c3cf9383b94,a,K562_region_02066,chr8:17532573:T:C;chr8:17532619:C:T;var1;middle;OL41|K562|b10443209079466d
d9863f4035299f8ce64fb03c00f1c8da6ac366a6c5e018e23abb2b9a0bfad1a6,a,K562_region_01743,chr5:35879095:C:T;chr5:35879156:G:T;var1;middle;OL33|K562|9a636b60ab1ce28a
d98e600907a641c8749a1b9b817779add2412b306b048882ab0f91bdf49d4fa4,b,K562_region_00109,chr1:144909163:C:T;chr1:144909227:C:A;var1;middle;OL41|K562|a653b79dcfd24587
d99a8751cacf4cd7cc4614cd27ac844da9e9eb71547994d7cb82c245030f5e8f,b,K562_region_01299,chr2:128410713:C:T;chr2:128410792:C:T;var1;middle;OL27|K562|4a87c15a7eba1523
d9a3499751f35ad5ebb1d063b24dafda238a79e8018c96b6138ae540623c91df,a,K562_region_01025,chr19:991063:A:C;chr19:991129:G:A;var1;middle;OL41|K562|ab5ad952e25e47af
d9aa401acc3821930bac5fffa592ae46de9ba679c1e77245f4e2e2ab0b31efdd,b,K562_region_01684,chr4:40420055:C:T;chr4:40420131:G:A;var1;middle;OL31|K562|f2a77a79763a2b35
d9b3d08108eef8b1b5333d4e89cb2c62c22ad05bd9bc96fbca51fdae04ec35c3,a,K562_region_02062,chr8:13185415:T:A;chr8:13185417:C:G;var1;middle;OL31|K562|fd006e2bf768e9b7
d9c65db13826cd110c83ce29dcc0adc4d1e861d81e38a3c4db01390975de8579,b,K562_region_00330,chr11:10519816:G:T;chr11:10519896:A:G;var1;middle;OL31|K562|9d23803d609ea542
d9e89687cfc7541c1638008d5e95afbe8b04927de0a193d9cfb6fe0434848662,b,K562_region_00592,chr14:100231685:C:T;chr14:100231703:T:C;var1;middle;OL30|K562|357137c3196a1136
d9eb74367d04c08e444f66a3f773c9b42fea39e3527bfa46bf38b813c56e2f09,b,K562_region_00488,chr12:121431225:G:A;chr12:121431300:C:T;var1;middle;OL29|K562|7194172cc810d7de
d9f64c5081e787203c9fa7f46bf11157fed051c5c0eed6d2d6bfbb6843c7e43c,b,K562_region_00066,chr1:56905524:G:A;chr1:56905556:T:C;var1;middle;OL28|K562|245cb723450d9384
d9f97cf57d4366edf1993ae251735baefa0c6fd5e27291086feac0b6964cea20,a,K562_region_02103,chr8:126507308:T:C;chr8:126507389:C:A;var1;middle;OL27|K562|b260edd05d6c32d3
da0e9975355d2e8dea050c22a4e5e05b04b17b9223ea8f6e42cef64019a6ef36,b,K562_region_00811,chr16:88785072:G:C;chr16:88785126:A:G;var1;middle;OL27|K562|8488c9772232269b
da18659127f04fb725acd3007583d750876331b81c65e015f65e7caae9e55648,a,K562_region_01951,chr7:38384542:A:C;chr7:38384577:G:A;var1;middle;OL41|K562|5fa8704d29dc9aab
da241e074742238a83218978cf7fc8b0fd248802e9a715724bde946a77d1708f,b,K562_region_01784,chr5:157158414:C:A;chr5:157158439:C:A;var1;middle;OL41|K562|21e4fc2234a90b43
da6570544e9e2bd24b7c0a8308f42cabd749f838c70f9c34136f63e5b70f311a,b,K562_region_01015,chr19:460049:C:T;chr19:460073:T:A;var1;middle;OL41|K562|b47e8ef00e56c134
da80130fa908793ea397674caeb11c21d0fed4e1f7321b3c3ed439a48c8c8501,b,K562_region_02196,chr9:114393328:G:A;chr9:114393397:G:C;var1;middle;OL41|K562|7f24feaa94dd1ff3
da87a11e307e9cdabb3aac76d3796ad39faf409abe80176be98292dc47bf6c81,b,K562_region_00918,chr17:48132713:A:G;chr17:48132763:G:T;var1;middle;OL41|K562|daad7742abfbc3ef
da8f1bbff26cafe364f737c7c18d7e7ab88161f2b1f23cf9f63d9e77df007078,a,K562_region_02248,chrX:135849573:G:A;chrX:135849582:C:G;var1;middle;OL41|K562|9618c1f7f42d1572
da9629a5a984c66c812ed8622ab6ad66627282b0a8ef882d60f179c483a90eed,b,K562_region_01488,chr22:21105343:T:C;chr22:21105356:G:A;var1;middle;OL41|K562|a5b182032817a249
da980ef9ca9080300946c0cd1302e6d88cdb1dc6efd490d58ff8a24f416da3fe,a,K562_region_01662,chr4:3579012:T:C;chr4:3579073:G:C;var1;middle;OL41|K562|3738b8115b5db8f6
daa1169fc7916f299128744e017a6293b513c0c86e2c8345c6eda776cde73099,b,K562_region_01211,chr2:9913779:C:A;chr2:9913813:G:C;var1;middle;OL41|K562|584f670a04added1
daaa83222ec5148240bb2525902b77c2e4d800417f07863057d2aafe0af08c7f,a,K562_region_00479,chr12:105616243:G:A;chr12:105616245:C:T;var1;middle;OL41|K562|1f9c6d69c1bbea28
daab443aa4fa66a6326c6eeb0c58c5ffda9568faa565777abf90771ce1584dda,b,K562_region_00983,chr18:12911423:T:C;chr18:12911504:A:C;var1;middle;OL41|K562|55df9fde20480259
dab2eefc69a942edfd32b861427f39d3544fa2d3e9a87917350aaff622dd0b09,a,K562_region_00606,chr15:28939746:C:T;chr15:28939797:G:T;var1;middle;OL41|K562|1160b9b84828f74a
dac1d53da79f4eda4f7ae1b26be61f307dc5b44cd17f777771eb2c1e23c13bbf,a,K562_region_00287,chr11:297603:A:T;chr11:297638:T:A;var1;middle;OL41|K562|ba658b89d86ebf52
dadc4ce2f913e2a121be5b37c21a66a1bdab6f916cfee781f920920ce0682b1f,b,K562_region_00760,chr16:51025426:G:C;chr16:51025468:G:A;var1;middle;OL29|K562|0f3bdc9716887708
dadd0f9f09d35bdfb01b137009586ec4028e60d3d3cafb3eef6a53dafd64101e,a,K562_region_00333,chr11:10670073:A:G;chr11:10670109:C:G;var1;middle;OL28|K562|d19993864bf4a8c1
dae481bb6bb771c778c163b682e6f515884503fce1be7c066d14734ce6f32b8d,b,K562_region_00415,chr11:133821132:C:A;chr11:133821144:G:A;var1;middle;OL41|K562|9eae476e780deb0e
dae645a4d23a0e1b8b870fa09589589f8a7cc026621bb04f49e2a186f22d64a1,b,K562_region_00947,chr17:74697848:C:A;chr17:74697852:T:C;var1;middle;OL41|K562|d2a1254445faa558
dae780b70c1c5eaf5f2f8d3ead62591b19f887f53e20ef1defbf8f28c016de02,a,K562_region_01690,chr4:69317873:G:A;chr4:69317947:G:A;var1;middle;OL29|K562|6d8c9e5d19cf64d7
dae9c523bfb53d7c0ecc3d350d9fc46cc135f89e873fdc8e22fb63c5e997382f,a,K562_region_01660,chr4:3463452:G:A;chr4:3463477:G:A;var1;middle;OL41|K562|be1d9f2e94b29c67
daef1806353c4c5e89d3f70a74f90e16f7d96ae875a219ccaac3f44ef9295397,a,K562_region_02183,chr9:107664301:C:T;chr9:107664373:C:T;var1;middle;OL31|K562|ff2b683fdaaafccd
db05a6feb561becb3c724dbfd87ff24d8d9c2dd790ee750cf467c98556a43a42,a,K562_region_02150,chr9:22133251:G:A;chr9:22133284:G:A;var1;middle;OL31|K562|98557ceed38de1ed
db2a164123843a34a30236c4b29f620d90da980f2eeb75518316c65776aea841,a,K562_region_02006,chr7:124032401:A:G;chr7:124032430:G:A;var1;middle;OL41|K562|63fdbbf403799a7b
db2f7760ce74c6c70db648cb2da50c4ce11e3368d9add6db8436fb5c03f8d1b4,b,K562_region_01592,chr3:46599984:A:G;chr3:46600068:A:G;var1;middle;OL41|K562|1fdd04e07d473de4
db38f091c52d29a5783fffdbbc78282ba674c9be7b480dd05bb1de81b9f3e1bb,b,K562_region_02033,chr7:155092205:T:G;chr7:155092225:C:G;var1;middle;OL41|K562|0eb43870f2b20ee2
db40edf5f31ce3e2c33aaf432b634f8cbc1cd709998dbcaa259fb35902412c0f,b,K562_region_01996,chr7:100225135:C:A;chr7:100225193:G:A;var1;middle;OL27|K562|167a7b2b560e9bc3
db4dcc630b72f0753ef62a9e627fafce87f68974cc80959185763cc381c55d8c,a,K562_region_01405,chr20:52176338:A:C;chr20:52176395:C:G;var1;middle;OL31|K562|c842ffd985347d08
db6969031a225155396890ffb0afa86bb5b5e8260c80982ecf383574a05a3062,a,K562_region_02006,chr7:124032505:G:T;chr7:124032560:C:A;var1;middle;OL41|K562|f9f59bb57379b3db
db81a9c6fa014cb442de2aea3fa53cf7ea42dafc8c4d3448b2a55dd77a43afac,a,K562_region_01854,chr6:52236814:T:C;chr6:52236824:C:T;var1;middle;OL41|K562|3f57991fe2624fa5
db8b2861a90198882f44e8b9804c78b33068d5e71ca6a2b013f54d5dc5b5fff2,a,K562_region_01167,chr19:51774538:A:G;chr19:51774613:G:A;var1;middle;OL41|K562|a1d4e047dd63d4a8
db8bab28b16f7d5ceeca76e2dcf6b792ab7cdd8637b8d6b52fc88af03c6600f8,a,K562_region_01589,chr3:39976354:G:A;chr3:39976401:T:C;var1;middle;OL41|K562|12e032835771eac1
db9cf902eaa10980092a487f507e6abb62b064ee1293dc38feb3e13bd2ce950a,a,K562_region_01458,chr21:45757888:G:A;chr21:45757905:T:C;var1;middle;OL41|K562|a836d36c9de071aa
dba2f5f56e73d08b3fc5adf21e46b1e4f0aec94c1c97e4a89ff75a5d9e2a2060,b,K562_region_00214,chr10:47139995:C:T;chr10:47140059:C:T;var1;middle;OL41|K562|0a97b23903be4f56
dbab31fe2d43695c2b4d47612e72507487ec5dbad693bbd1785c0eb1c17a8da9,a,K562_region_00686,chr16:449934:T:C;chr16:449977:G:C;var1;middle;OL41|K562|8f87f1c573dc7c75
dbada213348a79783e2691566f002754a122e70a43bf776899a8569f2dc112a9,b,K562_region_01421,chr20:60776275:A:G;chr20:60776352:A:G;var1;middle;OL41|K562|88d97807bb1746c2
dbb5fb4a6db9ac3e076a7b2ae87dec7c8a41b223d4042a5e041f89380231a685,a,K562_region_02131,chr9:4763484:G:A;chr9:4763491:G:A;var1;middle;OL27|K562|a92d101bed5f7f49
dbcba2686b33a49d2cc27592ed6365741affbb3e92400e33dc06497abf691c27,a,K562_region_00490,chr12:122265106:T:C;chr12:122265163:A:G;var1;middle;OL41|K562|2dd4da0003f601ed
dbe0560ad68de6cda59eba4c8a8557bceae7237983c83b1fd5b8551d299cbc93,a,K562_region_00902,chr17:40705715:G:A;chr17:40705724:T:G;var1;middle;OL41|K562|b1bf03444915ab62
dbe691eaa4d80ca534a80c79d49a9875171f11bd52803e33d688ab73170c0d60,b,K562_region_00181,chr1:235110784:A:G;chr1:235110859:G:T;var1;middle;OL31|K562|64ca92b28562fc2e
dbebdb6aeb4a720ce8c0300125fe9a18adeff86aad820d8873628e005ec215e0,b,K562_region_00734,chr16:10635566:T:G;chr16:10635586:T:C;var1;middle;OL29|K562|82e448aa3f50638f
dbf0396e3c0fbb326d147d818536abffbf087aa62a5ff2c76182c6d96b0edaee,b,K562_region_01101,chr19:17592797:C:A;chr19:17592844:G:A;var1;middle;OL41|K562|10222b482bbfd5f3
dbf04dceaf5e40254bc86248edc2ecbc5580537885a119a3ff51f6061c522ff5,a,K562_region_00398,chr11:118942048:G:A;chr11:118942067:T:C;var1;middle;OL41|K562|0acd1903cf421172
dbf8a1c205738989264aefca2e3cb5b15e8259852f5f07ffbf198b6880cd5590,b,K562_region_01936,chr7:23286315:G:A;chr7:23286325:A:G;var1;middle;OL41|K562|4ce98702023123d0
dc004e2dacd4067f4f5a2b18c053c79012376141bac03ab3256ee8c05c05a993,b,K562_region_01829,chr6:34503439:T:C;chr6:34503446:T:C;var1;middle;OL41|K562|f27541c6959736ab
dc03c98b40b39d273a1437c18c9e9ae16bf0848e5c24a5b907ee5f3533726a10,a,K562_region_01844,chr6:43057192:C:T;chr6:43057265:A:T;var1;middle;OL41|K562|be5cddcfd168a8d8
dc12bbe791a284ccf474be4595538d8aea3ee4a9be2cb9eef01555635f5167ff,a,K562_region_01014,chr19:425290:G:A;chr19:425305:C:T;var1;middle;OL41|K562|0156a4097410a128
dc12f7d3a4cac4448b9c68963bad9e92b553b85db0c713e4f040d5ad8511a2f7,b,K562_region_00805,chr16:88072897:T:C;chr16:88072901:T:C;var1;middle;OL29|K562|e3e8d23bcce8b25f
dc36c448c3124d89dd5aba77133aefd2bff744ecc54dc5b676a790fc70a5049e,b,K562_region_00815,chr16:89250882:T:C;chr16:89250951:T:A;var1;middle;OL41|K562|27947f6f6be0975e
dc3ff20e57318bda721b81305fb5c51b2c2931dfc5f3b7dda7b97ec9fee5c1ea,a,K562_region_01218,chr2:18309132:T:C;chr2:18309194:C:T;var1;middle;OL31|K562|5c4dc2212a56f096
dc600308daf74c8aa686a7c92000675ab3bf706477de2f18c541b0bf8fccd7ad,b,K562_region_00136,chr1:180125372:T:C;chr1:180125374:C:T;var1;middle;OL41|K562|d1a5c2d9057eab4c
dc6d5cca71b74a84faddc23dafe73d529002e523a0fc393cbef9a8b9384f1320,a,K562_region_00685,chr16:449162:T:C;chr16:449178:T:G;var1;middle;OL41|K562|fca8f4a8e4852f8d
dc84bfad240dee6b48cc8779f34c7fb23963141311e097c7c50a91213a849e63,a,K562_region_01582,chr3:24715105:C:T;chr3:24715135:G:T;var1;middle;OL32|K562|1b8b2a56de86512a
dca88d7f67a0041b4b51037b831a9d4f2b2857ce7dd32fd414daa1030c304618,b,K562_region_00480,chr12:110087006:G:A;chr12:110087038:C:T;var1;middle;OL28|K562|db0cc75f188e10ad
dcade6f66ab18284d870b28ef3fca2a7682a937cd339ffa34115ae15da8e70b7,b,K562_region_01483,chr22:19861157:A:G;chr22:19861161:C:T;var1;middle;OL41|K562|c821ede9880e6f14
dcb46b94289d0d8202ce4960b96e88fd325fa21e619b5af0af37d12c37d7ee9d,a,K562_region_00007,chr1:1307600:C:T;chr1:1307638:T:C;var1;middle;OL41|K562|e64c635c0b81446b
dcb917cb4910b00b2274a423c59fed7ec639ff237083fadb10b26f065efda895,b,K562_region_00147,chr1:205244953:G:A;chr1:205244972:T:A;var1;middle;OL41|K562|02634f791a038564
dcbdc4524e2f08857d9feec0989a4e01962a3c01c0eb9afd39279ca5d789e521,a,K562_region_02153,chr9:22446751:C:T;chr9:22446828:A:G;var1;middle;OL41|K562|0bd2268bac715a18
dcc024cc60afc4aabbec49f36f87ed9b9162f63d1179777958a82261d80efcef,a,K562_region_00960,chr17:78943074:C:T;chr17:78943109:A:G;var1;middle;OL41|K562|2d44b49c15a70ebf
dcc297c7da320873365607197b72e3c96ed1ce70111a95da5a446529d2b09335,b,K562_region_00128,chr1:162253826:T:C;chr1:162253908:C:G;var1;middle;OL41|K562|615af9f4d9f8203f
dccb9bace1adde0d3e86efc47242961ef9f3bb2d5625ec16c7762e32da35c565,a,K562_region_01352,chr2:238499997:T:C;chr2:238500046:A:G;var1;middle;OL41|K562|950d9912f2246023
dcd3124ccdff94cc78bd7dbaeb36dc65458906d0ddab85e81fd61229762292d7,a,K562_region_01900,chr7:763465:T:G;chr7:763545:C:T;var1;middle;OL41|K562|ab5bc3776c683764
dcdb73f2d8fc7dd29ea03b5d8a24c7dfba7caf4558aa132e41481acb50a7994c,b,K562_region_01651,chr3:197322695:C:T;chr3:197322742:T:C;var1;middle;OL41|K562|65ec734d6def4747
dce3d12f14b641b70ee9cc50feb1134eee592bee426b4f3fc634a78549a9cd35,a,K562_region_01475,chr22:18911733:T:C;chr22:18911771:C:T;var1;middle;OL27|K562|2b6e80265c0e77de
dcf1b8b39ca88ebf9edd09da95d1f848a9c1b864c4fc35fc2153df7311254fa2,a,K562_region_01120,chr19:33635043:C:T;chr19:33635097:C:G;var1;middle;OL41|K562|45e985c4cc188380
dd076ee716654e10477a8ab7113fe16829199babe7766305c342a1ef1e3c097e,a,K562_region_01876,chr6:138430171:C:T;chr6:138430225:C:T;var1;middle;OL41|K562|c91c41622ed0d863
dd09c9bffbd45111c454eb3ede07099ebffab5efbea1268bbafb9fc283ec6b99,a,K562_region_00463,chr12:53212223:T:C;chr12:53212292:C:T;var1;middle;OL30|K562|11f61629edd4b4df
dd1559e057b4deb11b38980d8517f8eddad2615ba1e4b063e15a64bc507a78d6,b,K562_region_01784,chr5:157158372:T:C;chr5:157158439:C:A;var1;middle;OL41|K562|2164863b1651c9d0
dd30ce8db9febf4bbbf5e3cbf5a4c492e00e9fdce77a25aaabcc8aa08f93dcbc,a,K562_region_00091,chr1:109265563:C:T;chr1:109265642:C:T;var1;middle;OL41|K562|cfa6a165d3e1b5a3
dd34373625dff63091e684a081d8f0c996245bee3b22beac582b5a432cedcc35,b,K562_region_00948,chr17:74706341:A:T;chr17:74706380:C:T;var1;middle;OL41|K562|0e8fcb97c84cfb83
dd363aa72640bb2c922bff79d40dd0c514d4144bdacea4c0356927cb6d7ab4e1,a,K562_region_01922,chr7:7592576:C:T;chr7:7592614:A:C;var1;middle;OL41|K562|2ee3cbe0298f7eb3
dd433c19ea14f34600d5671ccde4e43f0d1edd083d1cb77688dc098d3304f9d1,a,K562_region_00976,chr18:6728467:G:A;chr18:6728488:G:A;var1;middle;OL41|K562|d752de4068270e85
dd435ff41ee6d9dd97f2690f41518b07a33b4197194631286a1efb2261ff3f19,b,K562_region_00599,chr14:103564995:C:T;chr14:103565080:T:C;var1;middle;OL41|K562|b0f42edc66e7606e
dd4955b2f3c09ad1538c414e7106ab7269328442112e279e508369cf32dadf2b,a,K562_region_01923,chr7:14799692:G:C;chr7:14799739:T:C;var1;middle;OL31|K562|fb8e3da42fb15a58
dd4e683a09e611e2ea84872dedf12ef4144150d64a21269d7958237d676346d3,b,K562_region_01796,chr5:177821665:A:G;chr5:177821725:C:T;var1;middle;OL41|K562|ee664cfdd29e27d8
dd5770b6d5e92c5b749c3bfd5239e3b17b9eeba516301fe54338e5006d3b78d6,b,K562_region_01812,chr6:3157354:C:G;chr6:3157399:A:G;var1;middle;OL41|K562|1d4f5fed729327e2
dd657ec8283fdc761fbbbfd1617be2935aa704eb4c1e39c41f2a043468c43832,a,K562_region_01329,chr2:197084587:T:C;chr2:197084595:T:C;var1;middle;OL29|K562|6c21732ed1dc8d28
dd72a93a3231702752f02039634966717db950e38a144a80d2ad4d92592ee313,a,K562_region_00798,chr16:85783856:T:C;chr16:85783903:A:G;var1;middle;OL41|K562|93cb9ca3c85f5452
dd7f6e80147724537c7645f82563e04dc837d920c592e9f9f59a8ad2a5370474,b,K562_region_00395,chr11:117700323:A:G;chr11:117700410:A:C;var1;middle;OL30|K562|67c46701291da681
dda2aeca98e8fd4410a8e22e64c3b30f57f59a400995a11e1cf1a913181da79f,b,K562_region_01683,chr4:26331433:A:G;chr4:26331472:C:T;var1;middle;OL29|K562|000bb0e4141c78c1
dda72b03d51bf4a67385156d2762794b68c416f7bc94f566d211a0a5f1e1d024,b,K562_region_01035,chr19:1456595:G:C;chr19:1456653:G:T;var1;middle;OL41|K562|a3a3403898c4ce09
ddb8a0b68f45bccb95d011c9a2fc48ab209ce259946431c1eff2feb9c2e2b72f,b,K562_region_01027,chr19:995640:A:G;chr19:995676:T:C;var1;middle;OL41|K562|e10f29a039647540
ddbe7de748c5ab513507dfd7647e71d44fc1d008eacbf1bc9d351264c1fce01b,b,K562_region_01356,chr2:240142118:C:T;chr2:240142164:T:C;var1;middle;OL28|K562|03fc85cb6dd59e49
ddccc9b6eaf373fce4d50f4ca6d3a1c296db35e47f73f3273d9096e471ae013d,a,K562_region_01290,chr2:113965198:T:A;chr2:113965200:A:T;var1;middle;OL27|K562|33e8c3e95a9fcdac
dddd4afbe14b7ad428b71e1bc6f45e78a6e07ea5314dc515fc2404a7dee12bc7,a,K562_region_00011,chr1:2205527:A:G;chr1:2205548:A:C;var1;middle;OL31|K562|5610b6aae0a1221e
dde839d4d130662f0e3a3516b6e908916315f1f615e028109c9c42fd468a7aaf,a,K562_region_00414,chr11:131449365:A:C;chr11:131449439:A:G;var1;middle;OL29|K562|2c0b606ad29769fd
ddf28a260386b2fc319b385e1df834af91eb1b89510b2a4b549f09591dfa9309,b,K562_region_02193,chr9:112745176:A:T;chr9:112745178:A:T;var1;middle;OL28|K562|49c4383791eee415
ddfb96ff53f6301e22fb88d23889423b74eaaf480d8d7932bf8e7a1b8524587c,a,K562_region_00201,chr10:15139081:C:A;chr10:15139109:T:C;var1;middle;OL41|K562|ae581032b015ccd1
de171ccc811041b987aab560956fe1543375308e17a475e11bd03ce00e0cf58a,b,K562_region_02179,chr9:100977392:C:T;chr9:100977457:T:C;var1;middle;OL41|K562|f9d4bc33ffe6c806
de29eacc970cdea3b674e8fc9312ae9b0149948e606d27b0be08b0905bce7e8a,a,K562_region_00237,chr10:78194791:T:C;chr10:78194812:A:G;var1;middle;OL32|K562|e288222a31c1ea9f
de2c0ae007e465b1b173a1cacbae440f6460ebd9ab8c2bd0155f14735bd6a1af,b,K562_region_00519,chr13:50703650:C:G;chr13:50703703:C:G;var1;middle;OL29|K562|8ad63d3a4d22191e
de2c0fcefe495280980d1abe2e585a3c29ddfd379e1cefcf361a0eed0abf76fe,a,K562_region_01247,chr2:43424666:G:C;chr2:43424704:A:G;var1;middle;OL27|K562|52c1eefff8f52596
de3e952538e8647958ad2be85804f8e3e0d8726dcb376c2b6257411e8a9a503a,a,K562_region_01749,chr5:74344465:T:C;chr5:74344492:A:G;var1;middle;OL41|K562|ec46d36437b78fc7
de40b11e387fb9679706ef80514d78c13b4f777aa71ffde128282205691c7c26,b,K562_region_00490,chr12:122265106:T:C;chr12:122265163:A:G;var1;middle;OL41|K562|2dd4da0003f601ed
de493ca90b5d1c5fdd47ad168fb0c2d48140b07ffdd49bfdb401c2a60a8e1f10,a,K562_region_00879,chr17:17613070:T:C;chr17:17613073:G:C;var1;middle;OL30|K562|0a26bb3cc5d45e6c
de4b6b3a2e283222320c99f20c1f04e491fa131dccbb693032d3c379653b85b9,a,K562_region_00309,chr11:2215584:A:G;chr11:2215587:T:C;var1;middle;OL28|K562|892d7c4bb5833f2d
de564b810cccee00fd9687042e651320479b9380c9a6285662045af1a79ed716,b,K562_region_00160,chr1:217437376:G:A;chr1:217437463:T:C;var1;middle;OL27|K562|5d4876e20784e9d0
de871e0983ef0272851d9ce077875cb0a7c07e6358f9b32e9969de32401b72e7,b,K562_region_00109,chr1:144909154:T:C;chr1:144909163:C:T;var1;middle;OL41|K562|b8edd1e4986d5ab4
de9eac17cc66572e123d7cf64b7746eb3ae9e696882e6a7b1bd199aefc3ea125,a,K562_region_01907,chr7:1540502:T:C;chr7:1540535:A:C;var1;middle;OL41|K562|f1b1cc32d9df73e3
dea01de5dd2a1f97dfbc7fd2de633bc1b18a4bc635c095de607a22b1e88f12d2,b,K562_region_01884,chr6:151806102:A:G;chr6:151806124:A:G;var1;middle;OL32|K562|e8c54f709fd5619c
dea4a2fe3abc0169dc3f6849d585d958b57131aeca60bab8c9a43001ac95c9f1,b,K562_region_00910,chr17:44083323:C:T;chr17:44083402:G:A;var1;middle;OL41|K562|c831d3d04de7f47e
deb11fc4b70f43f125c74dd946d23c9c91c9d2e705f33416e86a0db3c17d5e99,b,K562_region_01900,chr7:763465:T:G;chr7:763545:C:T;var1;middle;OL41|K562|ab5bc3776c683764
deb1720cb271c656d14fb261995b3e90aa7171deccd103edec67a538867e54f7,a,K562_region_02025,chr7:150020295:A:G;chr7:150020381:G:A;var1;middle;OL41|K562|1c7092fd99166953
ded6d03d002fbf629a75f5e2e330c4205894d68222fbfd029e394c10f01b4dfb,b,K562_region_01892,chr6:168194450:C:T;chr6:168194457:T:C;var1;middle;OL41|K562|4b57a92ab2b77448
dee322d00b1c48c4fd67672fcaed071136e76a1ed3167dadc5fedddc29227b18,a,K562_region_00449,chr12:20582640:A:T;chr12:20582651:A:G;var1;middle;OL31|K562|e530816d4f1383cd
defd054aa9f6945ffe7c581651b185c08b85d302586ddc716beb022601632cbb,b,K562_region_00948,chr17:74706341:A:T;chr17:74706349:A:T;var1;middle;OL41|K562|92388d57c212861e
df001b570b9faaf97a5eca132d46ec6e60e0babbe18debb0f66391d05944eee4,a,K562_region_02213,chr9:135860412:G:A;chr9:135860415:C:T;var1;middle;OL31|K562|99047bdfd54faf81
df146118776868cabe1f2df5754df9ad3e002ae3c0f09da2570fceee6f2b0f2c,a,K562_region_01642,chr3:194304741:C:G;chr3:194304753:G:A;var1;middle;OL41|K562|b791393aa44635d0
df29db95b29348343e25b81c2a0393ef1cfd298e0813d9365e3cff59a07c692d,a,K562_region_01723,chr5:428348:A:G;chr5:428418:C:G;var1;middle;OL41|K562|287b15c8dc998dc9
df39dc72477f2d00a43a9e1eae0e9d1c20157f209a88385ac67a260b91f75b25,b,K562_region_00858,chr17:6656175:T:C;chr17:6656188:G:C;var1;middle;OL41|K562|aa9c303e7eaa8b25
df3ab56ee9cec3fc659c45844edb0bb7592950c4a0553e085f82a35002dc0634,b,K562_region_00534,chr13:108019827:C:A;chr13:108019892:G:T;var1;middle;OL41|K562|af56db52b11cc614
df3e1a1b0af8be5435f764414b5b7fdf833bc6f493c7a614eca49150a27248a2,b,K562_region_01702,chr4:110638764:A:G;chr4:110638824:C:T;var1;middle;OL29|K562|707c293c9a053f4a
df498c786f1c7c26793bbbd27df1e0f07bd1735ba6938faa3eec5d7986903d0b,b,K562_region_01748,chr5:68043894:A:G;chr5:68043900:C:T;var1;middle;OL28|K562|5b44d905f07b2d5e
df4a855a61c7412236861ca29ec54bef4dc57e5cd850b30bd03e4d0d201c4f78,a,K562_region_01274,chr2:85645545:A:C;chr2:85645593:A:C;var1;middle;OL27|K562|8a83a0bf8948a828
df7efac9a004a6a91b74e1eef930ba92b7bbaedc7e2f80d1510a9252ed0783bb,a,K562_region_01728,chr5:1276794:C:A;chr5:1276873:G:A;var1;middle;OL32|K562|bc1be6ebe358c600
df808672eef2e591976ef3fc67123b653ffee1c8ffd50d382640e1a0a5d76683,a,K562_region_00473,chr12:69371471:C:T;chr12:69371558:C:T;var1;middle;OL41|K562|53d8652e5a55f75d
df97c6ac03d1df90bad3560baea90f5c4c3a30c3aac14fc5901304d0df541087,a,K562_region_01613,chr3:131081171:T:C;chr3:131081192:T:C;var1;middle;OL41|K562|77be140c896c47c5
dfa034e5d46f6c4c5d309adbc90aabcc8f1e54b9f41430ee05609c9838258800,b,K562_region_02042,chr8:6263912:A:T;chr8:6263947:C:G;var1;middle;OL41|K562|85e46387e554dcf7
dfa6b67e427e121fe9b3c10bd5f7c372e57b2aba8588106d7ac62abcadf85f23,b,K562_region_01560,chr22:51017353:T:C;chr22:51017394:G:C;var1;middle;OL41|K562|79d00c018e28115a
dfac03b4b291337c471f2185203daf6445ee81f84295a49d17f46a6bc5b3fd18,a,K562_region_01085,chr19:15413612:C:T;chr19:15413679:C:T;var1;middle;OL30|K562|1f10368f66042847
dfac29ff886fd8a0517d2d22cb98ea773b94a3318fd0c4e46b53d51bb8f80357,b,K562_region_02104,chr8:126591354:C:G;chr8:126591392:T:C;var1;middle;OL31|K562|969b1647f38d31cb
dfaf3a6c085df30f18b1b3867a3563ae88d1853b7b77f2e9ba726ed551233636,a,K562_region_01892,chr6:168194450:C:T;chr6:168194457:T:C;var1;middle;OL41|K562|4b57a92ab2b77448
dfb94d84d42078dd3cfca49e1c4017200dc58947e978b45a811781c3e73e49e7,a,K562_region_02203,chr9:130628500:C:T;chr9:130628524:T:A;var1;middle;OL30|K562|3b1076eaca581f88
dfbcbd174e99b6f354f71b003774c01aee54504d816829f17004d47418372ee5,b,K562_region_01169,chr19:53360976:C:G;chr19:53360992:C:T;var1;middle;OL41|K562|04fa1365a604b632
dfc28272c355a6a3c02791235949485e4a6612ffe4b591fa3ac9670a36ac51ef,b,K562_region_01860,chr6:108053906:G:A;chr6:108053969:G:T;var1;middle;OL27|K562|4ea7f75df48b3f42
dfc6097c24729551616678c9f14fd1b8c9d7ddee428bb93ee17f0a3dd66a0bfa,b,K562_region_01676,chr4:17621310:G:A;chr4:17621383:C:T;var1;middle;OL41|K562|d41d86b0419c6218
dfc62c34a59c897d24056119144045f3e4b012b07bf6c033e0074c2e76cb6445,a,K562_region_00712,chr16:2080571:T:C;chr16:2080653:A:T;var1;middle;OL30|K562|ed8211e84dfce72d
dfd1d9622574330ddffcdf836b024c06109d16e861ad194f9ba46ea74bb785ed,b,K562_region_00853,chr17:5014368:T:A;chr17:5014416:G:A;var1;middle;OL41|K562|9ee982a0ac2fc2db
dfd462a6d5b4151ecb9f6c63a5efb318bc26f75f70c883f6ec9b886b86d79903,a,K562_region_00719,chr16:2916702:T:C;chr16:2916791:G:C;var1;middle;OL41|K562|4d159768b77f10eb
dfd782afe12a1b071ba1b74a31f623cf4705261e8f5fe5d9d8995bbc41b6be3b,b,K562_region_01054,chr19:3481578:T:C;chr19:3481650:C:T;var1;middle;OL41|K562|fbda0c1b19b65047
dfefe9167a8b002d6eb3bcc90540ec6c0befd6e1a5bc4f8890ead9d7eb699b7c,a,K562_region_01504,chr22:24281901:C:T;chr22:24281915:C:T;var1;middle;OL41|K562|4c3165ddde7f3f76
dfeffe8124284d56698941166e641a9d8868b08ce550c76c9c710659b912f602,a,K562_region_01571,chr3:12266804:A:G;chr3:12266855:G:A;var1;middle;OL28|K562|6c5ee963724e0f25
e007cfa3e96ac2639905ea03d42a351998b5c11ee5c565ba940aa4e724f132d3,b,K562_region_00096,chr1:110254456:A:G;chr1:110254493:T:C;var1;middle;OL41|K562|d70c7adaaa050c54
e00a89c08b53decf6da1ad67842c15978162cc1052bfe2f3940ccd24ca1f9166,a,K562_region_02236,chr9:141098344:C:T;chr9:141098428:C:A;var1;middle;OL41|K562|d59bf97ffca5f072
e00a8c0a6fbac80bcc88de3440ed1586715ae8c21a4ded89ba69806c7ef23b96,a,K562_region_01337,chr2:218070753:G:T;chr2:218070793:G:T;var1;middle;OL29|K562|f220717461f1b044
e038ac54b30942597e27d07de55efe9b53d49b018d10bc9bde1a8734118f1b16,a,K562_region_00594,chr14:101173124:A:C;chr14:101173201:G:T;var1;middle;OL27|K562|310752d0a9db6d32
e0425a4db540074e102be2fd1bf57bc95a513a6e2d90fd2d9ce4c349862a76b5,a,K562_region_00749,chr16:23694732:G:C;chr16:23694774:A:T;var1;middle;OL41|K562|83d2606a3b6b9ad3
e05c60e065bfb0557d524d0381c8e9e38e27c759844cd90464aba3a4187e1fc6,b,K562_region_01481,chr22:19689697:C:G;chr22:19689782:G:A;var1;middle;OL27|K562|aa59112c8589000b
e07b5cb6ed837fa5ee64ca11eddc1d994986fc97453c4019a260219676737362,b,K562_region_02163,chr9:38381288:G:A;chr9:38381308:G:T;var1;middle;OL41|K562|877f4cf5e49f6b34
e08abd2363fee43caf318af1a346e1a90fcc1ad2452904fd268d409eaee7fc10,a,K562_region_00291,chr11:320805:G:T;chr11:320836:C:T;var1;middle;OL30|K562|787b67b232f29032
e0952b75d99f51391fff9766b620af8323c0ae4b68c51af6b38afcdfafafd3a0,b,K562_region_00704,chr16:1845144:G:A;chr16:1845190:C:T;var1;middle;OL41|K562|84551b32fd7f84c5
e09a5d9a20a573f4ea22627af6c248b2c5148954cdf4d6def2a72c47d1db1ef9,b,K562_region_01296,chr2:121124834:C:T;chr2:121124838:G:T;var1;middle;OL32|K562|d66fbdf32fb435c3
e0a062f5d522408e292e18a3989ec10c6c803f0c34e4f76b802a3379140fea53,a,K562_region_00805,chr16:88072897:T:C;chr16:88072901:T:C;var1;middle;OL29|K562|e3e8d23bcce8b25f
e0be7cfbd79ef8b88aff9cc9405f63304bec3d6da22227d5db798e705b5a8b75,b,K562_region_00196,chr10:9043246:A:G;chr10:9043313:T:C;var1;middle;OL28|K562|24e007980971ff68
e0c475ea8e17f7a94fb3649a1164d1db62049c587148b3f1921e4c68af3a7bdb,a,K562_region_01484,chr22:19863593:T:C;chr22:19863638:C:T;var1;middle;OL41|K562|a0a99d677e99bc97
e0cd00ef3c9895e6629dfc24c15d70d63e4ce9f95529314facb61c13eef62da1,a,K562_region_00848,chr17:4642787:C:A;chr17:4642814:G:T;var1;middle;OL41|K562|d9fbbe7b0aac5d69
e0e88aa20324443252bcef531cefc6b47e2be20b769b0d0f90c5e05ad7d12f6c,b,K562_region_00334,chr11:11144344:G:C;chr11:11144363:A:G;var1;middle;OL29|K562|c321ababb471f14f
e0ee237fb351213c4a68801775736848c1866878d06f8ba9390cbc92d3e8bcc7,a,K562_region_00400,chr11:119238381:T:C;chr11:119238455:G:A;var1;middle;OL32|K562|51ec6172c8d55b2c
e0eee4fee1868b56efa9f1b56ab7094e45674fb70bffb033b822682baa249b26,b,K562_region_00904,chr17:41438653:A:G;chr17:41438720:T:C;var1;middle;OL41|K562|ce8831c73839b4be
e0f3d74d0fbbd6c3fa09b241252c5954316b38f7b7942ca757f265711e358621,b,K562_region_00285,chr11:207400:A:G;chr11:207462:A:G;var1;middle;OL31|K562|520aa0638c9cc5ac
e10333c0a46770c678ca288c31b8c18850554af2f04e1a3e3f94a6b18ad81992,a,K562_region_01916,chr7:5331620:G:C;chr7:5331651:G:A;var1;middle;OL41|K562|7acf5a06c3af8bbb
e105277678cb9749df92db7d4cd31f1bce060d186644a91d6b02a76bcbc6d1f1,b,K562_region_01270,chr2:74347576:G:T;chr2:74347594:G:C;var1;middle;OL41|K562|0f41b2176e53c471
e138c528fe9c74f45a8398e902e8372e75cf036bcc87215eeeb2e8130d33e8be,b,K562_region_01179,chr19:54677103:G:C;chr19:54677189:C:T;var1;middle;OL41|K562|cd239422ce7131de
e13c765971f04139ed9f9bc1cef4a455f5a38da0561d304a92bc54ba7736fa52,a,K562_region_00283,chr10:134902396:C:G;chr10:134902398:C:T;var1;middle;OL29|K562|edc27abd8144aecb
e148805078775897a20bc7d9c3b1a1302971732db0aca44dba698cd0e93098ff,b,K562_region_01213,chr2:10862139:G:T;chr2:10862188:G:A;var1;middle;OL41|K562|c0a0c3c62886eb0b
e152a75243132c79d314f84cffd4c642846cbcdb2c9af825f55817a69a38b331,a,K562_region_01595,chr3:66877320:A:G;chr3:66877343:C:T;var1;middle;OL29|K562|5d7e2769a12fbd28
e1530519e5e9a3eb08e73b56293b3abf79641b7df5251c7de3fe97ecbca01460,a,K562_region_01697,chr4:89048022:A:G;chr4:89048081:C:T;var1;middle;OL32|K562|ca1269458bab18d1
e15720dc9e2ff973b9b0960b21409bb9c44a197d1138abcaa26fc96f3c0dbbe4,b,K562_region_01943,chr7:28177301:C:T;chr7:28177338:G:A;var1;middle;OL41|K562|045df337309593f3
e15f1f7fdb7e16c9df0290e6d534d4da4fa61c161262275fd28526df86e80e6d,a,K562_region_01676,chr4:17621310:G:A;chr4:17621383:C:T;var1;middle;OL41|K562|d41d86b0419c6218
e165455295925c531726059e03eec80413dac6f9f7b7b0c697156deac91ee71a,b,K562_region_00323,chr11:5641911:C:A;chr11:5641917:G:A;var1;middle;OL41|K562|7226abf3aba83146
e18112139ee4359a676e71f8ca19db7435de489b992b8eb8b9a101bdba0fdae7,b,K562_region_00067,chr1:56906274:G:A;chr1:56906308:T:C;var1;middle;OL28|K562|e7f806512cbacc1c
e18c3698416355656b54c0e967bfd9eab8d01b6f9ccab1b10932246bdbcb3291,b,K562_region_00804,chr16:87889412:C:T;chr16:87889495:T:C;var1;middle;OL27|K562|5b4ed07df434f179
e19278551e00352af7e697d3d54f0f256befca7f4fd123dca113cea9f4df2f8e,a,K562_region_00221,chr10:49810853:C:T;chr10:49810917:C:T;var1;middle;OL41|K562|7afd0a315dff7fe1
e1b200eae119e7c441ff107ec94e727106b9e8a3f6606fc619ef226e2b2978e8,a,K562_region_00363,chr11:68659403:A:G;chr11:68659488:G:A;var1;middle;OL41|K562|248ca30a6e773487
e1b2792121f2bf8bbcf3c0c68ce259f0ce84a409f7e28509957ae13dcb11d7e4,b,K562_region_00682,chr16:427479:T:C;chr16:427516:T:C;var1;middle;OL41|K562|7153f4e2cc21123b
e1b2fa444b96db6eb32754ddc6ba6f6e62a8bf7d13cd078465c060998f5ebe78,a,K562_region_01603,chr3:125635682:A:G;chr3:125635718:C:A;var1;middle;OL41|K562|1bcb93aaba81579c
e1ccd24b1ed0576ed769d51df6db92048b057ed2c0b73dfdaabcb1a47214bb71,b,K562_region_00684,chr16:433538:A:G;chr16:433623:A:G;var1;middle;OL41|K562|3de832d8788fac2d
e1f150fba5c02af96c2eb3d55684866eb7ceb07cca999ceaafda0aaf72d02307,a,K562_region_01009,chr18:72920065:G:A;chr18:72920103:G:A;var1;middle;OL41|K562|8821965486c4ca41
e1f26109b46e8eb0293f576a1d4bd88b2ca0a3ee077461addbbd713d3bf69b96,b,K562_region_02117,chr8:144766644:A:T;chr8:144766686:A:T;var1;middle;OL41|K562|de20bfaa6fda77ac
e1f9cb8157db58127465ee8429487efff05f26adc8df95d7ea11bd1b9b1dcc87,b,K562_region_01621,chr3:155011481:C:T;chr3:155011518:T:G;var1;middle;OL41|K562|866c287a81fc22f9
e1f9f7a221ffead052a0dd1b5d1de9b1f80e1931a5e43c3ba46b029589ff81f2,a,K562_region_00460,chr12:48591976:C:A;chr12:48592027:C:T;var1;middle;OL41|K562|a1b3f8f26e41d441
e1fa03ffb0dd0fcbaa2e1096428d72a1265e0808266b9da45aa6d2bb978bb1c5,b,K562_region_02021,chr7:148990858:C:T;chr7:148990933:G:A;var1;middle;OL41|K562|189f22a1d5bde4e5
e1fb737badb50c089cc07bac7e5aa2af418c9d74a2fceb603d97c700fd1b33c2,b,K562_region_00607,chr15:30373225:G:C;chr15:30373242:T:C;var1;middle;OL41|K562|a6e6658071645b0c
e208df8cf527a054e1bb90193d80b392aee99778b1279e043629e7d2ece99d4e,a,K562_region_00920,chr17:48595109:T:C;chr17:48595198:C:T;var1;middle;OL41|K562|794e243e33d7d323
e212d1b058e225d21015105bebf716b7a18cb19bf8aaf0ae125a6d0ede42d954,a,K562_region_00253,chr10:100175060:C:T;chr10:100175082:C:T;var1;middle;OL41|K562|e3aecb97083036db
e220b5d42a74cb3cadb50b4e0d123dca53070ed82831ead913db05b96c662bf0,a,K562_region_01318,chr2:169764141:A:C;chr2:169764148:G:A;var1;middle;OL31|K562|b70924d4956ead92
e2211b7b60bde6a04a4463caa7ef779ea391d8568e9920f188b2cc124539a8fb,b,K562_region_02203,chr9:130628500:C:T;chr9:130628524:T:A;var1;middle;OL30|K562|3b1076eaca581f88
e22b334987fa51620dfcc891e9f1e626109abf4eb71e941f51213f7d52a857f0,a,K562_region_01880,chr6:149795136:G:A;chr6:149795154:C:T;var1;middle;OL28|K562|c48e1e9443eae70c
e22db9156e75d3b1694cf61f8d40b3f1c128954dcf661196073fd2f7fb172cc5,b,K562_region_00904,chr17:41438698:G:A;chr17:41438735:T:C;var1;middle;OL41|K562|c3bdc0976790e2dd
e239a09f7bc689278ff8882a66d23d75905484aef38ba10b13ed57a35a4c7a81,a,K562_region_01459,chr21:45759689:C:T;chr21:45759746:T:A;var1;middle;OL41|K562|82b9224c5a379523
e251ec799da0727f3fbe2ec32eeddb68db0b80ecd6d205c4f7dd5a7e38a7a1ff,a,K562_region_01064,chr19:5293583:C:A;chr19:5293654:G:A;var1;middle;OL41|K562|aa71a2b2daa57f96
e253b1c205918ab8620b65ae14df1558a88a6ed19d1e57cd1b51cfce92947b9d,b,K562_region_00083,chr1:92149096:C:T;chr1:92149139:C:T;var1;middle;OL31|K562|df3eab2b462cf3ab
e2570ba1cf367521eafaa3f411edad0964ce5c8f944eb7ff47c7e8b9cd0681b7,b,K562_region_00095,chr1:110247164:C:T;chr1:110247240:C:A;var1;middle;OL41|K562|1122aaf899aa48f2
e26759ee36a3fe62c91e9cb8d27182d243e97a465505e3d51ab7307e65e9da79,b,K562_region_01988,chr7:95226255:C:A;chr7:95226257:T:C;var1;middle;OL41|K562|068e1d2ef3003ace
e26efd16d455f1cd445ddb58dce83d993748ef58bb94b255e442324d14cbf2e8,b,K562_region_00107,chr1:144541653:T:A;chr1:144541734:T:A;var1;middle;OL41|K562|6c2b4c7f7c20a663
e276f641e7e2c6d17c4379553e8e7d2d3733462efde5641c1de7adfe876e4e48,b,K562_region_01723,chr5:428348:A:G;chr5:428418:C:G;var1;middle;OL41|K562|287b15c8dc998dc9
e27b21a2ea0b862d540f8b3020c92fe1052aa029eeb4738a54532c97b7de1213,b,K562_region_01585,chr3:32281977:A:G;chr3:32282044:T:C;var1;middle;OL41|K562|b8beb0b8b8dececf
e280969329cb767c6e96e911231d3e8d87f7c9f6ccdf9b910e9dceb541374726,a,K562_region_01199,chr2:3493355:A:G;chr2:3493441:T:A;var1;middle;OL41|K562|2f35cf6a9a9adfb3
e2810d35cf1b33cf4892c32798f2ae049fe729a7758fa519b37fa836128d6a74,b,K562_region_01022,chr19:870946:C:G;chr19:871033:G:A;var1;middle;OL41|K562|28b171b201e98de8
e284277c393f94fab7f198a83ac5511aa4327702a75065c1cb0f117471fdb1b6,b,K562_region_01325,chr2:182234900:G:A;chr2:182234940:T:A;var1;middle;OL27|K562|7359fb2cb824ef0a
e28ee5eec668ac47ac57193b1b9024fd02abc929e368b84cba9319e7c9d20cfc,a,K562_region_01735,chr5:14768270:G:A;chr5:14768308:C:T;var1;middle;OL31|K562|a4973a7883d896e5
e29281d1a12ebe6e49c1ca63d2b48f9101a17e0ac17034d388a086e26868dc65,b,K562_region_00585,chr14:94454135:C:A;chr14:94454139:A:T;var1;middle;OL41|K562|acd3f2112f5181e7
e2cbbd86a54f7a83b43205ca39707facf75e69e9b3a97f199632c2e2865167f5,a,K562_region_01796,chr5:177821665:A:G;chr5:177821725:C:T;var1;middle;OL41|K562|ee664cfdd29e27d8
e2ce108eb71548925510b26f635f3084ea6b3f89594517913b72a0114f664105,b,K562_region_00172,chr1:231523198:C:T;chr1:231523206:T:C;var1;middle;OL27|K562|bb1a8111df77ae4a
e2e2c838824a22c27acee17e7a5d0f4e76293f13e41b324e7a8b91010614fb7d,b,K562_region_00428,chr12:6901077:A:G;chr12:6901134:C:T;var1;middle;OL41|K562|6c8b14202f0827e4
e2e5c9a0060091ec79c2148d427f4c4e2f077b6be33638b4985e621527a422e4,a,K562_region_00611,chr15:32907667:C:G;chr15:32907712:C:T;var1;middle;OL41|K562|925a1cbcee63ea18
e2efb247b8731f9ee637aa22fc3ca13ae89c6dc1345b7454c0877154f9c035f1,b,K562_region_00703,chr16:1843873:A:C;chr16:1843900:G:A;var1;middle;OL41|K562|24c0a0d56a8e6091
e302d90637aba74fbd2e1bfa19371d0bfd5560ef1061ddb784fa35e8ad4a498b,a,K562_region_01052,chr19:3192277:T:C;chr19:3192280:T:C;var1;middle;OL41|K562|de024716b89d942a
e3081db499f868ee606d3099e20c61da28e4abb94094ad438f56060e72914869,b,K562_region_00379,chr11:76293758:G:A;chr11:76293805:G:C;var1;middle;OL33|K562|646aa1ef8210654e
e30c539b84c29c82ad1f6d5a1b4ea394a89982019492f2d288564c28ee5545f3,b,K562_region_00420,chr12:723902:G:A;chr12:723981:A:G;var1;middle;OL27|K562|5ecef31be2600900
e312fdf2f8e4908ffec2bfe0d4dec0c645decc2ba0d9ae71d292e1080a6a4c3d,b,K562_region_01167,chr19:51774538:A:G;chr19:51774613:G:A;var1;middle;OL41|K562|a1d4e047dd63d4a8
e3419d047e2fdee4c1663ec4c83609466b9d1ab387a9fc899f8f1bdfc572fd49,a,K562_region_00603,chr14:106452690:G:A;chr14:106452766:T:A;var1;middle;OL41|K562|79b8fb7cd43576dd
e36c52d88d9bc4689664d4f0dc564d186206fe8bbf5de515180e571711fe2bd2,b,K562_region_00452,chr12:26426338:G:A;chr12:26426420:T:C;var1;middle;OL27|K562|65dd9043496cd7dd
e370f30cb957e51e8da5c6068ededdfbe37734ecb25d5695a9a8dad0a8064027,a,K562_region_00750,chr16:23883405:C:T;chr16:23883478:A:G;var1;middle;OL41|K562|216d2d985a567e37
e373e69a3b18d31c3a77ce6585906e1731a30985683f5fb604f2f14b143008c4,a,K562_region_00407,chr11:122585573:T:G;chr11:122585598:T:A;var1;middle;OL27|K562|aa9051552d2a9e84
e383fdf87b706e195ea598db03592f67265f8496248d09415da7e29204adcac9,b,K562_region_00838,chr17:1945201:T:G;chr17:1945225:T:G;var1;middle;OL41|K562|ed10513a2e10147d
e39a390cf5727ea1d5b46f576de06cc6c72a8a46527fef80334904c1ab6a6210,a,K562_region_00076,chr1:87751406:G:A;chr1:87751490:G:C;var1;middle;OL27|K562|4bbcd44efe04e660
e39f238ea9c0b4f6bcc695bd6df24ffbfa5425c831fb5ac144f2ca0b3572a9d4,a,K562_region_00979,chr18:9619173:T:G;chr18:9619241:A:G;var1;middle;OL41|K562|bc1b5e8e20a303ff
e3a5da3791c4b2f11fcfbae7b8257fe8cc903be7f8bca71e802bc09d52cf16b8,a,K562_region_00806,chr16:88555958:T:C;chr16:88556004:G:A;var1;middle;OL27|K562|7f4aa69c0126a483
e3c1af0407468c8c831f7884b1996e7d07d879ea7ddcb67f7ef2e10e41c3e03f,b,K562_region_01725,chr5:1028876:A:G;chr5:1028918:G:A;var1;middle;OL41|K562|b0627f3e4cf5377e
e3c785b8f669b920420fc2eadc1f54a074055fb604c969b3b50152c60a03a04e,b,K562_region_02055,chr8:10962929:G:C;chr8:10962957:G:C;var1;middle;OL41|K562|5130c1996a5ad187
e3cd4e1e0974088ab1ce9fc05cf43ffa2523344e6eecb149b31feb12c6942136,a,K562_region_00049,chr1:33910932:G:C;chr1:33910937:A:G;var1;middle;OL28|K562|86465b90aeaf2122
e3cee24b4809fc459b4ea6d530b8aa7eccf1a4786154b3aafe9ded55e3c6b127,a,K562_region_01587,chr3:38044951:A:G;chr3:38044969:G:A;var1;middle;OL41|K562|8d8fdcca98958b57
e3d9614c7bf4471467e6aabdb23e99a5a8cc77de302967a9b0c8da416dd66fdd,b,K562_region_00967,chr17:80191348:C:T;chr17:80191425:C:A;var1;middle;OL29|K562|85cbe0808ac4bf76
e3e536caf2c904fe997d720b9565b4db75912cde76d1353e855a30ade2ed6768,a,K562_region_00640,chr15:67370389:A:G;chr15:67370445:G:A;var1;middle;OL29|K562|5fc78108be16011f
e3ea688428b8cf86cc4866ebe3415c8198379c956d4a8e6d2bf88689b62e12c6,b,K562_region_00781,chr16:81042028:G:T;chr16:81042116:A:G;var1;middle;OL41|K562|60ff2d55cb0965b2
e3f3d4e349e340839a1b52197a87175c6b76432d193a88420fdaf3a83a79f76e,a,K562_region_01441,chr21:36386727:C:T;chr21:36386766:C:T;var1;middle;OL27|K562|67630a42afbae5de
e3fb2d5ea89d96c0aa056e6bc47a381a5c889e5d095d4b5da42ae72076a8dc20,b,K562_region_00357,chr11:64947240:T:C;chr11:64947279:A:C;var1;middle;OL41|K562|8c3d596134f8e6f0
e413a56e8453498e61ca4af08470bb985adfc13deddb162133f60f9957abbba2,b,K562_region_00403,chr11:122519281:T:G;chr11:122519352:G:A;var1;middle;OL28|K562|0d7b45a474f1c599
e42038cac8170fc9e7f93a07f7ab530885481f94ea8ed7d9657248625b1abb34,b,K562_region_00848,chr17:4642787:C:A;chr17:4642815:C:T;var1;middle;OL41|K562|6d445acc9f99f146
e42251abba52f943ae243a3b94121738c2b09f9f243ef06320effed61ae3c853,b,K562_region_01216,chr2:15906179:C:T;chr2:15906185:T:C;var1;middle;OL31|K562|32c792dd42466d16
e431c562e3e9dcf0f5f1380fd860071da43a1b87d0c478f672163c6dbfd88fea,a,K562_region_01540,chr22:44577086:G:C;chr22:44577150:G:T;var1;middle;OL41|K562|abdfcc83b2caf7bc
e4336d4bb1f69f90a6e20ce31bbe8804d3b86011398876d9c759bb8e2061ec6a,b,K562_region_00776,chr16:77888158:C:T;chr16:77888220:G:T;var1;middle;OL41|K562|69b79c6b231b593d
e460aa003e441650ee6dfd3e635f0c2acad610c85d8e624c9d0cb8d98f2c247f,b,K562_region_00917,chr17:48129773:G:A;chr17:48129850:C:T;var1;middle;OL41|K562|1c919ddc2b1eaa53
e462cc6c94014680ea24912964cf06f4c5081d01411434328cbc58eb8bceb2ea,a,K562_region_02009,chr7:128712868:G:A;chr7:128712874:G:A;var1;middle;OL41|K562|51ae748b1bc65305
e46fa5bacdb2f7c7929873272f39f7cfb6b06bd2de0adf625f7f9a9a0129267f,a,K562_region_00966,chr17:79993388:C:T;chr17:79993408:A:G;var1;middle;OL41|K562|71672a191f9aca72
e47c77e9f7fdaf1cb25814b9975e9778fb1533fa8ca0d5fd4c5e997cdbc4870f,b,K562_region_00119,chr1:160375954:C:T;chr1:160376015:C:G;var1;middle;OL41|K562|d4c9cf370638e9ac
e49dded22be8fb2c7e0e960a73e24e94c1224ed2dd735f0a2be874877858af12,a,K562_region_02190,chr9:111525039:A:C;chr9:111525109:G:A;var1;middle;OL29|K562|ecc53234c00f7bf5
e4c1b8d74722d076ebf560c70d8ef2f725561acbe9d42bd7a768dd9d15dbd325,b,K562_region_01670,chr4:6891455:T:G;chr4:6891519:G:C;var1;middle;OL27|K562|6dc9fb6211444bcd
e4c53bb787b636bbd17af64ab715ba396b75d1c98aeaed9596dedc2555ac6254,b,K562_region_00320,chr11:3856553:C:T;chr11:3856593:C:T;var1;middle;OL41|K562|5d8027f1d6de551a
e4dcbf98cb1df0a53d4491b0341e1b8ae9c42b5d1951e8adb93ec82402008ffe,a,K562_region_00592,chr14:100231685:C:T;chr14:100231703:T:C;var1;middle;OL30|K562|357137c3196a1136
e4e24f202752012bfd5fc3c88798eef05e72826d5a1c40a2fa58eb85fadef357,b,K562_region_00329,chr11:10478228:C:T;chr11:10478269:G:C;var1;middle;OL31|K562|e5b37c4c9bf2b060
e4f358487d8d29a75f1bb24634509e8ba375d6743a1b2d582c1db1db882beaff,a,K562_region_02025,chr7:150020457:C:T;chr7:150020526:C:T;var1;middle;OL41|K562|c97608db76eceab1
e5029455d5dbde34ec7958ed7a512feb0c3a905c83813d7f5b3bd42e80ac0f13,a,K562_region_02237,chr9:141108111:T:C;chr9:141108122:T:C;var1;middle;OL41|K562|b5929266fc6dc609
e50bb0fcf948896b99b6e602bb3969d541769acd9134d50432e908d191f9b8a2,a,K562_region_00158,chr1:214160529:G:A;chr1:214160548:A:T;var1;middle;OL30|K562|d4686abe89e67f8f
e51a25d570958d08591930e3995c5e43b6262b613136014cc99106d6a642beb6,b,K562_region_02207,chr9:131564695:G:C;chr9:131564750:C:G;var1;middle;OL41|K562|44f9071956294642
e52e2f86a0842160f9fa3eacdd968cfdd81eaac866cc943234867309e4e91160,b,K562_region_01247,chr2:43424666:G:C;chr2:43424704:A:G;var1;middle;OL27|K562|52c1eefff8f52596
e53488148dffd7d159e1a98ba59f3d5f3864f652dea62b397479bc9d90fbb390,a,K562_region_00823,chr16:89795813:A:C;chr16:89795859:G:A;var1;middle;OL41|K562|011b814562c9958b
e5358b407fc92269d5616264b0b52201c107542e87ca50697e31968fb04d8989,a,K562_region_02228,chr9:139651885:A:G;chr9:139651959:T:C;var1;middle;OL41|K562|b0bd05edf74b7947
e53ecae5146ad851afdd5013189b6234b9fb6ee4c9d190bb2c3620ec8bda7013,b,K562_region_02182,chr9:107589567:C:T;chr9:107589630:C:T;var1;middle;OL31|K562|4f693988ef4ab8fb
e54ecf1952335ad4d98625c0bb0f018d3184be2f51cf73c57b200f7a8715426a,a,K562_region_00808,chr16:88634287:C:T;chr16:88634317:T:A;var1;middle;OL30|K562|7776a45950aee564
e558e819b3d09088cba1eb9f2cf43921a2f4a4aceccda29b6f1bf58172b5ecef,a,K562_region_02087,chr8:30182907:C:T;chr8:30182929:A:G;var1;middle;OL30|K562|3633966248236ee8
e55b6edebf0781f7c531d4746aa5f66af579f51974109dad93633e28aefefe53,a,K562_region_00197,chr10:9043562:A:G;chr10:9043595:T:C;var1;middle;OL28|K562|c393c6e73a1edd9c
e5666fd11e16923100ea9f03fc6d1126ead2599ee3c6fe9d4c5fff07fd09d56c,a,K562_region_02157,chr9:33524725:G:T;chr9:33524775:C:A;var1;middle;OL41|K562|8e865084fb02a2cb
e56e684823913f0da6c46d7917985461d8f353d9bef6072e65a34a5b367904c1,b,K562_region_02208,chr9:131588813:C:G;chr9:131588888:G:C;var1;middle;OL41|K562|c112cceb5c47d632
e57d76359c6cc3be086fea1a30e22915efa2e593ff27ce740eac2da095a7a415,b,K562_region_01827,chr6:24436901:T:C;chr6:24436910:A:G;var1;middle;OL30|K562|e026146f3e3d4e8c
e58e1a44a40a9b710ad249deb3b69718bbfda03e458e1281120977d7d5bba7a9,b,K562_region_00317,chr11:3400422:C:T;chr11:3400487:A:C;var1;middle;OL41|K562|7e54f8c0b501e1f1
e592cfa7ffe9df7e2c517bf098a4346f734f20f8e508e9963adca88ec63b7a6c,a,K562_region_01002,chr18:60846656:T:C;chr18:60846738:G:A;var1;middle;OL30|K562|88d13df355538397
e5964215999b80c3b78a80772fc64dcbd05509f205b0ba9980d192607310ab5c,b,K562_region_01958,chr7:46481614:T:C;chr7:46481634:T:C;var1;middle;OL28|K562|761ab0aa8a887594
e59696ed3a183ddda7c1dbb510c6cbf69713643c25b0041cd53a0e6f1e15ec91,a,K562_region_00318,chr11:3663201:A:G;chr11:3663273:C:T;var1;middle;OL41|K562|38f925867c59c77c
e5984290d5d763ab5bb0a7143d4b119ec4229045d7d3b163b72d72793736d1e1,a,K562_region_01672,chr4:7315187:A:G;chr4:7315205:C:G;var1;middle;OL41|K562|dd5101c0f1e235fd
e5b75399cd1ff8c2923b18fa665f521d7c1a19192a34ad82010cb0c7aa89a742,a,K562_region_01279,chr2:88463155:C:G;chr2:88463237:T:C;var1;middle;OL41|K562|94d4bfffec4c4037
e5b97fb5541de22c4d7ecafb3d0e0d1de0c5441d4993bf6a947f737d263df2b6,a,K562_region_00030,chr1:16382584:T:C;chr1:16382602:A:G;var1;middle;OL41|K562|696d631f0d86ad5a
e5c58cf2af2997032abe0a29b9e4ab139568ce027332e4b835220e85e9f9f7da,a,K562_region_00223,chr10:51579518:T:A;chr10:51579520:A:G;var1;middle;OL41|K562|d4bb56dbf7c596e4
e5c7e758a570ed6e8309d408744edd14e23763c60abad2cdf8d33ed5ad57c054,b,K562_region_00264,chr10:115107210:T:C;chr10:115107258:C:T;var1;middle;OL29|K562|38d60b29db7c836c
e5cb2e46b019890b34d97fd48e83b78f5b10bde99b0d9bf2da753789a2bd4bc4,b,K562_region_01858,chr6:106960957:C:T;chr6:106960977:A:G;var1;middle;OL41|K562|6b372980060108fd
e5cc206afec6fc653a48c61bdb052a61a5fd84b24a995c75948c9a146036a28f,a,K562_region_01704,chr4:111718048:T:C;chr4:111718067:G:A;var1;middle;OL33|K562|c58689fbc2662f24
e5d77ba058d6bc3f4db02ff74d1e3226a68c350ef9dc17bde821cf2a78938c91,b,K562_region_01434,chr20:62695878:C:A;chr20:62695931:G:A;var1;middle;OL41|K562|c3eb4e7810558342
e5d7966c1af643e9c66d92a0bb496a0bc56ee2e725bc1c8318ffd15576069cfb,b,K562_region_01087,chr19:15890725:G:T;chr19:15890800:A:G;var1;middle;OL41|K562|f2d841210d110e70
e5d81a7fb881a9c4a3117456bc1902033d94357d1f1776bfd1999bd99f5ce140,a,K562_region_01569,chr3:8826971:G:A;chr3:8826973:C:A;var1;middle;OL41|K562|50ae49cbf244d1ba
e5d989dfdb273bb9509d37c0f09d1e816ea4e9c90ae7b05c47b3ee84a8934176,b,K562_region_00284,chr10:135040148:G:A;chr10:135040163:C:A;var1;middle;OL41|K562|283e5922e79b7b20
e61f87ecf84dcf631086c2ac89a3fa75b9ad23d7581d4fa80ada6e85fd4e9e9f,a,K562_region_01664,chr4:5026576:A:G;chr4:5026641:A:C;var1;middle;OL41|K562|075e2d9ee343a3fd
e63896161c054e8d590361c9af4f02be1dbdc45e1961e5424d0aadbeed3b5cdd,a,K562_region_00349,chr11:61560035:C:T;chr11:61560081:G:A;var1;middle;OL41|K562|b2badc5f9da0a8ff
e63cd36334fcda093a51d6356d005567d27db90af17e5276877714b0c78a10e5,a,K562_region_00819,chr16:89673076:G:A;chr16:89673135:T:C;var1;middle;OL27|K562|ee9a03dcff935a84
e6404395d85497da88dc22a07b37577fd407635d3d59e3b3fdc7a004e5398bc8,a,K562_region_01971,chr7:68597763:T:C;chr7:68597771:T:C;var1;middle;OL32|K562|f07629d914953b7c
e641ecf35039160baa2cb269438857469b318b2ee4cad63a5ceee5ce1a0a9d00,b,K562_region_00573,chr14:74039062:C:G;chr14:74039147:A:G;var1;middle;OL41|K562|1e92139379900e54
e651e53c0211f731ff19ff9fb6557bc3aa95f467f9904ceb4d5b38bc018ada31,a,K562_region_00210,chr10:28442788:T:C;chr10:28442841:G:A;var1;middle;OL29|K562|1d092c7abe38ce86
e65e57a662f8b461cfd0d85c021899fc3c15d8b3269ad4ebc59e090e070aa1f4,a,K562_region_00433,chr12:8210637:A:G;chr12:8210697:A:G;var1;middle;OL41|K562|2a8d17217d4d10d6
e668cc6247d2a234ce805f31a551f1cd9d9b107f9217f68a3696670312fd2832,a,K562_region_01707,chr4:147097107:A:G;chr4:147097170:C:A;var1;middle;OL41|K562|4a0b3899026ce5d6
e6a6527bc9320d69776ce58e1d9da8851c64fda0b376e59881a61be56b7c616c,a,K562_region_00641,chr15:68058862:C:T;chr15:68058903:A:G;var1;middle;OL41|K562|0bec332397b3eaba
e6b1e5a44ee792f1bc85203b64e386fb4a1fda6c1affc7be5fbb5209df38e80b,a,K562_region_01988,chr7:95226255:C:A;chr7:95226257:T:C;var1;middle;OL41|K562|068e1d2ef3003ace
e6be2c0f327e0703eafb0e5a8a173dfd041b17086a7a734b59c8e7ce35b7ce43,b,K562_region_01452,chr21:44198015:G:A;chr21:44198080:C:T;var1;middle;OL41|K562|201a87601df2efaa
e6c00afeaf5fe3bf98995276d1769b4f9375735935c9ace82d42f0777d4464e9,b,K562_region_01302,chr2:131097247:G:A;chr2:131097253:G:C;var1;middle;OL41|K562|3044995c44eb6b22
e6c4c54398f5220bc5b2a733bc8deab49ef6c3fce5f7d6479a49ecab229ca614,a,K562_region_00308,chr11:2197112:A:G;chr11:2197148:G:A;var1;middle;OL41|K562|58b4b3cd4a52c584
e6cda862d16b9a4ceee250615b4f0025cbc1c8b42b389cced13312d8861fb0f2,b,K562_region_02116,chr8:144683934:C:T;chr8:144683975:A:G;var1;middle;OL41|K562|6387bcab3c339a7b
e6dd3fc8474f6af5f067e8d487c85a53b91f298d0626b193f00542cf1acedda0,b,K562_region_01800,chr5:180237828:C:T;chr5:180237845:C:T;var1;middle;OL41|K562|65ce62cc291a73bd
e6f0056b3d3e0f6c47af2a4fe9273468601cd515068ca01ebbd1158b8506e9c7,b,K562_region_01458,chr21:45757888:G:A;chr21:45757905:T:C;var1;middle;OL41|K562|a836d36c9de071aa
e71229e1f75a5b5c30662b90ca6a8d5626f7e33b8027e65ec4b6b16fb595f582,a,K562_region_00949,chr17:76300505:G:A;chr17:76300568:C:A;var1;middle;OL29|K562|7061ec9cbb0310f1
e71c3ea252ce146b3579fbc829aca1662402fee45a556562a9cf0e1b219b1374,a,K562_region_01489,chr22:21321790:A:G;chr22:21321821:G:A;var1;middle;OL41|K562|7cdea62ecb3bdc51
e71dfe962916cc78ee5d324e84f0fcec67f5cd27c77bbd27a73e8d2e59c67d28,b,K562_region_00217,chr10:48953014:C:T;chr10:48953049:C:T;var1;middle;OL41|K562|c506aa923efa2f61
e72986e82de5095ed6b8e9831c07ca06a7019ce79479c42722d10e4b7eb19d00,b,K562_region_01176,chr19:54024252:T:A;chr19:54024255:C:G;var1;middle;OL41|K562|2ed2c41fcea62038
e73cabc61abecacb84a486ae252fdc09aa13ff9ea608178f8ecef86f13f7793b,a,K562_region_00935,chr17:66433179:A:G;chr17:66433181:A:G;var1;middle;OL28|K562|6fc39455d94e4e86
e745deca3b632baa15dea6e471d6394937b3f241884a9d6ec4c85c2214163631,a,K562_region_00714,chr16:2262066:A:G;chr16:2262113:G:C;var1;middle;OL41|K562|7c09a34843c0cabf
e75c8ab54358e54c0c9042b5cc8b6c0302aba91462c813df3c4e5cda97fca184,a,K562_region_01588,chr3:39149180:A:G;chr3:39149218:A:T;var1;middle;OL41|K562|591933348ce483b3
e760079d68f973dc469cf9392d2ed96a928a3d8d06d0851d7c00ccd50acf4f4a,a,K562_region_01372,chr20:3788974:G:A;chr20:3788985:G:T;var1;middle;OL41|K562|66aae66b09c03da7
e7659e9d345747a255f654c88a79fcac5f5a2ad36f3e6d839298731634ecfdd9,b,K562_region_00875,chr17:16924823:T:G;chr17:16924864:T:C;var1;middle;OL27|K562|7eb64c98442601aa
e776e83fcd3086a02524125e548b4f2e00d7f02a8eda02af07e23990c586b9d6,b,K562_region_00524,chr13:74110412:T:G;chr13:74110416:A:G;var1;middle;OL30|K562|01223b315bbbe051
e7994ef492c50b0e5493741feca43fcf01b86c8a4cc48dd641e2b46d81bb8006,a,K562_region_00911,chr17:44368902:G:A;chr17:44368926:C:A;var1;middle;OL41|K562|2d54db49623a48f3
e7d0983699a4458c39665d3f0d68ca0083cd7312d713bcb1c6b29add34f798f4,a,K562_region_02002,chr7:106373646:C:T;chr7:106373718:C:T;var1;middle;OL27|K562|db58f68fd50f43d8
e7e54e72a4404d7d830659e9529d8a1b2d80aff29353b79d3621f14912bd29dd,b,K562_region_01202,chr2:3605468:A:G;chr2:3605538:A:C;var1;middle;OL41|K562|4371770e8519a2d0
e7f273929df7819a1ba7495f86d1f5213fea0dda8cdef28744d0889195499df3,b,K562_region_00491,chr12:124721371:C:T;chr12:124721419:T:A;var1;middle;OL41|K562|b9c579a7d47e941a
e7fdda4ab410840de6dc0cccec31f7fb1ea93bd66e8b907b7b142ad5b83df7bb,b,K562_region_00633,chr15:63449777:G:A;chr15:63449865:G:T;var1;middle;OL41|K562|1252188abe6d92d0
e82946f81a35a52a0931f00dc6f310bf695660089394fd493327dbf51e202060,b,K562_region_00229,chr10:63808661:G:A;chr10:63808666:C:A;var1;middle;OL27|K562|0869842f6a235d58
e833d764ec6f7051f221af0e0230869a18b8dc9232a835e8ae54b69f89e33dc7,b,K562_region_00318,chr11:3663409:T:C;chr11:3663422:A:G;var1;middle;OL41|K562|6c5484dfab597ca1
e8437727dc86808588f9e303584a66b6acf7c4ec9589792e1cbb0b7875836413,a,K562_region_01195,chr19:58962958:C:T;chr19:58963018:C:G;var1;middle;OL41|K562|b0f9542e52df8d0f
e874f191425502208fc7d0849b688a725013fe9e7856a9a73681845d91cd9615,b,K562_region_01134,chr19:41090190:C:T;chr19:41090260:C:G;var1;middle;OL30|K562|9cc490868ef8c92f
e882920ee964c748c5e12d34454d32314f8ffad814e6b0708d92f81769ca66f2,b,K562_region_01749,chr5:74344465:T:C;chr5:74344492:A:G;var1;middle;OL41|K562|ec46d36437b78fc7
e88ecdd5c399f3271c524b3b33a2cbd2cec86601352bb14eb9c0792ea610d726,b,K562_region_01359,chr2:242033696:T:C;chr2:242033770:T:A;var1;middle;OL41|K562|f3ccab3456f478df
e88ffd083b6ac8e388fff6c90a9a1c9fcd2a75afce5d2308b2985661b02afac9,b,K562_region_02101,chr8:125859817:C:A;chr8:125859850:G:A;var1;middle;OL27|K562|734fe320e69c3f4b
e8937718bf62d2bdb7f0a46e8cfe19be9c855ccb1aba0b4899bcef4a6f8d7dd9,b,K562_region_01462,chr21:46349942:A:C;chr21:46350019:T:G;var1;middle;OL41|K562|a96067fe79372fb3
e89b9199c2b42460b330752f9813ea2ea34e24d55fd4d7a47c0a240170e62591,b,K562_region_00465,chr12:54485620:T:C;chr12:54485624:A:G;var1;middle;OL27|K562|a8f563a11d37268d
e8a0a8c9ecd0410cefb48fccc8de398b5576f8aa9c289b89d9e6e81f3694c35d,b,K562_region_01648,chr3:196548829:G:A;chr3:196548870:T:C;var1;middle;OL28|K562|39c3d329a0444c20
e8a644072b688d6ee25833f74448c585cd50d733a5530b843e01965ba58bc9bb,a,K562_region_00900,chr17:39820170:T:G;chr17:39820177:A:G;var1;middle;OL41|K562|6e0249fa2a4d478d
e8ad31517bf97f0f38273fa2edca0eb7d6d787928d8082501da3a4ad2d1e6e9e,b,K562_region_00791,chr16:84229559:T:C;chr16:84229580:C:T;var1;middle;OL41|K562|aa6fbab593c025e8
e8bdb8f66c9232516b4741c2b51b2ae929896481a5a5cb573c7f7d0db8e1aaea,b,K562_region_00080,chr1:91530259:C:T;chr1:91530305:C:T;var1;middle;OL29|K562|cdb2d5a177da0fc6
e8d1be2a4ee8d63a10cc58a42fa86a1f845208205821c4006b7aed4e941656d7,a,K562_region_01946,chr7:30617474:T:C;chr7:30617532:T:C;var1;middle;OL41|K562|4e1c6a884ba5a03c
e8e534a58daf29a56962656e77c1a6441a67b84c06984d1ac41c6b493693fc87,a,K562_region_01132,chr19:39926521:G:A;chr19:39926601:C:T;var1;middle;OL41|K562|a5b165c9f89be166
e8ec8a628dcf6b5dbfbc972350ac9c07b1c2da7947650c01756fa034952f599f,a,K562_region_00637,chr15:65174438:C:A;chr15:65174494:A:G;var1;middle;OL27|K562|1df7b01467af2927
e90d81c832283912fda9f58826652855e778713999bdfc3d7174894dd7051671,b,K562_region_00088,chr1:107886278:A:G;chr1:107886351:G:C;var1;middle;OL29|K562|28d9f1222ec4a391
e926e26d882c8cc8245abcd8cc400abb65ab550eb02005ad26442a563ca4a705,a,K562_region_00183,chr1:240778399:A:G;chr1:240778403:T:G;var1;middle;OL31|K562|7912864439de756a
e92952bef19e061f52ea3e9b99cce577f8cd60f87189252a6b6f035072cfef59,b,K562_region_01150,chr19:46974728:C:T;chr19:46974752:G:C;var1;middle;OL41|K562|5a6c6e7e82a29173
e9298992b3e55f2f46bce824bee870beb04a20aae719c28cf07d05d4ed7a8f38,a,K562_region_00526,chr13:74730921:T:C;chr13:74730980:G:A;var1;middle;OL28|K562|c86ddce6a22efe82
e92de7c62fc80a6ba9ea28d20cd79dba7d234bd58431371bf03247c3ba6b497d,b,K562_region_01011,chr18:77725625:G:C;chr18:77725655:A:G;var1;middle;OL41|K562|bcfa16c1c12c9882
e9480fb503c87820e93d1a5f4e9c291d28372e6640d17d2de54e53865df7b4a9,a,K562_region_00319,chr11:3855868:C:T;chr11:3855917:C:A;var1;middle;OL28|K562|b0c2bca3c86e0a69
e95319adbb0cb11576e4884df37350a9ae7795e037c101acbc72f34a26ea4d96,b,K562_region_01193,chr19:58662235:C:T;chr19:58662254:T:C;var1;middle;OL31|K562|730d51095e668862
e975ec5672663e1ce8136d30f3e890527d2bbf507f51253115f382d4ec3e6836,b,K562_region_00390,chr11:107992325:T:A;chr11:107992346:G:C;var1;middle;OL41|K562|360b46ee35c1e0a9
e977f37e648f7e887a277b58b686cbb9e3ef5c0ed05f3ee6fc7c55450aa015eb,b,K562_region_00825,chr16:90017985:C:A;chr16:90018072:C:T;var1;middle;OL41|K562|4629c2af59adb5a3
e97a77bffa3c811a103d5261a43fb766bd827ac051206684228adab65ca353dd,b,K562_region_01176,chr19:54024214:A:G;chr19:54024255:C:G;var1;middle;OL41|K562|8198d1a486f2b639
e97a7aabf106620c602fa61915b975ce17df7f78e056aff673aef9ff58e0f0a2,a,K562_region_01040,chr19:1525243:G:A;chr19:1525307:G:A;var1;middle;OL41|K562|47fbfaf8c7e19187
e98893ab440ec61987634f48e9719bf31a768f87617a714e86b5d471094c26eb,b,K562_region_02058,chr8:11619334:C:T;chr8:11619397:G:A;var1;middle;OL41|K562|8fe31524474fb326
e98cae956e616c02ed6a3afa7c5fbafd98cd55bad75f3c21bc1dd4c341188ace,b,K562_region_00885,chr17:27410544:G:A;chr17:27410548:G:A;var1;middle;OL41|K562|c596ac2ac201ddb7
e98d2de450eb16d30bd2f3bdf4bc34266300491a0ce93fa0a30df1cad1bd0a21,b,K562_region_00500,chr13:25556949:C:A;chr13:25557017:A:G;var1;middle;OL41|K562|14ab00dd8e9ef790
e99f390bd9c481c014a110d82c1c26e8478501c6e14215562cf354a2366059a8,a,K562_region_01417,chr20:57599342:C:T;chr20:57599402:G:A;var1;middle;OL27|K562|f33816264a4a56b4
e9b422bd5d57a9b739391dc67a867c4794c6693372492b5829199bb3c783a87d,a,K562_region_02185,chr9:107690450:G:A;chr9:107690535:G:C;var1;middle;OL41|K562|181dad8253b74c1e
e9b7d9f4b8313f0e85455e54341623076f174f99b23967d35ad9d93b3f1a88a5,b,K562_region_02007,chr7:128433061:G:T;chr7:128433141:G:A;var1;middle;OL41|K562|4c8fdcbc2365553d
e9d5592584ca7accb83edd9e1a9d735401dafa94e3945c4434dd870380455074,b,K562_region_00536,chr13:110917507:A:T;chr13:110917524:A:C;var1;middle;OL31|K562|ff82508d1ac95b47
e9d5defee4ba6011d9334bc48ffc56ad6275b27bc87a9a3b4866452d0867b0e3,b,K562_region_00467,chr12:54592103:G:A;chr12:54592187:T:C;var1;middle;OL27|K562|bded4846ba0daa6a
e9d82441f0b52a6c19c30fae16e80f329cc6bb082d80be6bee479851ea71e673,b,K562_region_01589,chr3:39976401:T:C;chr3:39976467:C:G;var1;middle;OL41|K562|680a5d05f5f5c6b4
e9e2bffbde87eca1ad7bc239a3e97a0b7336f4a99a1787f9dc927df38e3874f6,b,K562_region_01094,chr19:16443300:C:T;chr19:16443332:G:A;var1;middle;OL27|K562|c9b24ff23825e347
e9e778682c9062c138cc0f93b787d564f0b5366bcebaef56f428ee55773616eb,b,K562_region_00723,chr16:3085335:G:C;chr16:3085375:G:A;var1;middle;OL41|K562|bfe749582466a387
e9fe927c3d3e00dca0f6334da189822d1308b02e3ba88e76c5c1c61d387ab922,b,K562_region_00391,chr11:116660686:G:A;chr11:116660768:G:A;var1;middle;OL31|K562|d25e9119c812f3b4
ea1537084db5c4865b4738354b39a65ae5733a16781ee5d843a11a4b77831785,b,K562_region_01245,chr2:42997950:T:C;chr2:42998032:C:G;var1;middle;OL41|K562|bf79a697c6180cc4
ea1c0c5d100bbb923ad96d41d815aa12b0e742c8e7b87cd24ef161674b8dd0e5,b,K562_region_00588,chr14:95061585:T:G;chr14:95061657:T:C;var1;middle;OL29|K562|9faf2251f24724b5
ea33480b65df1e94894b1f52531f0d562790554cd836b93ba8b0801069a4f933,b,K562_region_00170,chr1:230849799:A:G;chr1:230849872:C:T;var1;middle;OL41|K562|2c3c12dbcd60fee3
ea3e7828b390141a0e607673436962d27fe9613ffe375b448ff8a2195d80d880,a,K562_region_01059,chr19:4369944:A:G;chr19:4370004:T:C;var1;middle;OL41|K562|1864fa286a64330f
ea4b70ffa9c5786c5e6506b7abc867ad33f24cb29cd3359af091ddb9b160163f,b,K562_region_00087,chr1:101644898:G:A;chr1:101644927:A:G;var1;middle;OL27|K562|4b0a0e51908a5508
ea5a6c24970e20439215a11ac5f6449c399907daf7a47dc3ae7fe3588fde665a,a,K562_region_00745,chr16:20370810:C:T;chr16:20370816:C:T;var1;middle;OL32|K562|ccec14fc4ed2c5cf
ea5fa2b8abb2f042352d4fdd2e2b38dbdbf791c061c878132fe019c193c7ffce,a,K562_region_00635,chr15:63682331:C:T;chr15:63682350:C:G;var1;middle;OL41|K562|70b3d23e580fd6f9
ea72188dfbb80d509cc37d27ed9f1be3b14829f115945d71b6a724ed48fee115,a,K562_region_00696,chr16:1488378:A:C;chr16:1488435:T:C;var1;middle;OL41|K562|0359cb92eb5ee843
ea72ba8e9218517d19e7d5e393457ffdf16e4798ac9e64070291601551747074,a,K562_region_01005,chr18:61637819:A:C;chr18:61637862:C:A;var1;middle;OL41|K562|0e68236efb8a7c14
ea885e4edae2fa022883b9af0ea6e54391df0cce244f5f305bc32ba80a7ef4d1,a,K562_region_01601,chr3:123349783:A:T;chr3:123349827:T:G;var1;middle;OL41|K562|c6a97da6d0ac2429
ea89d3028b6a779e99308777d7b3cf33471b1c866b8b2c1f71fed9ba285bc9e4,b,K562_region_02136,chr9:5040163:G:A;chr9:5040203:T:A;var1;middle;OL27|K562|16045e197c761d1a
ead126ed82027eacc736db4909bbe365a75dbbb4dfb342b42212bdd7a5d81d85,a,K562_region_02132,chr9:4832888:T:C;chr9:4832941:A:G;var1;middle;OL32|K562|e0cf0835032d6822
ead56365a31aaf81585abbb31c43821cd90b234503c8b04901b85fb6f4b8f333,b,K562_region_01129,chr19:39283345:A:G;chr19:39283401:C:G;var1;middle;OL41|K562|e199a58ca8befa0d
eae71246b8630e3f0e5c1a8985a766344c15666ca66dd8cdf057f6b3d58f7c27,b,K562_region_01746,chr5:55860781:A:G;chr5:55860866:G:T;var1;middle;OL32|K562|34fe777fba968801
eaeb3795c331de9ffe21192feb27a6c314d949141122f2836d9f71faa3841c63,b,K562_region_00027,chr1:14150714:G:A;chr1:14150740:G:T;var1;middle;OL32|K562|4833081dc05de418
eb0eae21b3048cd701b8943cb64d055d2f7d5516dc88660fddc354c5fce35124,b,K562_region_02144,chr9:13592698:G:A;chr9:13592701:A:G;var1;middle;OL31|K562|7c308e785350f086
eb20bb77b614c296f91cabe0f3c5d18fe60d57c74c9e8b37dfd5fb2887c2ab67,b,K562_region_01423,chr20:61265196:T:G;chr20:61265219:T:C;var1;middle;OL32|K562|faba9d88942a229d
eb2974d13273d6078ba59ccce458ec5fd444cad1c4e1a935622c227ff60386e2,b,K562_region_00522,chr13:51638146:A:G;chr13:51638170:T:C;var1;middle;OL41|K562|cca1b30bef8dbabd
eb319a1d16be28bc0732d9b77a2c259d5c7a413271dddf2db50a367e65cd7f35,a,K562_region_00375,chr11:75455309:A:G;chr11:75455373:A:T;var1;middle;OL30|K562|c75c942ef8ae91b2
eb37464c626192d0467c3e5f7c182321a3801780b1725e8c4ab877708420fba1,b,K562_region_00318,chr11:3663224:G:A;chr11:3663273:C:T;var1;middle;OL41|K562|8dd23406b8885d16
eb3c4f826f3be4cc9148337145d32a7f3ef861b5e5f2fd2c1bf9f68b242ac1c9,a,K562_region_01641,chr3:193811162:T:C;chr3:193811168:A:G;var1;middle;OL28|K562|9fc6483cdc1039c5
eb48c6c9c2c8708f549c31171c6d2f62aa1c1b59b075b9efd584668630bc3a9b,a,K562_region_00323,chr11:5641911:C:A;chr11:5641917:G:A;var1;middle;OL41|K562|7226abf3aba83146
eb5415f88e8aa887d3593ede630cbeeaa68d2098a98eb1ec4990485b4b0b62e0,a,K562_region_00417,chr11:134625044:G:A;chr11:134625076:G:A;var1;middle;OL41|K562|368fba873f8586b3
eb650de7107d5dc00954e4d95bbfbbb6778f10462540009c850ec7a1221f0f4a,b,K562_region_01245,chr2:42998032:C:G;chr2:42998088:A:G;var1;middle;OL41|K562|01418e57d9d995fd
eb6c8e8d1a46baebad6cde6b2ac62f696fc04b8f2b676a234d7b939b4b973705,a,K562_region_00397,chr11:118889132:A:G;chr11:118889185:T:C;var1;middle;OL41|K562|10f90fe8433ffa41
eb71cf6d1e0165b3c09569cb6ed5f861e0d4979ca9f6f93d965eaf35cf3737ca,b,K562_region_00188,chr1:247569300:A:C;chr1:247569321:C:T;var1;middle;OL28|K562|05424eca65a28908
eb7a84bb7fd3ebe2ff0ddfb9ef151850e15cfc333dbf249d2e175aa4267403e6,b,K562_region_01828,chr6:24476431:T:C;chr6:24476437:C:T;var1;middle;OL30|K562|621d5ded4b8076bb
eb8c7137fadbd9b9281f28846d2bed516169dae294806adfc289df3c020579af,b,K562_region_02020,chr7:137879380:T:C;chr7:137879428:A:G;var1;middle;OL28|K562|be69937ee54440d6
eb949b5e02d65aed3757f8a0c171182d95fcccb8ebbb16c842fb34af8c116152,a,K562_region_00383,chr11:93865567:G:A;chr11:93865569:G:T;var1;middle;OL41|K562|89edd9a080d99675
eb9a5609f57e6c02c39e7f8ff501e73d86e717633f3cb2ff651a055448463df9,b,K562_region_02042,chr8:6263912:A:T;chr8:6263939:C:T;var1;middle;OL41|K562|1a461cba047cbf5c
eba8b69d0db78d196aef0f25be3ba8f08bbdba777d28d7c9e5794ed2f91e618a,b,K562_region_01273,chr2:75268480:A:G;chr2:75268513:A:G;var1;middle;OL41|K562|537bda22ef7ee513
ebb7365b30d00ed12a6ce3f75b3528296149c6105694b3b5ff0b80806d2b8749,b,K562_region_01189,chr19:57678212:A:G;chr19:57678258:C:T;var1;middle;OL33|K562|bf0e301a77146792
ebbca24f237621a67bf87dd7f231c62038e9f129d106ac1f11963770d268e25a,b,K562_region_01529,chr22:39494084:C:G;chr22:39494087:T:C;var1;middle;OL41|K562|a32e97a9b7ab88af
ebc72cc8f05d850d09e1db9838bd6e8c415b323ae75b41a474d649c9cce61ede,a,K562_region_00096,chr1:110254456:A:G;chr1:110254493:T:C;var1;middle;OL41|K562|d70c7adaaa050c54
ebcef8788f27afbee4b9df5d22293fe92c440fb3ecaa433bb2508882637d8403,a,K562_region_00783,chr16:81530598:A:G;chr16:81530660:C:T;var1;middle;OL27|K562|496689d345da6a32
ebe41bb98cdd2f8b2d1340fe65c167880c192da3818ef431a7c5074f67752a14,b,K562_region_01038,chr19:1516557:T:G;chr19:1516567:T:C;var1;middle;OL41|K562|75a38b7704cf158b
ebef1c2383c091ab264945b8479cab15e6594f483e4df382bb36a45b4cc85a8e,b,K562_region_02084,chr8:27758730:G:T;chr8:27758750:C:G;var1;middle;OL41|K562|2be18a2974487af1
ec1751e6d1967ac7537e0e9b6bd3deae5fabec84f14a16395f08625add296bd8,a,K562_region_01870,chr6:135419018:T:C;chr6:135419039:C:A;var1;middle;OL27|K562|6cb695322fe5ad62
ec28d98c56a3f3b8f32d802ad7565b2e0f1eac647106127902c06011ac1e9bd6,a,K562_region_01511,chr22:27978512:C:T;chr22:27978565:C:A;var1;middle;OL28|K562|fb34e4a345e415ea
ec2b4e46fab1daa70c8b149a77419ba8047b8f380cc15d93bf5bd4a14baa198d,a,K562_region_01019,chr19:632675:C:T;chr19:632737:C:T;var1;middle;OL41|K562|c0f1c9432c2c0769
ec34219c8154470cc9e877bb1c6c8b5fdd3accbcc76636f51870f82ff740e9f3,a,K562_region_01462,chr21:46350059:A:C;chr21:46350065:T:C;var1;middle;OL41|K562|f2a8f6c9f47e4729
ec369f077b83fd1b29a52049849ffdb17d451e61eef316df02d3b07b9496d2e9,b,K562_region_01865,chr6:111919105:C:T;chr6:111919108:T:C;var1;middle;OL41|K562|346fbb95865395f7
ec36e1be92cccd928962ac45f9dd9277bbe649936e68abeb39873924eb101725,a,K562_region_00148,chr1:205245233:A:G;chr1:205245268:G:A;var1;middle;OL41|K562|cd3967f951f489d8
ec39d380fa6ea9bc719f88f783ae2ad37a893d9db1145e0752ce21cfb739a2b1,a,K562_region_00477,chr12:96244409:G:A;chr12:96244473:A:G;var1;middle;OL31|K562|8b3dff615de41d44
ec407c8c19c70ac4efb42450397a1a28b8f27c998a1fa46e893881843cd61882,a,K562_region_01834,chr6:37484698:C:G;chr6:37484729:G:A;var1;middle;OL41|K562|50fd37cf1a9c13ea
ec542b57598967efa945995756f8c8fcd36b8fd264d6716c2ec150173cc9049b,b,K562_region_01258,chr2:48958626:A:G;chr2:48958647:C:T;var1;middle;OL32|K562|644fb751b46f4499
ec5e7ce05f4b6007a27ab523b8d305e8db6039c9441ef2410912fbf3ae40d74c,b,K562_region_01674,chr4:9995182:G:C;chr4:9995240:C:T;var1;middle;OL32|K562|223e87a71ff22ac3
ec7e0150dbc437c409508a9d154e5dc91484aaa91604aa7ce95dfb53283ecf48,a,K562_region_00996,chr18:48147793:T:C;chr18:48147876:G:A;var1;middle;OL28|K562|350d44e4820fa050
ec8881f815f429ab24d78d160b33cfa1e53a66b70dade1bbcbd35d672dfc99d7,a,K562_region_01703,chr4:111112068:A:G;chr4:111112133:A:C;var1;middle;OL30|K562|a5a2693347fc04f6
ec91ef3da6f7f0f3eaa05b5f31cab204f22e26da36f9ab304d5dea502334955c,b,K562_region_00109,chr1:144909154:T:C;chr1:144909227:C:A;var1;middle;OL41|K562|f721034fb6a59efe
ecae28665599942e31c145ac11c0ce17bf56ca8fd5da603245cd938e8fb894f1,b,K562_region_00616,chr15:40675443:G:T;chr15:40675493:C:T;var1;middle;OL41|K562|82a249511e8b0219
ecbd9841c50ce415a367718598d77c0092d7ea6c0ec7ee0db07782bd50c19ccd,a,K562_region_00660,chr15:86285824:A:C;chr15:86285835:C:T;var1;middle;OL41|K562|4223e6cee1ea506f
ecbf57df8a70295bae63f13786b032f87f841a923223c89146aa5a401dc54508,a,K562_region_00624,chr15:52472683:G:T;chr15:52472713:A:G;var1;middle;OL41|K562|00a1837ddc6384d2
ecbf8b0b464b0125d3fe25081cf0467640a1670f64cd7c694e78e314595f2c0a,b,K562_region_00806,chr16:88555958:T:C;chr16:88556007:C:T;var1;middle;OL27|K562|a796b26905141f81
ecc9f0e84594148c62453c10bc2d9a3ea472b127ede9b8aa17e437f9aa49c29f,b,K562_region_00135,chr1:180124872:T:C;chr1:180124916:C:T;var1;middle;OL41|K562|ecd8e9cffe8b1ebb
eccefdacddba1248d19983018ee7961285ab83f333fba3b2731efeef3350cb9a,b,K562_region_01075,chr19:10676343:A:T;chr19:10676423:G:A;var1;middle;OL41|K562|6a4be6a2ceb2e391
ecd28d9eb0a7eb5e6b947ee72daadc5d8bfd2afd02cbbb4832472704ef22ced6,b,K562_region_01619,chr3:146261504:T:C;chr3:146261580:G:A;var1;middle;OL41|K562|78101e42d146f65d
ecd8cc70bfc085dc6ed4cf42c66fee058ad7d1a35cd0398e9d785de1bc6fa227,a,K562_region_02196,chr9:114393235:C:T;chr9:114393246:T:C;var1;middle;OL41|K562|b78cc6b4016d1e34
ecf14982c3d34aac102c91e195bb2c13264759ee5788d7c04cc901cee9b22836,b,K562_region_00412,chr11:128650925:A:G;chr11:128650952:C:T;var1;middle;OL28|K562|32325e4b778f183e
ecf1b60b6c65ad9f85406cfe64d7a91df45749cdfaeb0773de44745b660e26ba,b,K562_region_02098,chr8:101484612:G:C;chr8:101484638:C:G;var1;middle;OL27|K562|df56960098310e4e
ecf8f37fcbc03ff9568d9bdc54340a3fc95c71db9c6428208db17d526d18d1b4,a,K562_region_01753,chr5:80599928:T:G;chr5:80600006:G:A;var1;middle;OL41|K562|25512a4e3852f205
ed08cd6562fea1a0dbe785b34b833ca473866ef4bd1a1e9abade6e144ff68068,b,K562_region_01439,chr21:35357025:T:C;chr21:35357034:A:G;var1;middle;OL28|K562|5705a10c24f42f12
ed111cd032444f0843523bab549cd3af467ae41e3e7eb9e13229f3b0f4ed2083,b,K562_region_00300,chr11:780395:C:T;chr11:780410:T:G;var1;middle;OL41|K562|ed3641ef75db1a9e
ed113e384695aaa8a7e05b31bc2c8ed124e5e2a6fc1f841b98b6f1737efdb8f0,a,K562_region_00241,chr10:81132829:G:C;chr10:81132867:C:T;var1;middle;OL27|K562|d578d9dc39b92ef5
ed5357bb9f18efa9a292087219d857a7580acff38acf531cbeef0368ebd0ee65,a,K562_region_00114,chr1:151115690:G:C;chr1:151115752:C:T;var1;middle;OL41|K562|4d65f09aa5a2f616
ed5ad5895ad4448621a0d06e41f7a8654e0238cd6b43951b96bd1d50215721ad,b,K562_region_01417,chr20:57599342:C:T;chr20:57599402:G:A;var1;middle;OL27|K562|f33816264a4a56b4
ed6f4876174f32038500273b8e2b8a608e74be8bb00ff78e7b396182f5d835bf,a,K562_region_01392,chr20:39179975:A:G;chr20:39179978:C:T;var1;middle;OL31|K562|766c5c81a319e5ec
ed73d18c308386433d49a4358a587f464213472e9a49fe89660b6800357feda1,a,K562_region_01820,chr6:10887251:T:C;chr6:10887253:G:C;var1;middle;OL41|K562|0442b75dd327da15
ed8c2f08374c3a860ae8ca6e910575608a97904042ef1e360ffaabe810b1da8c,a,K562_region_01385,chr20:25842403:C:G;chr20:25842456:T:G;var1;middle;OL41|K562|8b478d478863a8d7
eda9c6b12dd0b9474ea756223f9a3f58af1e90a4fc6ed15fdeeafa8143954076,a,K562_region_00835,chr17:1612199:A:C;chr17:1612250:G:A;var1;middle;OL41|K562|2be77303a4dd328c
edb3aa5970d134821650156069b5fb4b913f63b4ecb6d12bb28eb3d12480c245,a,K562_region_02187,chr9:110172430:C:A;chr9:110172436:C:T;var1;middle;OL31|K562|26ce2420dbba06f6
edbbfe3c77bf67a256c0b1efc94e252b1479151853498dd14709241964b073c6,a,K562_region_00636,chr15:63683072:A:G;chr15:63683105:A:G;var1;middle;OL41|K562|c41320b4e54510f4
edd4bff027ab52e87b9683eb1ed769550fe636d5799acf2d772c50bfb6074ca4,a,K562_region_01411,chr20:56136954:G:C;chr20:56136993:T:C;var1;middle;OL28|K562|50a1d11bebe2f9cb
edd6405e233f4df4b370c0a2237ca6baf3db57bdd085f19fd6d733fa12a95bf1,a,K562_region_01952,chr7:38398781:G:T;chr7:38398813:T:C;var1;middle;OL41|K562|203a0af9708bbb5f
edd868e1525c13a0b1d96bd3c77db3cf2f720fef0f868bde1a7d007b13c43af2,a,K562_region_02199,chr9:117091002:C:T;chr9:117091067:G:A;var1;middle;OL30|K562|7b784586fa492225
ede67c82dff7d6294565aa791087caaba5c14d526c1eae2ef08a4ad692064dad,a,K562_region_01382,chr20:20033319:A:G;chr20:20033380:A:G;var1;middle;OL41|K562|f43c312e719499b2
edf70154788685279780f8f49dd1ae80ff0ff40b3dbbdb7354ff84850b4f7b84,b,K562_region_01941,chr7:26438652:C:G;chr7:26438728:T:G;var1;middle;OL41|K562|c18d0226ccdc34ea
ee07193c329bdaa2f5d73d6ddc7730e52b381b2206a3035c7c7cd81ea3175dd1,a,K562_region_00547,chr14:20922994:C:A;chr14:20923007:C:A;var1;middle;OL41|K562|dde1a1f23d6b9227
ee19b42ce71c09e91debb768cb5ce8fe8cfd5651658aa5745fa3a7c2bb9e0e38,a,K562_region_02136,chr9:5040163:G:A;chr9:5040203:T:A;var1;middle;OL27|K562|16045e197c761d1a
ee271517aaaff18eed4a142f9f55ef41c49125e043afd2d2801678f6ef2e4696,a,K562_region_00184,chr1:244487743:A:G;chr1:244487759:C:T;var1;middle;OL28|K562|53614b96c66d647e
ee374363a79ce5af36a87d14e54ffb7aedf1fa3e92c86453105c8d9a50b32fea,b,K562_region_00559,chr14:24900209:C:G;chr14:24900231:G:C;var1;middle;OL41|K562|58fa10fb5fc83d68
ee3b9c0eda4c6b3e9e45fc8676e8e48142f602ab99072f2b30a90216ccdbf983,a,K562_region_00044,chr1:25895526:G:A;chr1:25895599:T:C;var1;middle;OL41|K562|462b1904eaf71eef
ee5c9bcf5474779cb746ab6857ba5887ba14b8d5d847075df2a1eeecc6737c92,b,K562_region_00473,chr12:69371471:C:T;chr12:69371558:C:T;var1;middle;OL41|K562|53d8652e5a55f75d
ee5e1b06a28313cd20009078ee10f0e787eb9527ad1969d2c96f3d48bddad185,b,K562_region_01011,chr18:77725655:A:G;chr18:77725699:A:G;var1;middle;OL41|K562|d0d6a2b142b82bfd
ee654bc7fe76711acb210417af8868e0e55dc6e09c892557708123a59c278322,a,K562_region_00273,chr10:124017423:G:A;chr10:124017511:G:C;var1;middle;OL41|K562|2fe32fc8802b2703
ee76635d5d7c12c6df7a629943243d417c0514cc188503cae61641f2620d6d9b,a,K562_region_00873,chr17:16837976:T:G;chr17:16837984:C:T;var1;middle;OL28|K562|166a0319c8314669
ee793cd78142c31d8708c739e00c4cb62711cb50962017d4904f0974160fda56,b,K562_region_00064,chr1:55520887:G:C;chr1:55520938:G:A;var1;middle;OL31|K562|399187d62a9a2149
ee8c81a6be063a88e52969be52d7d3634027457af0c76ad2805144c7fee1cbd5,a,K562_region_00680,chr16:420648:A:T;chr16:420673:A:G;var1;middle;OL41|K562|9bc82aa0b4035c8a
ee8dfeb7047782483c3d1dff436cc968930855aaee29482c20f1a14763c3e627,b,K562_region_02011,chr7:129142694:C:G;chr7:129142775:G:A;var1;middle;OL41|K562|2f9974852907e5df
ee9025caa3b0bae7c8da32f9543ddc55f4d1584344b3f9ed59b91c0853de373e,a,K562_region_01817,chr6:6905535:C:G;chr6:6905599:G:T;var1;middle;OL27|K562|ed6a8ab339f2920d
eea285634efacf2f4f039525805e37762af3846282d3f81d7df9acbe5ca11a58,a,K562_region_02116,chr8:144683934:C:T;chr8:144683975:A:G;var1;middle;OL41|K562|6387bcab3c339a7b
eebc57446ded5bb192745c0f92f56a62448d9270cbb974c7e147ff278b7077e2,b,K562_region_00505,chr13:31015138:G:A;chr13:31015154:C:T;var1;middle;OL29|K562|e02f3c2adbe09e8b
eecc80023b878d16d92ae07d3fdb50d1d6d025a0db2a79ae8d9aa674f7cbfade,b,K562_region_01361,chr2:242710935:G:A;chr2:242710954:A:G;var1;middle;OL41|K562|6f0e048c6795fb56
eee7b467f54e33e904ad71d781bc652994a41a8e7a09b67b4ec4c4349e62d255,b,K562_region_01739,chr5:34492488:C:T;chr5:34492562:G:A;var1;middle;OL27|K562|d29e4b64aab539cc
eeef5912c47953a2e51d3fac386d07fdb17592b4541ec7803c7c99ca15f6c5c5,b,K562_region_01876,chr6:138430171:C:T;chr6:138430225:C:T;var1;middle;OL41|K562|c91c41622ed0d863
eef8742d232edd29be8797f7067455adff24d72f9d3c4e7a8048b0f7a19d8779,b,K562_region_00400,chr11:119238381:T:C;chr11:119238455:G:A;var1;middle;OL32|K562|51ec6172c8d55b2c
eefffa6ef75af311544ea6d20bd2c1b11967e0f3f1c9358a5c170f235d720095,a,K562_region_01232,chr2:28819614:G:A;chr2:28819674:C:A;var1;middle;OL41|K562|70665f55dec5c76a
ef01254a3656fac47e4a29f46ad6c0d54cbf9b5c760b8f36898afe6ff04271a9,b,K562_region_02121,chr8:145545949:T:C;chr8:145546036:A:G;var1;middle;OL31|K562|78544428cf4ffa15
ef1647a6e93510fb9b005894625c935c7887bb1b200dbeb3db98fb57b6cd941b,b,K562_region_01464,chr21:46400778:G:A;chr21:46400789:C:T;var1;middle;OL41|K562|5dfb209b707f54ef
ef373bf702bbac8a0282b81830c8f93ab4db7d96cdf4227fa9533f1812c6e249,a,K562_region_01809,chr6:3023384:T:A;chr6:3023467:C:G;var1;middle;OL41|K562|c2921c54b45483c2
ef39da9ef355519fdbbbe4d27fa5124e769a3d168a1105b6ce6fe0e7484bf01b,b,K562_region_00844,chr17:3435062:A:G;chr17:3435139:C:A;var1;middle;OL41|K562|e61d31f7ecc179b7
ef51bd821af4bcea14b6d407143bc9189cdb374766a35503753cf5cf9f951d07,b,K562_region_00604,chr15:26105761:A:G;chr15:26105789:T:C;var1;middle;OL31|K562|0c682f364fc98c40
ef5af65d5a02b837286589e460bc2a48cbd39ae6bf047e4ef6314cf70f1bbf91,b,K562_region_00108,chr1:144574778:C:T;chr1:144574828:G:A;var1;middle;OL41|K562|62bfdb844ccb5c16
ef7d8436e4a30675205be698d15261fd361b71c6ccdd9a61808d97abf5d296c0,b,K562_region_00469,chr12:63830564:G:T;chr12:63830580:A:G;var1;middle;OL31|K562|631fa2c7b87d74ab
ef7fdc5b1fb1d6699daa41f0b7bc19ad6c65fbb1d090eb54fb5c28b7d942668a,b,K562_region_00978,chr18:8803227:T:G;chr18:8803251:C:T;var1;middle;OL41|K562|31f24973589e7415
ef941583aa4fa79facfa121f75a72582a57edf111d16865bf892f434755ed84d,b,K562_region_01094,chr19:16443223:T:C;chr19:16443300:C:T;var1;middle;OL28|K562|c59f4d6622800884
efac2b59ecaff47449fe013c6ab550e86b5111c152dbcdb251c8de9b923c5592,a,K562_region_00274,chr10:124202610:T:A;chr10:124202612:G:T;var1;middle;OL31|K562|595015d3f51eab25
efac45d07214df4a4239ded25fde0f9217d29dc4dafaacad5ee0b942dde0c6dd,a,K562_region_02096,chr8:83064530:T:A;chr8:83064532:C:A;var1;middle;OL28|K562|1ef7f04b2c5b4150
efcac8f0e6254e932cbcd6d458521f46ffcf038d182a58b19836932cae4e1235,b,K562_region_01982,chr7:78122263:A:G;chr7:78122282:T:G;var1;middle;OL29|K562|6b16e8aea53434e1
efdd75a480d2a4042e031f68ea7db7787ce696b7aceb3e2dd656c56aeecb428c,b,K562_region_00000,chr1:910394:C:T;chr1:910409:T:C;var1;middle;OL41|K562|e65bcd63a5296fc8
efefde6d6859c1bb9919034843b65807c74abd63acac512595a4fc26b41797ee,b,K562_region_00886,chr17:28534469:A:G;chr17:28534531:G:C;var1;middle;OL30|K562|aed2a3b7ef3cc4ba
eff13aa98a75a7a0e8f3183e22f31db8402ae007efe15ee2e1159277ca1d5970,a,K562_region_01345,chr2:231901957:A:C;chr2:231902020:G:A;var1;middle;OL41|K562|59a0056c01d273a2
eff68e1d781d51c8872e1ab6daffc7020951a5b4093da1ae36629f9be800c5e3,b,K562_region_00009,chr1:1638925:C:T;chr1:1638994:C:T;var1;middle;OL41|K562|2289c808978388b2
f01457018e79f0eb0c575995d19e9da4050543988eb9b950809c9a16959cd094,a,K562_region_00054,chr1:45142209:A:G;chr1:45142295:T:G;var1;middle;OL41|K562|418fd902a66cc1e2
f02ea62d775be87896d6dc146e10a7bc2c75d064edf8b6afd47afe99624527a1,b,K562_region_01881,chr6:150184080:A:T;chr6:150184148:A:C;var1;middle;OL41|K562|fe4ae4de55e33c6b
f03cf4309cd56cdcb0445a01170f1206f4037d04ac949f2f330271c2858457fb,a,K562_region_00170,chr1:230849872:C:T;chr1:230849886:T:G;var1;middle;OL41|K562|9ea7d68e67ea403d
f04c0e7c7f7af9c468bfb94a97bc986c98d73411faecb6d98221376504e8eb3b,a,K562_region_01824,chr6:21164077:A:G;chr6:21164131:A:G;var1;middle;OL28|K562|b78e9d66e1415f6e
f061203f9874055fcefd59db0b2b64c4d7c1cc5aef65ea1ab0d31f04f11da9f2,a,K562_region_00822,chr16:89768506:A:G;chr16:89768558:A:G;var1;middle;OL41|K562|92492238807cba9e
f0652db0029503b2739da31b86d4f892fc8d2f436703cfb1ab083d6b6572e0d9,a,K562_region_00229,chr10:63808661:G:A;chr10:63808666:C:A;var1;middle;OL27|K562|0869842f6a235d58
f0679c9832854fefa547afccdde40fbce2eaab8f0a578ea9d0f76a79c96a18a6,a,K562_region_00060,chr1:54728858:C:T;chr1:54728864:G:C;var1;middle;OL32|K562|47f3f18193ae3804
f07c2d35fe9ee70566afa276ed24b76879d8567a551651bca615410e12eb665d,b,K562_region_01140,chr19:44293333:C:T;chr19:44293356:T:C;var1;middle;OL41|K562|8fa283f80b65ae8b
f07e596d9e78b6ced2579301406eb3a96a985b2be1a26c9f3617eeaf83c2aa49,a,K562_region_02018,chr7:134845415:C:T;chr7:134845432:G:A;var1;middle;OL41|K562|9631241938fd7b22
f07f77b448814a56b5b105fd198bf65f8a53fcee6192dce213d6980b150731ad,a,K562_region_02069,chr8:19820916:C:T;chr8:19820933:A:C;var1;middle;OL31|K562|02d05e2bbb5eba11
f084242410cdd8a473a1c3f97d982f778fee76917f6c5554466429299d3e2904,b,K562_region_01681,chr4:25377777:A:C;chr4:25377811:A:C;var1;middle;OL29|K562|bf1eb4c878b7996a
f087c4fc4aea54bd079122b242a09f5e9bc2e934d20b4fdebbfdab959a65305c,a,K562_region_01273,chr2:75268480:A:G;chr2:75268513:A:G;var1;middle;OL41|K562|537bda22ef7ee513
f08bf1e639aafcce2230e23f22687407be49f9f4d502c52e2a8455746ab4fac7,a,K562_region_00284,chr10:135040148:G:A;chr10:135040163:C:A;var1;middle;OL41|K562|283e5922e79b7b20
f090ff2e4f460d9b53797552d618de8bb9fe122afbe53f25c446ce3a3f13419a,b,K562_region_01532,chr22:42466950:C:T;chr22:42466980:A:T;var1;middle;OL41|K562|468cc0113383e32b
f0cda007868c06e950ec9bc815c4dbcf8d90737c4dbe17595f67a453809d8636,b,K562_region_01816,chr6:6901659:A:G;chr6:6901663:G:A;var1;middle;OL27|K562|07b7eefb22c6750f
f0e23a19d7bf0ab583a4f7d3c360296d55dbefd280c644b5d55f73ece492f5b3,a,K562_region_01094,chr19:16443223:T:C;chr19:16443300:C:T;var1;middle;OL28|K562|c59f4d6622800884
f0e7ad801f69cd0395c72f7489d456f67d07da27a4d7ebdefb2c0ca25f5dd15b,a,K562_region_00004,chr1:1152601:A:G;chr1:1152631:C:A;var1;middle;OL41|K562|09c4fee80534f0fd
f0f12633b39464372a89803a4d17936dbb7979af74835af0ee51eb9908c19605,a,K562_region_01394,chr20:42839990:T:C;chr20:42840019:A:G;var1;middle;OL41|K562|19c20f170c6fee79
f0f30ff76b587dc96c8ae9fc96bc576a62f61c40c51c769e7bf922a732c52497,a,K562_region_01699,chr4:100042221:T:C;chr4:100042242:A:G;var1;middle;OL27|K562|41e7de24bd78390c
f0fb0994df9b9397dcbce97cb0bde6d7cdef99a009848faebd83874373df5003,a,K562_region_01140,chr19:44293333:C:T;chr19:44293356:T:C;var1;middle;OL41|K562|8fa283f80b65ae8b
f0fea43e334d1c54c74512f58b186073ebfe0bc7b15ca2862cddef9dd4461c28,a,K562_region_01402,chr20:48789373:A:G;chr20:48789388:A:G;var1;middle;OL41|K562|7017a93811e30038
f112fa5fab2edcb9adaeb5ec067248f1b7bbe84e60995ed415726e2eefdb802e,b,K562_region_00447,chr12:20470199:A:G;chr12:20470221:A:C;var1;middle;OL31|K562|8e16847bc1f9f3cc
f11392d7e78c648ef59f190e50123a091a5bd6eaafeddc2081054efc0c09aa44,a,K562_region_00218,chr10:48957354:A:G;chr10:48957435:A:G;var1;middle;OL41|K562|eedab9df124ffd2d
f116d44444ca32d21f088117ae4f7c8d992904b3881ee44b9290f9a295dc014f,b,K562_region_00142,chr1:201884647:G:C;chr1:201884668:A:G;var1;middle;OL31|K562|771dc99cdb8a21ae
f11d02540d17492118b43374e521d9a68e58968fa6f362d48b6aa4d9b5fa9c8a,a,K562_region_01070,chr19:8272146:C:G;chr19:8272163:G:A;var1;middle;OL32|K562|17f62cf5d4535499
f12e73ee7f1f4a2b3df0ffa498b3eb4b55bc073826a6affc347c6745059def70,b,K562_region_01554,chr22:50647966:A:G;chr22:50647969:C:T;var1;middle;OL41|K562|f285d6127048bd18
f1314235f4e53baeafeb80a0eb266a3a3a7610e3abee151112fdab727b6b38f5,a,K562_region_00697,chr16:1508975:C:A;chr16:1508988:T:C;var1;middle;OL41|K562|ef97bffeaa678d32
f13147b463cbd9ceb85fe697c634ab116bfc22ac53e028dc8b6ea21fc3cce7ee,b,K562_region_01887,chr6:152005534:C:T;chr6:152005544:G:A;var1;middle;OL30|K562|1217d1fe5e20ed66
f138c76d7679aff7edd9ae787056ab6d1c707b6a7a1adef44717de1918e139ff,b,K562_region_01371,chr20:3778676:C:T;chr20:3778691:A:G;var1;middle;OL41|K562|b3692af4948c132d
f13ccdb9c7bd16525d16c8908fb9e7c13f7d0a8bdea837a804376178d63abea3,a,K562_region_01495,chr22:21400519:C:T;chr22:21400563:G:A;var1;middle;OL41|K562|f6364632507ab2db
f13e19041207d7cc1dbe5ab6057b655b156d44b83e014715940e7a804d9ed583,b,K562_region_02048,chr8:9183339:C:T;chr8:9183358:A:G;var1;middle;OL31|K562|4f828f07b909a49d
f143e3ad3e653872904142bf55971367da12d619f445c494c6fc2df2b1b18b9c,b,K562_region_00863,chr17:7732957:A:C;chr17:7733037:C:T;var1;middle;OL28|K562|6f45a6b469b22ed1
f1633ed36d2e6a8bfad98ba1697ae56863930f416e6b28c0d44b4efdf55c588b,a,K562_region_00079,chr1:91190854:T:G;chr1:91190856:C:A;var1;middle;OL32|K562|ef5651872e4d90cf
f17fb8a72cdcecd388dc352fa86445ab4244c452a3689b12f82702fefafead24,a,K562_region_02123,chr8:146061978:G:A;chr8:146062030:C:T;var1;middle;OL41|K562|c7401c7834a7adf9
f18bc9ca1a3fdffa4a84cabc5bff4188f5b65deb33e40ebfc9a4579e5c0324e7,b,K562_region_01803,chr5:180631270:A:T;chr5:180631342:G:A;var1;middle;OL41|K562|6022a6e42e9959a5
f1a645ae7afd4233cfba4fb1facea6d8f02da0ad8c4806700192fe3bbab6d5b0,b,K562_region_01323,chr2:177349213:G:A;chr2:177349228:C:T;var1;middle;OL32|K562|5e3c4a2d8caa3b49
f1a8ff0c7a420f5ad33c19fec095bd28982e0fd9ce17fbc2ab8c7986bbd31290,b,K562_region_01370,chr20:3776368:T:C;chr20:3776400:C:G;var1;middle;OL41|K562|800e7676ef64b826
f1c1312226dd5c0fce7779284843218b98d846563309bb98ea81d221dc29f467,a,K562_region_01038,chr19:1516557:T:G;chr19:1516565:C:T;var1;middle;OL41|K562|3a3a84ffda090692
f1d45f770060f1e0f7639e1bbe26c28c96036c8cf3c22dd10d70e1913451ede9,b,K562_region_01626,chr3:169098791:C:T;chr3:169098861:C:T;var1;middle;OL27|K562|7cd60e1e4468fcfb
f1d6257a5b1e5ff7942c8b439b10ca4277f39ac70fdaba98aa4be4d406a3307b,a,K562_region_02088,chr8:30580577:G:A;chr8:30580584:G:A;var1;middle;OL41|K562|c8b8e2b5bf0f866c
f1db374a26bfe14b436f7b686dac2f5e94de4c8d701b792876139c67a3713556,a,K562_region_00904,chr17:41438653:A:G;chr17:41438674:G:A;var1;middle;OL41|K562|30ba96b91dd80caf
f1e5b302c26b31057aab254e2b1d39ab8b1b10296ede4b6ac7c45e9228f94cad,b,K562_region_00237,chr10:78194791:T:C;chr10:78194812:A:G;var1;middle;OL32|K562|e288222a31c1ea9f
f1e6940b368851a0e27b9fa302aabef364df19c69a44be3c7d21793ca603ad13,b,K562_region_00862,chr17:7358861:T:C;chr17:7358930:G:A;var1;middle;OL41|K562|621ae026bb23e628
f1fb1ac5dbf104ada3799869e6fce5223383f5637af3aba9ff52d1a58e6ff79f,a,K562_region_01256,chr2:48776192:C:T;chr2:48776217:A:G;var1;middle;OL41|K562|a44e30ac48328922
f210d3291d55de7bb1e7bb3490595eb0363a8ca180d39f6b120a7711ba234c23,a,K562_region_01717,chr4:186580657:A:G;chr4:186580675:G:A;var1;middle;OL30|K562|eceb3068cfefe6ae
f22ef701e4c52e8b0e632ac38ec25bd6455c0b8f109324912ceb144ceb6de76e,a,K562_region_02129,chr9:4664836:A:T;chr9:4664852:A:G;var1;middle;OL41|K562|ce6972c0bcb8e1c0
f23fa01c0d4b13255f20251c33f2e99a9b0f98b4e8b5bd3da10f67053b0f69de,a,K562_region_01894,chr6:169009635:T:C;chr6:169009688:C:G;var1;middle;OL41|K562|b522af681d633c42
f249a39df08f74a114c21190f9c8d9bd2268add65313658247a3e1909e1df902,a,K562_region_01287,chr2:113388444:C:G;chr2:113388463:A:G;var1;middle;OL41|K562|9f80423da0662070
f24a7f218ee9fdb164062f56a08f86b80e12ed231700b10a2951a4a4084fe091,b,K562_region_02067,chr8:18272377:C:T;chr8:18272466:G:A;var1;middle;OL30|K562|eaeadb423ed01fbc
f24e06e0d16692f79c15381f2c1bbfc0a5d68f3c586f15a3732dc85005817f16,a,K562_region_01655,chr4:1412749:G:A;chr4:1412785:A:G;var1;middle;OL41|K562|165149685dcec105
f25d5d9ed2cef1ca6076897c6332303b15cb09798b1339aa8629f50fcd12d335,b,K562_region_00634,chr15:63680067:C:T;chr15:63680089:G:A;var1;middle;OL41|K562|7cded43481beb975
f2614771e45a151ab05cdb470f150c5b9069f49ddb2a45ae8815bde6c40a8c5a,b,K562_region_00793,chr16:84517644:C:T;chr16:84517720:G:A;var1;middle;OL41|K562|bfc30ac6e17fff9c
f288ed9cb45e83c883fefbcc947e516679db7fa3c7109d845362d840a0320a25,b,K562_region_00166,chr1:230272624:G:A;chr1:230272688:C:A;var1;middle;OL41|K562|a0377c60a3517b76
f29bec4133cd8230cc3623a0b1f4987e29deefb2ba1945e24cc6db8c77097a05,b,K562_region_01742,chr5:35769510:G:C;chr5:35769537:C:A;var1;middle;OL27|K562|b0b9d77bbc29c14d
f2b085a19807a0b1e3d0fa5c02a744d40eb277b124707104ab9acbba3bd4d0ce,a,K562_region_01694,chr4:77200799:C:T;chr4:77200805:C:T;var1;middle;OL41|K562|fb3e52ed64840e36
f2c55098b274c91ac31c8a551c3543bad3e91d74536893609d3e0681ca7dcb16,a,K562_region_00382,chr11:77734001:G:C;chr11:77734007:C:T;var1;middle;OL41|K562|bef5f4ad1b61e13a
f2c568cbb87e71ecb63148f45275ccce92cc2583c8d218fa12c46168340f206f,b,K562_region_00937,chr17:70030083:G:A;chr17:70030172:A:G;var1;middle;OL41|K562|50065db6749012b3
f2cb24ce82eae224b591cbf47d18b4fcbfd66cb1f6c0c5e7f8d1bec2540b6f3b,b,K562_region_01102,chr19:18157498:G:A;chr19:18157551:A:G;var1;middle;OL30|K562|9b181efe82e01648
f2d5206934a4b4ba52b137ee79596822f9119eecfa83d11036ff7c2d5e789f76,a,K562_region_01367,chr20:1930885:G:A;chr20:1930897:T:C;var1;middle;OL27|K562|8c26b27b9cd17d95
f2dccbabcb739ebe4f5976212ae27497dedfd0eb93841d10efe6cf93287ad411,a,K562_region_01532,chr22:42466950:C:T;chr22:42466980:A:T;var1;middle;OL41|K562|468cc0113383e32b
f2deafa71e7700e982d90b1bfd33bb6ea7054d69f3943602175ec771740da244,b,K562_region_00043,chr1:25891959:G:A;chr1:25891971:C:T;var1;middle;OL41|K562|6a982c20ff42797e
f2ed197bfcecc266a1184d55b5d82ceb8ec4a6771aa4bef012e779c5dc24ee5b,b,K562_region_01888,chr6:155635624:A:G;chr6:155635637:A:C;var1;middle;OL41|K562|456dc6bcb6aaf10e
f2ff24016abdf9de777bdcd33f0aeb2528ec47a3226a913fcaa916b2b18141e8,b,K562_region_02045,chr8:7085607:G:A;chr8:7085631:G:A;var1;middle;OL41|K562|8122fb75495dc626
f30ff18cc088ea4438cd83f08a59e94b90bae62f7de0e66f6381ed5388bfafc3,b,K562_region_00077,chr1:88292547:T:A;chr1:88292560:T:G;var1;middle;OL41|K562|c91aa9d7ebb993ed
f31392a5bc35cecb446ecb27800e968f8dbd519c1a0d8049f2096c7116995b83,b,K562_region_00094,chr1:110246810:G:A;chr1:110246859:G:A;var1;middle;OL41|K562|1f42166da0807cba
f3204a9f11be847ca425317b61806ffbf053696dc145e42735b14ab41c7b91cb,b,K562_region_02154,chr9:23829684:C:T;chr9:23829728:T:G;var1;middle;OL41|K562|030970e8173fe381
f327bcb113bda4a43e321ce2a85e7d8d624be2cc4993e52daacd2a01b1ea2c15,b,K562_region_01973,chr7:73020301:T:C;chr7:73020337:C:G;var1;middle;OL31|K562|448583dc67783b92
f32c31cc2ce414e7ff88a1171ce798c642bc31af3b1d5520dd55a642f23ba70b,a,K562_region_00470,chr12:64062065:T:C;chr12:64062132:G:A;var1;middle;OL41|K562|7cd2e88cd2054bfa
f3340d80d25baa55b89d13deee6f76daf9c9ee340e7b235239d57200cf0cc6c5,b,K562_region_00210,chr10:28442788:T:C;chr10:28442841:G:A;var1;middle;OL29|K562|1d092c7abe38ce86
f346d36913032c4dc12c1540c08c48248b3ea19daca939513954d9cccb9c5246,a,K562_region_01821,chr6:13408794:A:G;chr6:13408874:T:C;var1;middle;OL41|K562|6246630bf3edc9f4
f353e4808dd5e551c2437633447f6f26460a48c1e6d55780fc3b9cf728ab4499,a,K562_region_01721,chr5:203042:T:G;chr5:203114:G:A;var1;middle;OL41|K562|74270b7c6e90c549
f35a14da64049e0c6be496eb7f42924a52d15b8f5a487cdd7e5cd53c286388f1,b,K562_region_01192,chr19:58572959:G:A;chr19:58572979:G:A;var1;middle;OL41|K562|33313d11bd9aba95
f3692f3617d319510a280e12b00cd6fd3e308789a80213e531dc7ff69a3cdea7,a,K562_region_00353,chr11:64006907:G:T;chr11:64006909:T:G;var1;middle;OL28|K562|a892ade35c466dd1
f36a2666fdefbf0443480c064fe1796405b4e95ec4a8771f6e346786a6955fe8,a,K562_region_00984,chr18:13271319:A:G;chr18:13271367:A:G;var1;middle;OL41|K562|9de6d67f4e8af618
f37cf8bdb9d4c07cd6c3af25f709ec5cac524d3b159170d0333ec0ff8578fa5c,b,K562_region_00537,chr13:111038340:G:A;chr13:111038374:T:C;var1;middle;OL30|K562|c425bd6bb2f333f6
f396d49839ab33f6c5f78517bc0fb8846f349273b23634d75696198ff808cd5f,a,K562_region_01317,chr2:164936940:G:A;chr2:164936964:C:T;var1;middle;OL30|K562|a3b9cc1d68823bde
f3abfe68f56956edc6006065c99235a5f8bd9b4a7fcf0eb8138f8578b55a6507,a,K562_region_00869,chr17:12191339:C:T;chr17:12191351:A:C;var1;middle;OL33|K562|453b67cfb127b1ee
f3cdf6ad327fbbd8403c39cd912f710baecce74cc528a7f7e27ce2e1b3803090,b,K562_region_00098,chr1:113172278:G:T;chr1:113172282:C:A;var1;middle;OL29|K562|b1b22ef62b9f5d2e
f3d4c5c3f61333597965e055693cda629b911cd19876c19a5a21439f399f9384,b,K562_region_01723,chr5:428418:C:G;chr5:428462:C:G;var1;middle;OL41|K562|3436209f9fbb69e5
f3e132ab4a12f07edb6b61e3b8508db5c9b0b3cc44f85c418ca37888a7dcbbe4,a,K562_region_00839,chr17:2249904:C:T;chr17:2249919:T:A;var1;middle;OL41|K562|c7352a89fb5d274a
f3e33b33f952c988b7ba14add7a8d3a8303702c9009a1146b8d6e19b659c3129,b,K562_region_00307,chr11:1876867:C:T;chr11:1876945:G:A;var1;middle;OL30|K562|5665bef64788e784
f3ed3dff1a1324558f781adcc128579c603dff67119e0ef63c1321098d1b251e,a,K562_region_01293,chr2:114385158:A:G;chr2:114385204:T:C;var1;middle;OL41|K562|bbdacdbb046c1fb3
f3ff3b85325abef0cd54165e6ddb7c25f5dd7e656c70d4d9cc043c0b6828bdc1,a,K562_region_00800,chr16:85966710:G:A;chr16:85966730:G:A;var1;middle;OL28|K562|dc7990265c94bd55
f40cea44eb72e30edb8c3ccb216eafd5a9276c3dd9f5252600d2aa307e778ba7,b,K562_region_00063,chr1:55505604:G:A;chr1:55505647:G:T;var1;middle;OL31|K562|07cca6849319feaa
f40f1bbba048105d72acec05cfbacc77bddcd94c343b33e8fe4a501fe1d3cf12,b,K562_region_00535,chr13:110910679:G:A;chr13:110910714:A:G;var1;middle;OL30|K562|05ba92a19dee9d95
f42280fd9a2a534ee64b055a1f49a13ecb06581c68bd4fd9d2d3b5d06ecbe913,b,K562_region_00068,chr1:59043453:G:C;chr1:59043457:G:A;var1;middle;OL41|K562|0f31778b10101295
f4461a441835ceab1ea2a71e1ae224c6511351825dc782c131e63b1cfc6793c8,a,K562_region_00451,chr12:24059999:T:C;chr12:24060075:G:C;var1;middle;OL29|K562|ed4c2fd8d5412de5
f45742fd6ebc4c6150f33d3eaf4eea9e5767ea8ceb91996268292cd38e3e1e61,b,K562_region_01225,chr2:26916844:C:G;chr2:26916846:C:G;var1;middle;OL30|K562|f2cf451a691ab3e2
f459f287bfb02d238b573f030dade73128c86a7a6d2f3b08e4d61dcaa6a9503b,b,K562_region_02025,chr7:150020295:A:G;chr7:150020381:G:A;var1;middle;OL41|K562|1c7092fd99166953
f467de4fe58b89e371711a6df3bcb902dabf4bb929dbf9936a4671114d0df650,b,K562_region_00012,chr1:3691490:G:A;chr1:3691528:A:G;var1;middle;OL41|K562|4a2b921459ad8c18
f4749fce62f72c68947609f2b44ea0426ddd5c0621a9de06cfc0f19f9ee53c04,b,K562_region_01357,chr2:240900919:C:A;chr2:240900947:G:C;var1;middle;OL41|K562|8b97568746e51567
f47b2e9920d4963a1723913fc22d25cdc9b42bc163d6dd083a1a1c23d8884c6e,b,K562_region_00943,chr17:73587268:C:T;chr17:73587347:G:A;var1;middle;OL41|K562|25d1aad135c11a63
f48bc5302971cae64a4ec9d09f94edcf1666a965d9c0021976d0be0798ba76f5,a,K562_region_01954,chr7:44145099:G:A;chr7:44145178:C:G;var1;middle;OL41|K562|723a9ea5ac2941e0
f48cae96e8f4719046b5a7698e81afcae7b95e0d8070c91caf2f45276c5861c2,b,K562_region_01050,chr19:3185802:A:C;chr19:3185829:G:A;var1;middle;OL41|K562|74b3b7b6b55a7968
f4a3abca33c1c5836c36fcfc49fe4e3df56cf59e51d14acf96f8dad374721902,b,K562_region_00368,chr11:71278828:A:G;chr11:71278915:C:A;var1;middle;OL41|K562|e8ab115dd0177d7a
f4a5704d8070422cc7ba1daccae97280e93eb1ef894626ee99ad55126d7db025,b,K562_region_01338,chr2:219020958:C:T;chr2:219021013:T:C;var1;middle;OL28|K562|e7ad05e02d2f9807
f4a60af66d224af621c0d151b1faf62bada7dae2c625a81c953f365901dcc8d2,a,K562_region_00677,chr16:324403:G:C;chr16:324479:C:G;var1;middle;OL41|K562|8ed710d1c1035193
f4cabe06e5dbefca94a76353fa3538fd786246999668189f49ba331fcc51b1e7,a,K562_region_01816,chr6:6901659:A:G;chr6:6901663:G:A;var1;middle;OL27|K562|07b7eefb22c6750f
f4cb4d5af87e4a1700469bf9351f7c192438ffa3deac4c4066b2e112f4021e15,a,K562_region_01162,chr19:49891280:A:G;chr19:49891314:C:A;var1;middle;OL41|K562|1f79f2c31ac4e889
f4cbb297f7621955b173b2bc342f4e7a55b357b4582c0f5a92d7cbea961c4350,b,K562_region_01452,chr21:44197992:A:G;chr21:44198015:G:A;var1;middle;OL41|K562|49fd17f39bfc0161
f4dae9e5a3a788740c5e32c25ff25932fe0b9562c591f4487cf76a01dc7f0796,b,K562_region_00197,chr10:9043562:A:G;chr10:9043595:T:C;var1;middle;OL28|K562|c393c6e73a1edd9c
f4e83f76f772cca4901c5a9bc372e60e42e482dce0575ebcb766d0e39bb7e169,a,K562_region_00492,chr12:125316031:G:T;chr12:125316055:A:C;var1;middle;OL28|K562|6c40de254c14717e
f4ed1aae7fb22e2b539ad7161e1f47eb1f4e08c83124e0dc7e423d1255565bf8,b,K562_region_01989,chr7:95226709:G:C;chr7:95226733:A:G;var1;middle;OL41|K562|aad74a42e6529788
f4f0c1ce5ece6d236c6cbc4cc54c78b42fefb2cf4539c8aa0136278ca54d5392,a,K562_region_00236,chr10:72240570:C:G;chr10:72240614:T:G;var1;middle;OL41|K562|b811c5b7a2202582
f5028007e31481d2c34544b4eecb8cdb098351f378162e13086b1c89db3aab9d,a,K562_region_00361,chr11:67200812:C:T;chr11:67200819:C:T;var1;middle;OL41|K562|1f7c19d073a46fb8
f50e122ab85f5ed6c2d55445dadf142ab7c44900dad24f393631dd4389f6bf9d,b,K562_region_00291,chr11:320805:G:T;chr11:320836:C:T;var1;middle;OL30|K562|787b67b232f29032
f50fb79fabc20679e6a9678c6dec6a6f830224c30aa3c66dc384308279c52b60,b,K562_region_01524,chr22:39063011:C:A;chr22:39063015:C:A;var1;middle;OL29|K562|4abb68b8f714a26e
f5112f76f29f61cbcd754a76cbcfff6ad185456fe1cf8397026fb94ea3c5f0c5,a,K562_region_01558,chr22:50954635:G:A;chr22:50954685:G:A;var1;middle;OL41|K562|d7b4f950d167c072
f51e7cdd27027e4ec1741f9b98a0b28c6f6ecacc9759d699964415d96b9af148,a,K562_region_00501,chr13:26586775:C:T;chr13:26586788:A:C;var1;middle;OL41|K562|c22831bd30e98e55
f51f3a57be2a1184fec39f411eff060ee3f997fd2072c1c51e5e3870a79573d7,a,K562_region_01766,chr5:118729286:C:T;chr5:118729327:A:G;var1;middle;OL31|K562|09bdcae426cb94dc
f5214c574fde8f9358a12e517eafdf42730c2279cfc240ee433d612f3d896433,b,K562_region_00461,chr12:50067549:G:C;chr12:50067637:C:T;var1;middle;OL41|K562|a09ebdc7cf0374fa
f52bd05505a6073d020adb88ed51b05db8bc0dcb4a64b3276e5f5ebf449a2438,b,K562_region_01697,chr4:89048022:A:G;chr4:89048081:C:T;var1;middle;OL32|K562|ca1269458bab18d1
f553427d7d1ac961ce6a9ee28749001d313a92f9389a1df111061ea918660cdc,b,K562_region_01817,chr6:6905535:C:G;chr6:6905599:G:T;var1;middle;OL27|K562|ed6a8ab339f2920d
f5649953ae7942cf85504a8a315270ca65449ffe509d2de67d93d74dfec21a5d,a,K562_region_00888,chr17:33382734:C:T;chr17:33382801:T:A;var1;middle;OL41|K562|e1560a4bb6cfd7f3
f569db9e0c8fe3185ac6bf1962171c36296916630414d14fe5ea661aac191340,b,K562_region_00289,chr11:308178:T:C;chr11:308180:A:G;var1;middle;OL30|K562|e29dc7db56ef87d2
f57a6029c036e2a4bf687820af13d2aaa1bd866a913680e54e8fdee756893eb1,b,K562_region_00879,chr17:17613070:T:C;chr17:17613073:G:C;var1;middle;OL30|K562|0a26bb3cc5d45e6c
f57e450e4185c3ef5b5f27b32184fa56443b6557d81c049a658d58274216a4b5,b,K562_region_02226,chr9:139620917:C:T;chr9:139620966:C:T;var1;middle;OL41|K562|5914f7fab5ad17f7
f58996ea6e3c706d3ccbf6a369da6c9302aeb8e36020722f2a07c7b590241343,b,K562_region_00702,chr16:1824075:A:G;chr16:1824115:G:C;var1;middle;OL41|K562|b77231194ffa1ef8
f597ec94154e87124579697bd778c70e8cc4ed9fbf9a2444d35721c5ed89534a,b,K562_region_00297,chr11:654091:G:A;chr11:654109:A:G;var1;middle;OL41|K562|84091c7edcb78812
f5a590df4ce917882649a24fc93e192256eff03597de07317f1e861fa76c58ce,a,K562_region_00993,chr18:44308614:C:A;chr18:44308687:C:T;var1;middle;OL41|K562|a50eb328f24e6b11
f5aab0dbf139c3137038b787d6294cc0d0097a65991c4f19d32153e6572a7a16,b,K562_region_00109,chr1:144909155:G:A;chr1:144909227:C:A;var1;middle;OL41|K562|6d2ef1a3e3b4d2c1
f5c01fb30b6878dea437cf765d5e53ed3c8cce93df7d2519ff01a7f5967e9375,a,K562_region_02216,chr9:136039330:G:A;chr9:136039398:C:G;var1;middle;OL41|K562|f7e2080e003d083b
f5c0a15b32a39c18e35a1b9aaece837bfb12e0242bbea088a563fbda6c7c9b74,b,K562_region_00176,chr1:234527992:A:G;chr1:234528006:A:G;var1;middle;OL41|K562|1ca7f3378cdf00c9
f5c1486e9e4315f7be14e80ab0a16d8235a9d16f4d4ac89558217cb96bc1e4ea,a,K562_region_01924,chr7:15668027:C:A;chr7:15668070:C:G;var1;middle;OL29|K562|6515a0affc91cbc0
f5c1aa703db6e06dafd76d20881245eebf733f6b0a7e8708ff5cdd8238b1b101,b,K562_region_01798,chr5:179259835:T:C;chr5:179259842:G:C;var1;middle;OL41|K562|600bad901e966695
f5ce71bba788ad218a121d653346c4f72d5170b09cf3bd430b5fcf628b10b072,b,K562_region_01604,chr3:125636177:T:C;chr3:125636189:A:G;var1;middle;OL41|K562|4d85c323e2bcf7c9
f5e5e0c4f2195fd32f2c005732690b3ef75f56d3fb99fb7faffc4e8420f97106,a,K562_region_00576,chr14:74734694:C:T;chr14:74734757:T:C;var1;middle;OL41|K562|31b8e35174522263
f5e8492c802feaf52b684d00f9bda7551c386fe4ba163ca077235eddc158504e,a,K562_region_02238,chrX:202439:T:C;chrX:202458:T:G;var1;middle;OL41|K562|82c1b0bc39162efb
f5f1e387d8f11668225104d695c39108ed865493e8ec86146061cd29af3006bc,b,K562_region_01412,chr20:56137798:G:A;chr20:56137834:A:G;var1;middle;OL27|K562|85d7140a4708df65
f602e9ffd289e2b673412a44fada8d1bf1f7ed81fc513e5c01aea78c9207685e,a,K562_region_00346,chr11:57202184:G:A;chr11:57202260:A:T;var1;middle;OL41|K562|91bf772a7f2e2bca
f6534de25afa8c899c345d7d39989f95b4acefbe1204c4bed8cbae227fdec923,a,K562_region_01520,chr22:37590203:A:C;chr22:37590207:A:T;var1;middle;OL41|K562|b62e0fa072553ba7
f65596a1a86ce210b98b349d13dfaf8ea30699d964e29cf7d814167e4ef07015,a,K562_region_01044,chr19:2326897:C:T;chr19:2326902:G:A;var1;middle;OL41|K562|b4a03fb264ad5f11
f67a66350023a2eb404a6fdd76e9e3cc9bffe4be695f15f09513ba76a86b56de,a,K562_region_01213,chr2:10862188:G:A;chr2:10862276:T:C;var1;middle;OL41|K562|bfe71a56e13fb798
f69fa7abc1b71fa248b1b772e24b573da12668e37e5c0a368d843de8f4d54aef,a,K562_region_00048,chr1:32712450:G:A;chr1:32712515:C:T;var1;middle;OL41|K562|6f7de35f9522d5cf
f6a40d0b4221d8cdeff2667de74669c81689cf0d2cdb860c8219de1a7a9de654,a,K562_region_01872,chr6:138142737:A:G;chr6:138142754:G:A;var1;middle;OL41|K562|e8d17898c89ae7b1
f6ad821556c8ee72a9f60ac17f0ebd4a92a8981a02adf975512ca3290c1294ab,b,K562_region_00871,chr17:15637760:C:G;chr17:15637844:T:A;var1;middle;OL41|K562|13783e14e4f000a4
f6bd29350dc78907de7a512747c47713dcf179528a484c75b9fbb6b51885b837,a,K562_region_00705,chr16:1845619:T:C;chr16:1845630:G:A;var1;middle;OL41|K562|54ccd3591f321d8c
f6c2505089b6f2061cba93543874806411515e90d39b787657e7211e95d62983,a,K562_region_01268,chr2:71217538:G:A;chr2:71217621:G:A;var1;middle;OL41|K562|b5e5d0539ba3e0f1
f6cc7b0e60b74f7ee512ebc3f645be01f82e693d66b4cb5f5a5529e73c20e474,a,K562_region_01764,chr5:110878320:C:T;chr5:110878329:T:A;var1;middle;OL32|K562|d982c9207f4abcf8
f6ce390d54a93096e91adc52f5a1ed53e92a0062e229f64cd2fd78a582756f81,a,K562_region_01449,chr21:42689637:G:T;chr21:42689654:C:T;var1;middle;OL41|K562|bef0435b94eabffa
f6d4e198c4da687da5b670a6aafff6c13463600a85fa31218247d3988d645fcc,a,K562_region_00202,chr10:16479251:C:G;chr10:16479256:T:C;var1;middle;OL41|K562|59adbfea522a62b0
f6d9070031f66fd887124b9982c71b2d07cb80fba2496cd5b2927226dddc70b6,a,K562_region_00028,chr1:16353415:C:A;chr1:16353482:A:G;var1;middle;OL41|K562|af813323c1e60428
f6ec4e9797e66b293245739cb75229ce41e0a1ec930658f89b7f0a94078bbb4c,a,K562_region_01413,chr20:56554560:C:G;chr20:56554576:C:G;var1;middle;OL30|K562|974527ee41c00aa1
f6f4a87ff8cf3c8470e759441e4bc896e7ca77d2f8a45287cc88226d1c3f80d3,b,K562_region_01108,chr19:18811966:A:G;chr19:18812024:A:G;var1;middle;OL29|K562|566a9a43ecf3a891
f6f719d0af05bc1072fc6706137ce69a3edaacfaaf09dc71273b45ed95661fb0,a,K562_region_02064,chr8:17454313:A:T;chr8:17454353:C:A;var1;middle;OL41|K562|fa1e498fd6e44f1b
f701cfec8c25dabd1b2dd8dbab175975b082b12b8161c9178782229478f6fb6c,b,K562_region_01103,chr19:18157894:A:G;chr19:18157925:C:T;var1;middle;OL30|K562|a7f0be744e727147
f7061f633f13860170ffe7b45b9387c172b0a8a5f4da4cb6a3d5d870d2bbafe0,a,K562_region_01145,chr19:46077862:C:G;chr19:46077867:T:C;var1;middle;OL41|K562|af6325511728a5cb
f71ca84f58b709738b121465e8f8972b1651d40b3061e881abf8195ee6adbe34,b,K562_region_00608,chr15:30648626:C:T;chr15:30648674:C:T;var1;middle;OL41|K562|5bfa9d15a62eb789
f73fd549765f7a06f3f0ef16116e22d476f7874e82262aefc1d34f525bd591c0,a,K562_region_01521,chr22:37591290:T:G;chr22:37591318:G:A;var1;middle;OL28|K562|bdb91117379a693c
f74048730e76294e406a99c58d108691bd0e79c4f35b5f30a77985d39636c099,a,K562_region_00506,chr13:32606069:A:G;chr13:32606087:T:C;var1;middle;OL41|K562|8a55450409e55e83
f74cb521fa303fa2c4e5f69015e06c1ed275b141d56fcf764c432b4058295b06,a,K562_region_00442,chr12:11324344:C:T;chr12:11324364:G:A;var1;middle;OL41|K562|37e21cb6ec3d7380
f76e5402276b133a25de185023eeb96840502ca63882854375296957e110aab3,b,K562_region_01180,chr19:55574412:G:T;chr19:55574468:G:A;var1;middle;OL41|K562|a010511b9ea9fa61
f7716f52e30f27b25a86aa33d039013a40a74bcca7e8657e64709ee859c8ff72,a,K562_region_01375,chr20:4203219:G:A;chr20:4203226:C:T;var1;middle;OL41|K562|64ba8085450b26e3
f77a870f8f298c4590347b92a390bbacafd8a9072f1928c33f4982abd050b783,b,K562_region_02126,chr9:1642998:C:G;chr9:1643007:G:C;var1;middle;OL31|K562|ef0d8670fe26db10
f77ace2278849056c0b3beadbf75c411df10b5ea7196894cf2ef9b8d04e8ee5d,a,K562_region_01910,chr7:2399161:C:G;chr7:2399179:C:T;var1;middle;OL41|K562|51b74660756695ee
f7869d1a848d48fa1419813c63f2adc2577860fe0c14c8b61a2366bc0d6c4a88,b,K562_region_00419,chr11:134626123:A:G;chr11:134626169:T:G;var1;middle;OL41|K562|061a1b085e02876c
f78f8c71745bece2cd2a0f0a856016f537b53ecb32981d133c4ef59cb97f89e0,b,K562_region_00613,chr15:39888246:C:T;chr15:39888281:A:C;var1;middle;OL41|K562|1ccc6a324415087b
f7950920ca6c78b4ca2dd06d61a97b8bf5ec374e704438fbc7b8c46ffcbc9352,b,K562_region_01776,chr5:142048269:C:T;chr5:142048307:A:G;var1;middle;OL29|K562|c697ff18c8007d32
f7989e4e116166e9279fcf407b2cfa00ffb95f45ccac87d0e08ffc4c77a6ceb9,a,K562_region_00793,chr16:84517644:C:T;chr16:84517720:G:A;var1;middle;OL41|K562|bfc30ac6e17fff9c
f7e382bb2f0df4a6a5e3173c1394fb19389acbc06cc73a56b5ca08e22b743731,a,K562_region_00178,chr1:234667206:G:A;chr1:234667247:A:T;var1;middle;OL41|K562|2514e9192739f45d
f7e433c624b753d5c37ece199f8ff542c17a20a6b59550ed520be401516af6e2,a,K562_region_01602,chr3:125634825:T:C;chr3:125634881:G:C;var1;middle;OL41|K562|a58a2c81e51f0484
f7e77ef3b59f3d4e1e619d7eac3856c35f360321d2d52418ebc26cf625b79fb7,a,K562_region_00791,chr16:84229559:T:C;chr16:84229580:C:T;var1;middle;OL41|K562|aa6fbab593c025e8
f7f160dbf97d465435a6a6df36bd9f030d4c7a97119a16f90caa4ef88e927895,b,K562_region_01061,chr19:4450325:T:C;chr19:4450330:C:A;var1;middle;OL41|K562|c9758583a0fbe346
f7ffc95e607d947679aed08cde0280c14496817df180c1bdb541959fca3649b2,b,K562_region_00606,chr15:28939746:C:T;chr15:28939797:G:T;var1;middle;OL41|K562|1160b9b84828f74a
f82241143a50ffc6a17a4f33c7e71f71548a3e59f47d59e7f144afd6089a2fd7,a,K562_region_00523,chr13:71236607:T:A;chr13:71236611:T:A;var1;middle;OL27|K562|f47248631c2f3157
f82406528c2f549ec2a2d1d73b86c4f7f7de88239b8a9663f4e67b8c87475433,a,K562_region_01552,chr22:50356274:C:T;chr22:50356302:C:T;var1;middle;OL41|K562|c8e23ac2de174671
f8342521de005d099b15989ec1626a40b109dca4c9137081d9252f127e1ba1bd,a,K562_region_01914,chr7:5026462:C:T;chr7:5026523:A:G;var1;middle;OL41|K562|ee55d4742aac5349
f836421101f1b030a5a28d5bf158667adb343e246a565cd5d94e57db0789c219,a,K562_region_00529,chr13:95899643:C:T;chr13:95899716:C:A;var1;middle;OL27|K562|31f8fed0005061be
f8559f64874bcc7411253e5485b31c4df14b48c8eab8d481be64ccb0b558d7aa,b,K562_region_00351,chr11:62623019:A:G;chr11:62623051:T:C;var1;middle;OL41|K562|260f6c609b72b273
f85fd5332ea08c6c76ca481b717207332ddf2f5ba28011b1a312058f9a073d71,b,K562_region_00267,chr10:115782368:G:A;chr10:115782424:C:G;var1;middle;OL30|K562|84a880d057769f45
f8684092e2a0f70c34c6f29254ce7b20f6762d0ff243adbb0c8e0d4c5b02f50b,b,K562_region_02213,chr9:135860412:G:A;chr9:135860415:C:T;var1;middle;OL31|K562|99047bdfd54faf81
f876f271a6da29ae459539e3daf8e1c915e7d335707a72f210505f45d9bbd082,a,K562_region_01270,chr2:74347525:C:T;chr2:74347576:G:T;var1;middle;OL41|K562|3f7a3a16aa4bb320
f880f800e44dc8c1452ab9aac4dc44c3419b42c107baa7625236c5f0a0988c83,b,K562_region_00851,chr17:4953724:G:T;chr17:4953756:G:A;var1;middle;OL41|K562|fd562d7bba282a1c
f8900bcddef95c69c8bfd9bfcc04cadcc1d496e7eb8bca7f546f25e4fcb28474,a,K562_region_00946,chr17:74557976:G:A;chr17:74558010:T:A;var1;middle;OL41|K562|f8694bb38b62e4e5
f8a047907171a7ff5c0f5ad8ad904fe6e70d75a163bab7b576a30425d577ff9e,b,K562_region_01567,chr3:5257971:C:T;chr3:5257981:T:A;var1;middle;OL30|K562|b30a8ba7205c651f
f8a97ab1f4ab273d99c015ef320a93028d6d678cad827e0d9de2440ef184f534,a,K562_region_01645,chr3:196367930:G:A;chr3:196367936:G:A;var1;middle;OL28|K562|099a717546f538cb
f8aa78c7d7ce87b44f93dceae0c952f3f97dafa2e4e7270d62a321d86e3b5877,b,K562_region_01744,chr5:54521254:C:T;chr5:54521275:A:G;var1;middle;OL41|K562|d4b6816375084ca8
f8b396fe035b49ffe266db3203d6168af8244ad94103858c5e2175ee48afb3ab,a,K562_region_01334,chr2:213827133:G:T;chr2:213827186:G:A;var1;middle;OL28|K562|bb13d7e3ff547b29
f8d7f068505f914a0de3f19cc992f4fd61b793a5f48c633afe09c1bad5a9a712,b,K562_region_01993,chr7:97915635:T:G;chr7:97915637:A:G;var1;middle;OL41|K562|a14fc105686b9cbe
f8e69b279f181cd31ef7fd3d67b91506b4aca712b1db75f020b2f815ce7dfaa6,b,K562_region_01432,chr20:62493978:G:A;chr20:62494027:G:C;var1;middle;OL41|K562|012f18e9e88f0e68
f8e836539caa07f80d6acf623d98b812f9351309d63007d0ac787abd93326972,b,K562_region_00532,chr13:101240553:T:G;chr13:101240571:C:T;var1;middle;OL41|K562|9b6d657998385848
f8eb5e93adef0bfca6ca8ba92db76cb63ef4cb4b84ef2cbc424695e9c136cacf,b,K562_region_01666,chr4:6669421:T:C;chr4:6669454:C:G;var1;middle;OL41|K562|0c6b2f8c000be515
f8eb8bd65243ed84ee2734bb244869dd5b89393d454b592afe1f6a1e7597abbe,b,K562_region_02074,chr8:22941873:C:G;chr8:22941949:C:G;var1;middle;OL41|K562|a3df7a810689deff
f8ee258757dde7e4ac2b3a4f89d04f5cf6ddc2abd23c7f605082e67de4d02f67,b,K562_region_01580,chr3:24254750:T:A;chr3:24254752:T:A;var1;middle;OL32|K562|48b0aa351ab908c7
f8f17a58d4566a5829d7f250fece0e16f3585fcc05415af24d8d579a059aba84,b,K562_region_01322,chr2:175439512:T:C;chr2:175439536:G:A;var1;middle;OL41|K562|8a26875c1ef41c75
f8f1f9172078db6b9d4df1609d855fa18e2f11dadd153604a06b0b9aa305b4a0,a,K562_region_02244,chrX:44203047:C:T;chrX:44203136:G:A;var1;middle;OL41|K562|2fb2db6a6ffb2b0c
f9055b2dc758bb2a87775d9a2b9342f487f267c2ee78fabef1fb704ba51f49a6,a,K562_region_00085,chr1:95699978:A:G;chr1:95700044:G:C;var1;middle;OL41|K562|aec1fdbd2850940a
f90721de918993637d95833ab8c9901e420ffe24330f172ba88dc66ad89c780c,b,K562_region_02015,chr7:130566755:T:C;chr7:130566795:T:C;var1;middle;OL41|K562|4c66fa137ff431eb
f908bc708a202ab40e9697e8f88eaaa4151e94b4e0ac941bce65cbdf35850787,a,K562_region_01683,chr4:26331433:A:G;chr4:26331471:A:G;var1;middle;OL29|K562|2d01fb10d89bb15e
f90a1ac9249e83c1075022fb6950f45119bbf61b40e64985aaca041aebcecd4e,a,K562_region_01000,chr18:55091293:C:T;chr18:55091318:G:A;var1;middle;OL41|K562|1925498b4f7e514c
f91878431f5fc456ecac6fe673b1c0a6795336360205c9ab3e65a318b613c98d,a,K562_region_01463,chr21:46353597:C:T;chr21:46353637:T:C;var1;middle;OL41|K562|9efe690f37ede08e
f935c6ae44f77bbe6a3edfd12db876987da45cd90503d49268eb732f2d39cd9a,a,K562_region_02219,chr9:136137065:A:G;chr9:136137106:G:A;var1;middle;OL28|K562|3f0e0799f547e485
f94304e3c43cb426d2c80c24ca33db6e3b54b470e93719368f2d8d8969905798,a,K562_region_02220,chr9:136196161:G:C;chr9:136196174:G:A;var1;middle;OL41|K562|c52ecc55042c14c5
f946e7e203cd372934d7ba4d20601e2ecab8a62b58d7abb6c7d1c1c3e0b4fbf6,a,K562_region_00876,chr17:17110251:A:G;chr17:17110253:A:C;var1;middle;OL41|K562|478ae58fbb44c7da
f94be16dc0131441fbf82e3ffc9cdcdbd95ac2a19b6572934fcc01b410ab85ca,a,K562_region_01635,chr3:184455239:A:T;chr3:184455246:T:A;var1;middle;OL41|K562|a5662a48a5733c8a
f966aead5620a47a9d86acba724045a594b75049f07dacc49a123dc4efab3838,a,K562_region_00316,chr11:3260189:T:C;chr11:3260259:G:A;var1;middle;OL33|K562|fcf784ebb9e75821
f981ee897d24c66ee375afb025e24fd2d185f081ba0a893203b7a6c60874a7bb,a,K562_region_01435,chr21:10205589:G:A;chr21:10205629:A:G;var1;middle;OL41|K562|2d7ecf8a6dbffd22
f9841f31071bfc1c6bbbe55dfca2edc2ac58a8998062e7aba5b8f1c722cdcff7,a,K562_region_00104,chr1:144521099:A:G;chr1:144521102:T:A;var1;middle;OL41|K562|1ba8c1975fcd51bd
f98b780b417277a53e191e391dbe764079dd2df50462edc3796ccd4b4c17a993,a,K562_region_00524,chr13:74110416:A:G;chr13:74110458:G:A;var1;middle;OL30|K562|725d0795ff751ebf
f98b8783c37a845ffbc58f8a46c53900e2ead2f32a4d447278d4b2b450117828,b,K562_region_00983,chr18:12911366:C:A;chr18:12911423:T:C;var1;middle;OL41|K562|b53ec7182381d834
f98d0d214eebc66897c37061c919a52dc9bb63b39fedeba00b4eb5e57c41404a,b,K562_region_00843,chr17:3433543:A:G;chr17:3433549:A:C;var1;middle;OL41|K562|082855b181149146
f98f32c3bf874d41545e722f5695db5c93d2924fdc2db57e75ca099dbcd97f79,b,K562_region_00073,chr1:76612002:A:G;chr1:76612053:G:A;var1;middle;OL29|K562|137f4d22bac17504
f99ca4a2972a6ec2e585ae626b3a24795b8da20dcfd439fce594cf16b9005492,b,K562_region_00757,chr16:50099747:A:G;chr16:50099777:C:T;var1;middle;OL41|K562|e1be99591b7c8a1c
f9ab1758d86db6184b11c970a2c859c5e80e6f0dd8e0a350f61838ef69e7d813,b,K562_region_00289,chr11:307999:T:G;chr11:308065:T:C;var1;middle;OL41|K562|47923360b6825b54
f9aca3b572f3aacab12d91915ca7fbc22f8147a9cdd1a36feabff45faaebff6a,b,K562_region_01831,chr6:36842183:C:T;chr6:36842192:C:T;var1;middle;OL41|K562|ee8777391c5780d4
f9be11aee3141155148b5b7f5103c73bf1e9ef46c776de5e3620d066e7962988,b,K562_region_00321,chr11:4647517:A:G;chr11:4647575:T:A;var1;middle;OL41|K562|72317612f0b212b4
f9bf3f6c1b6353a37fb38b26730e581ed130aa80056633677064e42da53153a4,a,K562_region_01321,chr2:174836670:A:G;chr2:174836754:A:G;var1;middle;OL32|K562|3c32ed69b480600f
f9c289b463ab48986b8ece0bca7fc2083e053ac44cb498bf88484ac9cd3481a3,b,K562_region_00848,chr17:4642787:C:A;chr17:4642814:G:T;var1;middle;OL41|K562|d9fbbe7b0aac5d69
f9c540f669e3090af4221a34bdd353b53f8067d5931b180af03e1125d8e0290d,a,K562_region_01431,chr20:62347189:G:T;chr20:62347191:G:T;var1;middle;OL32|K562|5146b19aa6691d3b
f9d0acc7cbe9fb5ccff8f8340ca64c489658e8165caad83ef081b3c9015266ef,b,K562_region_02225,chr9:139620267:G:A;chr9:139620333:C:T;var1;middle;OL41|K562|2716d78ef5c187b1
f9d1ce667b74cefa6001fff575242e24aa32964e33a1b462a3ca60657974f008,a,K562_region_01701,chr4:103146888:A:C;chr4:103146890:A:T;var1;middle;OL31|K562|7a9253d83e958945
f9e25365acc1a1a73fbf387752b732ca2975f11c4796b658ac9815d4d23ebab1,b,K562_region_01183,chr19:55698165:A:C;chr19:55698211:A:G;var1;middle;OL27|K562|6ca95b47900a7ac5
f9e2a407e81c01dd5983cf012188219ad815c57ffa5e45d87c41b43ea7745f57,a,K562_region_01795,chr5:177610211:C:T;chr5:177610251:C:T;var1;middle;OL27|K562|c21d0386af0ff63f
f9eb15909d665ac236abe6497939e946a0a01b76a2df7af30b9f0535ea542116,a,K562_region_00605,chr15:26274113:C:T;chr15:26274130:A:G;var1;middle;OL41|K562|0d1df01b16d957c2
f9efb36e2f6c4897b2a952ec0eb2f72fb81ebbaabffc4a8d65a0f131395e3265,b,K562_region_02121,chr8:145545920:C:T;chr8:145545949:T:C;var1;middle;OL31|K562|817abf236b86a691
f9f7eeb7f7ce3c99588356762027e5ffa75ef07a56c5f6f515e0b46058aff7f1,a,K562_region_00001,chr1:920692:G:A;chr1:920733:T:C;var1;middle;OL41|K562|a5d4ec6bd8fa5870
fa076190c7b56fcecf85339a0dadc9c76fb01eecf7f79a5071f03c12665c025a,b,K562_region_01878,chr6:141219600:T:A;chr6:141219627:G:A;var1;middle;OL41|K562|92e8bbd5af3b5397
fa1326761f2d6549aba7032264042e2f9900977bde30ad3d86217eff9d07044d,a,K562_region_01015,chr19:460049:C:T;chr19:460073:T:A;var1;middle;OL41|K562|b47e8ef00e56c134
fa261cf8d6b6e1746321aa99bad1b566f52af088c04cb8bbc8564761a9b61196,b,K562_region_01567,chr3:5257971:C:T;chr3:5257975:A:T;var1;middle;OL30|K562|73688c11ac90ec84
fa33ecb95b94f18b91efa80ca54b1a3a6d13d2f5ba079e85f86f9ef62e2933e2,a,K562_region_00185,chr1:246862572:C:G;chr1:246862588:C:T;var1;middle;OL41|K562|48d0052d97765b48
fa3a8c5e6c158aed7cdf6c3ad889fc7e2e62296e9598996f84c32555a809b52b,b,K562_region_01965,chr7:64126500:G:A;chr7:64126536:G:C;var1;middle;OL41|K562|db170e95376662e8
fa4184827f8eef0f39c0ecd2b99d3382317b63f5be1989290e18531cd72463a2,a,K562_region_02081,chr8:27560581:T:C;chr8:27560651:C:T;var1;middle;OL41|K562|69dfdb9c2ae1839c
fa481c56d04cb6ce56654b2b510af2d3f4723cd8b68588a97f3ca3d5b04f3e67,a,K562_region_01382,chr20:20033380:A:G;chr20:20033423:G:A;var1;middle;OL41|K562|63095bfe9ba8e3bd
fa6866bff6e580ddea556af7efb8c9ec8434101e07064898147190a2b005d847,b,K562_region_01220,chr2:20884546:A:C;chr2:20884586:G:C;var1;middle;OL41|K562|d083430c25fbade9
fa6873c10d6e63fa6ad2d768aedc417f7a8474fc5218f5e31930a48f430f544a,b,K562_region_00276,chr10:126424823:G:A;chr10:126424835:C:T;var1;middle;OL41|K562|2d5e5841bb45fa4c
fa82889dd9811c9525ffe0c0f956aaa50f5e0e90b0850e27e6b585e8e613e7b0,b,K562_region_00078,chr1:90228305:C:A;chr1:90228377:C:A;var1;middle;OL41|K562|399f5342bc024866
fa8347a28d9c4ad4af1b787c0423d8b327c29d4baef1224aa66e8ee9d479f3f1,a,K562_region_02038,chr8:182934:T:C;chr8:182949:C:A;var1;middle;OL41|K562|9eaf8c9eb036872d
fa9eb027ef69d080055302c57cbfa9163792f4ca7f9c579e37c2035fd1eb3e13,a,K562_region_00026,chr1:12046063:G:T;chr1:12046089:G:A;var1;middle;OL41|K562|142d26d42e0bb7a7
fac0d4d37c7179380ab2a1f9b9a15051531249908c7c53508245289ea7c6d09d,b,K562_region_02018,chr7:134845415:C:T;chr7:134845432:G:A;var1;middle;OL41|K562|9631241938fd7b22
fad7d9a1b2daa70924eb81c0410b2f09c501ab4f3b7d885c34ae39b37ba576a8,a,K562_region_01378,chr20:10548145:G:A;chr20:10548218:A:G;var1;middle;OL29|K562|751a59ffa9007e32
fae1350499ab958b37fdee5fb6e5640d71f05f0e3a707afaf174398b45af4241,b,K562_region_01634,chr3:184091102:T:G;chr3:184091149:G:T;var1;middle;OL27|K562|2f06db522a5b3544
fae6940c483264013f9792371857241850900ffff4607b05fab8048951cd2594,b,K562_region_01202,chr2:3605528:T:G;chr2:3605538:A:C;var1;middle;OL41|K562|30dcf3b06ca37e6f
faec0aabc15bf2e4ae54c801d2c4937bfe84285d61c59b3409716de037448afd,b,K562_region_00093,chr1:109727422:A:G;chr1:109727475:T:C;var1;middle;OL41|K562|a3766033f50091cc
faef6c0e212c1295b0f70668b4fb3678a33060b1a3b3478f67d938478e813402,a,K562_region_01716,chr4:186391868:T:C;chr4:186391898:C:T;var1;middle;OL41|K562|7b7d08d1db372d40
faf0428d9fa3fcce2274af7650e559efa1e4e006a1622fb3b86304760c0b85d5,b,K562_region_02023,chr7:149575004:C:A;chr7:149575065:A:G;var1;middle;OL41|K562|2c39dcfb3a716fb4
fafafbefeeac539b7c8b54c366231930a161c17dc917ed90033e378ad288235e,a,K562_region_02214,chr9:135864436:C:G;chr9:135864513:C:T;var1;middle;OL31|K562|562311faea12fb66
fb205faad41a2e4de0993004324d8d8116c30faf4d26949591ae287c5fb70560,b,K562_region_00336,chr11:13349477:T:C;chr11:13349479:C:G;var1;middle;OL29|K562|c8159266d235f9c9
fb21e405a507664239cdde9b06a5b61bbf9885da8eecca53693088ac831005d4,a,K562_region_00261,chr10:106028154:G:A;chr10:106028157:G:T;var1;middle;OL41|K562|e1cc94382dbaadee
fb2909c40fc0d4447acfbad891137a06201246d8bf639d86665e39c6282f1350,a,K562_region_01040,chr19:1525382:G:A;chr19:1525392:C:T;var1;middle;OL41|K562|cab431e0791cb8db
fb34bdc1d1e132755c15195894e08b1e3b330444cbf775682a6627c82ccfc97a,a,K562_region_02242,chrX:2609717:G:T;chrX:2609749:T:C;var1;middle;OL41|K562|33e8c344e114aa9b
fb39df1503c6056c09054cd919a1d58a4dcddbe32ed063bbf9566b49a5fc331e,b,K562_region_00389,chr11:107729126:G:A;chr11:107729205:C:G;var1;middle;OL41|K562|3299a0af93c0b1e6
fb41299d62a7600712159c93d28065efc1db11eb59fb9a845cc79462ed57d7b0,a,K562_region_01111,chr19:19380513:A:G;chr19:19380516:A:G;var1;middle;OL31|K562|9343e80f4f9b8454
fb42c4c13cf725c7a6e4bedbfe25986135c9277cc8ffdeab126b5fd34e27ace7,a,K562_region_01015,chr19:460025:A:G;chr19:460027:G:A;var1;middle;OL41|K562|74c0ec7437a6e2e8
fb55a0af0f4836b3a88f66c20cc8be6b7fa81b098ad024b0df98df28b108e09f,b,K562_region_01087,chr19:15890777:G:T;chr19:15890800:A:G;var1;middle;OL41|K562|35c88a17c56fdfe8
fb684e51e6d318c3c132dca1393c7750ab89524be6097a3a76ce9a780780a410,a,K562_region_01412,chr20:56137798:G:A;chr20:56137807:A:G;var1;middle;OL27|K562|8731ab3c9e3a418c
fb6c5d731e6f719b3c764ccda745e1cca57a5efdd4e7bd36e7c344b0652eaa08,b,K562_region_00990,chr18:42815793:T:C;chr18:42815797:C:T;var1;middle;OL27|K562|dd7c8a8893a8c149
fb758f30a5d3de07f879bb2ead218838addbce5cf5102bbd6301e84f98420bc2,a,K562_region_00593,chr14:100771483:T:C;chr14:100771572:C:T;var1;middle;OL41|K562|bb835d7eeeceb8e1
fb78b12038ec02ab358dc957ee8d23cd23b67eb313d5094cb3518811d59e949d,a,K562_region_00068,chr1:59043453:G:C;chr1:59043457:G:A;var1;middle;OL41|K562|0f31778b10101295
fb7c5e71156c398b9e4bc5ed802ea26ca32eb91dcc22dd8b4ea2d8e250fa2a49,b,K562_region_01409,chr20:56018024:A:G;chr20:56018085:A:G;var1;middle;OL41|K562|e3ed90ae77dbb78c
fb8888d67ccdbbb90ad6a1e93f3e91137270d87a5bc6be62e6897945ba735249,b,K562_region_02100,chr8:124610521:G:T;chr8:124610526:G:A;var1;middle;OL29|K562|47c21902ddaf0ea6
fb8a552e97e7c2c30a7c3fcb821d0da4beeb6f83e9ffefad6496951806337ecb,b,K562_region_01334,chr2:213827133:G:T;chr2:213827186:G:A;var1;middle;OL28|K562|bb13d7e3ff547b29
fb8b954bc4d3416228512577484a597186a168ea6f6126edbfe27cf2e63c151c,a,K562_region_00653,chr15:80191280:T:A;chr15:80191338:A:G;var1;middle;OL28|K562|13f480b289f02db1
fb9d267f62e156624961115f5306236fdc84b89d1a38cab4062de1afaba0a238,a,K562_region_00544,chr13:114927133:T:C;chr13:114927139:T:G;var1;middle;OL41|K562|277c02a6571603c1
fbae06a9a9aee582ad797662c89d4dc09ac1c429047837013a8c727bff5b8142,b,K562_region_01759,chr5:95170683:C:T;chr5:95170719:C:T;var1;middle;OL41|K562|e77d7e8586b634eb
fbb565357e5a62971e53d298e57a24d9a763d06c96e81569f5e2e2c8582fced6,b,K562_region_00239,chr10:80944095:T:C;chr10:80944147:C:G;var1;middle;OL32|K562|f62c12ae0ef0c011
fbc3f1b6585b009b3ffd1019ae456dd0ed9f1f14f73a357aadd13a792b28137e,a,K562_region_00057,chr1:52007934:T:A;chr1:52007975:T:C;var1;middle;OL27|K562|de3e7fc50535495e
fbd7cf64d947adb14785d1bfb064034aea2af5d63d287f3464822339a29c875e,b,K562_region_00132,chr1:165406243:C:T;chr1:165406313:T:G;var1;middle;OL32|K562|00f88b965bf6b126
fbdd5fd8bcecd6c9e71a781c307b167dd023f2f139a36a9600cba8c47983aae6,a,K562_region_01954,chr7:44145024:A:G;chr7:44145099:G:A;var1;middle;OL41|K562|2b8741941a41a88d
fbdec6dc8d4826c38a85822e4db5fc46ecb961baf430d98f2e13d2f4278df168,a,K562_region_00322,chr11:4664460:G:A;chr11:4664483:T:C;var1;middle;OL41|K562|17161149d6665367
fbe05ae680e9b44028d8c85886dba6b828e5ab2f0d317a3262bdcc94a2704569,a,K562_region_02108,chr8:142137634:T:C;chr8:142137704:G:A;var1;middle;OL41|K562|da812c65168c2f78
fc02b80c613da2467ec38358a47c89fd0f25d06cf83255e8e5de6b9e0a8aeb16,b,K562_region_01548,chr22:46687220:G:A;chr22:46687268:G:A;var1;middle;OL41|K562|3600566ad03fd2c7
fc1050b8b2325dddd41e0af183f126fd3da38378ab71c3df51881c5e3ad2bc36,b,K562_region_01792,chr5:176799992:T:C;chr5:176800054:C:T;var1;middle;OL41|K562|ffdc5cf6db0a38e0
fc3fa8eacf77c2192352296234a8cf75f724bf607dcd4703a3bcb51cd322f3be,b,K562_region_01150,chr19:46974678:C:G;chr19:46974748:C:G;var1;middle;OL41|K562|1fc515d0a5985470
fc4e7798b83e4cf2d6adb7d17163291f117c81817f894306be1473dd69147e68,b,K562_region_02092,chr8:59406490:C:T;chr8:59406545:C:T;var1;middle;OL31|K562|cde02d42a46133fb
fc52a35804a8c2885c85cb60ed9cd8d5a7a8255780f93e51cf64cc8e666bd520,b,K562_region_01753,chr5:80599928:T:G;chr5:80600006:G:A;var1;middle;OL41|K562|25512a4e3852f205
fc5f4f6d38001f876f057401d4af2f9317331959f1db55e7f2948a1614e4dd52,a,K562_region_02000,chr7:102383663:T:A;chr7:102383690:C:A;var1;middle;OL32|K562|df0a456220428459
fc711bf37994312db55e928355c368bcee2aa9a67fca96ee8257249c74e8428b,b,K562_region_00680,chr16:420592:C:T;chr16:420648:A:T;var1;middle;OL41|K562|92ab0e87495af97f
fc7fa3493fc2eda4143a85e84d5566500b772aa66ef18a36ba563e272730ab27,a,K562_region_01206,chr2:7048708:T:C;chr2:7048776:C:A;var1;middle;OL41|K562|387e8d63926dd215
fc865263cf9c7ed30ec118498fdd6852aae0c9c8b45f41f891ab87975832e369,b,K562_region_01433,chr20:62599442:C:T;chr20:62599471:G:C;var1;middle;OL41|K562|40c7db9e3edfe972
fc8a889ea289884e9e76ee7b4ad89bdee1ad8b7ad0a5cdb08d78d32dffcc5900,b,K562_region_00680,chr16:420592:C:T;chr16:420645:T:G;var1;middle;OL41|K562|bad14fa3de0a257f
fc8e027c9661fcb4bfe6aca0db7dd845bf59864245fd4edda24a12c1ef56511c,b,K562_region_01182,chr19:55697766:T:A;chr19:55697795:G:C;var1;middle;OL31|K562|de9cb20ebd4add53
fc99027b0904314d808a4e4a711f0ba886da5e81e5dd658356b31e9feffec7d0,b,K562_region_01026,chr19:994800:A:G;chr19:994813:G:T;var1;middle;OL41|K562|0c2c8e29ab7889f1
fca96f974b0d51c34ca970f46ce48dac91a085bb7971124505f3f4c6bdc00c22,b,K562_region_00709,chr16:2011064:T:C;chr16:2011082:T:C;var1;middle;OL41|K562|5c560d829d43643f
fcabd355f0fc994414a3185077efa2e4cc5267166a5fb42922bbc92fab8db108,b,K562_region_00053,chr1:43804305:G:C;chr1:43804340:G:A;var1;middle;OL27|K562|aa10cd0f10c892a8
fcac00e203b9bfa2976fc35631e5fea8959890fda9ce4bc7f947bd0e61c21d2c,b,K562_region_01389,chr20:35945343:T:C;chr20:35945396:A:G;var1;middle;OL41|K562|46f0677bfa8e2288
fcad67f2c2c36cc81d96990220c8491484b0fc2897bcc6b3d3976f9ae2c3ccdf,a,K562_region_01323,chr2:177349213:G:A;chr2:177349228:C:T;var1;middle;OL32|K562|5e3c4a2d8caa3b49
fcc7290cbfa6ab1efc8e8a1c9a8e1803ff68c03df539e3080958e53526339ae7,b,K562_region_00867,chr17:9588450:T:G;chr17:9588455:G:A;var1;middle;OL41|K562|b5342973c5d69f87
fcf9b22cc91b208a072c4029d928dc22af1aa8c757b86d02067876b145847bff,a,K562_region_01602,chr3:125634873:T:C;chr3:125634881:G:C;var1;middle;OL41|K562|5145a1462f4bd6bd
fcfbaf11662cb1a7f327ed3903e8f2e4857214c898554410f261752bd5148f8f,a,K562_region_01261,chr2:61404905:C:G;chr2:61404931:A:T;var1;middle;OL41|K562|c9b253d2f9a653d8
fcff61cf044f76677a6f96be7c974c98b7e516f41bacfb4f7aa972b87e2a82ac,b,K562_region_01637,chr3:186434188:C:T;chr3:186434262:T:C;var1;middle;OL28|K562|655149640dbc0339
fd01db074bef20df36bbbfa39f29d05c9ca1736afc54df5ab9e2975a68414120,a,K562_region_01461,chr21:46289941:C:G;chr21:46290002:A:T;var1;middle;OL41|K562|336e9673fe034a34
fd06ef123b46f35ed2905480964e88d37317beae47f34ecd8f67e695ce793934,a,K562_region_01189,chr19:57678258:C:T;chr19:57678336:C:T;var1;middle;OL33|K562|32be993ad60b4c8b
fd0d48e2d57830a6d761a5d75968bc14408c93d2edc7ca7152ea2e2bb73e9349,a,K562_region_01732,chr5:9544638:A:G;chr5:9544677:T:G;var1;middle;OL41|K562|3165679e46db5aa2
fd15689987e14617d445e2b80366208c09e7335689748dc7a023e165119cd478,a,K562_region_02174,chr9:95894961:G:C;chr9:95894964:G:A;var1;middle;OL41|K562|1ba6fd51b1d40163
fd2bcce4ab0dec0e3d52dc2bd14417b2efe1f888dfe06c830665f3f7f9c8b253,b,K562_region_00691,chr16:997475:C:T;chr16:997534:G:A;var1;middle;OL41|K562|9c80546a6069e498
fd2dd4804215f2aca360446c2280cd304e84c8ea4740c63698103cd2e42902e4,b,K562_region_00591,chr14:99752570:G:C;chr14:99752615:T:C;var1;middle;OL41|K562|f8229df2d5112830
fd348829db155f74f68faab9ce51f697a7bf26921c44d90b1b464112dd066d17,b,K562_region_02030,chr7:150784263:C:A;chr7:150784265:T:A;var1;middle;OL29|K562|801d2561705627fb
fd46850ab4af88c1e5dc8869dd99e38ce782f6e7f3263d1a77ab2bbfe709da19,a,K562_region_02162,chr9:37806425:A:C;chr9:37806462:C:T;var1;middle;OL41|K562|cddd40358d217afb
fd5cba02193317ca2ef01091a69fba4ef4859c3acc6d5271b9a8d2924b62b12e,b,K562_region_01596,chr3:69797326:C:A;chr3:69797413:G:A;var1;middle;OL28|K562|998fdf3e155de68a
fd60dd188dba0fe3f2fc572c628f2c9dc3852b66f31b16c2fe268d119fa75104,b,K562_region_01462,chr21:46350019:T:G;chr21:46350065:T:C;var1;middle;OL41|K562|73f196676d920f77
fd638413114650c46b610af0d14624be39786e3049c5abc6c5ab671582f3b50b,b,K562_region_00164,chr1:226751523:G:A;chr1:226751577:A:G;var1;middle;OL41|K562|1bd7f51d2943166d
fd777c6e35a56f6930d2130d30d1da2a49f18a20a7075e5a4d751756e1075065,a,K562_region_01021,chr19:850733:C:G;chr19:850793:T:A;var1;middle;OL41|K562|edc9a71aefd0cdaf
fd8b06d7b20a5a3041fc5f8366c6b3d8baee638cc49e5b8fbf80222b0941ba92,b,K562_region_01740,chr5:34654441:C:A;chr5:34654477:G:A;var1;middle;OL27|K562|17346dc8108f6ebd
fd925e37a92f539792c1a3c5f10eeb8bc3582c9a6daeb18f502d64c470e11e32,b,K562_region_01912,chr7:2452624:C:T;chr7:2452661:T:G;var1;middle;OL41|K562|20399adc65cf0ba9
fd9609079093a90c212a4a566be33a048802138aa3ecad04bae99616329e480e,b,K562_region_02169,chr9:95644104:A:G;chr9:95644107:A:G;var1;middle;OL29|K562|a15ab18c5825bc2d
fd989ca7e03d26de12e026619d0a56ddc0ffaa06cad8f12a04ea6df265afeddc,a,K562_region_01269,chr2:71277382:T:C;chr2:71277430:G:C;var1;middle;OL28|K562|0a9a7f3c8a0f623a
fd9acdb3943f5ef3ac87633038fcf4593950e0da51bed4e4ed2b4986fd69e339,b,K562_region_00821,chr16:89760474:G:T;chr16:89760492:C:G;var1;middle;OL41|K562|277e15c897597faa
fda22a7b7bdd5eb3392a097a80ac8e7f18b1292666b67c3884b908462fad5258,a,K562_region_00386,chr11:95425470:A:G;chr11:95425526:C:T;var1;middle;OL33|K562|368f441ef21c0bf1
fda5bd7a7ff988cca99f67c1e3a8b642d0938adf79c5e82f7deb955a16d0233b,b,K562_region_01090,chr19:16217453:T:C;chr19:16217484:T:C;var1;middle;OL27|K562|be20a8bf9082e6be
fda62119011ab48bf2a0b85530eabbbe4e2fe7e287e9921d7df7b226c07ebacc,b,K562_region_00378,chr11:76292573:A:T;chr11:76292575:C:T;var1;middle;OL30|K562|b09ed50732a323e8
fdbfac968b45f4eea129d6e0411a46299a1aac5e06d5ebb013cf7e729805a95f,b,K562_region_01775,chr5:141401844:G:A;chr5:141401913:T:C;var1;middle;OL28|K562|c2034ff53a4f5f2e
fdbfff5219a17ca70e2bfc6892f0a1f135fa44bd8d6fae16d4674335c1ac986a,a,K562_region_00931,chr17:63063412:T:C;chr17:63063451:A:C;var1;middle;OL31|K562|6b83efe717fc9dc9
fdc2448f624d86de72364e77174516a449c7378c9c65fd65d3846f9d8e4ef398,b,K562_region_00820,chr16:89708224:T:G;chr16:89708267:C:T;var1;middle;OL41|K562|122534aa5fd87ac9
fdc5dc4e3b44b2a6fe0f328d624d0c5fc4ab554083ddb5d49af6772d439406d1,a,K562_region_00959,chr17:78263486:T:C;chr17:78263514:G:A;var1;middle;OL41|K562|2671f087552c8092
fdc5ffd9da7636f4a092d2ffc2c58462490a740568b2141702b6ea52a1325602,a,K562_region_00121,chr1:160990876:C:A;chr1:160990878:C:T;var1;middle;OL41|K562|cb4ae50bf670fe01
fdd6b037c5907efde01cf06147f4cbe28d1b37d9ad57e06b02bc4d5e45ee56b2,b,K562_region_02034,chr7:155195682:G:A;chr7:155195759:G:T;var1;middle;OL41|K562|ce05996f867a2334
fddb3db467af77593fa00dc36322c9c09f3de63b64eb71cc17a85d5ac3b11e03,a,K562_region_00753,chr16:30482494:T:C;chr16:30482540:T:G;var1;middle;OL27|K562|ae2d50021b4845d2
fddef9e3805858756f338b40d5b9249c8e4140657c5506f559eccff0305304b9,a,K562_region_00539,chr13:111567902:C:T;chr13:111567936:C:G;var1;middle;OL41|K562|fdc8bfa770c07baa
fde2d71307a66f01f15ca8c7aead95e3f267ec5e1f6cc2df25757c256e9a3f98,a,K562_region_01397,chr20:44538427:T:C;chr20:44538484:G:T;var1;middle;OL31|K562|1f181324baa3f186
fde5c695107d544be5ca921014a0bfbf0591f2b0ccdd965fd730bce59b1717e2,a,K562_region_01576,chr3:13584980:C:T;chr3:13585009:C:T;var1;middle;OL41|K562|890061dd9ec8aaed
fde8222d58f5612f9fd821145280006ee848bcbfe524a37c649e48d25e787812,b,K562_region_01915,chr7:5037459:C:G;chr7:5037483:G:A;var1;middle;OL41|K562|230c1ee9199c3495
fde98aa59a1b87aa2ef5641cf6ecf9f34ddaa6a6f9ca921006a00f30c9bb0d2e,a,K562_region_00145,chr1:204955319:G:A;chr1:204955329:A:G;var1;middle;OL27|K562|f94a2ace89e543e9
fdec59d21074e9c7df4ddd2e91d162f2bbbe93f15300b6efa362baf9851e07ed,b,K562_region_02083,chr8:27630117:C:T;chr8:27630131:C:A;var1;middle;OL41|K562|b7d39b87a8c1c509
fdec5de1b5c939466dd662e84e507459a96e20d3c2268da2baa32732e5096bee,a,K562_region_00695,chr16:1488015:A:G;chr16:1488039:C:T;var1;middle;OL41|K562|2a71e2150ef2ae2e
fdf77c547b9c4272258495a440ec5868c533ca15eda6a328c1bd39d44cbb120e,b,K562_region_00014,chr1:6266086:A:G;chr1:6266096:A:G;var1;middle;OL41|K562|f2e135d2b9ac817a
fe001666fdc5cd9dd4a96e5d1325dbd6a32ecc310176387ead13849b3b531fa6,b,K562_region_01336,chr2:215674323:C:G;chr2:215674371:C:T;var1;middle;OL41|K562|92016af324252124
fe14ebbe6af17db5eed9934766ae56b2ab34cbd27287d39e678623919a0e1700,a,K562_region_00513,chr13:43311540:C:T;chr13:43311622:A:G;var1;middle;OL30|K562|3b14645fe9a07d2d
fe1c3108e4550b94d210c85e80701760bfeb8bdb8c6534b047536a9ccb6487de,b,K562_region_01607,chr3:126247795:C:T;chr3:126247848:C:T;var1;middle;OL41|K562|2c4d4a93eb77c5cb
fe39a6f1ef0982bdf324ba3a7e2b914f347935b582c6fac2afde6ee13a97ce05,b,K562_region_01533,chr22:42476688:A:G;chr22:42476754:A:C;var1;middle;OL41|K562|f9a13ca955a45f7f
fe48ac5d7a7e59d676f9b00c628ce12308b06db3ce3b2e05a35c91be47b1feb9,b,K562_region_00376,chr11:75459865:G:A;chr11:75459869:G:A;var1;middle;OL31|K562|5e50bf6fa41d4908
fe4b9fce5e9b6e147c03642e8e790537ad6a60f1b72b56705bc0f86b10fe2f8e,b,K562_region_02088,chr8:30580577:G:A;chr8:30580584:G:A;var1;middle;OL41|K562|c8b8e2b5bf0f866c
fe52169bbff3d2444d82a0c7e525f36a9e45e54355b79ef261efaa204873de18,b,K562_region_01267,chr2:68979302:G:A;chr2:68979331:G:T;var1;middle;OL27|K562|1c459eb6ce08f4e9
fe557920f77e7b30daf5973b21a05b5d41635e09349775fcb2c71423b1a780f5,a,K562_region_01850,chr6:44727770:A:T;chr6:44727789:T:A;var1;middle;OL29|K562|c425c8b6a19dd9e1
fe60a05a858c70479c61cbf8006f820f59db876ef9ebe1e6fe58c71410487b8c,b,K562_region_00516,chr13:46672874:C:A;chr13:46672921:G:C;var1;middle;OL41|K562|c3d7428b0d414f17
fe76014e3ddc10e46d5192422b72bc011f113883e6c7157d3b0d2f2c784c7a5e,a,K562_region_00560,chr14:25414148:C:T;chr14:25414223:C:G;var1;middle;OL41|K562|2e98c3f308392240
fe77c2e977b41a64cf8cfa4b128930b539b3153845cba8de78d5351de9c4e7de,b,K562_region_01009,chr18:72920065:G:A;chr18:72920103:G:A;var1;middle;OL41|K562|8821965486c4ca41
fe8adf1844de4912ac01dc14ff137a5fd53c4b86c65bb31068633fdfcb689a1c,b,K562_region_01380,chr20:14681801:G:C;chr20:14681863:C:T;var1;middle;OL30|K562|a3c091259e858b68
fe9aec2ebfccaef32e73b3ff8ed28bf0992212556cbee80c61115910008b82e6,b,K562_region_00514,chr13:43571021:A:G;chr13:43571070:T:G;var1;middle;OL41|K562|cdb9ab399b22495a
fea084051635c5fa3177f419577764dd4dbbe620f4651add53ce2f7e2782fb35,b,K562_region_01784,chr5:157158393:G:A;chr5:157158414:C:A;var1;middle;OL41|K562|957c3ff53f2c397d
fea55891564a0684f65c428e701b1edaad2a99f9295bcb1b7194fc5a5a4ca450,b,K562_region_00840,chr17:2278555:T:C;chr17:2278609:C:T;var1;middle;OL41|K562|3388ed23dc88ee03
fea79746d4c2b98db169f94255696626423044d9ee406971ed9b2ab095af75d8,a,K562_region_00896,chr17:37070988:A:T;chr17:37070994:A:G;var1;middle;OL28|K562|9233d93b8b780615
fead909e21c59a797ccd948920986c6caebfffece023350c53028823e042dff9,a,K562_region_01157,chr19:49206417:A:G;chr19:49206462:C:T;var1;middle;OL30|K562|459a4b8d2853a002
fec61d85175a2570c11234d98599647fb7f20bc5d6b3c21edcda3344b70ee657,b,K562_region_01668,chr4:6676485:G:A;chr4:6676524:G:A;var1;middle;OL41|K562|a12189b3bc9c8a71
fee037055ee467b8944c4140644ec6cee4369ceb216c9858e02c92285c5eab13,a,K562_region_00465,chr12:54485620:T:C;chr12:54485624:A:G;var1;middle;OL27|K562|a8f563a11d37268d
ff0d2fe38cad573a40adf86ebe459cb66d607839252de2b834f056dc9be1bb9f,b,K562_region_00717,chr16:2828157:G:C;chr16:2828172:T:G;var1;middle;OL41|K562|67891cab5932e0db
ff145aaa5dd84cdfd44f49a914966a4efc809349599a58efa30a82bdc8704c1f,a,K562_region_02202,chr9:119711249:T:C;chr9:119711291:A:C;var1;middle;OL30|K562|3a00d9d382817eaf
ff14d6ab7fe965af65027c6ba2b79eae17324d7aeac7110d5ca05ff52cfcfb78,a,K562_region_02047,chr8:9018590:T:G;chr8:9018599:A:G;var1;middle;OL31|K562|2c362f578b1c9c43
ff219a538de41f3e08d12812dda40b563fb0815fa28c03730a4f91b54d5e1b03,a,K562_region_01703,chr4:111112133:A:C;chr4:111112177:T:G;var1;middle;OL30|K562|f0db17350dbb19a1
ff3446fdddb8071739333d7cf4c7cf48be79668783f045f5e57a6ae4e5771afb,b,K562_region_02131,chr9:4763484:G:A;chr9:4763491:G:A;var1;middle;OL27|K562|a92d101bed5f7f49
ff4ca8823d4ddf49d52963c2c080f38645a3d0250bd69f92d648fdeb640c79ea,b,K562_region_00648,chr15:78211148:C:T;chr15:78211171:A:G;var1;middle;OL41|K562|47553872e1fe1f92
ff6118381225757b41987ad71e92e76f03182aafa3a0363407ce912c4028c257,b,K562_region_01540,chr22:44577077:C:T;chr22:44577160:T:A;var1;middle;OL41|K562|40d0f47c6d8af1ee
ff81b965a78f6bb1a6fc6de485538aa9088779b224e26f2b4325a6f4faf71d0f,b,K562_region_01324,chr2:182159245:G:A;chr2:182159255:C:G;var1;middle;OL27|K562|c1aeae10f11031c8
ff8b3d91492f12806ed80cc5c80558f0f64c5b40c122811fc89cdcffc5926a4b,b,K562_region_00646,chr15:77833064:C:T;chr15:77833110:A:C;var1;middle;OL41|K562|d66b65862d64bfd1
ff91fc1d4bfafcdc33e0182d66a5ad30d8ca7e8d02fd3d6fcab6847eb014ba98,a,K562_region_02121,chr8:145545949:T:C;chr8:145546036:A:G;var1;middle;OL31|K562|78544428cf4ffa15
ff9a90dcf6a87fb332e637ed609e1f2ed02680bc2bb0b52b0d9ec8f1c4e25bc8,b,K562_region_00662,chr15:91499328:C:T;chr15:91499346:G:A;var1;middle;OL41|K562|b11c313a31c08d3c
ff9ce3675ea01d8fd68f35f34751a134126964d8905a2987cac7a63adb5ecced,b,K562_region_01609,chr3:128305302:A:G;chr3:128305341:C:T;var1;middle;OL28|K562|afacde94ed949bf2
ffa71ef40d3e1750b56af6b89685253def640eac14867e3ead193cb03e23ce2d,b,K562_region_02180,chr9:106856633:C:T;chr9:106856692:T:C;var1;middle;OL41|K562|99e7d410f9df9791
ffa93e28a1f53fad5d4c8d6c693916f55d6b7dc5608b0f6c09cb3e1d616b6293,b,K562_region_01185,chr19:56004080:G:C;chr19:56004135:A:C;var1;middle;OL41|K562|74f96bde4670c714
ffb82fba6288cc76543a3011abbdc355b083ffab876c724c63de2133f794caca,a,K562_region_01741,chr5:34930376:T:C;chr5:34930387:T:C;var1;middle;OL41|K562|f700c222f3409210
ffeaf77c2800f84683f9b8dbb8009980fe966bafa1e02c991daea943d1b5f12a,a,K562_region_01389,chr20:35945343:T:C;chr20:35945396:A:G;var1;middle;OL41|K562|46f0677bfa8e2288
ffef1eeafd5619ec8359ee0efb66e47ed711b9f020a7d10535a29c84ac52b130,b,K562_region_02013,chr7:130430930:C:T;chr7:130430969:C:T;var1;middle;OL31|K562|1dc9278d94567051
fff6f033001b4373d156dccb3cc77568c5c98ed1aa2932902646fd4f91115aa2,b,K562_region_01098,chr19:17340400:C:T;chr19:17340459:G:A;var1;middle;OL41|K562|6996d0dbb166c762
