sequence_id,s_wt,activity,active,group
0002dd56332cfca8c27ad4df373dbc0bfdd77d52142fc39371e73d3ebcee8c8f,-256.727040335536,-0.126358030546865,False,K562_region_00932
00168b457470c8816bda0866eb22d68ed961da83060f0926a79d9f346d926aa6,-243.25953301787376,0.795713796413881,False,K562_region_01548
003645f3aa76446868ea222a8636d552e867f91935571749148b86ac5c41e70d,-277.13844491541386,-0.0574717528330591,False,K562_region_01812
0047cf973b48cca2b2dc47ec1ce6150b774dff7cf2cf9d550661355566aedbae,-210.31412301788805,7.24351861698832,True,K562_region_00429
0054108a408ba1d6e8fa104c565384390c33b000d42e3800bfe6dfc0fe307400,-268.931815892458,0.0500271180877019,False,K562_region_02154
007b61c572f6f98dd4f9f1d43d7f8ef6f40745badb6b9551c33341a18b900606,-272.9969851374626,0.238502665496948,False,K562_region_00321
0098db624bcfae6bb2bd3038cda5ea89f22f595be00974d39827712c997c2371,-266.1747871041298,0.686849594303263,False,K562_region_01001
00a0128c502a0ea6d12bf601f61bb77772c5771582b76c26fbcd82dd6ea22ec0,-263.2710663676262,0.590436475163308,False,K562_region_00163
00c3f1bd35479c4fc8f4d8dbae847987751782eda60b98993ae3761cb715fc2c,-264.3327514529228,5.63060038037997,True,K562_region_00474
00fbf1d7bae96733def5b517096afe05c3690d45f38f76720accf9b9e279113e,-265.6383650004864,1.62457356174225,True,K562_region_02053
01061cf7d9bcd22d187969ace8b74b13dc2886cb7447fcfcf36c0dbfc9b76ee5,-265.67581391334534,-0.0781485649450011,False,K562_region_00210
01350c6e3c59fbfc42168a5105e7512b4111809c9d3c59bc180ab2db2da24f4a,-261.0670748054981,-0.267881161161727,False,K562_region_00241
0161c41a995d20c38bc4cf2e030812ff003843120caa425a6ef97c8b1215dd8e,-265.0504263602197,0.469159388917639,False,K562_region_01268
0172f2161dba45538d8a93926c74228d05f633be74e07c1b0443849be10d536b,-224.02971693204017,0.527176996921092,False,K562_region_00664
0179be2e99c894837672f8d1bf16c7b0be84d4b5a9d85b161a80da2e2897afde,-161.45523513358785,1.66832531996599,True,K562_region_01309
01b484ab978f379bf13f3ba9d4e1cfe2a492f34a5cd6780e9b4279d26967c137,-268.1853099539876,1.05098255323759,True,K562_region_00529
01c4a7c9b692858f1c4ca4ddfa7af63ecf6275049b3f4154bce7550da82146c1,-265.1224607825279,-0.315503095363118,False,K562_region_01234
01c4b72f588d75f4f6e56c31dbce7a53ffcd1806547731f04bfb83a92d81a74f,-267.8153038918972,3.98076618507376,True,K562_region_02073
01e4ce0634d0b23bee2f6a4ea6046f80c5ae01a91cea5809777f7779fc221778,-170.5471393354237,0.430333102801313,False,K562_region_00578
0212cb4410a963650689ae1793a02edb8e1549162f736ceaa06b27a2a18c57af,-177.0074655227363,0.219802892519147,False,K562_region_01930
023fd4c94e4fbd6cf5b67c51653ea8eb0d449b5bc386cc5e7bf2e9d7976dbf88,-275.3004914075136,0.528015859131514,False,K562_region_02205
026f03c46b71baf035675782c4f8aa99d891745eb8a987bd35a0c0d4c59616d0,-255.55308713763952,1.79271661659336,True,K562_region_01540
0274dce77d4d102397b72634e135ff8d6c736283cfb8c641f494357574dbccc2,-230.20073669403791,0.0296425738757421,False,K562_region_00751
02763595c767ed2c398207ac05352234f23b63e45e612ff68368d6c761745637,-276.9297678470612,0.0646796239175771,False,K562_region_00338
029f5977c4b808eaf290b2222d3dba5f74c9812a20db3163277c0a89b33936c9,-230.4688897812739,4.62852151552605,True,K562_region_00459
02d75c11e1dd0f3168b204c96f77bec223555f16ff8e77f5d7356bf5bf08558c,-251.7493904531002,2.71464308891394,True,K562_region_01544
030a3fcf8730fd330f64eda6417258334ced3437641ff8b4fc1ea3febf78f7a0,-260.8350506424904,2.7813247935087,True,K562_region_01276
0354c04f1993acaebb852cb40adf7c3f7d0ca00f2ebfbfdb167d3b6b4c9a84ef,-262.1910188347101,2.48631970594256,True,K562_region_00247
03c422beabf4a02bf58b69d3edd0d90225a8cfeb6ddff29a7ae5621fdaeae594,-272.39699652791023,0.339283263736341,False,K562_region_01382
03c7bd8c124c0ac2b065d671963b4bc6f18eb21c83101680ad9773c68105a22b,-259.4043154865504,1.58697417739064,True,K562_region_01893
03d0531eb0b07970706f877aa0d3d31d03b6baa5a30dc2b64a366c93a1769d5b,-115.99206172674894,1.29930408740166,True,K562_region_00411
03e1343f4583eb92e6a4991e60bc19bffb7f885086a2df01115da74405a87f9b,-263.0366694033146,0.421007187552802,False,K562_region_01849
03e9561ee4ddf886c2ecb76c592e2624f9dfb6e63b59ae94b861ff16b747d0ef,-266.0055895447731,0.532998299312492,False,K562_region_00358
03f6a112c594a56fcf46cf2ba636bdb27706021eec8583618ad73d2c43f733da,-269.4858441054821,-0.163749345170224,False,K562_region_00894
04080a33ba45ede552e54612695c6bafbd81328d547549c7cf99289f9cd9ed44,-256.2380751371384,0.915520138137708,False,K562_region_00652
0419ed4af2a783b7ad6f31cc16c9b76b344cfd542947ac1dc4e47fd1add207fc,-251.5498386360705,3.14642382968177,True,K562_region_02181
0421457259c07a02c6815ebc7ec64f6b808f3d858247db677b4add018fb8ecfa,-264.34443613886833,1.54628598089994,True,K562_region_00983
048a5c961301e79ed18be80b14f6a6dc7be4b07c39b4a6a8698f37dc627bc02f,-264.2418638765812,0.37247724563182,False,K562_region_00096
0493636ebd5e2ab0f3e2d91ac41aa48dced0294b4676d53351b91e9b003304d3,-263.2186061143875,0.164167823866365,False,K562_region_02021
04bb5bfb1fe10d3278d3e8449f3fc35c3f3b1e9f25e1367e20d75e3258fa27d3,-261.0754424035549,0.209753025907901,False,K562_region_00556
04f8e427a0df81d22c07d85655939414482b0e8c933eaa01ef541bb1eddbfd0c,-265.17736682109535,6.9962250842304,True,K562_region_00201
0506688dbdd938a5ae7b14b1783aa857086df49bc352d490299e5f7f2c6673bb,-235.09981542266905,-0.128451386951836,False,K562_region_01099
0530a35abdeef8d8063eb0bb98ad24c4b96edc2aecb9c05af991ae23a6969d13,-264.4511290192604,0.506035044975112,False,K562_region_02104
0533c8d14b79e334b99666012fcecf0d0596e102415505b20e42af341d50264c,-259.44765551388264,4.53595112582046,True,K562_region_00012
0544dc1734cdb75905f3244dfd1c2eb686c7a2440c4cb1ff0d3ca0291ca2ef10,-243.7507209777832,0.222598475608396,False,K562_region_01674
05758fcd6211252735e3b17f4f45d5e2f889e9803e0859f63e7b6c2543adb38f,-240.3838942423463,0.478010305533985,False,K562_region_01105
05b1c862fde2e5e5d2e26b6ce1cdfb0f83fb902b829d82522939be1d2635fa09,-246.21391231566668,-0.0410414050494643,False,K562_region_00328
05c65e91defacf48f0b762a82ce10828e7202a1a00032ec3d143d5671e9d7703,-268.67983412742615,1.32777431216773,True,K562_region_00992
05dd74dbb1b6a4650d33bb2029d60e22acbccc632b0fa23853cb6c4d99310900,-198.5969280339777,0.133470594215537,False,K562_region_02238
05f6d346f6b4e650d388c213731d61a405c3cae7f598ee74e7ba62601924e8da,-257.37563091516495,-0.0926023164520986,False,K562_region_00457
05fc9b13f879ccc994dc227cb77e4f2506674abde167dc21bc2757e9beae17b3,-145.63568441104144,4.32772354865366,True,K562_region_01717
060e85fef0cbaf8ecd73f896f13c6f72015a721f7eb8f2bd2e2fef222a25640c,-240.72871458530423,2.06198284690999,True,K562_region_00375
061e6fa0e377e8e23b484ead43347ab3998b9a5e1ced98412ca935e00c309297,-242.11364595592025,1.38091116820727,True,K562_region_01312
067d6d936aae3f336b66517aa39bf266f89f89e6dc4ef062d9c3a17c0a1bfcd2,-257.32839481532574,0.125789748141563,False,K562_region_00458
069288e13ed7558647bf5ba04d84341049d3fd394ad8a082ee4f52e9738bdb16,-236.4015295260615,4.02239589224358,True,K562_region_00175
06a0706661a09b266fabe3af1b5237f693c4c034b3e73f41352b5e4fd38ccbd3,-247.48291236162183,-0.518576462171918,False,K562_region_01771
06a950260571698df526ec6fc7936ce80f667ac7ece2bcf9b494ee19b6d4cb87,-274.0051951408386,-0.0973093819009586,False,K562_region_01394
07025db9e8f400973da7eab8514f47870d45310f36eaaa0f79a1b8ab02831f1d,-268.2849049270153,0.341853402245563,False,K562_region_01337
071331babbd50a8e2123900696d4e9dcc7a7f6a2822899cbaf37d3443d2f5108,-262.91461604833603,0.351721773467817,False,K562_region_00305
0735b2ac371681e4b7b196ce4402c816c2a75127bd6dc981541db227ef20f760,-240.5474183350452,1.34753215767014,True,K562_region_01841
07365680e4d2e0de89931308d3eda2474738554a9319a642e1a2a06a29583c22,-273.88996405899525,-0.395619931802676,False,K562_region_01272
07635757190b95e35c70601784eff03f46066a7ed02d089b1ae35383964aa72f,-269.06361985206604,0.13710388554624,False,K562_region_01221
077b31227631c568851dde9794a08e32aaaaf2d16f4f60309f94fb9193535034,-249.733433842659,0.414027801851488,False,K562_region_00694
07802439fc771149e8381f536f8e51580827b5adc90c45fdf11b7bd95609de98,-234.36452218703928,7.30614385594099,True,K562_region_01172
078f25619442bafe91c4ce2d7fdb404a6f8382954dbafdd8e1ca9feb58365807,-267.53800332546234,-0.0642905685977516,False,K562_region_01273
0841c26b53ff5477ba703b1a100de0323b256eede277cc8b4d9dc6ce15ee4ef6,-254.58439694345,0.0932842541797928,False,K562_region_00701
08441e849e84adca31a1c4c88358eb6b0fc0cdbb8e1103a450dfdf29e3a37c7f,-276.4944955557585,-0.586651476240997,False,K562_region_01237
08a3523a4c561fc6bb06af9b3125f281935924e1ffa30f499bb2d19ae2132722,-271.10949505865574,0.492172078416463,False,K562_region_01179
08b5395efe9a8b19903bfe9d1dbd9b7b2fd93ace3dff4dfe0a54399ed8707315,-265.43555185198784,0.36395102269805,False,K562_region_00965
08b586e6783f99a18b51cc35fd0f86cce312b9ae45c830209979842cfdeac54c,-275.76792147755623,1.70090917295113,True,K562_region_00989
08c02242e4624503caed39bc54a7ae236ea075b21a2ce1b82c11dc240f4b0004,-248.11647218465805,3.65508815579774,True,K562_region_00895
08de69c9eb0bb3f57f5d51cfd1d677959ef34cbb101d2a7e43e1562ab6010bac,-274.7512791752815,0.265337987597565,False,K562_region_00665
09084c03c624e1c62aad94547d97f9e7ec563df03cf3a8118aef8caa6475e6b2,-218.9334065914154,1.54716690659974,True,K562_region_01186
091f35efe20cd71482b1f88231d81e1f6a69ad2912fc2bb0a881e9bdb8e75d3d,-247.02288292348385,2.24039719806835,True,K562_region_00806
09393dc25274bf65ef85c4acc50f93cec88e69616f1cd26c6357a846aa8c532a,-238.5470062154345,1.63862369284522,True,K562_region_01362
094b554802cf506055cc2289dc8966f2b79e8d6b4bc3d1ca91b3719aa1be2af6,-270.8296133875847,0.581714318621894,False,K562_region_01233
095ec89d1a4fb635aca092764f2e69d9fc317a9e697ad4fcc05906c93d5512ec,-237.0852074027061,0.883670000646188,False,K562_region_01535
09654c2fa29c6b8721b3e8c77ee0aabac2d4c1e66b4942dd7bff4dccb2cfc768,-250.4236456006765,1.4154402456995,True,K562_region_02222
096a024ff506382b66d218cc44bc98c5b1bed64cb3fdca559cc3c33cc3c06969,-269.7992927134037,-0.0582833427206293,False,K562_region_01651
098bdb5979c2b365679bb67039ffb351cf4d9db604e640d7a549d3fe47ae17d3,-265.4425203502178,1.71139902043202,True,K562_region_00749
09a3c1426d9c98b443d936b4a6c95ef06111a1cf0211e048a6723c5396dbfaa0,-265.845939218998,0.0780909496162557,False,K562_region_00415
09a67ced4cf811bde97c0c517f5bfddaecae375083a3ccca15aa48046cc533f4,-173.21201208839193,2.8833511487261,True,K562_region_02199
09b1f1990a4df820702bbbf4e548844fab6c83285be1e65979ddfb6fc6560aa3,-268.8474945053458,-0.378287328245142,False,K562_region_00785
09c584e207731800942d3d0369404c7aceff3e552e7a0b45b075df3b08c30761,-242.76789459586143,1.75881527046507,True,K562_region_01789
09e600669b3d8273bc1525c8a2fb42588dd2ee38d3fdc117a7c978afed1022a5,-103.270525904838,-0.306277197243621,False,K562_region_00422
09e9821ad67cd2c3c89a1edf811df8db129cfb9603b771e1dbfa13dadf90edfe,-273.84868106245995,2.3887507702703,True,K562_region_01004
09ea244304da43c03182c9147bc954435f860e81998f7b0759359cb15391e12c,-253.7672933153808,-0.57095559750328,False,K562_region_01185
09ec387483928ddeadccfb54bf8b4cc50f277135d5831560d8d9776317e5a87a,-226.8529068529606,-0.0506634207997639,False,K562_region_00048
09f0450efbefde57faea021b2a1a93044364fe78d0a47fb6b88d8ad4d0ab3496,-267.9471723139286,0.943225729836231,False,K562_region_01589
09f5376c40904ab8fed72847270b65b10d7cbb337cc84f3cadd0e60205b58d77,-229.34149798657745,0.322305207968089,False,K562_region_01003
0a3b9525268ed6ff5ff836d894341a95112c58e2dcd54c7d146b4d51482c36a5,-271.03366389870644,0.766680758746492,False,K562_region_00011
0a512f83960ba2be79265a5f89941d0050e3a7fb99ef2a336e500bde8c499ba5,-278.4946836829185,0.14780296679658,False,K562_region_00877
0a6126140525ecde7fd6e1c991c0be4339b3524e5dd7287314d687e698779edb,-260.1021182239056,0.557298520254975,False,K562_region_00702
0a6c78f3a047c879197ff91432f368217bea49e95375f8a535fbe43fb97b110a,-263.5580653846264,-0.587289008879307,False,K562_region_00465
0a711f2603648e05434fce5ee66ca4bf361655303984ab2c4e039d9eccfcebb8,-256.47196435928345,0.503467543473336,False,K562_region_00157
0a8e4ce82358e5de327bfa9ad6624b09c9a3fb516555f38b721e063aaf2bf525,-204.8213832573965,6.67522874287491,True,K562_region_00539
0a8e4f7c3c3bac7a0d68422225365d096347131280c3fc56879700368ac7c922,-272.03663071990013,0.0229308050424805,False,K562_region_00762
0aab2b044dffe6f1ced83046528c3e356cb9501708656641bb322986a51e68fa,-257.6699586212635,4.49392449972799,True,K562_region_01170
0ab04cae42ddae6140031cdaf6e7b52163294203625b94f79bc9410da81e3347,-107.19243011856452,0.302149458924222,False,K562_region_01703
0ad5b7f6780d1cac4a05ebd0bafb06024c4069e551b7b9a3494251296dda2b79,-256.9425365626812,0.914485059919441,False,K562_region_00212
0b030d8ac8e4eeb9a985d5d85c7aa06548f2d9e193eea25cd177e5f741d2f403,-94.996733260341,0.0189178151861099,False,K562_region_00357
0b10ca994cdeaa6502ac3c31f074f9f20b0a962cdce3412a0906f815f1f5e79d,-217.52727171900915,0.448514821814314,False,K562_region_01041
0b1c7dd533a037073446f01304ed742c55437e1ea6352a101941f8fe40cd113b,-253.27318619657308,3.74701009772881,True,K562_region_01095
0b3acac29cddce367b37a9130f361bce134e2bfa53f30d9b4a3e37cbc4cf3f3b,-275.030859336257,0.213963499834867,False,K562_region_02015
0b49a6e3ca7a296e2e279f1af0486dc64f769584a5bd27aa1528a2f44d6b3bd6,-269.6412675082684,3.11618933842118,True,K562_region_01727
0b66dc6f62a3d5bb4bd3b90bb6319fbd19d58b300d06ad8fa102c4133859d26b,-269.1694042980671,1.36951796975746,True,K562_region_00709
0b6b636e45682473b8e10087878a0d38ff0cfe5510a495c51e270a84f8a88ff5,-264.1808908432722,0.477171464327984,False,K562_region_01522
0b6ea6e5662d916af6d04e9c62e989884feb079385475bf4d54c5caf18c7572b,-178.98264077492058,1.13957367653217,True,K562_region_00197
0b8be97d13017ed67d6f38d5096aaca6ae157746b4a97b19efe368923132de06,-217.980296543974,0.753920909595186,False,K562_region_01828
0bb5f60a1adb37d1049c30a4a487c50a403e50304396f2dd1d8d4d449e74da42,-267.2477311193943,1.23319274294547,True,K562_region_00279
0bc8f10437ef39b97c1c0754440199183f28ed16c8a6129eaaeb202c576b9be9,-274.61185552179813,1.89358713629906,True,K562_region_02063
0bd96e5130414b87f5f2476afe4b7f38e47707150ce44c023e2a4cc4af35e9be,-268.8420324623585,4.95896602596666,True,K562_region_00680
0bf61d37a15e63088fcea132d04692d35db887de174b49825d2db181519da4ed,-244.63036889582872,0.731970267624768,False,K562_region_00344
0c0d9ab5b0f979694abb30933dfc6482a33492ad8433088c59e96471b82631c2,-141.5017460952513,0.870892317272364,False,K562_region_01094
0c4a661ff51bff0a9a2e488ec13046499da512bfea8826cb6c2989a21279fbc4,-247.4098094543442,4.69096332467187,True,K562_region_00833
0c4e8d3cfc65c2c34992c8f25a4a8f7f1029af2460a557701c659d002a05f4f1,-194.8895302303136,-0.439705727951371,False,K562_region_01224
0c7da1d0cf8392128ae710b7f587e545821b5224cdbcb30ffe75e05e9e99f956,-264.86947908997536,-0.243394071135788,False,K562_region_00733
0c979f792d943794efecee0197d14608cee14d1c91921ba4f489deefee81b369,-271.95284420251846,0.222945653129107,False,K562_region_01366
0c9a102467abbee9bc29c5eb46ce453aecfd370d82582a45e16721985fdcc5a4,-274.3381218612194,2.0612788955625,True,K562_region_01338
0cd9e3371a36fd0e9cb114ba72b283f12770174e9ccb98dad4470837d6e2fd5e,-273.0490759909153,0.642008309860589,False,K562_region_02023
0ce435d386afa4c43e6ccfe163b7f8432d8e8cfaf44bb369b2555cee8b544c73,-190.78354196372675,0.309027946340098,False,K562_region_02171
0ce5c550d34de42dba377f818071f33d4c3e06cd165771401f768883f82e1127,-261.7001774609089,0.584196849817208,False,K562_region_00911
0cf89c033eef9cc62c33d2fb4c3a16bdc4791a5cebb1ba853debb6c4fc6bbbbe,-253.86462775431573,0.771064461206701,False,K562_region_01643
0d044136cc7969aa2ab284aba7bd4bfa8c345efa19f9f96f9c90a649ab68ebf4,-196.7583578694612,0.660702946853952,False,K562_region_00655
0d897df2ca7c452df176af88223cdbcb540397a4eb3254fa99bd63b7f5e92578,-244.22609542595453,1.90778525710175,True,K562_region_00787
0d926efcdda204490bddc84fe5873771e6ae25076168e12f5342d0fe672a229e,-269.84345656633377,4.30277060607347,True,K562_region_00649
0d95d78fc95bd090ad299e02cf7a3ae75f773dee68eba6abe3ddcdd3b2a76676,-264.9424586296081,-0.0703686469630795,False,K562_region_00073
0dae9e4be8b0ccdef36f80197bde4282eaac6ddb3df293f07bd8a4da43fb81bb,-253.9663520231843,1.81885943907837,True,K562_region_01789
0db910dcc266297d9b2a8e66b7076565c1985eb4490a898a86ab28a0207e587c,-244.7080053165555,-0.219460626958979,False,K562_region_00264
0dc5a8b3c5139ef08eae39c17ed5d9e2463577e0d186c2af604e3e66432e0c57,-269.2715590521693,0.100698087786361,False,K562_region_01696
0dde34e0842477f57317bbf8408ae3f83ea3aacce82e156bb810aa60d6d3d994,-248.0457211211324,-0.463073859640215,False,K562_region_00890
0df37602083b550c1d0ca106440fdb67a6d96a6db1ae68e929267e08d31f5da2,-242.32025128602984,1.95674561358924,True,K562_region_01130
0df84beba364d5e67b6c6f66a8b8cae04a236c27c183f4850bb25ef21b113052,-233.760234862566,3.25798941450268,True,K562_region_00146
0df9514de94b0a2be6a47f4db8d1c79c10616afdc1ccc69accc3062d440fd07d,-271.36869263648987,4.84305441185674,True,K562_region_00680
0e11cb587bad0ffd334ac279b57b375bdefd31f2d195e3a3c86bb060af739578,-246.1121305301785,0.0250879642098188,False,K562_region_00484
0e4a1e6901e749b34f5a6bf67b05d32318b5c6f89127c6a7b387697196da79b8,-275.8105324357748,2.49186215545169,True,K562_region_01671
0e74e96ed2c7f35fc7a38faaf6467bd710f92099c6fe9cadbfca7f3b443bed1a,-97.05248600430788,0.415743295252289,False,K562_region_01104
0e98722d6a31c5271926c357835abf84b8c4ff83b46be364b3dc82f1499006ab,-248.8030979558825,0.267900993443169,False,K562_region_00310
0e9ccbef6fd236ad82750eaa9eb777ac400191cb02efe08a3620204bc724cbca,-260.92545725405216,-0.0142816008302369,False,K562_region_01629
0eb478c1ca3e50667890e3fe5c694bc8e87d2ba02572c4f76576f1d6ebc3f1b5,-264.6575038731098,0.227652511610606,False,K562_region_00132
0ec717877265b95265f6e6baa52a08ea54bc6c88a6d54cbddf76da1675ce4247,-236.1258985651657,0.951890245769204,False,K562_region_01494
0ecb434f8c0cd3c31125e4af3047d78025ad59d80b6eda933645f91cd9f532de,-271.47932863235474,0.656163483971471,False,K562_region_00640
0ecb776510737b5d2b630855378cafb7a88a75a0cb7eb96312c211cd8d5368a2,-266.0711858570576,0.891795188670899,False,K562_region_01575
0ee019e84a3f5690245acc2a7bd91ac883e3ee582dc099c91ac90228fc70fba2,-269.6884063780308,-0.286092361804985,False,K562_region_01492
0eeb3fa4acf5d35c331e45519c028b595deb2bf6448a59bd2d051cc20e578ebb,-107.90562759526074,1.45218557843918,True,K562_region_00010
0f0d4a3036aec8e2113516f64c01c35676439a982bdcbfa76575a379e4595086,-206.96100499061868,3.95441708737987,True,K562_region_00822
0f145c12f26f10f4172621b58f72ae1ddae602ec6b707c0d82898f933192876a,-247.63377995044,3.72553029028764,True,K562_region_01346
0f1ecd7c98d5a6656111c47eef75422f2a6392e16d10443624099aea8fe9565e,-263.98448534309864,0.498138018010686,False,K562_region_01150
0f5dc082b92ab594f9479a365c21a7e4abebda21f9bccbe5ba29ff388abac31a,-263.4476239979267,0.207832991436776,False,K562_region_02051
0f9217d97e126a1963c18e481f80d54e9c3cc63ea0e87c8ce83aec94cd1f919a,-135.79812880745158,2.9774858839833,True,K562_region_01717
0f94404024c0fd984db4fe5e36d7b903996af42ee55cc9401e641af775630e51,-235.717230822891,1.58283592981529,True,K562_region_01114
0fab79151bf612b4ca34ff610d7301702e2842aa1a82637f1828911f97759876,-266.52284759283066,0.614344538872204,False,K562_region_01449
0fd6369d62e969a466e97e3da0ecba5552fd3ac1493aa4218173dcdd4d128813,-246.88201158802252,0.005857947185647,False,K562_region_01837
0fdb7c18a07ab1e2a91a6d51df37cb4b80a04dc2382acc6ddb8f25da61111ae8,-233.3880284675688,0.262828331033399,False,K562_region_00366
0ffa609456d4870a27fc626bc38158531ee5b6511a21aca6f8d408e0b3901edc,-228.5613892301917,1.1525739413381,True,K562_region_01819
104d696182149922c5622942268845e1325adc865a2ce930167c8546b3804165,-246.24926196038723,-0.46488915144327,False,K562_region_00880
105346a6a1322a7479ae0c2ad4c24c85c43962de84df2f159ca2129a8f370241,-261.8615093380213,1.26759185354881,True,K562_region_00585
105808dc77355dffdcfb14479f083da0da06dffaadd87284d84f4673e6f09f4f,-261.57467894256115,1.34210169738186,True,K562_region_00497
10876e53cc05daf910ba434b931a0b0d959d61fa9464b43e97fb9d12d9a2586b,-256.7110910862684,1.63338930787287,True,K562_region_01414
10afb19e45fed44c7ab0b74019e25ea5f564815ba26388108ec92a2d0d9acf9f,-266.56900492310524,-0.0692673038527575,False,K562_region_01652
10bb330e34b4d7abd5ac4a32e85053c094ad7d1e0cc73a559c0d9c5ef876bdfa,-264.08695045113564,3.2126797039815,True,K562_region_00679
10bebee579cceffd68716adac603a54af1d62f8896e7572d6e34b4b69a5dc5d0,-274.30817127227783,0.199674657357784,False,K562_region_00918
10ce30a28e91ad3cdee369520156f22706ce8f25367231ceb893123eff3bde9a,-268.0428282916546,0.188593005809674,False,K562_region_00515
10d25af33c072d64c284859a750870bd38936741b38393f36d25c48b6a35b84b,-271.1480780541897,0.622605845324204,False,K562_region_01694
10e1972c8e39e90d1e862d750b130c1bb417b6ea84608a010580e31b1cca9a71,-117.38980105426162,-0.379636293608447,False,K562_region_02096
1130fbfad0c6e4bca9734f9e9a2029a6b7ec0d924512414c99fc8372ae2e6899,-260.12897731363773,6.4599421144776,True,K562_region_00824
1152cf4d2adfe467bd18d15788e4b9af1cddb880af69aa60e7125c8bd19438c2,-195.0507602076977,-0.02127026214829,False,K562_region_01861
116ecb07546d04e07bb6fbfbab54afd906b7180d633508fd79d816307bf630db,-256.627285733819,0.593899973612009,False,K562_region_01018
1170a4928d82aed4ca95babe997e35509a12abb03afee115725c09049877611e,-268.66877791285515,0.0574457990369159,False,K562_region_00717
11830eecb6c3565502c777abe99a558526a53c27bd50e78c8fa7f8d1a37f91bf,-266.6954773366451,0.47283919444976,False,K562_region_02042
118465a138b5d77c31eb53a970a0f7589af74cbe699f0cb90e5ac2c3d5d5294b,-242.56000919267527,1.75804590190153,True,K562_region_00712
1187ea0b3b63c9e28980f66461e3020b1207554bd056dc5c102e35a2736b33b3,-239.1846598824486,-0.769587576102837,False,K562_region_01182
11967e5ac3a59bbea4d5e4ff31e19a3724a3ff714df23e973b0763bafe75555d,-270.54091238975525,-0.528597275355959,False,K562_region_01068
12048308c920d996ed06e5d075210c5bd772dd94d7fe9a0480f89d17fc8dea5f,-271.930480286479,3.89792807368383,True,K562_region_01988
120cfa3d4d2f5ccb0c3f9b6e22c8e3d5dc0e7a1ad4d95de0a7a3d2532ad74833,-258.24583289027214,1.43134837637484,True,K562_region_00566
123a2e1059b105a72981c3e82bd72a79fd97fdb6d23513c5c833ac4db90becbb,-267.0698924511671,2.88118352803333,True,K562_region_02225
1246815a6234fc84c4e5044ffce0b72a06bd83f6727056b771213160fec293f5,-252.30143617093563,0.627108609254436,False,K562_region_00280
124aef893320aeae37ded0b5d7e40577959fd52bb57c10775dc822859e9f8778,-264.195947021246,1.7789076908348,True,K562_region_00463
125c79ee270587a9169a8fdc3895fbc1888d9d3cbf1b966d64be06aeacc8563c,-117.59196529351176,-0.2632106675592,False,K562_region_01871
1270478a5cff45ad54ff93b21577099e504f3286de1b035242d4de76a0547c8d,-188.9233380779624,-0.156450905991323,False,K562_region_00456
128e585264b9367469b6b607e51adcd122868e20434091371ccbf2f7cbe9ac18,-252.3767401129008,-0.23149672584265,False,K562_region_00703
12b5434eacbd36ee134a6c606920d1eae6847ca5c3cc8864c07192734d8dfa09,-190.95828578434885,-0.329528278104427,False,K562_region_01623
12c72072a58e96bc2214cd47e6d3fb76d195c0796f9d25e1c398032fd8e7aedb,-150.25620156526566,-0.565696431923188,False,K562_region_00592
12d76e85d3f52e41b12fdbe2c4835cb03dcd535f13d7b599c0b7b4cad3c6c7ad,-121.62838937481864,0.205623069861362,False,K562_region_00176
12e57c61e36ca14801a0515354033f92dfde3132686cc48857a51e63870c4fb0,-253.5536851678044,6.19030936892115,True,K562_region_01096
1318bad036eb8f1bcd0e3fd9a7377f331e729b8f7ff4fdcb77447ed3b5ddf19f,-266.4384819306433,1.10119008582248,True,K562_region_01806
132031a6e2fb0e862e6d55fac5a44d9d333a00340e30d4305f3169b901b3ef7d,-240.5065561272204,0.34262491318183,False,K562_region_01114
133cf7a9da40edd99eebd0f1619e58c89ab93cacff93066c1db3b47a8ac9155a,-87.593475474976,-0.410181646056134,False,K562_region_00770
136f5268c9ab1ae5f1b2b55774702aa5c2fed221b7ce3b80d924dc43f4b47310,-239.5645764097572,-0.50265132076139,False,K562_region_00771
1379d817e7352ea0511dc3a4036627adc63d544354a8aafae37a8cb31f66137a,-224.8645442482084,-0.643668775772753,False,K562_region_00825
13951b3b71f8b4702a61081868c3a45e91d9be9fa198eb346496ccef9258bab8,-268.3251636624336,0.12050898497127,False,K562_region_00451
13a0e1fe62cc2157e47bbc3323c6f1a7767d78b8c8e98899daff6a6f20bb9273,-260.877138979733,-0.0991287459543992,False,K562_region_01844
13c290e3475646e934fb1251ec33e5cded32d2d6459bdb70b2e688e29a8d4c1a,-244.84802308678627,-0.38987085787212,False,K562_region_01873
13de6f1e0a0147dcdccd40b4873afb6717089d30a3d08ded07702123b6de8bac,-260.70438835024834,-0.133888923643979,False,K562_region_01115
14071bed4b8b53f78762d36e500eef9e529a459046046acbc064c1b9145781af,-184.6138225644827,0.439015064952971,False,K562_region_00263
140b04da76db50bf42fed1c85a26981b6cef80105d930251d25ea207c02b2bf3,-142.20234037842602,-0.0272148984387749,False,K562_region_02102
140bd325aad160139ead64da1de77b7e300ecf24316bac13250d1217767155aa,-259.42193868756294,4.2739360120887,True,K562_region_01128
140e815757363287f9fc5c249f115f732787b489b3fe1f9b319bc1f56d342365,-274.80432146787643,0.433817218516618,False,K562_region_00165
1411fd616cfabafce91f85bfe8898a6e97b56db286d77ce91e4359154e2e8f89,-265.0167711675167,1.72151398140177,True,K562_region_00898
1423cf07523a31190a48deff765ebe2c44096b005ef61cb3772891da0bdcb0f9,-268.2904824614525,-0.0033553448871654,False,K562_region_01419
14420eb8677f6a4b9fdcb47979c4b43631c06fcafa6b960310cb85587424a420,-274.0297455191612,4.46460466280082,True,K562_region_01814
144222b25658c6d407a1582e00b3e728b61f575f7092e281aa66cbbdfaf3555a,-242.5874397009611,0.964466243691888,False,K562_region_00795
1443b659d55abac4dfc30ec1290a4151cfb118aa9bd4e7801c77c4507214bfe2,-265.29096099734306,1.52354577432126,True,K562_region_00074
14716f3290f5e9b99512a2a2d4a716230f790b5eb7b48a24ba5969ea4ce8a203,-194.3180503435433,0.560320470247341,False,K562_region_01964
14a7b906f1ababbc89f5aa3b993a1c87c0c4146b06c6de50d2d51b6b20b90347,-198.6517469137907,0.0459141173045374,False,K562_region_01224
15220d5aabb19389e72c6048c0a3b2fc296786d353cbe74b6d227272a6df89bd,-261.0927300155163,0.741477933169273,False,K562_region_00488
155400493df070477a680ff30dc05ada70623fa41ccc137d7600827022807f30,-244.1975447311997,5.08307619551208,True,K562_region_00318
1560b34dab2ba7ffd58d48bf8b738d9f49609c5a2964711f675cfa2b548a51aa,-274.58808875083923,0.442757027827475,False,K562_region_00565
158850f94accef5437481095775e9969595080b95cc6fbc18237e533ee7acaee,-269.7238827049732,-0.827136359825599,False,K562_region_00891
159a43a2816a5853242bdf679f35f8b1e2302eb86a44a43b536370e9368c98fd,-125.69564287317915,0.0004144395478324,False,K562_region_01524
15a233d541c1b8b21f9993db4663f1fd668d1d94d2bd17287664975202745010,-226.823454272002,3.46202830262655,True,K562_region_01999
15be9d0a613fe82dd2a368435eb5486e3430930595f59dfa9b02fa2bb4944476,-149.29420766048133,1.13381947333141,True,K562_region_01511
15f47d0d09612d6c9bba8077c8b9a419a57020ad467048248fcd909b54cd2cf2,-266.5350840687752,-0.102918141629868,False,K562_region_00858
161ec30cf7a1d6de96afbaf9141506eb0d4e8169f1069641897efb7c41a9a76e,-261.9824074804783,1.2462945815346,True,K562_region_01726
1620f87b0f383dffcfe453a2943809dcbc9651c19b4b1b5e437c0b3dd4408150,-250.7581680193544,0.361152069523945,False,K562_region_00523
162c6d3d2d47232f2476212d5f98bbcd31762a0f2d34cc44005ba3934681c9b7,-262.16335901618004,3.04043330268026,True,K562_region_00023
1641b12663f87748f82262c947b120f3b655300dc1257194479a40945f461819,-243.8344126753509,-0.0049008977855121,False,K562_region_01039
164696fb3e7244f7cff62378630a8f015593bca08e5c92d625aa33f1f684535b,-268.4311651587486,1.61944501694319,True,K562_region_01704
165878810db25d622a67af54fa67818e4b202624ad2f38abc7f3d6120dd9eab1,-195.95854264197988,2.00367014872118,True,K562_region_01770
168752317736c9fde5c80f58e6227116d184147cb6230727088db7bf4c057118,-260.336599111557,-0.651521575005945,False,K562_region_02177
16a1366ccee790df11f20e139a5855e5189dca2d308f20f940062ea0c5ac41d7,-224.52698603644967,3.50039098259956,True,K562_region_02120
16b0d3b422e367e8c97e498ff30e8ed7957a3bb4fe4d766608c500043445b9d5,-264.7719306945801,0.0721679879512639,False,K562_region_01931
16b948cdc06bc4d61ff5f5e67e255f346f400cec1e596093ce5c4a090bdb5a45,-272.0147851705551,0.94576885213062,False,K562_region_00920
16c14069f1de40579ef44f54225374539cf6d94c060eb8a1201c336895b82a7e,-261.8561589717865,1.06060117528657,True,K562_region_01514
16c74882ad7801ad3d1b5fc214b04aeb2f49fd9608dec4688b5d61bfcb539913,-200.7850123429671,0.91107134647172,False,K562_region_00480
16d2e66d57f0732690808b8048e6bba817b03da2799a3cda3848274ecfa2b15a,-178.18205355480313,0.894905782395648,False,K562_region_00588
16dc85fff8b5d4d52ef09354c5ea7da46fc8abdec72062610fad7bb77bc2849c,-270.6620759218931,0.288640634875625,False,K562_region_01752
16e7b7437dce4149e2cbea2c3bec2ca8ed2700c9c9567ea21acf45dc9c3a0b4c,-239.57921501807868,6.28905124380855,True,K562_region_01602
16f82b84e4a3646ce225646e231e07b1ff6349fa8bb97ce9c504f2c4a6218811,-257.4365219697356,0.782818868849737,False,K562_region_01189
172f8310a480f04656880e9beec4f4d90947985ad7c818baab2b807f7d2bc20d,-263.2352438867092,-0.18822359729431,False,K562_region_01125
1735d4a01d46243682665fd17073fc8c73344b31f9b6ff887f019583d5ded55d,-257.259191185236,0.708655354419249,False,K562_region_00035
176bf115b76967941527aaa441dd1248e00a1add9542ccf43e3832a0be8c7d36,-272.64575213193893,-0.653896249623126,False,K562_region_00181
1777cf76b1b2ede9eaff4d313bef73d29c5ca22ae424a0e0ca75b87f73c860e3,-260.32616226375103,1.82682589504981,True,K562_region_01361
178371befa5a0abee205c3aeed6a5615c7bb91b90c99492646d636bb2284ce3e,-258.35284319892526,0.0461923709740676,False,K562_region_00049
17998efa1646276844ffb3fa5d9b1fa3744ddab0a38d5ac4b5921e72bfeb6d19,-228.43603757489475,0.122587407104247,False,K562_region_00297
17e298611b514a1c574ea5deb7af3c2078907bb7debcf2f5d060b935940ef48b,-214.46343211829665,0.0541960968340207,False,K562_region_00065
17e964b418e2001be4b8267b4f651bb295a322fde681f06c585763f15c6fab78,-269.9535857439041,1.44456875591545,True,K562_region_01779
182710462f7e3b83aa77cd61f316ff011704cd8eae134b78720ac84d22ace156,-259.4428746551275,1.32386109385534,True,K562_region_02109
182899ea3ab00af0e1f464a4becfbb30bea6f43c73aa8a192a710b47f174dea0,-260.7554968595505,0.367671052503088,False,K562_region_02186
182a09c84ae3fb8639b4a420d373187ed4a992eca33d33cf597ff206d8da8c86,-260.35787281394005,0.634901273237266,False,K562_region_00062
182fbeacbf5dbf84f559bf57604e977ecfa82241d104c610ef6352236183aefd,-248.90198326855892,0.295272048552287,False,K562_region_01686
1830601c202e3f810e20ef1f6f9fc5b05cd5becb28130943457fa79d44925307,-263.55909407138824,-0.254710530711846,False,K562_region_02211
1830bd799ad421524c9e69f13a1f2ac671c9653c0ad6c7286f1edfb86f0dab3f,-250.20613365247848,1.67950685301806,True,K562_region_02113
183e3d1c1ffc29898b1ec3112d593a66c0fe88279fdfc97da7f723fa4b2efe49,-252.5183470472693,-0.441686901890838,False,K562_region_00330
1855298c52c1c712ba4452be3879d7b4773c80bcca1451eb6e34a52ccf14ee3f,-270.35976262390614,0.0178638109332599,False,K562_region_01459
1856e15913568bfbcbd24a3dc91b4af53ae49501f20c5a656ac8085ed238d540,-158.46906741007115,1.40201640009726,True,K562_region_01857
187a6d29b34c6ca684edcbb0fd40bdb619c2ec1f1363a9443eb64653d0b3d8fd,-95.04662088956684,-0.0914605246468091,False,K562_region_01579
18945d4dd0182c7bd9ca4ad58e417ba43fdf11792ac180b7123f1c0b886ac281,-75.55738699901849,0.164649616233782,False,K562_region_01692
189816bf506b46c6a5d9a5f712568225a622a3ae1305a9438fc5691e94358d25,-239.0644133836031,0.527036410438819,False,K562_region_00399
189ca68a27e49e1eea407b25d66e84ea20506229d8a28499af5113728dfd6c50,-249.3415623009205,1.46206346898176,True,K562_region_01660
18b72e1ce14668ceb918e9d057b4da883b84c8db13f0fb7cd0d2d7b5da576733,-267.8818848580122,5.15862978986584,True,K562_region_00564
18e7ac5a24fdbb2a66f06b7caddd0396183be02d2f156e143395a20a33fc93bd,-180.3053252669052,0.683864113322286,False,K562_region_01595
18eb0f90e70c8fb2e78c53fd430ffcd207d3b48faf5c59d119607cc7b742e799,-238.88904425874352,-0.0613993440668816,False,K562_region_00962
18f78a8d9300bc0dc254feed8ffb45d4d040d21fe1ac1c69e48ec05aebf14e54,-257.58798867464066,-0.0944350920237241,False,K562_region_00967
18f85559d00cca871097f9ffb18cbf29e72abdc18b6eb5b7952130ffaaf5c9ff,-249.93486654758453,3.41381673348203,True,K562_region_02145
191fdd6821585686b738af12d6104c8b62cbfb3f70b99cdc9ac7b50601961737,-270.788011521101,4.90213975345729,True,K562_region_01820
192fb3e02b2bfc54cc3ab285f47746e55b82c9cc5b12a2c2251cf3d739fe186e,-280.1717965602875,-0.010196567202681,False,K562_region_01934
193a801fd4e8442524d628b7473dfcf7a245079da41c9b0d1056c1abbcce667c,-247.18099487572908,-0.621911455483933,False,K562_region_01832
197c56a9fc1ac7667056a9304f9b202b5181ad4b1a80aac1d9b5e968a63b13fb,-181.52680032281205,0.0407908685893183,False,K562_region_00856
197d009618297cf489516f493392fb9e17a08783808fc7c04a0efb9ce5728941,-235.59542637690905,0.860908695951562,False,K562_region_01493
198c1ffa34f4837c6e1ecfcf249a15ea5f53b18219f66dcc889a9b593df4a3be,-273.5940393805504,1.19589549398174,True,K562_region_00504
19a5100cb9994d6d57c64a096b3071df1663e60d647533c62b7762eb37ec4a33,-265.78428238630295,0.580446607587997,False,K562_region_01421
19bae614cf84b30cc5e4c19e6df45f598f186d9f839c5a73e5e1fd3cc4255fbe,-257.0356646925211,0.218622200495293,False,K562_region_00654
1a48edd195091f9e7a1b9a62080477bb0bc3e8ac77123cc583ca10e2603cd1f6,-247.7349029281177,0.412433882567942,False,K562_region_01014
1a617f252b90a8593e89cc40226cf62798b767db8c1ba40021c2731de4b45ca9,-229.1390599412844,-0.808918839299209,False,K562_region_01111
1a6376636befad67391188187868299a4f9031ea0c048847fc91d673acabbfb6,-180.3308678492904,0.445416630399467,False,K562_region_00070
1a6adf3e438cfc9d0894e263e355190dcb2f0438e70b1fb36d53803b356df58f,-270.0269117951393,0.120468866451999,False,K562_region_00636
1aa57efd3ca12c77dc966487390eeb7cda857ffcaf68b3b0a41212a5fab72344,-270.45653197169304,0.336616713216479,False,K562_region_00635
1aabd66f3d04b3ea29ee62761fff554955f8d4eba327966816a968b1c20fbdb3,-189.28545282036063,1.58738636042688,True,K562_region_00630
1aac9e6dad9ba9bafc25077def7e6bd24734c5688457f3a840b2a395dce48476,-257.5161137878895,0.481730840171338,False,K562_region_01026
1ac0da1742ab233e45d85b31f52bb3508d8ae009524f89741366eaad5571ad6d,-249.8960460275412,0.194606221543137,False,K562_region_01890
1ad909ce9a2cb5d3a97944a00f421fa5c29c8c614cec7340bb9fb1310ef48362,-193.2730030976236,0.727950120309587,False,K562_region_01091
1ae6160c98c3688a28f9d469319d9553c6e07e4acb13035b0209d4b044bd3415,-255.48817422240973,5.20289750395047,True,K562_region_00032
1afdcd9aa6ecaf5e5a3efc3f4269a835fe0520a56cbd1b63b4066c98b740d956,-251.39604828506708,0.479364211260876,False,K562_region_02189
1b07fe25f09cf99c4211c05cbff983b4705f64925b2af99fb1fcf56e94379111,-169.76813390478492,-0.031747122259457,False,K562_region_02144
1b156c1ce04e53c15655bde3ff90f2d19a504b5f023debad5ec1636618d5471a,-266.1331190466881,1.87054885956164,True,K562_region_00332
1b2d0e47cc25d34dcb3baa3cd6de6764271e4af30e1c67ec9acbd5640f0e892e,-271.09594367817044,-0.258117752755721,False,K562_region_00602
1b435619e2d15c735671d6046e368931f151d91ad6b63520ca2f8cc3808382f4,-269.126549243927,0.521016424677058,False,K562_region_00096
1b4b61c3ea29c8ec7584919ebfe9bec544ca7a1c0be6071407d5bb707acbf14e,-265.79382583498955,-0.235239740956845,False,K562_region_00093
1b5f7ecab721be2e99b6fea1ebe76d54cb4e675d1f7e8043c7965bc78f8ba439,-267.37694235146046,3.20150971943648,True,K562_region_00322
1b641cd5ca095534f2c8d8d279a97adfc6c81f8dc274cb99e64366206cce8c05,-262.4164789542556,-1.16886833883552,True,K562_region_01491
1b6f0bfd9e4802ea2178d4518e9ed02af2eb658846245b46b6930744ce101d72,-246.2304368168116,5.53152417551048,True,K562_region_01455
1ba0c3332445cd8ffa42ca05fa6cdc4cc6aea08e3657b4c3a66a930ba2f5a3d6,-267.41255444288254,2.98560905754173,True,K562_region_01278
1ba4b591d6db7f7e274b5c58017938fb413cf6fe58544b2853458d71883ec209,-254.9499594867229,0.763723995913022,False,K562_region_00963
1bb33e5a72843529cc3e70fc28a0d040d27cfe975c162ac0aa66d018903d5b88,-280.2803358435631,0.333221120914282,False,K562_region_01202
1bc276af317fae3eb9e200d63aa37b3a11098ba07adb94d235108bcbf2e1dd13,-268.99544997513294,3.45948152113341,True,K562_region_02247
1bc826494a25ba172afe06a68b579017418e809493c1cbbc64a88da2ccdf8a5f,-268.33730276301503,0.761818891494268,False,K562_region_00121
1bcdbbacd42baaa6a6d6c65e754ded9e4ba51aaf3a84e6a85b5905c7ba90415b,-251.190703779459,1.04215182966711,True,K562_region_01462
1bd33a6393e7d13182340dfc26fc5734c51b18b43f3865ee9f9a7d26b3c0c8f4,-83.22810843889602,0.150477241113334,False,K562_region_01160
1bd7a1ca425f743b3620b3893c7b689fbca7b6281dea4083f6fde531dab9c7c8,-225.21703040692955,6.59837421064557,True,K562_region_01878
1bdba5f0e0f285db2527ad325e6b4091de0f8d738b4bcb17de42af7272bf5fa3,-189.90909425914288,1.08967938025616,True,K562_region_01153
1be67a2a85124e0bd3ad08a950480af689a5599c68ab830cd5f334895d7c6853,-259.5369302928448,1.02003869219187,True,K562_region_01495
1c28189592bc19b9d89bcb44de8cb739c2d71d2550dd45cd3968cbbf69364211,-263.56875056028366,0.188157292368609,False,K562_region_00334
1c3fcad24a19ac207e8d0a7c035704c93a1f2cd620865659420ec7b777ab2a5e,-264.977848559618,0.586219738283236,False,K562_region_01213
1c540a0eafd7e3d40b09b22ac208d6b601c0db9bf7ce65a41d7afd0efe327577,-257.2442256808281,0.221290862969891,False,K562_region_01454
1c61d57cab0275c2a62e7a34a7b6d4348100c2fa4c32fa9fad3277c5904dcc7e,-251.2115976214409,5.4648163842873,True,K562_region_01181
1c71074e51e497be74d9f3e4d7d27e646bfa191bd11749efbe7c90c6f453194f,-200.47716419232893,0.358746799990676,False,K562_region_01827
1c82db6d49d803b6d7cadc7aff6d7dc891fbd1f3077ac31b62a3a06e94c51d6f,-266.29988693632185,1.84656780358343,True,K562_region_00142
1cab545d79b10fcc50c026548e277b66cf75001234629ac01bfc6aef7d309d67,-253.45438261330128,4.83222233406039,True,K562_region_00860
1cadcac7f1d4c0fbe7c05838845ca060b4c95758ea9c3e5ac80ad53c4c960a08,-175.90547545999289,0.208991773968171,False,K562_region_02243
1cba55e76d6dcc7070fd4c9905fef52e5d8ac208b276d865109ce9591a3147e9,-248.64651583135128,-0.683648582357529,False,K562_region_00386
1ce5d4cbf3116966fd45df832ef072507a9d5e801167f0bf55595c296eaba509,-253.8075830936432,1.08131414465964,True,K562_region_01300
1ce6cbefe9f0c9900a2edc6a91d34490fd38145a1b988c4232ac3f1bcfe238e7,-263.19107088446617,-0.187946878562659,False,K562_region_01408
1d092ea7b0babee6580aef22121302f617ad2fe5357f2b6eb0e1cf18a96380cd,-253.82790288329124,0.3139197918541,False,K562_region_00917
1d1e2985d7647b10350788e0ef16e00daf9f3ee102d61ee5adaa93e53a813670,-265.2545404881239,-0.0895539958408661,False,K562_region_00813
1d2af55f2cf8766467dbe9de6ae953beef72ce237118e94be9eaceb6b4d043ec,-259.9270501434803,1.58907502546132,True,K562_region_00848
1d328d0008d262912b3621be578d90e01e4664da3adaf69013df3d2d386197c0,-224.90885881334543,1.00124715872593,True,K562_region_02031
1d40e3ec0f50feef3364b00ee22c74bc9a9c556b6711cdad072fa5e75be2579c,-164.58722048578784,0.16455712033777,False,K562_region_01119
1d4ece57f2bd6c46ab5c1f3ece3f10c93f92f792ff4bb2e1dbbee6aaa946d434,-156.59938456863165,-0.174302953617666,False,K562_region_01851
1d8a19b1a95a92324b7b9cbfa9ffa69983c1c1b0937c3c3ff391e49aa64e42c7,-250.13317927601747,0.760352346252095,False,K562_region_01612
1d923e78d949cabce533c0560ae4244d674da5fb26a397fccd5dad280a952e12,-241.81663632579148,6.37053023341094,True,K562_region_00830
1d92bda5596f679c63ace9b2fe1e55c5c00a1a4e839379dee060942597353d7c,-126.38743986365444,0.220557124584141,False,K562_region_00489
1da6d92c243c49b76191f10d62cb07ec5c95f488f603fb2f4d234466b9dcd880,-261.2644617706537,1.2069547297939,True,K562_region_00983
1dae10b598a0cd9990b60b559c93113c07187a1fb59c7547b67cae710ffaaa56,-257.7017722725868,0.531046206165377,False,K562_region_01054
1dbca23729e43a5b16a70caf9c87bac36734ac60301ea070f05c34db99c41975,-261.4301860257983,6.28751818329311,True,K562_region_00611
1dcaf412f6c3504224d3ed09fdd19b4c5996786b384178b6bc634b02480f66e1,-272.2536618113518,1.1254281044496,True,K562_region_01252
1dd8b038dc082c71a9bbea414216ffe43392d6ac516623b45b0cf4a84eed002d,-237.1128033120185,1.95422905305077,True,K562_region_00885
1de212591e5bb414bf6b38ff28ad08495199abfab35278e6cff35bca629cf084,-107.56497618788852,0.510590669126167,False,K562_region_01034
1e18830f6deb804709af3b0d8102c90e7e0aef2dc6143340e4fb10b66ac65b25,-230.53598738648,-0.193342273482794,False,K562_region_00734
1e5976565ae56b305ec7255fc410f6d5ba61b2f1c202749fccb7692aa4325224,-195.046216704548,0.0756996716532482,False,K562_region_02214
1e70cd4cdf9ab1d31702c0a3d2e0426da012ff33697a3102a72ccb5fe9ab67a6,-255.07354720681903,0.686997135165893,False,K562_region_00346
1e7b40bf924d29960ba417ea75c13ae628340c984be6b143f0b5b8579827b12f,-220.7116263788193,-0.312707374086994,False,K562_region_00428
1e7df927d6c31176cfb33273361b060663fc90bcb03912f2bde1ace26ebe2672,-263.5273777097464,1.23998089495664,True,K562_region_01669
1e969c46c453404d485a2884519e7d903f1a401e0e9f7852dcf8b5f80def37b1,-271.46068981289864,0.378503706641182,False,K562_region_00956
1ec5ec9ae5c6f6b3e8ab5730644062185a26d26987eb87f846eeaf4337c41d87,-257.97452291846275,4.54223577209666,True,K562_region_00434
1efa4b6f2c5100dc2b7b1a0e752d19efba4cdc606d72ffcd877dcd2646538e5a,-264.80620546638966,1.17377323853915,True,K562_region_00902
1f0f76c714a78bd5b1ebc5e93abc3292fbead74ea5ac85648fc1b5a47d143877,-254.31616273336112,5.55039408356075,True,K562_region_00318
1f152a9005e105548209d512e17efe61fd795d3a62f4d1ae155cfa2397c1cdb4,-238.05435133725405,0.419694343184595,False,K562_region_01453
1f2977a7258a376e6a392f8748db879928517adea544c5598d0cfb1b5530e35f,-266.9179955124855,-0.159826907617502,False,K562_region_01024
1f5c99dce79faa2cbea62b85f546b8d4bc07219b53026db433f519b481779907,-249.2865125089884,0.464003654689668,False,K562_region_02017
1f7505fb62cd8d5f34ebcdb27988ae628626744fec708ef54328daf684189403,-215.5849988982081,0.925907946188659,False,K562_region_00242
1f76b38474da0b4d880974fa3996f0ea44c71a013ee1f026c8ad6e71d01c70f1,-269.28488282859325,4.99606533294004,True,K562_region_00340
1fa6ed116ac9140ef21067b1b4957f1947dc735ad4aaf3ff220bbf2a7c845d87,-214.6948858052492,0.124597445185947,False,K562_region_02006
1fb046c9f333b235a3ce33288d7709e2bca4d78b0430cb1e2bad9d37d6f54f43,-179.78535099187866,-0.176983938522608,False,K562_region_00743
1fb65ec377defc419f5b6e8265f0e0d3db0f4afe971d8c491616d56816ba54bf,-254.65947471559048,-0.314096345899401,False,K562_region_00131
200c5bde39125e4d397b6bf3fe8799e4a74f4b06bffc89731f8bb79f80da2926,-271.01739779114723,1.48426472652878,True,K562_region_01810
2014b952e6e8fb78dde3ecf0c7cfac9e20fe440123cb42bbe42abc61971855cc,-241.37817139551044,0.0949558944717557,False,K562_region_01113
202ee7fdec2c838e946e64deaf32445e6ca857d70200cbcf6ff2bc5dd401d20c,-258.2376052737236,1.21124970903368,True,K562_region_01226
202f1076909c095cdb7931cac25d92ce4871d2964c08b1b3e229f537293a0efd,-271.0389996469021,0.634269769220822,False,K562_region_02242
203503020627c5ca5e42e705114536733430c1e4a5715587d2380500315ce12c,-185.82394414022565,0.974026408385159,False,K562_region_01048
203e5da6baf157d4a508709ad9ebe616acae0356815ad1ec5b7387f2660a9f65,-255.8974826708436,1.83981200666189,True,K562_region_00008
2043247b5c0ef9e8e3908f3d820cb6eb413ac00fc35041a99952f454c8018348,-155.37110090069473,5.74726218328492,True,K562_region_01965
2045b0c3ac437dd33a110d22f628ef349d1b08cbd17401e1ace1fcd824eee5fd,-259.91092149168253,0.902354355084633,False,K562_region_00269
20468f39d53fc4a4f8549ea66644637970c8e7426e00d4d745304a7894cdc63b,-143.23108436074108,0.26936605704863,False,K562_region_00335
204acca6050ae1ee007623afe91c6994b7ccd7861d4b99dee181a5194fb69f18,-263.9638131260872,-0.114990861061666,False,K562_region_00879
2050b29bee0fa5c98d3d80b76a12309227cb302e958d204b912c1533e31b9179,-262.8744542896748,-0.566580009999146,False,K562_region_01356
205fe1910106f5ae90330bf77811eaf42893d1508b4cc3645a9797fede66f9be,-246.8936782702804,-0.464081405682621,False,K562_region_00558
20669da18f5225271ada2ff36518b8302ba2ce12e97ba24051d1dead38f0cf23,-213.6663530319929,-0.246047875424528,False,K562_region_01145
20753ab2a1732aab31905915ace436a87623e9026372ceea48210fe0830824b3,-260.0726672112942,0.883409967105892,False,K562_region_01553
20986d5f01fb1650b9402c095056f38c3e665f4d5b5ebddc84fa1e90d8b05b8a,-241.79491421580315,-0.149064568546103,False,K562_region_00516
20a045503f17c36ccab1483b16760022a38cd18d6ff3a00be48e57955b63a35a,-266.5060226023197,1.16852954145467,True,K562_region_01545
20b6e01810256ff493c93413ea37c35a27bac9a14e33c1407792b193d1a63ce4,-246.8292991891504,4.90780670620408,True,K562_region_00812
20def1a04c432eac092356ce79de8313cf2e05f46a370ec0736152cd8b41d2e3,-255.04364235699177,4.17927851500845,True,K562_region_01347
20e6e0bf38ac40d91c1c3331987446fe864ddc8e6d79168a890dda50b742d42e,-239.69508024305105,0.511305677423541,False,K562_region_00067
212b0381371ad930da91833a7352a79c1ede2286c27b468773e9fc5bf2f9f7bd,-202.9270870126784,0.180079952076289,False,K562_region_01716
215cc1579a4adf903ce3a01bf8e036ed7b555b8c59a9f6c98787046ff2e20cad,-268.2640459537506,0.270724888854726,False,K562_region_01013
2198b84933e3fdb1cd088a9dbb018d23a5fa271c5d99be0fe8032728238c60a8,-270.1740436553955,0.306687988891003,False,K562_region_00918
219c76d6d5ab79c0955d52099424d188e2109f6034485d05b3602cbaf9f225c6,-269.32762452960014,1.59016352980387,True,K562_region_00529
219e50cc43d7d39d403e3a3bdc81afa44c14f9ba41e5827647a865cb1115dedd,-253.26834907382727,0.17419264288263,False,K562_region_01601
21e9396bc714e3416ee1109977aac9cc5d195b10c5f169172041e87c5a0cc36b,-250.0148017490283,3.5964783369907,True,K562_region_01120
22482af4f34b478ced68648207d93d3e882e4f176e126b97766fb56fae8becea,-213.6721953563392,0.145392423883404,False,K562_region_00926
225d509de45f3cde5cb216ec98628678bfa26a50beca570c776825f1e6b09a62,-260.3543208539486,-0.727555960837879,False,K562_region_01356
22895483fd4615b874fde5b592500cfa6966bcec5558bd4e596a0d13d13bda12,-206.74391874764115,3.01926100257981,True,K562_region_01513
228fdc84cd99ea39d4b3e776b18dbd04936c0ba9accde49fd0d28dbf831a8a6b,-272.6837872713804,0.0254082313582432,False,K562_region_02165
2296445fb6c41946bf56135adc0f782f6cb6a3be10ae540c552a057dc7f4fa5d,-258.08270975388587,2.22949051624172,True,K562_region_00480
22b57dc392f1ef9133504901d2a9de6a162633a06e9fcb1511aa8c23f41dc88c,-271.2963243722916,-0.542200068398748,False,K562_region_00527
22f4a1d6a01f101b6636c660f21ca2660895505cce55349dee6b440424c56bd6,-266.84466233849525,0.324509313923311,False,K562_region_01580
230865e774c3923093e077c6072d2260f74d07a0a5b86c9c9bc603fb14059a74,-273.1936141550541,0.557962395339451,False,K562_region_00805
23399b95ef769b43504d37b42b5a23f9c091ee79f5e6c331548e885fc7b32757,-275.0303196217865,5.30135002561528,True,K562_region_00185
234af990b1e2c88357cd1c73440e13ce9d2c2ae4d139bfd8ed9e92c348806149,-268.18339708447456,0.544842887345886,False,K562_region_00085
235fa0ab43969583ba7fb6b31eb728ae73cc6a25d397ce14f16469f287073e3b,-263.1682003140449,0.820501274343929,False,K562_region_01849
23740f1545edd65697b6cf52c95909a0433317ecbf2c2cc2eb7c2e12424f4ec7,-54.62631287286058,0.798109046003258,False,K562_region_01795
238a076bda2e6c965fe587d5553a5c039a0758d09550349cce34de10fc1a82f3,-203.38868748024103,0.272948849830303,False,K562_region_01666
23a574714b73ced14da06e226acad257525c56e47a8d241b7ba744497dd4b425,-259.353786425665,5.3472042796442,True,K562_region_01096
23f191c50dc476109883bae6a1baa255cd2df26ce6ec5f42843f08727f20d22d,-276.3542046844959,0.345246587705235,False,K562_region_01772
24038391fb09f56a467cf282401cf713e5e22b69434a8e0f4661d92e71e58a46,-273.12771382927895,1.61546311140704,True,K562_region_01610
242d52f591ca888452a23c20f5b09f2d5666eebccda7b73b65321818ef01ff4a,-258.31611479073763,1.98464210444227,True,K562_region_00933
242f14d4e8ec0abe261456dfb0ca3592fdcadb254cfe05966193e20e5607ff36,-133.368390141055,5.19496692412949,True,K562_region_00379
243041c150e55d825ae9eb6281820e154f44142a7288c78c6be6e647104b8ae4,-133.55723478458822,0.762717223707539,False,K562_region_01737
2450482f1cd2a172784843dcf4227e32b6841a99b65b1099ed41bf65a858886e,-214.09946306515485,0.72086918202235,False,K562_region_00303
2451745f3e72b35692f1523e7215e2b5f5a97d11fe6aca6d84f60504a1d0e776,-115.2115045725368,-0.0465948715772088,False,K562_region_00372
24541223fb2dcaca34011287178ac843e4f17aeca7f6e108e62800e519c423b3,-276.37747541069984,0.397611660660225,False,K562_region_01933
24588b51cb8323ad131aa6e127ad27c6d82c9432b8a521a5fef7d3bfda849bbd,-262.10205115377903,1.88610376701767,True,K562_region_01156
24781bf002003dac1d8ffaf67d00fda4b70c1932cc020637af875acb1761a44c,-242.36621353030205,1.75216490195989,True,K562_region_01900
24807e44bb475d13daa011b18188997fd33353ba13703711ddb2885604a72fc7,-267.78904363513,-0.0161549052111851,False,K562_region_02035
24c96db53e6cbf1bb6f6c75b7445bd288b34721ab63d205e9a278ae5686d2bb0,-262.2508772611618,-0.460521115526884,False,K562_region_00454
24d7c787841482c89973ea23d4ed182b12f28613dc0519906979ee92c42c8ace,-204.8745007161051,1.68485039141092,True,K562_region_00906
24e803454f779201175e1c0c8d776912d24af5b98be18b5d646f3d9e7e76102f,-172.4055159278214,0.108689260456871,False,K562_region_00625
2508f8b4e1db5ea3da05da6238d9de456f4b6673b1236fca154efeed55154884,-271.59117859601974,0.619780443672795,False,K562_region_01360
251bee8292e3df953c21b16587e32c11a26e9ca00f9cbfeb269c2b1e6c35f6ef,-268.85904305428267,-0.0443645733361589,False,K562_region_00363
25255398d462a70e4485f6ba0368538095ebaa0c673f734ee430697edd438a59,-266.75059819221497,1.51428947778893,True,K562_region_00873
2527a958807621bdc95c7e76c5e700b3bf32f2a8dcfad6274854237291894ee4,-253.06903394777328,0.258848296782285,False,K562_region_01759
254946e1e7c262623d593c22714edcd5c2932ae09a0b184dad342be7305348cb,-156.58604080602527,-0.0860240998176052,False,K562_region_01886
2568b3093a8723b6f29949103ea748325f86e2c1ff366f6dfa587c70024820b3,-266.70678493380547,0.300009945379213,False,K562_region_02057
256968937b830da30deec77e383cbf28a6dd427acc5f9a12210ac132ba8db40e,-259.3556674271822,1.60337224053693,True,K562_region_00289
257feb1beec81aace11a0d897fbfa7dd6a54dcf7ffa7d4a3efe62ea9c095dd40,-228.9777260492556,3.28755438665498,True,K562_region_02185
25839fc21545e139f3cfa51fa8b49eb696204a0beebf4717dd70faf5e544ec09,-257.8345272243023,1.82560598428812,True,K562_region_00289
2591754d074cf03716b5ec33e3aca9d1a1bd73d953d17ced0304519c3c143da2,-261.45080068707466,-0.212484219225417,False,K562_region_00985
25d8ed3b1622e930c947e0cda207a55021c0e2698bd2e44f0d22aea3d15a64f0,-209.4701502844692,-0.0277119000164992,False,K562_region_00080
264f4d191b7502db257c6a3489888366684ccd9c9c81fab3589b0c40a6e9f3bb,-261.4937290176749,0.524170502001218,False,K562_region_00281
265ae50331324dac3246dc87c16bc80c6b967515c655193c05308f671e8a1c64,-273.4400215148926,-0.0307414653387346,False,K562_region_00845
265fb7205aa042a9c233d08304857eed48bee0fcd9d146ec5e97e5d831a04d28,-207.62211519293487,0.45972126395795,False,K562_region_00054
268b708dd16187261788244197df4ad97027c3266a1b67f9658bf9f6630cd0d1,-146.84685589466244,0.0914519587379999,False,K562_region_01507
26dc955d1bd5fee10b64edc91bb8ff116b80917424ea65e84067eb41c94ea857,-268.607066988945,7.99277115755946,True,K562_region_00554
26f209660f929684cbba263543dbc9e6d22abdfd309aeeb0ff5e14a6ff4628fa,-266.81838312745094,0.348558020658507,False,K562_region_01448
26f94f0d7a2aa52ba77adf03446d17a4fb8349bdcab60555b141d38f2bb1eec9,-212.1727297536563,1.64697096945046,True,K562_region_00748
272ad8aa35a1c7ddc9fc6a712979d19d2e12e5b4a4a282fdd582059d389edbe7,-218.64407358283643,0.0415642317950438,False,K562_region_00587
27326f79963dfa1992d5ad365490e68c6d8298e7e08c9e7ce43a52e3d1d56e2a,-231.12697411235425,-0.631003176243467,False,K562_region_01136
273b8c4f11979ed3df33acfe680dea790faeba60c59bf37aeffba0083df3dbc9,-250.2151359170676,3.41290510936956,True,K562_region_02210
2755b4d3bb14021c9c3c4d87ec86517b2625c5d9de460bd7a69c631ca5678346,-271.40983298420906,-0.451708026552882,False,K562_region_01191
275e192e2b0917eb47ef24c1bc446d999e3a605da7930c15a5511411a36320b2,-258.1587735414505,0.044718968090791,False,K562_region_01042
2784f16e6d738e3edc810ee8ce02abea3a160b8d0083944d975585fcefc4521f,-268.94925305247307,1.5379253677045,True,K562_region_01333
279f22ef2403f1d3c1f47db0bd398471d57c4fdff529e56dadd77931a532ccd4,-276.6036529839039,-0.0827421641303529,False,K562_region_01668
279fe61d2118f65b9e031d775799e138dcb36433c693d992fb48f27700cbd0ff,-178.60432119295,0.175592377601266,False,K562_region_02136
27a1655ee73ef0eb97613d04f7947c9cdfd3f643f29d9465562fad63e6143cbc,-278.2187233865261,0.265090134359315,False,K562_region_00809
27a9b61b000122ce105ca607fc2fd103f6bfceff75389a33d5b48f0a26b4f88e,-252.2421741634608,0.585197270150502,False,K562_region_00514
27dfc07feb321e74c9204fa51ca65cb96653565a4bb78d58249e0ac5adb684d3,-76.42615076294169,1.50911837781168,True,K562_region_01997
27f417097a6f9e6f31c4832a7f1c1989a3404fe206e286e9d0b49a920ba30ca9,-256.1226812005043,1.34731910861836,True,K562_region_00972
27f8e9966788f9b96d6636449296a70a16099bfc4607aa31376a3c01b9e35a94,-240.6264614909888,1.54691237091286,True,K562_region_02206
280312da12bc2729a4431782ad54d7b94cca61f5100a36322101aa9155787a67,-267.75408121943474,0.120822412753961,False,K562_region_01664
2813d579ede84bcdfe628005bc1872b59f2722fdab13881f67797804c23a643a,-227.87909577041864,-0.223704308781688,False,K562_region_01584
2817ac09125f27bef0c3adedc0e23083108be8abb393e27d82bc0b3a8c579328,-268.47234308719635,1.36004357673108,True,K562_region_01566
281b31243f5d40462676611e6794f6b9ddfdf8d259374690956f62cfbe9346e1,-254.8894819021225,1.00230607407151,True,K562_region_00393
283a31dc02d74c904d0a3e771640fc4366f47f6271b77e40c15121156fd60661,-270.4640836417675,-0.012116376981617,False,K562_region_00562
283fe37a528819a5ad94438a21876b889b4ef21488b5882e594b2a70ba5cff1a,-218.6551063545048,0.0785616711172302,False,K562_region_00407
28656690cd213d2f85cd98ff8bd7608f45232a579a3b5239d897afef46166f19,-264.1316109895706,0.401766558100202,False,K562_region_00691
2866bdef8eb9e3dcc79c624d7130d01b402310443b1f4098bca497c566dd2515,-259.01311552524567,1.65776650962264,True,K562_region_00402
2895cebe027c1e26b214932d7abf510ae6e35c21e2b45a222f6415d0d3901436,-269.19286918640137,1.13883462934903,True,K562_region_00672
28c85781e80f7768e8ae35038b2d89552b52727775f0b0cb2ab4762ad9730789,-270.9786280095577,0.156009652807258,False,K562_region_00414
28cd8037beba7c11d6b4be1ce6101b5ac52d4857bbdfa3d535fbfee0cc3549ef,-87.59606139268726,2.27283602822065,True,K562_region_01717
28d088eeda15a3687b4bd0a13ac48fbe727b190098b75f2a3203e9c8d484901a,-268.1236464828253,0.303219864705009,False,K562_region_01289
28e806f93e80d2a4ad2c4f6f65b1309141cf915f5f38032c7582880ddab831b9,-277.8628029823303,2.95911626762657,True,K562_region_00013
2908396ad1357a7a2dc9dbfa19167accdb8d8aad4001dbfdb08e47276c902921,-266.86525423824787,0.185095008340437,False,K562_region_00136
290d8ba455b660ae6a196a73caac6feba158c7f5a96d306cf580897a5a819e97,-269.1172565743327,2.50391397962797,True,K562_region_00851
291c0c98188a139aaaa57a9edca08009cf18694245c5b7ab3dc478cc54e237a3,-125.4129793010652,2.65033134286816,True,K562_region_00505
293d6d96f3c1966cb7f8ccdec1a4bffd90e1e60286a65fb993cab2307eed4b44,-274.61964976787567,0.0676982430998646,False,K562_region_01723
2941af4ae2cbe70a04cd92e8dce7f4499d986a70b223d0a42ff0a233b6f8af7e,-265.3922678064555,5.83562580726757,True,K562_region_01194
29b7180d7223591381c2118cff374e9d359efb0658930c60f1612ac1fd14efed,-268.1093136370182,1.08952540376915,True,K562_region_02234
29ca7e3c6014b6b848e49af0707b514c64b59f05c4750e6f0a89bbf0a8754942,-269.59379149228334,-0.0290311757031626,False,K562_region_00072
2a218e8ae46a29e0165d18ff4dd56f1b6a09feded32e63490499c49959e8afd7,-272.39785212278366,-0.0514973138437757,False,K562_region_01325
2a34ae9836139f4c9f70cef058fa68d40cb3cd45464b0b4f8a096e287525ac86,-265.9473902732134,-0.179592710672722,False,K562_region_01924
2a460b5b455b2553afedbc8fe99df56719df207c2ce1ea2750444133b49c1774,-103.31442973390222,0.251003932417356,False,K562_region_01862
2a571ce0abef57d182fd038afc741aeb80cf9a189555c61737affcc7b466dc96,-225.2033577188849,2.15136152365201,True,K562_region_01469
2a7af108d698df5dd51aeb288b1fc3fc476a8514f0196ea7937593b38e2c9d8c,-269.6573379933834,1.74545366501354,True,K562_region_00164
2a88095963ff738766065f000787aefd33a447e15fe078f27092e951409fa0c8,-241.63346873875707,1.34360718378652,True,K562_region_01342
2ab6a188b37a537f2eb5952231661caa6db3689f7f577e164fb396aca8ba4a93,-271.6456308364868,0.0446315767826459,False,K562_region_00499
2ac7a58c4f20c834370bf3ededcc8aaa04f684e9c3d23c42efb424f99c12f0a1,-161.09630367113277,-0.392092736945811,False,K562_region_02095
2ad45b90227854495d1f703dceef4eb0bc3619f07726ce7d0bb880693d30f784,-266.9473104774952,-0.203887873957626,False,K562_region_01251
2af420a44e7f25b2c9b8e16f68a4b617f911624d42b6216c44eee01148e105b6,-267.9457665979862,1.52028027694134,True,K562_region_01270
2b00dc2c08f62c3eb6ffaed8f1377f92923566fa90e4fe4089070889b7d389c1,-269.0951537489891,0.159234240734659,False,K562_region_01959
2b03196ff323da336d864926acadebca42ec266cc6b0f4c0b9737294009d93d1,-238.71894484758377,-0.390664437157146,False,K562_region_01847
2b2c442f7d1c2889362eb468871cd331e419f0b7060b92dd7886800f61f0e420,-260.5453954450786,7.13142673082935,True,K562_region_00409
2b4453d9952e34d9882cbf867b77a264d7de8de5f18501d082c409131c530b0e,-179.28905793838203,-0.0777121991014776,False,K562_region_02193
2b75e32df56e9eeee9eeb7663bbe3cec8614abf2c95e6277fef81f19bf09d9a4,-267.79739436507225,2.83406084182655,True,K562_region_00951
2bbc31bc1028577ef1a4afc4cf8ce1ea4aac8c919aa64df2da626b46df3183a7,-268.322322294116,1.97491330911439,True,K562_region_01946
2bc9b10c35561e30506b3ce49968eb46261f1c95d1b56d750f6a9f7de5a65233,-272.44913029670715,0.228975805963232,False,K562_region_01141
2bd88f85e505121363e812ae43d4ac464e9316130047f4cf1b8d05db541e4122,-250.83634863048792,6.28701128505165,True,K562_region_01559
2bebf3934bf42c0a7039617f114a52066f0c98c1ba86bea7d5483b890d9359a3,-257.90061788260937,-0.009104970633751,False,K562_region_00065
2bfb1a1a05cffb482d9e6b282c975edc06369a7858315adf0444cf598dec4b0d,-182.8444296270609,-0.889584112902217,False,K562_region_00070
2c01a1935a9b3c4bfaff1f4f63483210495a2211de6ef49db10b779c8024170c,-262.5778413787484,-0.153033593065324,False,K562_region_01235
2c0426f31b00f26713bef6793b07b342f09e1b933384a730d15dbf5b83abbb8a,-138.41555188782513,0.0118288864359324,False,K562_region_00447
2c0c94be2b858168423c79e940471dc231601cac5df4fd34431c29e6324ea5de,-268.1845977306366,0.324233640420617,False,K562_region_01781
2c143f5a48587c7f02557efd77b9647840207285ce1467d8c55969b1e992242d,-121.25333380326629,0.302014864391888,False,K562_region_02072
2c2400cdfaf46c6230a63a9103c7286938a5b0dc96a77f61cb1aa7cb404d6ae5,-273.6405517458916,1.52421136048711,True,K562_region_01665
2c2a1651f68e933347f9a34daf12ce28d3c8bcac8d7b20494caec39a2f3677b8,-208.98931571131104,3.26732272621215,True,K562_region_00231
2c75fd5deaf90021a3f0d1990ad0a8b6f26aa2b4c8eea47a88ba4afd21524e6a,-261.84533213078976,3.61212377162446,True,K562_region_00299
2c7c35438867d49167eafa39653eb5c915f10f740a2d4911c94b0f8473329915,-271.5765281319618,0.276624922283043,False,K562_region_01856
2c872b22fdb31eb9ec93b13fd4d788e55416094fb066a4b4150ad5629b69b010,-179.686360148713,0.11993015721391,False,K562_region_00039
2cbc1539590c46b198fd97beea31d3147d53afb5aa6653112ac82dd8cae83d0e,-256.41559502482414,2.09257489291319,True,K562_region_00449
2ccf7910d7a58dedb39793c99c3489de289a2ae33150c9cd1f1b8856f3e29c5d,-268.78988045454025,2.63797278841443,True,K562_region_01995
2ccfeabd889b60ef7420998804a1ddf35267010d41481bc4376adf3196c2e3e9,-269.1904326826334,1.12551952783171,True,K562_region_02151
2cd9ac05894249d0286a44f11b33c193192792b92530f6e59573ddab58151fd0,-263.20475770533085,-0.337280737383734,False,K562_region_00892
2cf028286b0d6c42e9281a66f862099d10bd06871371e03a6225ef1f87bd6f5b,-270.1628353148699,0.282837723805727,False,K562_region_00190
2cf5dae491c4aa9deb60593fcf8732dbb15a0b502fd486c3ce13c7f3dc85f82b,-262.0207551121712,-0.496167977623659,False,K562_region_00803
2d084a599672043a37f89128a4b23f246028e2236b96adfbd7e58643501eee1b,-137.9768513571471,-0.181224443048012,False,K562_region_00206
2d0b4dd41c6a8d3c5aee08ec692f7087c63361267c08e7723c9f070f74f16405,-271.3697057366371,-0.517309062263414,False,K562_region_00882
2d35d2e2f874d25e058f35283f5f50cb22c06eb274c58cb0952710e868af250e,-235.89115074501024,-0.882077579281332,False,K562_region_01123
2d382c4ea9af75c531a2b9a014f8cc1a415bf800ee28db574eb02765ee67d569,-257.94887229800224,3.98908475326137,True,K562_region_00253
2d3b1bb047d02cbbe04d648501cbe29bd3c9447afdc8ea42e22d7e240fc9bf9f,-274.4433819055557,1.70788210221478,True,K562_region_01610
2d3cd07e9eef8e702b5e6e3bf55774360b465dc06253cf38af7d2bee187ac727,-257.2363829985261,5.8993645536548,True,K562_region_00494
2d415c631a1a7caf4f6b5c1896ec2711d29e96f7a7b44157d1f538a8905a8c4a,-265.9401145577431,0.514596645503581,False,K562_region_02139
2d5e279e96e6d32e3e728b2056e45500b79a80aa6bb4bb02afb30e5c6668a454,-251.07592716999352,6.70598708350403,True,K562_region_02128
2d602a650ca6f36462bd7ce64e6cd64bea77ceb60692d103173c65ec74e9e494,-231.7059772931971,-0.501566553853961,False,K562_region_01136
2d69db533eabbae49006edea677ec9a5b21c7f30b83f8dcc8126f624b13ed2a0,-269.01678508520126,2.16196648455975,True,K562_region_02167
2d6f50e59254a83c8e7d6cd4abf82c88f5ae2fe2a80a2315e37b6ab73ecbcbf6,-268.31186202168465,2.18228782547821,True,K562_region_01484
2d72b3a17380770d50f9e4124f7c76209e8d8d7d2a9354b2d8ce6cd94c06d544,-100.28242423571646,4.32421026725669,True,K562_region_01681
2d7bfb50201b79388ac581a54aca13a8028a226129544c30e4e94f32a3ea013c,-269.7848028540611,0.4307386646154,False,K562_region_01842
2d8cc153e1f36604a4767a356febfeb469a2c321e3de356f58f56a300edabbd7,-265.8741596341133,0.0917668388910115,False,K562_region_01899
2db28df1b24b09ee469bacf429e270847c4123366f561946c0ef503af44ae87f,-177.6485887952149,1.82256449258567,True,K562_region_00799
2dd1609ae563d9a91b11b5700f4c3942ee2bcb70879734823e72181db6fbda1b,-255.48562499857508,0.234596673725433,False,K562_region_00312
2dd168b5fbc1dc8c271254e991ad7100ff8c9a00065a829ed4ae84c6e93efe08,-276.170345813036,2.71726649199967,True,K562_region_00596
2dddc253c93a02d686f78421250c66aa042cd68c4273c9fbf9ba3570ef977edb,-259.54725739359856,0.135092757187381,False,K562_region_01323
2de300df450aadbbe9f39eca47d4f4213e07a4d242dd8e9d49f304917f178609,-118.94625569414347,0.360428207151189,False,K562_region_01104
2deea06e92dbb44166211c35eb4b9bf64cc92194100c6a4ce68cb2fc2e6a5831,-250.84318925440311,0.851289346610983,False,K562_region_01627
2dfade6128522973f6e289781bab6b5e5cdb697da5b2ab998fbd8b3afd09b7ea,-259.66152589023113,5.32776121466046,True,K562_region_00901
2e0e5c497165054779dbfabb3a86cff40ae434784ae2edfe138ba8b0a47a8d6c,-229.7808138802648,-0.38624008230564,False,K562_region_01614
2e0fc63b7e2ab25e9ec1bea8a920fdadf169d0ab152320c938b49e4000d6a363,-237.85138218849897,4.40141232977177,True,K562_region_00471
2e3a3194938cafce0e2ce15fe63a1319793c5648a7d7974ce0b5632e42a7b92d,-107.96787105035035,0.899242749347174,False,K562_region_01430
2e4df6103916206336be18422786da5f3e5c5037c3ec63cef6988a3fd7c702d3,-260.1327944174409,-0.0524364937675579,False,K562_region_00289
2e54e5c6894d3317d0f28e8f002a5ad70205f3e96acba4855d2beda3dfa293ce,-134.73289140919223,0.0625524136747955,False,K562_region_00196
2e60bafabfb60bcf1aab65fc0e2fa8e6f299efeb42ae4be6f6a9bd4502bb8eb4,-234.27994670718908,3.10083803812935,True,K562_region_01758
2e64d448a3f072f63e4ea8a761574b0c9c4e7461d59d39424676cd36aeb97a9e,-260.6255893856287,0.633923581032665,False,K562_region_00823
2e80171466af28790a99c6c392d039291dd1ed60fb41f6bcd7fa85669754f15f,-262.6173122301698,1.1237389980334,True,K562_region_00546
2e80f0e4b8aaac15fddc1258f5730522690aa91ab6645e0af25918958b33854d,-267.07576981186867,-0.0164217064849773,False,K562_region_01456
2efe4acff8c44a1cd53dd692426bad3f3a758f020161ee65e3e00f03af30d49d,-273.4625015258789,1.85451137530462,True,K562_region_00416
2f118beb4d47564fb5400aab964338a86111a56db7192b399eb957099d5be9db,-224.54643519595265,0.176663500413903,False,K562_region_00589
2f13bf2563b88ffa9c0d69fa229a3a38d74104893f29858f143bdb54a4c75ba4,-155.4625855628401,0.214168889304391,False,K562_region_01920
2f5128c3952d5bcaa1da92210e73d45d93136dbc689b0ad287c948494b615812,-266.99602146446705,1.15299063295831,True,K562_region_01616
2f76344a2b738e81d778212f30064055497ab1a50f46b5f9555b3d2142f6b6d6,-258.06530153751373,0.282738679647949,False,K562_region_01483
2fbd4dd73400a534a35d911bc79dbe5e9a7976f56682b181041e056dc8148317,-208.80015996377915,-0.105998809095182,False,K562_region_01825
2fce1c61084da63da22c3f6e68f3f16426bc50674360470f2d28052d1ba063f1,-54.637706545647234,0.527004630792426,False,K562_region_02100
2fe15f857b14edac15fd7aa3c0aa3fe507c936a42ca5c5857ab93ff626e64e2d,-267.86891727149487,0.0819934348226473,False,K562_region_01482
2febc9b738cef228e02b8fe818da54eb3530e49a3e2cb81d94dcb75d38998114,-255.1104922965169,-0.087879739695893,False,K562_region_01929
2ff4c5842d3a5e6c6063dd8e4d80a7f4f07230d4e382a01b544e8526318ff92e,-266.51541063189507,0.0437587432929918,False,K562_region_01340
2ff6b255c20714be57dd755525a05e156ba54f655b9d95561c5bc82669ac7f93,-261.4521399438381,1.27924988595135,True,K562_region_00798
2ffe07cb49253f4bb673465093d8506893333d5a7778dd8ba3f7d05dabb1bc28,-126.07586120720951,1.6591842360727,True,K562_region_01377
300e5a1410749368c75176ca2300f955d90a7e3f131a07fa968ef6a5d95f4cc4,-181.88200968317688,0.168340011573102,False,K562_region_01088
3049f012d22eecd5fb6f900a5639b7b8fe1eaad16b5e7671b02c9ecb47bc39fd,-270.12293496727943,0.614218685365141,False,K562_region_00071
30758e078a79025b70a178968afcd0efafe219886425ad7df78c8a9421215bbe,-250.9077492058277,0.276101017651409,False,K562_region_01476
307813eae0231be055a662de2ef1ec47384075fbaa9611816ce8af2551f91935,-229.30889705568552,0.172475860540275,False,K562_region_02135
307fe1bf48e05eedd1bae15c0869997c1da0bfb0144e59d3c959ffa42522dece,-199.7115997583605,0.126369314560499,False,K562_region_00764
30a2062c2a0f7372321c6dc78dd7d0ecc254ac8f6d64254381f6c74174fe0681,-265.43606455624104,3.51463674170032,True,K562_region_01472
30ad30b48a5315b0810309e1b7c39145a3ebfd68c724f08c82d09b9bc7ed7088,-138.67127694375813,0.344583101860825,False,K562_region_01537
30b3907486b9c8b4357779fb24fe210cee40a158789d7fdc2d8d947ac438973a,-270.17551347613335,4.6915586130001,True,K562_region_00684
30cae8c69a52ee0de2ead607f5ce959acbc33f6313d8c242060005e267b19790,-180.03390873363242,1.43626530772284,True,K562_region_01551
30d2a1490809f85491bcafb606785977e32750dd798ea465da9c07e84f602f8f,-81.80443380400538,0.647877435188245,False,K562_region_01377
30e1e02d77b4ed70db0ecc809e75ddd6e0797422a1eb53622d7b6278c5a4a370,-268.25913470983505,0.190639198625946,False,K562_region_00627
30e70c38d9ea5854d0155463f5f1cd33eb7c79f6e566e9ed63a175e252b7384d,-254.5672858469188,0.401845561534713,False,K562_region_00149
30f76ff3a6c34f19dc1d3f25ebba8d009c6c13edfda1dba5df8a9318f680f0ec,-215.53224401082844,0.383129244891989,False,K562_region_01157
30fc32bb8773dadaea82f6106c1bca98775d07ec2a25fc3dd96f78de80b2a103,-252.24510867893696,1.03120564393522,True,K562_region_02174
311636d0eee2546372339f8531fd5d641b5894be62a7a76da1e7f834c4a5dee1,-164.42841124720871,-0.180207319674249,False,K562_region_01617
3121cd568ec2880dafc6cb0e805a7c1a8b3d33403544f9c072520aa9f76705a0,-231.6538687623106,-0.482113802829608,False,K562_region_01163
312c25fd57be8487f92cdc0dc7b8abc11c1f9df94bb9473e3fba72041efc6986,-273.0202405452728,2.89913137293032,True,K562_region_00758
312ef253f3e0b7d298a3236e980af8232e5d489709be4030576017ac3a1064ac,-255.73475597798824,2.33602620971223,True,K562_region_01080
314b3b6297725aafded9da15b3a72fa11a59ab0bbc36b408b06673328cc56a94,-266.73114079236984,0.0016789049433866,False,K562_region_00705
31570f5260a4cff530047f6c6b5fbcbd33efa9162ef4a26185f6ce81147e13ea,-235.0177445709705,3.89820530856777,True,K562_region_01472
3169e70f6403b6b7991e990a7f4eb494881d1d9be2aa8aabc312c12af18fffac,-258.76928992569447,0.0312344740958624,False,K562_region_01954
3194e65272b60bb09c5ebb9ef36e41ff96ada0cd9794e92ae5dee8e2e74505ca,-237.60079898126423,1.4497515612454,True,K562_region_00885
3219e9f32344f0e7f15830baedc8b696b8d02abad514400cecfabaaf308ff622,-108.35111101577058,0.560162813560296,False,K562_region_00537
322cc35fb37832dea985db5c7e3495e5e077103aa69771567f97ca5a3febb267,-238.76402120944115,0.339764241053766,False,K562_region_00498
324031c2e78deb0e87a7dd4c3cd28ac45a30ed8de8875a988d6ea7c1d99b97c5,-277.13471364974976,-0.0946887037525069,False,K562_region_01009
32482b6df5b08e7df18f4771117d7b72ef5f811fa3f2856d8089c975aa13c2ab,-259.11237467080355,2.36562750385768,True,K562_region_01441
324e0ad0abf8c07cde8b386ac0a41fa8a3ccd98e9688e70c7170450d6499b529,-263.8936762958765,5.10313376455706,True,K562_region_01308
325bb9b198549be3f4013c39799cef328193eeca78b2e7e15ceb526931b95d15,-260.98701597750187,0.371157768682431,False,K562_region_01707
32b973205d10fb4320a1b4e8c76478066563afc2f12b306f58cda8548305d6f9,-258.23390693962574,2.12158608289642,True,K562_region_01247
32d078b86e83a4e07a3fe521bd2bf1933aefcd060c09d5d7cd27a14681fa58d6,-231.51400962052867,-0.174155093457806,False,K562_region_01082
32db365a61e2ec621b4b574344becdf34ab08af339666dfc42d19ca89d3b9f67,-272.8416277170181,1.35808021027195,True,K562_region_00797
331072daa5a5950569797a6ef2ef728e26b7aa8c88e6c77eb060fb97ed5c8857,-231.00700075179336,-0.0968966483240049,False,K562_region_01797
335a0149e78884e1e98925e7c53820730c76ae37316977abac5f05371b4e68ed,-258.72374434769154,1.3225405195226,True,K562_region_00383
336cf6fd158a827bcf04248dcb059282e9a8b5844f39e77c8a79c2a0826e749a,-267.4249612689018,-0.579074395863748,False,K562_region_00088
33a681bdc8ec5ff4aa346a05f1ab31d264e335b353bffaac376a1961962a243c,-199.8748929202557,2.59234940783777,True,K562_region_01310
33a73e2cad27f2b6301a10de23764a04c000ddf910836c23d62f427ac1117a58,-255.37965062260628,-0.909570832911638,False,K562_region_01297
33e76314121f82b4f61e538ef16625ec06788d0951eab9ecf91acad58f048715,-232.2444854509085,5.61564178221518,True,K562_region_01038
33f125b891c917ef48efb467c250378a1d38220605c0c2b8eec5ddddc91937e4,-213.955142036546,2.74139117918641,True,K562_region_01962
34062f4041c4533b337a52c74bee2b199f863c02e584353f374733073bf80339,-266.0864241868257,2.05525482762425,True,K562_region_01028
3411154151794335b0b630bcfe4adfcca8f9f91ae16d45b0d6a0571ef645f911,-267.4531672000885,1.81415301724231,True,K562_region_00503
343868285fb22ee03f2558d1a3533f34599edbcfbc3d0ac22286ba569fc1259a,-262.9006001651287,-0.484338780750323,False,K562_region_01855
3467a8e87ef78603e2cb4eba2c6a24907113c593f2f5197399092f9186a78215,-255.33747566491363,1.01420752424968,True,K562_region_00293
3474132f4ed9e41b492186af728e398da4cbcbd5f78ce631ef86abcf023bb242,-259.76977322250605,-0.290766041121979,False,K562_region_02010
3482ecbb18c3650ed4c7b2282d7b10b7976a7b9f572d2ee5e232188a6da9a36d,-268.0073630809784,0.358019794068698,False,K562_region_01570
3492428b6a695fb22824012efe6d7437e4c982408f834e29b8629d2367208d42,-257.3805075623095,1.58023175111488,True,K562_region_01677
34b4ab54bde56b67c10dd6dc39c793d387d4560bc3ac58c91babb873e0c8b471,-270.87694918364286,0.418313567219524,False,K562_region_00115
34b5fa117159c62067629976baa24dcbbe41e5ca7f22dbddbeeab5cdee4a2e5c,-95.93503669649364,1.66551970840798,True,K562_region_01839
34f7cfaa9ab3c261b98c466600624310aab96f298216f107088498e0b1b4c3f8,-265.3183456361294,0.203521241545958,False,K562_region_02030
350450c673bb1c409d8fd1d99f3d143e3b0c2ab7c773d36251e572eae7efb1fc,-239.36649138480425,1.3252929880175,True,K562_region_01351
350577bb9a55f0109d2bb81b8f328801f40d744dead5c3b447c0363f537ccbcb,-248.6783491782844,-0.4227499841509,False,K562_region_01025
3512604daf4f951e2d64f18a028af13fa437946e5e4bc455d6eadd3cde010cbb,-174.4203118123114,0.159370274355834,False,K562_region_01774
35200946221263878f5fc9b7d2b3395f0ecd85d9d5571f3d9fba09c409f31cf3,-260.36046037077904,0.662535950489688,False,K562_region_01984
3531a08b757358eab07fdd567e9fe4a46e48a41815bca7a18da36c0a48b00ef4,-276.4067151844501,-0.43493759135833,False,K562_region_01772
356c9665ad42fd2dcf2b1382833514ed690a01e11de7b6d0223fb3695cb3ed58,-143.73189614806324,6.35508943758392,True,K562_region_02122
356e9009713d770fc9a99089675f7eaee8b59dab1a7e251a89bac8f9dcc5c478,-252.16055110655725,0.931422166292322,False,K562_region_02142
358577a7d9a8502a2136361d83b2fce1323a14045c8ece6e0f998b57d0fae829,-268.6912460029125,0.492462512451532,False,K562_region_01690
35a2c93f0e97c629b45b6c4fca0f8150640f6153af9313523d3b40c896d4a703,-275.2345745265484,3.11745250106358,True,K562_region_02105
35a7cfff525a0c4048071c5e70796449beb1f27b78fff155a83fb6ac7e9c7efb,-164.32960166037083,0.258692074442246,False,K562_region_01519
35ba3cd01de64cc2ac8bf84a58f1e9390c840f54314046e6cbd29f44578477b1,-243.45001444406807,3.85785237559512,True,K562_region_00432
35d1b874592ab95a803316a433d8537649efa6d2a1fc231c8ed9ce6e512b5e40,-257.51125252246857,3.98022940169703,True,K562_region_00747
35f2df6150dc521cce085ab87e898361ccaabec20371977ee7c3b987453883ca,-256.76139280200005,-0.420731576224054,False,K562_region_01212
35f9ae978b905daff8fc75868fcca6722dbba3c8e54486b0c702bff387c6e6b5,-268.7262513637543,4.42567543208049,True,K562_region_01370
361b3a07fce1d87f0afa720793e031bfa28e52513b010879db5376ebdef0ad14,-266.0234754532576,-0.435132213274911,False,K562_region_01990
3628de68624103607b2e9e3da4f13cddf2c0a95d75572deba73bed467891f224,-263.8907572180033,6.06131173508281,True,K562_region_00718
363b3883c86e2c331a2bc5cc31cbddfc3574e182b47a9eac732b438c127562a4,-261.41365395486355,-0.0639533218750049,False,K562_region_02150
36668b83a979051f2e831706a173e60b4f1713a130030b033f9c2188ef7a735b,-260.3004077076912,0.486148574015265,False,K562_region_01526
36a4d19381b6d7d522eafb2533cbf1d61ef9e7000c01fff897f6ba21da59b3ba,-119.17655609268697,0.112358972177051,False,K562_region_00786
36a8531da474680202ae6392ffdd7b40a008f630f37bb4887032bd215594bbf2,-250.53200528910384,0.580121049506815,False,K562_region_00849
36c16786dc70aea267daa659058f283ea24589f68ed61a7fc159fa94cf5f8bd3,-142.8494050046429,6.31807283681756,True,K562_region_01112
36fb03a0032e31df17b2f4cd459c21d19b03069945da396f66cce92d4581a079,-261.2906242758036,1.13134891728823,True,K562_region_01919
371da66d3a1ea46635c21c3a0eed0663f06dddff7f2ee3f948716f75a4043c5c,-249.1334683597088,0.192439643638521,False,K562_region_02183
37427e4a3213cc848eea3498abf736aed3ba7b87e7c3afc8f87735bf2acf45db,-266.05647626519203,0.0907469520134113,False,K562_region_00179
377d605084039a8186f2332fc3d05ae90995f72933037a4e9abb17a50e7c950e,-263.2446381300688,3.62960229327512,True,K562_region_01205
37994948713171763dd198fb5dd5c7c537c4f0a6c8d5f85ea3f16bb2a041a597,-162.7481075413525,0.201986579033187,False,K562_region_01701
37f1a6fec2d45c960b5b2d16077c3c8f5510bc9dcb5ceef3407610c41c1196cb,-258.85003770142794,0.545221072985039,False,K562_region_01714
38193fbd5cf5cbec39a297b2eb56aed12a39e7a4f8ce3f8cecddad39e04af378,-272.43907168507576,-0.832797843244592,False,K562_region_01801
383cbf84e0fed8b0547e0fa36d52abe243f60db7da5c8577fa3ad5e7d6ef6b7d,-198.58848698064685,0.0278280745019203,False,K562_region_00292
385437c0625b896758b7b232515e1931d8babf2508c98885f59bb60d9ea76a65,-130.21613116492517,0.125415514265449,False,K562_region_01658
3856a8e15378edc4f592ffcd4d54a285eb52ed64d156415d45cd174a1f13907b,-228.8662262642756,-0.291354961615361,False,K562_region_01567
388a7d6e49916a0b5d4cff7a0e2a14dd67ac6c122bb947700bdd8c6c49b0420c,-273.498720228672,0.229464157998015,False,K562_region_00256
38ad712651d2edf691ffdd4230081dbe0b1fa06384084c9b12e815d02e56ba9c,-261.3561789020896,2.40834585409664,True,K562_region_00265
38ca54b214702c895fc606cde98da1e400118d211fa6d20deff1f693c4334fde,-274.0487435013056,2.97680491391907,True,K562_region_00426
38cc157f359a9f438abe4689b4330a3efc4abc9d7840434b58e74e44ceada4fb,-150.12766014039516,-0.0682435547671057,False,K562_region_02126
38f3f2f1ec96c21ecbf3b0f31147283ce49f282a6ad6ca18f5b59eee6bc0b334,-248.28636809811,-0.287886276199438,False,K562_region_01796
3903535934d614b5f155df59d0b7327d49287df51ca29494fc2621f3fd1b4e99,-184.9052157541737,6.3378507880512,True,K562_region_01112
395dd1477ce577053f99eb2f76e6245a0c18cd6f0075640d344265cf7fe33ee4,-267.31564346700907,-0.127334596053058,False,K562_region_00754
398c79a94b21f4e1c7f82e75383e6662616dcbaa12cdef4e250ad29b783fcb8a,-255.81037433817983,0.563466600406297,False,K562_region_01921
39911affdcc5fad52ad52a1b157961d5bc87188c00ef53dcf113d1275e89b7fb,-216.3993067847332,3.06173276590922,True,K562_region_00291
3998840e875421b58b855163142d703237f172df42889f983d8e4a5511019f89,-274.1575995981693,-0.0056599892965749,False,K562_region_00060
39a0166dde892a1e7a5d73b3090faa7fec2ec6fdebf1a6c8b556264dc9e3fba8,-147.5205456353724,3.09648138114941,True,K562_region_01399
39b42b7f4ba71209b5367bd118e5fa59f31212ffcd58b9de587b6c722994688a,-268.1926765143872,0.713102705500944,False,K562_region_02027
39bcd562dd8ae0957985791cf1259d8ab7007916e9224803beb1cb316270fba7,-217.5890920571983,-0.0477959622618662,False,K562_region_01509
39bf1de69cc902c6f24db258ad031834c1351749ebd9883755ce75282e376ab2,-227.22598087973893,-0.235574921338331,False,K562_region_02132
39c0d5dafe9e4bb10a467c36344b4a42ddc2590043bb74a01379536dbed61044,-211.10807595215732,-0.0408220199140899,False,K562_region_00781
39d68517cf3d024cdc18741b06e02586cd03f3b266b06021847f959cf97e43e7,-264.833875477314,1.56614113753044,True,K562_region_00604
3a0ec289a3287fbdda84589f3f7b27865a80103bf54c48d1aca7da14135d5086,-263.2035606354475,4.05752132943845,True,K562_region_01769
3a31f50eba84f8443dd3f3b02db2fbac660524be33279ebafab2235c12426d58,-131.77700458839536,0.825547410209785,False,K562_region_01981
3a4c8cbaab54419651add56fee125662fade8765ff46ea26b03724570e60c19f,-266.9976485669613,0.0488514213736713,False,K562_region_00020
3a52ef413464cacfb91205e3361e5b9c5ec3a5d1cf8d1376fa42175d2f32274b,-265.1316673755646,0.92634561676608,False,K562_region_01530
3a646ca42a674f11efef7aa80efba592903c6fcb7159a0862449db87ed8fe387,-222.9221483618021,2.20841840675061,True,K562_region_01259
3a7895387d0d8bb35e64c865abbcbf8eb2567ad8a624f2fe0c372a202dbd1e6f,-193.0961013858614,0.435076983813075,False,K562_region_00614
3a95fb280bf8ed43a324c95e50a9d162c9b0da5e050b48e501fa8c85693c9464,-261.5098911970854,-0.329602629395856,False,K562_region_00803
3aa8919ec3908a9bc51bdee9dc28c9ab365fe5b5d3c3a24964de7e3e1e374669,-263.7391669303179,-0.22224291440578,False,K562_region_00215
3adfb3471ba2690e1399a41d62d8d14c69b54de128bf3ae05c550d4ed21c072f,-253.52631025016308,2.36183045047221,True,K562_region_02244
3af6fcb427aa1324691a95391dc4f290b0ee06ca22599c1ce8901dd31427713f,-272.9343635439873,0.122982795095334,False,K562_region_01222
3b0e1192e4dc8fcfb9d3d63ab3f07044b740086481bdb8ec9fd26c47faef49b5,-259.3874733746052,6.72267151399728,True,K562_region_02117
3b309e56c693975a9af2761db846d473b7949d5f04da6d8f6fd83fbe06068de9,-264.5372605025768,0.141551329566284,False,K562_region_00288
3b422a0ddd41917e50a272de9980f9b85b84da44094b1ba13aba696e7500d067,-186.93111595045767,-0.174071842952484,False,K562_region_02207
3b4cf80e56274030a3cf74b2405d4bdd9be2781aaa5edb8c8de5855ba75f37b9,-82.37066262867302,1.19529888962215,True,K562_region_00384
3b70886c14ad09827deab04ab8b4865a61499b71abeb524a3e70b4a4649411b5,-237.1853523403406,3.10469395337529,True,K562_region_00601
3b70e0fa65c3e0ccf9471f81f8c0585d3e42e39ce7825825cf38e3d5becb3dc5,-272.7131637632847,1.45258104411971,True,K562_region_02107
3b772b60d07c05c5518ba0476c14661a7e34c9100aae6b2af9f8ce2d30447270,-245.93620502203703,-0.265507034140328,False,K562_region_00259
3ba59654285c847e26ccd55ae1cc6e8f762400b93f7f9ba2753b1272bfc9e80f,-108.30295200552791,-0.200514784503546,False,K562_region_01457
3bb9a264ea7183f46ffe906c2fad8ea4151cb0cf106c4252f75c38968db181c1,-102.73720935173333,-0.180491520918226,False,K562_region_00651
3bca531c57e5da3b009a8358b94312ebb4fdd37246a1b35f95149d7e96ca24d5,-47.088948372751474,-0.102092219445288,False,K562_region_01386
3bd135f39732a4688f706be4e7b8789e39cbaf14597295f5a45aa79e18d94ebb,-257.4260452389717,0.0635111187750719,False,K562_region_00916
3bdbfcad1c2917e96402612db3f31d2ec89afcfb33f5d83a5a8d8db50b5b326c,-106.7160469405353,0.625809994714145,False,K562_region_01792
3bdd7339e2034f52afb6598338ab996075b536ea73cc164dbff56b0b66194e55,-205.4963788483292,-0.332741809568117,False,K562_region_00191
3be31cf97045702add012ea47911327a4a3050c7109ad52e6a6e3ed33e9e30fa,-154.84383216686547,0.35100720904073,False,K562_region_01682
3bea6db6b6649306a2a3da8495b6bfb7e21e332fee018833bb56ab2a24ce2530,-267.32893294096,-0.394116820727553,False,K562_region_00969
3c1744fa01fdcb843e55a6ab44f676140d0f10c0ca0d1550a364664e82ade3bd,-261.4490211941302,-0.438026583240666,False,K562_region_00441
3c1c5a541d8ac333bc112e8028f4276066ca91c8b74cea5ae830a57689d5173b,-270.57489731907845,-0.198242781048386,False,K562_region_01198
3c3fa27c7ec1ac40b83dce4a7ffdc25737f24f95b4bacf833d724ce6a4a66f86,-242.8635123297572,0.319441235073935,False,K562_region_01742
3c4b1438bf9ae60019713e08be973018b582e470ac64c9d899633e45cdee0534,-268.0119170546532,0.489661606583103,False,K562_region_01928
3c619f4dfce7bfda2cb5e9f631c0ee07b142b2d241da6bf82f72d7fa49b4fe1b,-277.4752262532711,-0.347780320206914,False,K562_region_00671
3c7b66efa8c215ef13ab716b386ef53e7daad6ff18dd4b2ef427c96c7cbf0705,-140.1193886669353,1.96534555170554,True,K562_region_00295
3c880ef2300d2737e5ef44b702d605c1f77fd344fff3b08e68b6a567c57ca322,-264.6506534963846,0.598238965970226,False,K562_region_00889
3cc61eb9027597d949971d676cfe9978ea2d5fae99fbcf93ed9e4489fe9f2a3b,-256.51888662576675,-0.117504446337934,False,K562_region_01406
3cda6c6f69fa50abbdc73059a24bdcf0a0a825b02dc9430573d6568bb73d7d66,-264.8981830328703,0.141695357283437,False,K562_region_00182
3cdacb89b5699fd613a053b85b917b93bc317a518543e83ebb79cd77de699dc3,-252.41815942525864,-0.651688045263929,False,K562_region_00520
3cf1cb87992e5837e2d036cf88f2b576b79be35a0b014e56b18141e797c393a3,-266.44345557689667,0.603422860967739,False,K562_region_01767
3d0d5a9bab1ee21b8201379af2c8d9808efe61013521db0705e611ba40c9f587,-255.1632520705461,0.304279883955259,False,K562_region_01833
3d5794eca8ce9ca0ec47b56c2ab0717dd76d5be85183fd17b5d7259519d0c98e,-108.89237640798092,-0.375979209499457,False,K562_region_02147
3d73b5e64caab3293fbf029b002deb78a9ceebe40cdcf196c9b732b69862f3cd,-263.57453271746635,0.231577325314256,False,K562_region_02033
3de993d7dbb570ff9a325fad1d848fab6797ad87cd40752acc23f3dda2ae7732,-272.55093920230865,0.731517994642011,False,K562_region_00641
3e15739c7d7b03a78355a18d333dec83995ec135a5dc201dc81ef9757fb0c12d,-255.54521468281743,1.3510828077483,True,K562_region_01023
3e228a269fb91d97aff1de3b79452de8585fa6a40cc58d968f060c62a96c32fa,-263.2728261947632,1.14169301421086,True,K562_region_00697
3e345bbd1a8d138d868d74f3fd19567406e0557e07267e7791b69c51188afa67,-273.7785131111741,1.19424938842063,True,K562_region_01520
3e396cc855d0777d8dca24dc179e0dd14a57158fb3686b5415c3cca33ab5faf9,-274.20089542493224,-0.273372107075225,False,K562_region_01293
3e53af40da13b2da85286ef6917e253c78371ce03a192132e6e3f4f64085a85c,-260.3396070003509,6.87659386394862,True,K562_region_02117
3e61b762a4560dd731eb999584fb14e2195b307e46f7e0f0274d1f5d1bb323cc,-264.1561633646488,2.83716606239489,True,K562_region_01242
3e72c0f389eec1643190651b94f1193a8283802357344cb8740280d165484d0f,-228.3120346628129,0.176480303921803,False,K562_region_00696
3e7aba14ad592dd6d8ce62c5ba9e52216a22e17357994ba77a58fd94ae2b79b1,-246.6466318368912,1.67326722008784,True,K562_region_01734
3e91fb043721eac3255c490125329e3554e9b4072a979f8d01982536ee16543e,-138.37153734266758,-0.269481339243119,False,K562_region_00347
3ec48f8306bd2b2311a9239c7a47aec139115c777ae9b847d1b884d9e74c1ee8,-259.5231802165508,0.0571840667937044,False,K562_region_00345
3edc44e3a08f97dde2a121892a798466459a22448ff989346bf5480b07242aa6,-271.6429551243782,5.58867615979539,True,K562_region_02039
3efe24c49147fb31a30092e24ba3885c7bef7764e49e84125172722a9396e55e,-253.668323263526,0.0095778785842154,False,K562_region_01846
3f027be5c4ed358c46c8fedeb606482e3a6936c5538785cd81748f62d6837d54,-265.46647423505783,-0.109078385857554,False,K562_region_00371
3f082c10a2a3da80b348ef9b4bbdbb4d643c09404ed1a083903954fb0fe7cb02,-231.301997486502,2.23040543959245,True,K562_region_01171
3f082cc7870a58eb34c00a1c9d96064ad94faa142f7d1a471baa573b30b86b96,-256.99523481726646,1.03255607353047,True,K562_region_00949
3f53ec13087b7c8ea3dae671fba146cb54b73aabc23bf85b95d12a7eb974bb03,-237.208260608837,0.32088945045704,False,K562_region_01896
3f569d409564650abda4db3c4fa85116549ef197dad296b86e83a45566ea26ea,-192.59838371537623,2.94523855805109,True,K562_region_00888
3f89df8253fee46b09dcd796921e58248c258f12ffb4bd78dedba0032f4ec531,-260.1572706401348,0.543650564959146,False,K562_region_01872
3fbdb78723e9326f28f96641462be1462621e193b4056c489ee8d1df8170740d,-258.265861004591,4.59992214611924,True,K562_region_00732
3fca3c4a33cf6ab7f59162199e47d6610d63e1537d364de0bd9c77155f3f08de,-263.14528745412827,0.0833939541518048,False,K562_region_01578
3fe5bb1244509329957f2183e2e266678c904e42bdd6fb8eb6c0ea5ab9bfad27,-244.0788115598261,5.13278661675764,True,K562_region_00318
3fee4a759b7c17dfdc4e485a7db114d5c83d95c1b551fd3024626829d4682b50,-259.1809232831001,0.457955831119426,False,K562_region_01903
400b16c48a0f100b42c9d84ac5891bdc4b58c6075924348712834eb6cf1341b9,-147.5515843220055,0.326308155233791,False,K562_region_00452
405a4ac7f90bc07389a0320c02d3273785d6b460183a3cd4d5b2cbc8ea510e62,-261.91631008684635,3.37173413125163,True,K562_region_01215
40799edb565fd58948ce05949c156ae71da80a6deaca40d7e7fe1bfd04b94ee2,-258.1823121905327,3.59425386345773,True,K562_region_01383
4094e443cfdd76515b8270147fb8fadebfb79596f59afc737e75bd8c7707ac89,-230.8113486673683,0.75036735322133,False,K562_region_01432
40d148d0c9947292075dbcf00a79e37fb8228d4f968c7253e9932743af2eb644,-256.837499499321,2.88518429772,True,K562_region_00313
40d52230c47983041d8e47d7251f6a3d794fc25c73eea4d0ee49198d42d0f4f2,-273.5323498547077,0.2003676638827,False,K562_region_01649
40de856e296cb05e4a5b07adff5a599776a99da6e4945d4caa33f9291f0f894d,-207.83052411780227,0.221168768525371,False,K562_region_00009
40f0fb23bd9e348d44df6d4a09fed54153db4708f267847b022041e17235d1c5,-251.7827965319157,-0.306481364454131,False,K562_region_00735
4129433c8cf2e02817c53f3a3c78a525f356f628f201d99baa2f8efd3cb2322f,-253.325627412647,0.673399235944978,False,K562_region_00978
4134ce60ac31043d9bbf8bdf86ae68e0c159b7c8436c52c28749058e93eff1f4,-260.72038350999355,0.615107266081659,False,K562_region_00015
41460cc906fd16b80874e1170a81060fa80ca7a4af221fae29d15184c3d49348,-269.4072356522083,0.829113345516674,False,K562_region_01032
41740733048d196bb014ee67b51f86d7ee96d16034c435c0ca8ccd43b3b257f2,-257.9429048895836,1.14783560252629,True,K562_region_00792
4182ca31eea261edcfd6ffd7f275c2d9d9b23a246767ed1cf32a1e12b5eb820d,-265.2202419191599,-0.0420055341024329,False,K562_region_02212
418dd7433c22e6e19eb94cca9a7be7afd937783ecb95a429871c629e633141fe,-246.11001193523407,2.16026585870262,True,K562_region_00007
41b9915cc463adb741d71bf7c2bb311bd7cc3182e1ea0d274d94c2f2d74e1169,-270.82451912760735,0.618841101845828,False,K562_region_00170
41c87afba855be3e77854e36c560806de05f51d76d2dabcbf8585c5250600fa9,-272.31290861964226,3.7828546796938,True,K562_region_00037
41f9ed0f9a217ff1e85564beaf57a8c9fb9915f3910a30f2dcbc67eb636ca441,-268.5983467102051,5.29317903036034,True,K562_region_01154
41faa77608ead9df0b8b452cfba30d361ac49e52dcf5e03914038354f4133b4f,-256.7485797405243,1.44500549299019,True,K562_region_01515
421e8e6ab6f46ba2f5d3b23685f5e62490eff150b534bf11045cb9ad4d936af6,-280.0317957699299,1.38849858257823,True,K562_region_01199
4224713bcafa4d885f69e286a301529429460b2ff714f02d5c8e37dde1f5d003,-262.31418415904045,-0.099878198577708,False,K562_region_00180
422c043590f9f89d9c2776d141cb88cfa2208a5b337f459910873c3056f998bb,-200.6655361172743,1.87946641261921,True,K562_region_00842
422c931ca11af6acbe81dd8943bb3c685044e19c339a093389c8a46c01a01424,-231.7107178501319,2.2332451142527,True,K562_region_02208
4252d47ebfd3759757e5a5c857f5302ed2c5cec921697e7d0e774061b59d5c19,-258.1672420054674,1.1570364985133,True,K562_region_00948
42921b59d6513881b85d38e6765cd9b386770831474b59ccbdc52ab699644955,-267.2226123213768,0.764221909050016,False,K562_region_01030
429b404e20df78fcdc00829f2e6fe60d2b5cf61afc2494df455786a2f2c87e8e,-263.0880155414343,-0.245162397880552,False,K562_region_01521
429c57add6ccc00239c989af827d31063cf6f18e29d7f936f32953acbc0b65f6,-262.32391914725304,2.91458996670549,True,K562_region_01118
42e426d85bed480ba5bd567fe4b362de5bad2437aac0f1439787f9f3de349e08,-260.4466676414013,1.10303653760828,True,K562_region_02157
42ee5e7dc140cb22bb09261ae770c0fd1a23356fe7c504b07b75409d4c9d7664,-270.7366228699684,-0.470430541075174,False,K562_region_00946
432901535dfd8580c63e686543a08670d500e4389a75f0d4f13ee780a8e24121,-108.73873515892774,0.92973521984392,False,K562_region_01410
432a8a4cd735bda7b4411739915ab610a237f322e6c6028e96785d01d64bed2a,-272.5229707360268,0.0667005293216649,False,K562_region_02007
43393e3dfc5d3110505d80d6af8075261ef5166cfc350e4bec8425a09b00f774,-259.2660485431552,0.159984935660642,False,K562_region_00052
436ce778c8fd83520dbfd62042347c4165c0428666928c7c9feb947c67b89233,-232.76848433166745,1.11919303073232,True,K562_region_00853
439fae858fdff1612b6fb4b6452a76dd36d011bd0d2263877d31c718a26adff6,-271.30315041542053,0.633945274565288,False,K562_region_01371
43a2d94b15ae38198302c95e92118fe928a6985f5cdd41b8d8e621e5b6e11222,-123.176907540299,0.22138187844326,False,K562_region_00404
43d9d704f4776f24a5123208b2f1b8b74ffad791a457cb20003e8947775ad7b2,-264.25752180814743,2.18749573148971,True,K562_region_01483
43db54fed845cf059c4aee6f1d26bc356f6d532d79930875809def36c4fc4d67,-211.6068716850132,-0.344945794427872,False,K562_region_00235
43f56d6d9f66a0c363cb957d3fac2a5ac2948efaaf9a8f757b49c4220ad42927,-258.56339633464813,-0.069928615585257,False,K562_region_00186
4418406ad95b5a4a115c9f68d78d63dfabe6bc58e71ba5821270a143c9dfc4ab,-258.70223068259656,-0.276009052303844,False,K562_region_00579
444b911d12246c1e56afe94f772ac6cd11ed29026b414d1c8a9fc0afc51e8ca9,-250.53101767599583,5.19821176401829,True,K562_region_01005
4456bf77df7f90bfba4ea3d25fb507ae3a96c0d5c480bd27a88e06b8291bd984,-271.6414360702038,0.389272646636459,False,K562_region_00918
448998f4791d0dc36852b0c460e5a544f57afbdd074e10f18a1eba6553c7f76e,-235.36716935783625,0.847552061533814,False,K562_region_00979
44bdc76d9fecd0ea51af2397fb71cf6bd4b0cb27c2087d9080cc05f4cc6c659b,-271.00438833236694,0.0220714010378138,False,K562_region_01305
44c915ad86b02b6c5b875ffd272535d5aba1b3fffa0f2f66dc776c16584ecf39,-260.6042105257511,0.165805700082778,False,K562_region_00251
44cc061a6474d8bb32fbcb45cb003e6d94a853296506d69badd567a3356b22f0,-248.8673289865256,0.828808055128537,False,K562_region_01879
44ef61736d773f106ce18b783d30f79e0632e2ca40ba716a8ec8c0976f026f58,-264.73453718423843,0.0639716063868022,False,K562_region_00999
44f99dbf6cd6943b9baf6c4dbb29571a9d5e855c91b51d8ebccb4cedfe4bd8ee,-243.1839849054813,1.4927582542591,True,K562_region_01152
4504493ddd69bff3e830d9ac58d701e5430f77252ec50835bfd8a16a1e7a93e1,-263.6045787334442,-0.478499818244184,False,K562_region_00783
451ecbcaa8556a3d90335e61bd4f6b6e6005f0216c0eb0c9680e2f9b05ac1b6f,-260.13250659406185,6.02045169869711,True,K562_region_01969
452af3d066375de2c156a6d215d1b8fbcf1f9b5924744ce0d90c5b29826045ee,-262.5079944729805,0.0158995929093439,False,K562_region_00168
452f1053ab7029781d8aa58e1b1bb40dcbe3fc62e7ba55b89bda2a963b952cc1,-253.4290342479944,1.95738813818082,True,K562_region_00908
45482b0a7312c8bd61005f49397a243a078177c7c4cca7cf6f3cb4276421a968,-198.834387794137,1.91040763286754,True,K562_region_01793
4553688321a55e90b5856f1529456b63893191e93ff83030ae0ebe0bd135decc,-270.7538323402405,2.48859077242488,True,K562_region_00106
45628ac804729d04a62a0629b61f748e5cbae7964e0cb926d7832d37d4b408a2,-120.35541661083698,0.83181851674326,False,K562_region_01481
45970f3b29a96bcb65536be54c62aeaba60b3038abc41cb747687bf25b1dfe04,-226.88473834376785,-0.268560471376935,False,K562_region_01567
45c81dec7dadcffc1e89319921700d35788722063d046c8335dbee4df3b69f0d,-235.47646549344063,-0.334442357259109,False,K562_region_02062
45cb2a375416002888c1d5b56b34c5315d60fff2ed28a0530aec1b23ae7fce7a,-258.28406266123056,0.117450204495474,False,K562_region_00789
45e2dbe7aa407ea88f9a5a91b2f4b22fb63dbc7723050e3566ec8e6cad3a1292,-271.46071043238044,1.00568546830316,True,K562_region_02084
45ecea02d19fbc909ed0318bf8697bd8d6b3b7148447c62bbc1e39356a1b382f,-109.10344218462706,-0.332588918646516,False,K562_region_01906
46162a374d2d5e0d323e71ba8a65ed6facf4d31504a730a8add5936d353c80cd,-254.2332120537758,0.621671853223151,False,K562_region_01470
462c695beb7afc8b72d340364c187129f4ae00453a729778226e60eb8363f760,-270.5808226764202,3.00818910258702,True,K562_region_01654
4656fd0d84085da98c1587241aaa63444dbf92ffdf708adf273cbb5047ff5310,-127.57061822572724,0.236676382551267,False,K562_region_01885
466b8ee0e283f973b96c71fa530407bb699742567e5462ec92e86460a212ed58,-224.0984536889009,6.96337462325552,True,K562_region_01339
4679eeafcc16e7a1b9ab7d10052a71c05e9c1082f99a864f17722f408f25bba5,-260.09697096049786,-0.376354915182813,False,K562_region_01296
468103f2902b42c054cb2344d10edd28faa98297c6385ec1407e45e8265c590c,-267.3669444909319,0.628571617294035,False,K562_region_01804
4693bc019fc72730ea29a64b802684f38e9c311c12335ca054af15e8eb5e571c,-266.64377650618553,-0.0973307546277783,False,K562_region_00127
469704e9f8dd65e4f27e345897a787248464ee6c4653a5e03209f4fc8afaae07,-267.6983496695757,3.37431656551351,True,K562_region_00907
469c63b901a5466f1dc8d0c1db9ab28d986a20881a85f9d56172b3309292a3e8,-264.79782585799694,0.609480978057526,False,K562_region_01353
46a422f8c5b9635113add1f5bebe8ce13f11fb61c6a44363ea917a42cf268d6c,-282.10145175457,-0.311649914747016,False,K562_region_00351
46b38f1ab82d28b37e351c2f15e5f4d269325ef1be15b35ec3925f25343d5944,-271.08660265803337,0.0243252258125126,False,K562_region_01977
46be846e48ad96e123b25c9895b13e0e22cd49493ee403a31f4239e8fc8774e8,-246.6388294994831,-0.385081722590104,False,K562_region_01591
46fdefeac65ba94919de067f7d435f94f29c865785a09199d5faa44508d79485,-182.0971722658724,-0.344114957374152,False,K562_region_00217
470642293e75d0b08f8074e50ca8b44486cd606bb318d5a9d66515b4824dff1d,-258.2264087796211,1.90707507508442,True,K562_region_02231
470c64b978a803f308e02f5dc0a72e69e5464b8e064e58febcb85920e1c1273d,-273.5437308549881,-0.176320227988687,False,K562_region_00870
471262ca7d1654cbf375ae126afe36ce570c4f1bf1b135d3534e9da898a4472b,-229.9873370194109,6.99375000033511,True,K562_region_00285
472d6e1b56b18aafb907f9502cbdf2200a2760646a7efc08c8dbf6a0142a7742,-264.0120639204979,0.520768400563766,False,K562_region_01010
473d2354b724eaea66b6abcb66066e22a7954b5af14e9e6a7e6f0b61ff2515c8,-273.08859891444445,5.07202664348585,True,K562_region_01588
47601596c6a75e5682e4a09be377e36bb4af8e6c87303ee3580185e49dbb99ad,-268.5203557908535,-0.0010683373901972,False,K562_region_01698
477d7171c70becd453e53f9cbf11c7542e04230104d89c45ba4b55f8c1ac32ea,-275.0484611093998,-1.08439482162804,False,K562_region_00218
47ca164e9ac81010a929b87a86763f2e7689814dca7a614be62164c5f08f7085,-260.7639259248972,1.64991099844077,True,K562_region_00470
47ce1f36dae8fead47bc57a1715fe6e2c75094cb5ca9ead76a209a662ebd7ef9,-251.21332277357573,0.315291526896654,False,K562_region_01245
47e7a6a452222d83fb94f9f013bf2e5fd259e7f2bcc8b0a13594a6cd716e07ac,-270.42622259259224,4.43823670664751,True,K562_region_00684
4829636f8fd1c80568f424eda852f9d8296f17627ab726717e26703f73185986,-178.5797678953968,0.659721584890551,False,K562_region_00289
482e4c372311cfe50d066cc1fa495088d65cddad76441ca11977fdf4310f7852,-261.02599767223,0.66863670505959,False,K562_region_01289
4836e65e1227a019e5d15ce07d141fcd8163be8542d55faae961b23dbef6f51b,-261.84467202425003,-0.131117493062069,False,K562_region_00205
4838b25685d20d48ccbb117bcfc0813883d2526043ec90a8cac4c006984c77d9,-241.670286282897,5.7757473129181,True,K562_region_01805
483aec6454b51691e2e3471b80d4b896e463a0b43304d68a961d4e7af5d9f927,-268.7820289134979,-0.44754004733648,False,K562_region_00550
486b3da2f893eb597c2f02cd8fd4fc6af2599a0352655615ecce17c30a94756a,-258.870880022645,0.572305185842384,False,K562_region_02130
48705f7c75c12a442807f7697136141aca86dcdc4d6b4b821738c7dbdcbab437,-220.37524086609483,1.05927107846542,True,K562_region_01831
488714f8cfe7f1b6e930f93fd14c5495bbc23dfdb59be8f59c9c9c79cb0b43fa,-264.292022138834,5.1910173149646,True,K562_region_00494
4888df240c28e00ea75c6304e56aa5c6d8dca8ca3f4a68f562a2c17f90457d6e,-255.2774729281664,1.36361437500052,True,K562_region_00283
48929fd2a2ac9eed2f2e86228522827ab855a8c89eed3102da20905ace99d031,-264.1572857052088,-0.260987091142184,False,K562_region_00408
4898b5ea2814b86972be8dc106c1d9b8defeb344a4bc39ca6ee0730a78356e3d,-272.800366550684,0.196128806773121,False,K562_region_01621
48be4fdcb61d8ebb4d8c9b84b6c254508eb59888b6d0deeb8b44fa5b16ce67a5,-258.09625974297523,0.0392243933161951,False,K562_region_02200
48da9b796a4af576252351a3bcf28dccd394151b546d8fdfc525df9d30f50306,-267.7613560333848,1.48578208785661,True,K562_region_00311
49095b6f0e7bf03ddf056886299c2231405af921f8451e0cafa8651fa5737b64,-257.797995954752,0.672380163845995,False,K562_region_00036
491b72e8e51b29055579111af0fd4a6a3ffde4b88aa7256da1fb2efb6002b2a1,-259.648552402854,-0.0993149960281638,False,K562_region_01216
4957920276bd200a679359f2c6869f918f5a24733a9fe6820ce3934530c69d97,-205.0487863890012,1.62667138576491,True,K562_region_01262
4995f7f8abccc3b301b2af3593dc35a6998cf7d81c24566768374b1cb832de19,-265.2417886853218,0.113939935685105,False,K562_region_02071
49bdd13088fe440130292aeb54a5915cba37b8cc3b6c7940a52321721d8637cc,-113.31698282249272,-0.0837205364680814,False,K562_region_00327
49cb758c908241cce9b27eb59f10f3d5fb629dc7e9cc7e207c1c8d3562dcf318,-226.9318528156728,0.714666934943839,False,K562_region_01260
49d7a44d333dd553e74d66a25d04ef956a42bd805bfe87852e57fbe5f8272312,-269.12917694449425,0.237449871915534,False,K562_region_00595
4a277a887a465fb7dc2a98d4c0fa8619d758cbcc1dd87c4502beca76fff17a54,-272.09810188412666,0.15113365601569,False,K562_region_01723
4a348426a95d397cad9d02eea381c0dd8f3882e6e9c3726ba62d8dc9c868abbb,-264.9891524016857,0.361544335687264,False,K562_region_01830
4a3f0a26db1088853a97398937388f669a3058ae388a937732a1665fba24de90,-242.18217281252143,5.46354309630384,True,K562_region_02074
4a415c7290fd959ab341955139d9f6ab157b4e817b61af3b33a2ea7ecdc98a40,-266.4491919502616,6.71470903935389,True,K562_region_01193
4a6ccf06754efea85fb007f67abd5099c85d4f791c3edc89c002f277e6b1872e,-265.0231322646141,-0.106851341471625,False,K562_region_00420
4a79b9305d830d04c4cac85a27292106c69730e5e425463886330c4cd8f51291,-270.5586959868669,0.349754294289213,False,K562_region_01024
4ac17119f77fcab598c598580d8a1dcf3c86822125ebc5a5f5989ff097a1b616,-95.14161747554316,-0.0963355268883684,False,K562_region_01884
4ad70dd1b112fc9939d1bfabbe2b47152b273711d720f2648d11f27451939c5e,-267.6435351967812,0.221919107767747,False,K562_region_00430
4ad7cc75696a85c509f01737ee03465f289082b67ba42cd40f339fb4c6e87b47,-219.6355349458754,-0.204901959472659,False,K562_region_01606
4ae6d3af18b804150e1c3cc268ccb518b84d558cf428cda09a64bbe05acef7d2,-266.6973474919796,3.58168750799806,True,K562_region_00563
4b144b07bc4ed2663280d8868bb03ff133d44019b662adddc12bb795c04f196a,-264.4749677479267,0.900796127905747,False,K562_region_00548
4b26ed1beac07e47daab9f7542ad7900c5c1630e0d6085c1d47fdf10bbe13af7,-243.43311827629805,-0.387933645638918,False,K562_region_00769
4b3eea4c9cc58090f656a6f4a242c2ae210142a55b72dfa8f9b044892081d666,-241.94682851061225,-0.324781282389714,False,K562_region_01155
4b48185d739f74fb596557742346491403759336c899dcbed214192dc2eb1030,-260.4648544192314,-0.273550601606732,False,K562_region_01101
4b79082dccecfa4129d7e793c3740c35c11d46a6976153ae2b613304675dd7ca,-249.56505077332253,0.56471863620384,False,K562_region_00940
4b89a628bdb602f7b52c712df0f8df15d2939263f2de933868a63701e916177b,-270.0432215631008,0.326342974287915,False,K562_region_01968
4bd77bc3780f4645afc759ed949a931f44a964af50e25f2f4344b14517a9ecc7,-268.5011643618345,0.627104677922288,False,K562_region_01593
4be7b3449107147729b6bd94abd1e2d3da1abe4e1667083447817f091f651a81,-243.14268169552088,-0.101420969934682,False,K562_region_01818
4bf01df1737c336d3db2c37abaf7c590622acc3628fbd2f575499e63c396384f,-197.0760983740911,1.32406179289382,True,K562_region_01503
4bfcb79959cf187e88c35712926341f4856ddddcdc3c4de2f146adbf127b6bcb,-266.722732514143,6.15965650112622,True,K562_region_01108
4c35085fb862a0eb7334f2c5fb188a30c66901fff64d97c78ad11633db9a349b,-258.6680836305022,-0.0529995535458214,False,K562_region_01775
4c48ff9063916ef00b797418b2e794e45df1c9a9c80166a6ea7bbefb21948559,-259.12724232673645,1.34869640312122,True,K562_region_02198
4c5230bfb340265da3962a201ad9de4085f1e43456ae9e2a8ff6bcadefd3dafb,-266.45898896455765,2.59986738181892,True,K562_region_00929
4c5abff3947bcbc1cbee390342a97adf66bc2cff9decf9771c742d02a2d2e1ec,-264.19837164878845,0.0117980268725775,False,K562_region_00827
4c6255f1c709b7640c429c08d4dc6077cebcc00941f6a7bac43feb61ea7c0737,-232.04759646672755,0.503209851006035,False,K562_region_02141
4c73a22dbdac85bdfb85b37ae430797e268b178463a22b4a7c99b4fb78bfd308,-259.47028079628944,1.91298835406705,True,K562_region_01403
4c899fe05a831c40a8d67aec57f77d08702b6fd0f1b2b26961a4a3a4d62a02b3,-246.0584319513873,4.63428208006891,True,K562_region_01161
4ca21c1eea0102746d19930b7d29147e96750ab765756a4542707de0ad6d7522,-268.6159129589796,0.377165501009767,False,K562_region_01782
4cd6def4156d32a1033e5c430b6eed6b6ebc75bfe0fd62fc6807c9d3a1fd126a,-260.0568205267191,-0.187053367400867,False,K562_region_01516
4cd8831fd941dff2b486ce9981ca62072d03744127a87216034a129034dc3a85,-270.233670771122,-0.364867382856755,False,K562_region_00444
4cdc2bcfa7aa60b06fc3bbcac7c77859e9d4f89822a825b8464d447748336752,-270.07482066750526,5.87749643260996,True,K562_region_02098
4d0eaa2c1ace8350af613b1def4a408b6437d964b35028de9a612e8581117ecf,-251.44264459144324,2.27057264740801,True,K562_region_01157
4d1e8e583ca5990f6f697b64ac20763986d434a1358e26e7ef3f21e6b3e7e733,-266.5667366683483,2.39533350321472,True,K562_region_00380
4d5a37cfb990fa3f36316da6776e450f397de90b3af7c932954f6ca461ce82f7,-92.82047161553056,0.8207727207172,False,K562_region_01695
4d66ebdade61f44feea2ce4b3186d8232699a311c99a759c79ba400807a8b1f4,-202.6357259309152,0.27976482897418,False,K562_region_01087
4d69c15df9cab1253fe4a3b02521e5dc118d7f4766b61f298ec39f50193aa5ff,-203.06404162198305,0.0543283810785128,False,K562_region_01817
4d7e4b3f562609f4ada1f742e37be4d3f67eaf71297e7f8408e7f9ce3fa4c1d9,-257.94957461953163,0.22099899483907,False,K562_region_00331
4d89df2e14cae06d5b0af5ac3b519a20fb124b029cc8ca4e20f70640492ba125,-270.0280896574259,0.09614144194784,False,K562_region_02028
4d965d0dd76d20386ffd45418b8233ef64b45ec43d828a49dfbb4262cdb25f7d,-272.5239087641239,0.232002607369929,False,K562_region_02065
4d9dfc5ba08fbc985edaf4c71d56c6c28f500f58b602ca5e2656705c731e9f18,-272.641757696867,0.271168273113859,False,K562_region_01694
4daae46a85c3fcb8c712bdbfab2f9b702e15627ae37f6f09fef2bb2bdde41c89,-263.2561456412077,0.179197440137246,False,K562_region_01680
4dc23c3969c2c12431449d8c384f2e072a5a7357c1dd2e723de3cd9958debfd9,-259.4481804519892,0.109692303810824,False,K562_region_02123
4dd2c3f7ce047bc6e9e83ceebb91f52924ea1276a8a4056ea9f2c02cd32a9459,-153.7993088401854,0.589984411447987,False,K562_region_01203
4e03dee7dd539769d23e915a39828b2a5b7f30dec0baeb988e229d7da6070f5c,-245.3606812171638,0.321774866202697,False,K562_region_01209
4e5b519f0cdfff0a3b068d799b50f60fd009dc6575071ac4ff85f73de864e2b5,-201.82023378065787,0.637809361646537,False,K562_region_00600
4e61f894e24087bf9365122cc5519aa6464e6b2bf043ab58d2360e031089ca58,-274.4715361893177,-0.300869019080905,False,K562_region_02067
4e71aa89ecf22d8576d646aa7a101a6780e292883371fef5f8506493f0bf8d18,-273.02800664305687,1.39619777722286,True,K562_region_01802
4e874abcb08f944da25c3b6c3d61ca35efab4ab3b58194cf4b3c68c1dfcef031,-260.6740795224905,-0.248034599345509,False,K562_region_00960
4ea5bd383ef9d5393cd31bf0a3c10b3eb17151aa17bc0a3bbf05fae678a7b23d,-147.17939812224358,1.02363644358518,True,K562_region_00108
4eb28cf978e1d37d4961e83ea3c7a72d18d8025c01573cd2bb1cfb407f4dfb08,-266.1979450583458,-0.221699783717876,False,K562_region_00472
4ec47eff28ccaf8c5646af5bf812833c40d8f06e4fc0fe5af3bd814432d0c54c,-255.2305890917778,5.20748477384379,True,K562_region_01357
4f2319e394a74fc1fc9623494409345caa268919b8d5e61787a00831300bd403,-275.8072286248207,0.40917982087813,False,K562_region_02043
4f3e104f91abefb6179aa991e2212d8e9c140b3b3791311685e65266fdb05221,-269.04494151845574,6.15035602747077,True,K562_region_01036
4f531f044bb77e75ef1ace1488e3f52a70437681afb76b7ca01ccb88d5c4286e,-222.0066595779499,1.11390991361072,True,K562_region_00741
4f7be3aeecce086211c0eb6f959534930cc12d989353d07efe07f15a7f2dc337,-219.3642781258386,4.11917673315657,True,K562_region_01089
4f87f2f0ce514756ddb9d2a194c307cc1359de830e9118866813cc8bece2126f,-270.75783863663673,-0.140874090185145,False,K562_region_01354
4f960ec602b8ef605a4424f1a58bfece406eaa1ea1830f0c5f56a24d8425311d,-226.7763636149466,1.49237326353641,True,K562_region_01332
4fc4a91fce71e2ce96fda0cb350df62619f0a4c64042aefa91c4e89e6e9d1ecd,-269.90918359160423,-0.406746128013347,False,K562_region_01821
4fe1c6864c6e402ba8e2d949c1fb07385e767f91be3fabeaf3f0f020a8c2916d,-178.62657813355327,0.18608612771146,False,K562_region_00837
4fff6fa0bbcf2bffc3195f07b951163673089cae5783cf7aaff1dd21d3f8d4b9,-261.7875745594501,1.64664977153218,True,K562_region_01534
500a5399d0bd9c8566bbaab83e62bdd57b93bcbca52c2c6037495725adb067f6,-227.5482037998736,0.34232475247896,False,K562_region_00852
50574f6eac5b1ee7e8bc4a098c8a8fe438ef2b8c516ad3dfd9a76b0650e74a48,-185.5582469087094,0.0155784612275017,False,K562_region_00856
507ad8e153c98462102eda6aa6941d72311bc9daf8e0edc3050e5f1f68c53651,-204.3955108858645,5.46313885329342,True,K562_region_01112
507bdf9d6fa870005b4fbe3a7993ab2439fb09a4e4307926fc3b75617285ce6e,-270.6731733456254,0.290877044662269,False,K562_region_01625
509a01b9bd01b338a4ea6703171947a8ab1d81bbd11dc8808c216dc8b52b0d93,-259.74101911485195,0.464880711591269,False,K562_region_01848
50a7ce61804c68af12099973792aea779a52f901a94c5897d97b7577fa662365,-259.1624552235008,-0.365680095266952,False,K562_region_01052
50b7daa4d76be303ae8d379de2c876b000f24957b929dc7e37b902f6a2769287,-267.7443793118,-0.210424507555463,False,K562_region_00129
50b8c5bd559931a02501d4c295209aa41264bb280d7c993ecfa331e0d6cb6bd6,-253.5496070235968,-0.170663885750594,False,K562_region_00659
50c1c5829e25dfa9bd668385f8532953e889f99f80499a3301f92cec4cb6037e,-273.739349514246,3.44676304217431,True,K562_region_00442
50d594af6bf58f9287c2e6d39e8a892ab7dec7af45403effe657ed56bbc89069,-183.2540041897446,1.63473184644245,True,K562_region_01869
50f9878d2b5196cea0e6efc84c8a8addd524b32883893c0eb574b783f05f383d,-220.85936761647463,0.803966023393086,False,K562_region_01275
51324467bf5824dcb0845643efe9e37397a53e871e052d35cc730991ed296e12,-211.4425719539868,0.18125101456086,False,K562_region_01318
5171b355e452a6ccc574978ab6c4c4b6086963e2319904cc0b28e05a5089ccca,-262.49189603328705,0.520058672212235,False,K562_region_00899
5187165496f914ea915dcb5fe72f17e85b1b1a86027c09690a4f54754a1e5fb0,-261.3354189693928,1.32357088952525,True,K562_region_01967
519489303b21b9cd0a303e393160b72378a4763877e19bec563be2b1a8a3cf90,-162.39552838727832,-0.0740102995121084,False,K562_region_02144
51b7cef91c8f20cd792144f0502e150ddfc6634e56e26faba2229d8933fccc67,-267.240898989141,0.0955233208735369,False,K562_region_01086
51ca61d5481cc975a4855557769c4c0fb0792855f4344c15cb1c549fd7eca878,-260.5580087080598,3.22221421316952,True,K562_region_01153
51e04cc405193942cd5217ee6dcdf3d71e91c26deecb6223e41fed604c8b351a,-273.2041646242142,-0.259610531946391,False,K562_region_01452
521714a5cf906975570d836a9f368c3838867c55bb2b6c7b9a232b61f19e8cf2,-273.3030448257923,2.14070151556417,True,K562_region_01468
52543139638dc6780beb57770f65487d536749cdb496b5077a747e0eb5304546,-270.20616649091244,-0.315029329383695,False,K562_region_01834
527110f1cd77bc6d0bf6939f83dea0bc0356861eeba4a91a98e296121813d1ce,-233.7673913761973,-0.0136176591850439,False,K562_region_02006
5272a365285eca80308ba416244df53ead68723adb40a1f1c1d0ee856da59440,-254.7352955406532,0.216268066209423,False,K562_region_01390
527bcb8636b766cedbeed14f1bf4a5acd137eadb8c660b2967d20ab17ca8b814,-268.53794045746326,0.155425583603983,False,K562_region_00553
52a4833efbd34de15ae017581bb2cab7ff5c2eb07e686d5087427a81c184c9a5,-267.03527772426605,1.26385146611161,True,K562_region_00793
52cb37373a97ae401beb2e29c4a3d7dafbb34844880027cf6e0a0c35f7574699,-90.98570879199542,0.486118028588215,False,K562_region_02099
52cd4ce54225224ba532af4fc9c190761426f0e499e8a2d4004e50423e26aaea,-259.1584067121148,0.0506548946603155,False,K562_region_02173
52df5220445d1006649ddbcadf416726f5c5ad7893779d824d4cceaa598943fb,-274.2490897476673,1.78277882477408,True,K562_region_01961
531d9bdaf462a026102fd528079d95967acf8d27115b26331a3c9ca052bb27ee,-251.8102159099653,7.06437917346525,True,K562_region_01050
53296da37a10da128e962fd3e9d656964f86539faf83801678d11351fba58bea,-163.11894799768925,-0.703302732965931,False,K562_region_00753
53380fc67553d7f2ed0815e0c477c2230e5b43665c36b9205dff43db8596ec2d,-250.02766676992172,0.373756007229027,False,K562_region_01882
533cd833ed64107673641f1d91547972ce2d90f3d3b1ce1a65c31c481faa2fc1,-263.0346491634846,0.30818669430298,False,K562_region_00585
53410a86258c77fd0999725405fbf82d6edfb8666c17ac5ae8921e1011695eb7,-180.31487956270576,-0.1549392203712,False,K562_region_00039
534af5d7def852ee9db344ba09fb70d078717276af566688285b7e319607a0a2,-272.04578214883804,-0.592727121187401,False,K562_region_00388
53581a5e099d7450c0ed13acb7f0a63a592efe0e7b4e8cb2b833ae3f50175e69,-187.66614098846912,2.30590197148217,True,K562_region_00606
538505f01379ec89404cd1bd7dfebc935139c002139715ed9e4a46cc4c696223,-278.17911894619465,-0.149517332339717,False,K562_region_00675
539ddf9ea2e0815c1928e1e62e71a5cb79969aef4546e5915b686315abd9f5a6,-276.8378091752529,-0.0588661152749447,False,K562_region_00984
53b24b81d68068c02ee8317844bf7ff6dd86897f2ba803b1354c40628d3549d7,-269.6367947012186,1.12806512856202,True,K562_region_00229
53bbf434c20b3811f9d8c8ef32db745119411c374868eca30db936436f10bd34,-197.9026154652238,-0.135782816851168,False,K562_region_02014
53f5819b2fd1a32f6d3f394e665c03242a1f1822a5659771f9d513a3bef00293,-256.908461086452,0.229231650723463,False,K562_region_00789
5418eaec1029be588b7b5862b664abfcd7843805afacb17b6a8a6246a52b47b0,-198.57897661812603,3.43588491357834,True,K562_region_00111
549253349dfc2b503cb1faec02bdf8d5417092a793edba7f2fe28db9e1d3a2b0,-246.9057837314904,6.02379429599298,True,K562_region_00296
54b1dc39b268b129e47364bb6997b99e89e4d94b748a9c73944a0bcdda1307e5,-59.996901992708445,1.6824223504293,True,K562_region_00808
54b438e8f30f8f755b831287b29dde96ff6bfa0a01c0f3df73c0a21e94fa75db,-260.1682071685791,0.406703065474335,False,K562_region_01622
54bc19cae654bb463cc6528a7910a36b463f2aa7a6a4616e6558415139dcef21,-229.0799919813872,0.657034754627391,False,K562_region_01158
54bd4cf6247107fc2606e73468942bc23adbf2fe893d234e3e4c1305c01ca8e0,-271.66298046708107,1.45690673373717,True,K562_region_00286
54dc8078e6c4f1e81cdf3be4d3ccfb32fc2b7492efab1cd5afeaef461b8e0e81,-264.6348391287029,5.28228792145412,True,K562_region_00928
54de9ed69c97eb55f1a8e6f5f8d1ecf39717bee2e286d1ef60ea1e3c91693d86,-164.66440239021904,-0.166777273277167,False,K562_region_01076
54e0c60ed9e2357959db5c98efbcfad85d251eebba3e44dcc221a108af07584a,-260.5472536981106,3.73016196961379,True,K562_region_00294
550a6b34c65822cbb44161f56e177f807a3e1bbebf503bb79473210fa92d9b13,-218.8240794860758,7.81951545332533,True,K562_region_01176
55451acd9e0333ffba84021c6024aaaaaeb4ca1ad92f896e1363393fc70fd58e,-268.798326164484,0.846286636024223,False,K562_region_00991
5548b9ed569a41ce1ab592ea73bb2568f73b116309b2615b885f5b3eac31c4e2,-245.58533880114555,-0.292339064085764,False,K562_region_00045
55875be33f9596b8311369ba4fae473b770d72de64423879ae5d338f67fb0a66,-258.6811444275081,5.78812813185275,True,K562_region_01176
55a2d08cb7aff15fca1d57c4e75cb4d60958727dc879bc32a313c68270031afd,-256.42712756991386,5.42433433430446,True,K562_region_00028
55d63d787ba6aee6b5096847cc17372ef95ef975a1bb233fa9a9c4c7bd8832f2,-239.97346188873053,0.635673206693472,False,K562_region_00034
55e9d88bc38456367ee20ae5591c05572c9bc2263ee88aaaa064b66d7b68f153,-100.57547860126942,0.232734093010126,False,K562_region_00405
55eb01b29c3c0f859c246184a9c1ad62dc3ad38059972a0101cbc71b09c97c63,-253.83651460707188,-0.0725242016652997,False,K562_region_01200
55ec092ee55f67620ca17a2e53473ead369176b45d9b6396348ed9a8ca741bd3,-266.19057596474886,3.12110859721243,True,K562_region_00421
5616de9df9daf2989d526b54597fcdea5ddea588dd0ea81e51ff242625850745,-268.1417725980282,0.838719790212738,False,K562_region_00939
563852e4c3f48515421436e5f82e9c08ed2e5a470c98085a459bdbc249d4c5d0,-271.6404714882374,0.428594450955886,False,K562_region_02133
5644a404a04cd13f978abf629f7c51d925a0a12f7ae409e6a08196549c5c951d,-265.4357603788376,-0.149552020890657,False,K562_region_00788
564d44fc731cc66d2e6d843ed8a0267b2dccf95cdd4bc67bc05ce0417763eb04,-261.4125315397978,0.456646239072146,False,K562_region_00170
565e66fb40f1932428b29cf4762510a3f96aababd2d5c7345f707a222ea24490,-258.1730641499162,-0.706883692545893,False,K562_region_01258
56849589bc14eea7e350813af59cfc0e79a1dcc0f8157c0c4485dd3f75d521a7,-268.36149913072586,0.841510992072427,False,K562_region_01542
568f05c0e96d45b1454fef5b6d5361029d6b59396adf6b779474ce2ab0505ff9,-172.57201611623168,6.38265903895656,True,K562_region_01878
56b35e9379c21930e0cea69e495cfa68aea805cbfab174e29229c501de5204bd,-262.2128485441208,5.04632477715271,True,K562_region_01128
56b7a8b289943244385b2e1216af77cd87c2db61bb9a293e7046b694f32dbfd6,-197.36238254327327,0.303115179853746,False,K562_region_00292
56cfc5303de9866ecb27ecc3da487a6ecf4209aad7e68470e8e97c45cd8989a9,-260.3465802371502,0.559319263907164,False,K562_region_01713
56e4ee3bbe2aa20f03ea20447b1acf33b8246768c05f8ad5c2eb2d7f9d422785,-264.5485517680645,0.379884245278085,False,K562_region_01376
56e706954d535c1339d023e99d2287869aa88bd727191319492bb5882a2d7bad,-252.91877266950905,3.44539200295724,True,K562_region_00137
570ad95931888ca92c254a764e824a27945c62fcc75854455efcb653ec37864b,-262.01143206097186,0.139827445572086,False,K562_region_02191
5763a5a98f6760571b3fd5426bc8335f6fa36cc2a369ea706594e838d679cb32,-167.78305032663047,1.54577753849925,True,K562_region_02241
576cf9777d9a57518ccf237a3233f9eb18d419309bf2a6d91ed9246a963f5adf,-220.92559678759423,0.0591470675310273,False,K562_region_00790
577a5c8d6a56bdfcdd86eed2eba19b16b9fe6d1ca281d527e884b530ac15753e,-252.29808396101,-0.721547125139593,False,K562_region_01121
578df865b40aee1b16fdd3b58e200c6052b973e8697b627588a82382d8979e51,-220.7854617163539,0.0064208151160542,False,K562_region_00506
57b3183ee6944437ab2ec1c04264924cef2513b0c51cb149887fa11b68201f01,-281.60892501473427,-0.263538906879576,False,K562_region_02196
57e0511dc38d7b5b108ae4b365aa6412bf6c4c28563431326d1e49e68d830e35,-254.4640606790781,7.23147007237422,True,K562_region_01195
58074b16d61a7ea379f499f05c8b18ccd7a76cd0123bf012973cd2f91133e54a,-264.1458928287029,3.13595778344191,True,K562_region_01058
5816c0cf60c82720175c2885a331bca6de741b566903b4959dd8c7fd8f72260c,-264.71523340046406,2.42170203576768,True,K562_region_00618
581cbe2dce5caff1c0cdc164a959ab379baeabf4331418d1ac85aef3ac76222a,-267.023543138057,4.05143561883151,True,K562_region_01883
5832a8da8594d187c7d31359c7048187b756bdc1f14de6b0994dca7c31e10eb5,-234.8826894462109,0.10930886192258,False,K562_region_02238
584e3a9305ece923fc67d03024e81d0cb98a0b0a922679b212c02fb7f127ca5b,-269.80674159526825,1.23408240042843,True,K562_region_01670
5851aaa8ae7e0f82536585d8fc291fdfa553f7152239439a695e7577b95af08d,-267.35669019818306,4.5022695579186,True,K562_region_01167
5851e8979982cfe2aebbb1d08e8c1fbafa81e6129c1d69bfe7deeb3a72de1415,-272.5517729520798,6.36123792232789,True,K562_region_00958
58730d423f1702f954d1924a72d04eaac476810340d93a730181c310cf5de896,-264.3309576511383,0.153841245488872,False,K562_region_00288
58a39e5a47938f365ff517093f6641e54790395fd2ad951d870cd0de4dcf9802,-262.32404538989067,3.41951636869957,True,K562_region_01071
58a6bd49d4482aea49602ee1751140c5420de03333662f753732d115cd92b9e0,-248.99482914898545,0.711907413507708,False,K562_region_00600
58b45fab03689c9f910796974551354d909764d7d50c9cdca4286d2cd694d8d7,-237.2596633583308,-0.241586064929619,False,K562_region_01619
58cde7057adf24b659b1649ac3f4d3126a2cb429afb7e3802e1f9233e2c44b62,-276.80660593509674,0.683924004110954,False,K562_region_01778
58df2a360d0ebd3ad29fe446d1e1d691cb4fa776ef4de26a54c75f887feb070b,-271.4916862845421,0.422899055674135,False,K562_region_02127
5906de9891c435b0f116a26cfca138ecd6fcfacd92ca3cfbbb3ba10a55adc679,-76.98319701850414,-0.0005633661636536,False,K562_region_01693
590bea1d9c3e9f3760ec290d32b73b91773c4d5077ad014e66be69ac9a6e7d1c,-256.3073722720146,0.699400340659402,False,K562_region_00993
591529de9f695f185fd5e532734234ba3fd7409a2f43a88c3b496daf0bb82389,-264.82300920784473,5.40918626994909,True,K562_region_01540
59329d64c4476e127e9bae827c03029f4294f0d95cd93eec8a4030116cea4372,-265.98376962542534,0.410971923504998,False,K562_region_00336
593c513785b3b14facae384db74cdd768fe8e126148f74e6125ba80bd122950a,-225.5524161546491,0.148096467814321,False,K562_region_00682
5946623a77441384a1194d849a7da773811c657433169f2a0017759193463fe4,-270.78595174849033,-0.129462860711332,False,K562_region_01785
59723d5413a53e9cee68c12340b35f10203520bf60f3b93a12981c4af7152aa9,-243.54596635326743,-0.431094521593105,False,K562_region_01556
598065dd4ebbfde414124eea0be97a8f194133dc49bc7649628afc9090a26e10,-258.44428953528404,0.164938934665464,False,K562_region_01823
5984f4797c43685de1293de3a32ba0e9e39ec13ccf660d8728f7252cf480c75a,-269.45040118694305,0.0910530095784507,False,K562_region_00927
59a531e37041c51937cb424c329aa60d71d5a38331e5deacb0cd46536b3c4efa,-255.04659451544285,-0.53036469720466,False,K562_region_00708
59afaa64840b2ba32cb938aa2cd991beb9cd1328b087f5de5aa650d15a44319b,-269.396693110466,-0.0376481197246711,False,K562_region_02085
59cce411710cf5369f53d5d1384b1c395abfe83b4d4763f6a8388345b1cc859e,-263.86664631962776,-0.0499513945159696,False,K562_region_01983
59e3120c2f76f91ebedc8bdef86c6bdd286643f66debd8913918c9fa617103c0,-267.86447206139565,1.22038092071866,True,K562_region_01129
59f2aa413c5136a98d322aa5a8849a1b150d11727ab2e515b626d349e7ba81c4,-268.98812334239483,0.698394694186341,False,K562_region_01589
59f54bb60bd1946bdedce36f6fc7b2de0d8b1cfc8ab88ae184ed02a86d607496,-260.9168255329132,4.50484638395513,True,K562_region_00854
5a03a36509b9e32c1cb74f2cd5e5fe33f345500849bb03ae31887ce6811dd196,-265.45679710805416,1.56664833888511,True,K562_region_01320
5a06b9d4c50815ea02ee60780b97ea34711e4e243162c9b91063f168b09d1833,-265.9321300685406,-0.188508779500718,False,K562_region_00249
5a33e76817f602bd7ece8f3821c6bc318d3e589294cf134f35fc7cd7fa4072de,-252.32034548651427,-0.119696879710996,False,K562_region_01996
5a3e6a1231da111cd524586ad9a7848c9972fdfab0282627467cd88388644a36,-188.45170766013325,0.102265356401859,False,K562_region_01182
5a895401169e6dfea1fd105ef57670ae45c7ba30989855279d2bebd06a5ae019,-275.3253260552883,0.462314177598965,False,K562_region_00519
5abc5890ebb83f48f4a5904088ec40e786f24aa520f90263664d5f9de9fcaf09,-264.54109025746584,0.923177390461519,False,K562_region_00359
5acb1c03082d7e131c2a6b919dba7e3e77c649fff4b7b33b43b3a9ec3381a42c,-262.77062171697617,0.340341133626524,False,K562_region_02080
5adfe7f573623b7535907f410018bdf64fec354ed2584e4a30c5f70227a0bd94,-260.624577999115,2.68603423427464,True,K562_region_02094
5af8cc892e2c0c5209e73bb43500f042b99f2b81c3262078aede0ff7b4fb839b,-263.74398159980774,0.210160137358993,False,K562_region_01829
5afa066a53ac1ca9603e98d5766716c2c63b13724946f1eb576b86be8c401549,-273.3478946387768,2.76847852655737,True,K562_region_01853
5b0f70122abe2ad3d25885dac4630e526c8d0eed603655ffe29a21dab1ae1555,-195.96540716476736,1.96606933763673,True,K562_region_01063
5b1f7d47d33ca0c42fe70cfb9e7039b1af9c6a4b2e54b31ec3b12e5d0d02ab98,-212.3242841972969,0.165679633631606,False,K562_region_02239
5b4069c3ef8fe99763b1d2df41919fad569df819bef6651f710c2513b9430786,-257.31107810139656,1.10001382244963,True,K562_region_02131
5b5944bc46f08923c4761007cba6d359e55fe8096e8ba517c3691b27bce119d3,-260.99064077436924,0.0694654815688362,False,K562_region_00099
5b65e1f9b97f424018ed7d235dc6569a778a75bd46696adfd2b9b5fb912fb247,-266.78179800510406,2.28378836683511,True,K562_region_00518
5bc34b970802b8083461175f2517b517ebe9855e27bc9271fbb210156b8a6aa4,-267.40111833810806,3.29825658688147,True,K562_region_00868
5bca07bbe7aee4e80f0d5a4103e283d98d759ab9887f0f98013b9689f31c0659,-265.09219558537006,-0.0156392302763949,False,K562_region_00151
5c0521eac978b7f4cd3ef5e7d3d79a723403cedc34ac393632cd30fe9ee29f64,-196.5487702554092,0.251437463602366,False,K562_region_01420
5c0b79a84fcd515e10291c4c5eb462e611e9d452dccbbec6e3e1013d9d011bd1,-260.16105365753174,1.6372450551894,True,K562_region_01508
5c7a798833d5f9eeb5db2e804559823e80b3ff0525fd244ad412446e1a523b8f,-94.72054770356044,-0.511186398039477,False,K562_region_01085
5c973aea0935aa9008f4a6748ae7298020f540f1a5d1e1285534b89694f266d4,-264.5784200131893,0.729374513648683,False,K562_region_02024
5c9ceb280c8a3786952ff65718474c4a8512078ed886d0c710044042d713a2dd,-269.1951207667589,0.115293204203271,False,K562_region_02067
5cc4aa838002f323a3b240c209979889bd7dfc4f1a9bd4ddfa407c9190aaa55e,-253.9202785342932,0.320277842713579,False,K562_region_00730
5ceb2b717e3b63495df2c0570bec631e33d90e68c9289a33a9ff87ba74ae69ac,-253.96143776923412,0.591946711910939,False,K562_region_02114
5cf966dd5f404e0aaec026b82d4e969ede470a14c4385c88cac8f960c9894423,-174.98010006453842,1.29641510360842,True,K562_region_01706
5cf98dadf8969e1e38ec55c71476222a0f042090f2462010f282037b506ff0d5,-267.8208593130112,-0.192443265103299,False,K562_region_00143
5cfa7e3de16a9f164f478c7e90f121b1bb90b6221b0a33bceff0bffc541b0860,-262.3958319276571,1.03213754143983,True,K562_region_00542
5d0857f8c569a66be633133953c9db556ad739dabc24a3f01a96ddf8d8a07b57,-247.1915484368801,3.74960630365715,True,K562_region_02235
5d18a8227269e56b7d6768ea158f3de6ab54671f4e04c0bdd211da75bb1e5f19,-261.43561214208603,-0.19429461402622,False,K562_region_01626
5d41af8ff3c4bb2b790362f0275bbd7652a3e5257a7ad8d5854555f356378d60,-186.2155752000399,-0.521985492220892,False,K562_region_01187
5d456fd9158563ca740723cce013d41d9d9f9a03f6c77c8f5743382dc18e3202,-265.3326833695173,2.04906198850787,True,K562_region_01720
5d5dbf05b1211abee1378fe6fddbf4fc29e61770c0f08e69bde6f1f333742e9b,-206.82105375709943,0.439696273022977,False,K562_region_00600
5d8186009fc7c72d459ee242224012875cd0bb6a7c16b8d67a2403cd92cbcc22,-235.7589696850628,2.41944750733995,True,K562_region_00914
5d99dfbdec5f2a1dacb201ddb6f9f611c82ac9501732fa950024b280c5fc3b27,-231.89527812600136,-0.0475398721742811,False,K562_region_00134
5db3f25cbeb8389c8ba8ed1c403de16df9f3094e790168da9ada3b112144502a,-272.98041248321533,-0.0929388984472416,False,K562_region_01270
5dbfad3ce73183f850597a6ea32fd360712e1d7251942a1ee9ff1f28e823453f,-262.55069851875305,-1.07260258745765,False,K562_region_00095
5dc4ba0e0ef934c3c57a6d7d8a294b185482029995241473e575eb8f7fbc6508,-91.43324379390106,-0.260920903062261,False,K562_region_00770
5df2555628e769420971f5b12e069d3cef5e0fc8a1bc0479932c299173f2dd12,-222.6120680741733,0.622055296360765,False,K562_region_00872
5e0085aaf71ea24b28eecc9dde32c15429ffa58ae88437f3d2abd2f5df74d908,-265.66461987793446,0.284218454269305,False,K562_region_00982
5e12b70746a31b979b8bc9b744589f4a91c09fcd3f696aefdfbffe58fd9508e1,-246.5671225930564,1.75809965620369,True,K562_region_00855
5e213e79c970b63f430cd08bd4c9a890ecf870db208ae8fb60f40da68df5def7,-184.6669028070756,0.0124834836866207,False,K562_region_01637
5e27356981e354c9c86e296b57a267cf8264510e4e4daeb800d213953d25a57b,-256.9852699190378,5.44571097928106,True,K562_region_01126
5e315f84917789a472cb6f54fd7aefb12e09993f7e6768c84703e4775fc67616,-266.77242305129766,-0.47876661128256,False,K562_region_00433
5e52df3281680a4d1398c031842cdc311e24d41de265ed0b7de47cd2e7f8d92f,-271.0818073451519,-0.603384391240736,False,K562_region_01035
5e84630b60325be06453a4c1c7892e488a7ba8403ebd45accd2b6745a6508992,-243.33201532065868,-0.0179171937912493,False,K562_region_02070
5e8ccd8a55c1c4775d7989c2cf75655cf5112b873d71b5359b50285cf5b7f7bf,-227.74444463849068,-0.850208638712606,False,K562_region_00835
5e8e0036e80858c56222e7f010b37c8eb589a890abff2eb84dc0f6660b37863f,-266.7609802931547,3.53926391776371,True,K562_region_01724
5e9d7acd6b808bc364ec4a2b35a357a98c9e3d361055eae165d6e848c9351839,-263.96614104509354,1.00123436087088,True,K562_region_00775
5e9e77eab25022b87ceb029ac89123ed72170ef8ed01db20a6c528c12d6f52d6,-270.2691631913185,0.505769357725103,False,K562_region_01344
5eb3b5788bf5f635ba74b97de23e5eee6358f03ce1c61be1b4b437c0d3b0f339,-265.5841148197651,3.04792992455691,True,K562_region_00298
5ed0e46b27ae1c04d98c28d9dfcf97a0a70952dd08493c9a279d37f8cb908e20,-265.62773644924164,2.10288941645607,True,K562_region_01941
5ed95754ccc2a1643a96a9cc9fdfed66f01ad937b279d808be23eeae233e2f4f,-263.13506945967674,0.905675145995842,False,K562_region_01418
5eef3d05b65989e3fce43c62f9d3f4d8efefe12f660fb8c871e6d2d349f14561,-270.1599470824003,0.266501213215939,False,K562_region_02192
5f32e7908288a30dc230f41baf5df49cad60c932bbd69c15bc4e6d1260492f33,-194.76488097477704,0.719714670749594,False,K562_region_01098
5f357c93677b52f03c197a27153e69d7ea211e909f30d9b014dcdf67a2e3de2d,-268.0373377650976,3.24314644581913,True,K562_region_00144
5f599f95046b714b384e5335b31588ec1959e6bdb94ba246a6550b0becf197fa,-258.2751644849777,1.57505668233088,True,K562_region_02232
5f8df920b3ea9656f63d21b05650b0960a410882fa43a9c8c28afaff7819eef8,-259.5811252268031,-0.0460924480865379,False,K562_region_01600
5f91d7dd0eb2cdbbc286af9d0150b838c2c16c3ac3b8afc46c3d34ccccfa5a74,-270.11504048109055,3.01595085589277,True,K562_region_01722
5fdbec8622ccf887f39fed8a5970b07ff92ccd59156def0fa29d84152a749a87,-218.65764984488487,2.25018118659401,True,K562_region_00496
5fe8ead4063dfbe945947b43ffde41f27e91ae9e513c6be4a28ca5e54c6a11c3,-268.53243893384933,4.38726301943268,True,K562_region_01319
605496e5b5e2979c528b85a28846156da6a1cff24f83ee824dc15d2f266857fa,-87.85459812544286,-0.566837759148409,False,K562_region_02092
605c37781bdc5d39adfd4850bcb5596dfc2adb33b0c95802dd29eb0d471f9a61,-254.4234271645546,4.87497837126838,True,K562_region_00859
607e169a09938b678f124540597ce0c457f731f643db031922e99a58994d5a74,-252.4448473751545,2.13995276729765,True,K562_region_01462
60a976e7b52eef4348ab82e66537a876b45d0b820f977f1e789f0a5be4cc1cb2,-265.8353142812848,0.914813549751362,False,K562_region_01064
60aa52549709120f349afba454701f0ec3f61d232f5c9c76979358d99fa52fe4,-172.04429201502353,-0.34722610637051,False,K562_region_01953
60b6184eabcb501f2f7d133cb9a0dbb5158ec07245d96dcbb4b826b5dcc7ac6c,-261.30721113085747,1.08318146107995,True,K562_region_01330
60c3b568bfcc61a2c1318119146483b1b29e2d55aa630d0e7629635904e761ed,-273.75705349445343,0.24769266340779,False,K562_region_01008
60c45ac6880502286f5c07ff392a4aecdc08b8a0bfc3c7d97687542d27b7dd1e,-237.90823955833912,0.209475240869245,False,K562_region_00199
60c86d8c2bc469e68f71f340b107895ec42eab538583d0cdd3fa84426f7176b1,-246.82489485293627,0.0458211306166773,False,K562_region_00476
60e04618a60c158dc0b38878b3a634d691aac821742c6089a9b1898be05823d0,-150.37141684815288,0.401166168674451,False,K562_region_01183
60eba78cef1a2a44f3b2a80f7772c51f7be9dff9faf5b4d84fbb1a7ce2400a84,-262.5071798861027,0.449577939261124,False,K562_region_01013
610bf1049114bab31476a0dac0400951c3afb871e071d6e2c8202961d345c381,-276.5963478386402,0.958265677415893,False,K562_region_00342
6148e78857aa58d9ede86e9c230901764f27fa52a31c3cf539b764886cd9bc54,-264.31114706397057,-0.161559888001156,False,K562_region_00883
6165fb747e7f8c84435ada85529c503167a07a1cfa956d571dd5890494c3d197,-269.03404381871223,-0.0863662512512424,False,K562_region_02049
61772741ad26adb5dadde60e7dd69a419984277e21ecbe4d4c4b937787b4b401,-178.15382943907753,-0.203925855872997,False,K562_region_01022
617bab1c9fcd5e647eb249fd76ea349b9b6ed7856e112496661b0c56fcb402e4,-181.7459845729172,1.6302984951942,True,K562_region_01774
618cb4dc0a47eb05277905d880729bb56e8b4a9904d4c693475a9ca943aae927,-204.61529595404863,0.720838492320182,False,K562_region_01055
619cc5d02c34514dbbdb815db60fc75a4adf40f243a4df3b2e362c533cdf9273,-116.09732431964947,0.240011038933053,False,K562_region_00990
61c141e0b42ba7b2f7cf92372a4fe7a94c0c998e74ce95113e105c570db32da8,-234.75977855920792,-0.27903734373463,False,K562_region_00177
61cebd6b5f97be9c7d67b9ed765e9ad4b9d188f7e5c00b9ba63f5ec9db6bb942,-197.94565219804645,1.49443922689593,True,K562_region_01583
61db11ca9b73b751ab89f342c1a6616dc5a1fc0134a086bd33576249dcb94467,-277.2601721584797,0.423739408324421,False,K562_region_00200
61f72d9e42c569615a996632095c6d7414918960fd753b65bc438e21ad197a8c,-266.5019347369671,3.67156108829367,True,K562_region_00043
620ced63e33ed20e7ef6c93c52b8826f14663d4de3565f48b6b4c8c577fb8c1e,-260.33018939197063,2.13291741997699,True,K562_region_00307
621d033ebf544240979050691f86def4c6880e4efbf4c5f79024c6d1505fcdd2,-268.84422558546066,1.20767477503152,True,K562_region_01204
6275a0d95f870de570bff6f803bdb43192bd452d97680bb5e0ee48ab81c45573,-272.92548856139183,0.661081491884858,False,K562_region_01202
628c71ac8ed733a11e7d33e0b53bd320be6d05ca7ed9994907b9d7817d8a051d,-264.735572591424,4.28140997309832,True,K562_region_00208
62903ffc6532e98a10fa04f3907612826f7ec3cdb20542ec890e22599a2dcb40,-246.1443550884724,-0.396376284628332,False,K562_region_01053
62a1d8912743c1959ac4c0fe991d99e12898b2b35fa41667ae10489e2f0e2b1e,-263.0363639816642,-0.314606559820452,False,K562_region_00406
62b95b250c34e3021a5b1e4c35d40135c9edd8d8e53d885a37cc3283a6c6aad8,-245.9104001522064,1.57960657234985,True,K562_region_01998
62e9efb8e32ce017d65f4c1d9e3d65008388fc1b8cd67d18bc518d9f153457f9,-265.74615378677845,0.922057425031022,False,K562_region_00599
630b0792cb0bbd547fe6be7b9198c0f250b7aa498ff6bf0d68cd02dd9b8ea247,-263.0796791706234,4.15010749488253,True,K562_region_01188
630e5a05822ee0b046534979a1503e69efa6b642bda265bc29b49440713adbcd,-82.88510098541155,1.1361342643093,True,K562_region_00448
6315b0f954298fe7cd5224c065c9f74f55551a8535cf2b05d7158c39ebdcf723,-260.3649273365736,0.161251453188317,False,K562_region_01791
631e5620daa86ece370a79d249edf1b8ec55cc6131484cea58abfdd98a3c07aa,-268.6731855869293,1.620000227371,True,K562_region_01425
6337f23b89397c11fafdbfd6629af6648cdab24b524137c2b3b0ac9224af28b1,-239.21406350657344,0.116401574677323,False,K562_region_02041
63dac457fb0cc9987231f50ebf86dac2abfa71d5f930c9591f82c1ca3d70fa3e,-251.6797824949026,2.97188595468353,True,K562_region_01952
63fedb3acd38058424af6dc6b1b084645bafebc455b764e7c7bc85b37ad379ff,-116.4004527023062,0.681231057150022,False,K562_region_00379
641d14d631339731113ddae423a26bdb85618552340d43be25e4f7d996de1f09,-266.7297483086586,2.41172655376987,True,K562_region_00763
641e8422627b4bb5ccb300638f449a9c8fdc85357ec17a6cdc11788a050d49c0,-265.441932618618,1.99156467529299,True,K562_region_02086
6424e056aaaf029a4ead972fb9528c6d9a055e2be985e784b5a6d412285cc20b,-221.126471137628,1.24603420241738,True,K562_region_01388
643dbe39352a071bb8fc9961689f5a8414d97c78e3fb4a1efbebc4dc28c3abd5,-78.58571849856526,-0.145600590134171,False,K562_region_00819
644a15bddd1f747a00ac1f21e24ac31cfea93e3464c47467f135d09b384dcf46,-259.3140907585621,0.403666364036238,False,K562_region_00925
6483b7d578596fc07543522b434d771093246f9a35c13bf130dd31d9c35b1283,-240.95444113016129,0.03102055285776,False,K562_region_01398
64842ab64c1233a0fd0c580b986231d23582c79c9bf1ffc1a7efe9ff09129a85,-264.49780121445656,0.119243341869845,False,K562_region_01489
6486d67b719d017cd7e1a152fada3b1a69f556b83527542cdb2994f0f2e19957,-253.5161269828677,0.518727683878835,False,K562_region_00230
64935c9e25aaafd372b309dcf9338f6f529586d2d21c54e6f6c6cc1b865960ac,-244.07074700295925,4.24244237803841,True,K562_region_01528
64c7e01ed2ad1265603f06b042d7b6a27ba9badbb7b018fe07ae0d831d11bf59,-228.2459582714364,4.26258174908261,True,K562_region_00390
652450361fbcacae78a866493901452974679ef0fab609e293bc4f573edf1693,-234.64696237631145,0.230094264768386,False,K562_region_01206
652fc6607ccd4ee4604f217d5f746f6062b38cd2bf05909c5e8695da2eee72c3,-202.9049447178841,-0.285155807906662,False,K562_region_01466
65436f5e31574a7c17ba5b33e9529ee416171640106e0a916db4d8e75437fb27,-266.4547215104103,-0.0590976568698998,False,K562_region_00258
65515b391061df54e3e2bc73ff71b820aa6e6b9dcef26355624f5e0f972dfac5,-268.0467218756676,0.36106533327387,False,K562_region_02055
65608b14d0691604d0608dda6b2be3ac189264798d2513e0fd52404fc7a8ceba,-254.046498849988,-0.14543728825776,False,K562_region_01397
6574d51ae16f699072bb5a0e26b03301485c0e55710da241fb926ebe7befd480,-256.4787882268429,-0.463412692766333,False,K562_region_01989
6575c30e5d45bca74740e1ddb87c9180414b6cf93f9138cb7a3aabd56894d714,-269.0593032538891,0.254456903596461,False,K562_region_00944
6586ff17670893e2e454372b4d7ddf3be6a68d7e8fc946602db23a529c0ddb7a,-182.5795430578292,-0.504205548576245,False,K562_region_02032
65ad91400376fc0dc098d37cd47870b466128703a676c14d94b80aa79503b965,-270.9366525411606,0.154970786499553,False,K562_region_00666
65c13f0921c2513e83025ae798cfb0eda7196c2d5bf991d8e8a2a2df1983c33f,-264.5921536386013,0.592022889784292,False,K562_region_01505
65f70a8e6bd98696dbacfa617042290c7cb465ba06e8d9ee31cb6c1a28e8463f,-226.5887540299445,-0.147727084234572,False,K562_region_01517
660824d9718f8e36f8c7d34cafde21fc85ab501bf43f78b0f10e9bf713846e27,-274.02976459264755,-0.1736497936204,False,K562_region_01452
66175c0d9c236b0c350bc8debfa21c2f692a2e91affae142fe1bb7f5d89db2d1,-272.354037553072,0.86934263736145,False,K562_region_00401
66298b609e8b26e74f669d89ce5ccd0f50963351182d3de724faeacfd9548828,-267.46723783016205,-0.10032900555152,False,K562_region_00300
662d7e3b9e513e266ee193978f0cceaf383dc1e2217bc5741d8d4b50680ab32e,-243.352455213666,1.05737337204926,True,K562_region_00864
6652a2f1f5036a49e6ee3451a3571728a538e29e1d5edc3d87fe7cf984acea7d,-255.8320739716292,-0.320871957542208,False,K562_region_01555
665d45e85e40b679bb819ea71284f8706a8f33e510e311dd26a6ae9b3efd118f,-240.1331131085753,0.222840489298986,False,K562_region_00510
669ec5f063acbfe9a8a3317e0b935c0dc02ee08934c3cd4a412f25937d01d492,-269.1879308819771,-0.261851503938585,False,K562_region_00897
66a2aa9b6587a916132e2e9e43d55f0732623386a7a5aee2a141771dfe9751b0,-263.5700204372406,-0.0111909793405434,False,K562_region_01634
66a88e5010186d51ba702093937fe406b8ad150dbec6a5ef1a9c8bf23d0edca8,-276.1830676048994,0.8662936069564842,False,K562_region_00904
66c1f10a3611921ce3967b0e17632323a94784532094abb179f644fbf0ba27b7,-264.95609068870544,1.84494616838762,True,K562_region_00333
66d4b96312d6d62c30ca113ce52f631ba841fbb63ab2ba60d4f6cadcf57eaaf4,-259.3292064368725,0.0873398986903563,False,K562_region_00714
66e0d6233ed0f1c19932f21dc56f9062dd114113ae0f4517ed866f0e9f4293ad,-256.729461401701,0.125248181949143,False,K562_region_00834
66ed17a8a13c946102ae46f59b595ff2673c6fd29b626aaf3c4e4792e189a6e1,-227.9821047205478,-0.262427124257639,False,K562_region_02116
66f3c3ebb23cafd0b75561df404ddb8f3bc21ed7cbc10f29d61f5fffefd8448d,-266.49624178372324,1.09403188212282,True,K562_region_02180
673fc81325fc93f2898eaed35e795246234a15e74cebf5ab62bcfde7394fb3c0,-241.29756282269955,-0.166060880288489,False,K562_region_01754
674115b046132013c013edbd5cd38bec264a5d11e55ec8146375ed51ce503fee,-113.1683762599714,-0.248591813558276,False,K562_region_02096
675782ed5a620c356a443da3ffa495339d3fcba2326d2afe43361f0578615fc9,-106.55951197817922,-0.211360431287,False,K562_region_01103
677a2a29ea28187b257aa2793a6f77ee62391fcdb8a3ef8be53af0253315d46d,-270.66693156957626,-0.163088731344457,False,K562_region_01458
67a0cb8a11f076b908664c2a01921fca96bacbf62dc78d50997f5ce3a5d03474,-265.16733753681183,0.277628401482492,False,K562_region_02030
67bed0a68339cc9a3e3e3f510e5ce108df66a6ce574e3d4ee73b11bf303ee014,-255.67701993882656,0.860485569451163,False,K562_region_00821
67bfe38983d76aae500303e5e1179b58360b0c2854705de3488c47ae9c5d353e,-268.8677884992212,4.48171772278785,True,K562_region_00154
67da5dc87b77200acc6f5f2546b90bf53a483a285b5ed89facb5b99f1eec8922,-256.43636709451675,0.0663468787933871,False,K562_region_01200
67eb27ded6eb1bed9a708ae157dc6e6173c65c82adc0e2326e85939aeb94dee2,-262.42418146133423,0.112255211842246,False,K562_region_00138
67f5c9ecc7a9bfb111dbd520d23d8643b784e39e9d7ddd87bceb7413fa0b7531,-203.0447326246649,2.82943913132602,True,K562_region_01630
67fc50d7af0249cf860b2b3bf6507ab7556acefde6df1996fa49d7832b3dcc97,-267.218950510025,-0.180419258076907,False,K562_region_02244
6814c035b41399d38ea06c95c00e84fae1f27da7c0c67fad1990a064e93b11d6,-264.1799954026937,-0.602661608793274,False,K562_region_01285
68171cf71f156c0f585a29d3d2199e2fb56f05ea8a49db3965f38a96244b2c2f,-262.0447703152895,2.91444632352476,True,K562_region_01501
6826fcaaf92747947fe1197f7a31a4fd769f62c4e69322f42fd29a7291f331e2,-258.58271729946136,-0.176145058971363,False,K562_region_02176
683a54a43a7fdbba4541dbdf005a4c0630a9ff186aac2dcf7db26edbe5247f6d,-269.57549530267715,-0.611207352754909,False,K562_region_01325
6852304f06cc937cadecb734b432b628ff726ca1925f01d073391950034f82a9,-267.668617606163,-0.153869366158861,False,K562_region_02240
685c086cb795364234d61c2a3d445c833ee14d3a6c780dbd0b17c7400bc96835,-260.2707209587097,2.30576098445202,True,K562_region_01515
687159188c335e7f5ec1fe30932868e6599eb6899f80e8bfec6dd27ac11b658f,-267.716257840395,0.0885613743743633,False,K562_region_00986
687e5161e6be17a19dc37bccf8e322a1f3f7f3216df6f6f48b7305cb957aa550,-249.79080584272745,7.23126569426773,True,K562_region_01274
688c2d25924740276ea28844db6f6efea10606ccdcfc034c30da18eacfc7e026,-268.3552296310663,-0.757029820709689,False,K562_region_01985
68913d98626083feeb8806104b21ada770ec76aa6cbfe8a46ae2528046164d16,-270.5755535662174,0.445493279178842,False,K562_region_00123
689895b0e8095e01d8f4211d429be8b82149dea70e903588d0fcd7d0cd78870f,-268.3299205303192,-0.121694234814128,False,K562_region_01863
68b891f516d502892cac7a7233505d4ac1d6f128d932e2dc3c0e44c787f3a560,-181.8825340718031,0.295154987266556,False,K562_region_00814
68c1a1822dcb5e835eab9d6a42161aa4f2a071e1bdf0e194b2a10058e1f2d8b7,-146.33985669957474,-0.107904537901273,False,K562_region_01970
68d5902d41c0d26863f689230a387b9c1d89fb3b08d20fa78040e6138affae82,-230.6044710539281,2.77773811666278,True,K562_region_02174
68e875d587be2e2f5b2aa1787867626a5eb774e4a2031ee6ab0077cc634d1145,-269.72473335266113,0.235960877878611,False,K562_region_00686
68eb57856fad9376d9703d254b8e06c3f30c7bb0d44bede6124659aa8bf37be5,-267.0336087346077,1.1978590502903,True,K562_region_00955
692864d7b027eb759796bf8833f0aabd1c00910dc819817a3ddb0568f350ef14,-258.1483098268509,3.54850782783624,True,K562_region_01501
692a10a5428baa0faa4998ca647e538b995b6f744ef45cc3e58fde11dfd65471,-86.13623570976779,-0.107906509592794,False,K562_region_02013
6933d87d2c3f1ad5056bc803ed983b3d8635eee9ebcee81fe647f14e0a7c3184,-276.06130707263947,4.21040694363085,True,K562_region_00270
696626dec51b7964ed93b22e1077b57956f6270696b99b1a7fef77fb15e5663a,-216.14116943255067,0.224652167095547,False,K562_region_02005
69a40b47c39e14016d396e23ba53fd1f9d253b0682b5c99d62169d8593e0fcbe,-273.7623074054718,-0.25014275080135,False,K562_region_00204
69a951fb5a6cfcbcd0d852728dafd13c0c0f234f3016b242b0886fe3144c319d,-256.8741143643856,-0.217207110800304,False,K562_region_00264
69d6412ee4dde9bec3d8a48ba94744f0b6aeabac80d5960c760399f706968955,-272.4480720460415,4.83610719516856,True,K562_region_00436
69e424765b45b18b6a3159cf0312547196875f39fe7ae511300ee973685add3a,-263.5395627692342,6.81129860648201,True,K562_region_02068
69eca84f69549779b61e1fb4cb4f4f9e0851d388b251594bbcd33fe5b0e874a8,-268.15971887111664,0.60604259833453,False,K562_region_01015
69f342c78d49c6bdcb3cf9e9da234c99aa26a80dfb33748c3920609975ae5685,-265.88861003518105,0.453616684018636,False,K562_region_00427
6a59214a6d605848d930184468d706255ba954a9f517c6f2d7da1cbd396c789a,-104.49896268593147,-0.124411449856893,False,K562_region_01074
6ab7195382d205aed7bbb391205f22070e9046325149c69194e15c05d104f877,-269.1513573229313,-0.0515122133086747,False,K562_region_00660
6ac94a7946c0cca8d66b6566556bdfe9d163a90b1b104f4f9a975ce793973dbe,-179.25972328754142,-0.17636783543218,False,K562_region_01192
6ad6121963d28045139d3ff391f574d696fb9e4b92da32234787be58c83ed81c,-195.74862145632505,0.424593013983394,False,K562_region_01539
6af0c157b5884cd2303bd46947972d377c7bec2a00f9f3671bf0b794cde459f3,-251.5062974244356,0.0206834662834962,False,K562_region_01870
6b16c76c866480f7f61f5f071a38d4eadc589b3065bc958b5f20a87cef3034da,-227.02878284454343,-0.26776662133452,False,K562_region_01561
6b3cd46e9b5486a5ea0968cfb58e79ca13a6bc9ab72e4f9a5f338a55ba12a407,-258.2689411342144,1.90293508339558,True,K562_region_00948
6b3eac18d1705a581e03c4a1c611f804af8ce65cf7c9054ea1e4f5fca7724685,-265.27399012446404,0.307102144073733,False,K562_region_00836
6b420588b93de7733f364f9f0ef88a0ffe24c45c518460dbfa88cf9d6c7637ff,-259.42347110807896,-0.133315386464478,False,K562_region_01898
6b44102f32a60d1c242125ccedcba68d7ff59fb52871d3d4a91bc8c0d03a5df0,-106.03997349645942,-0.659709838123435,False,K562_region_01183
6b4966735c34aeb652f232ddaddca0c9f499465ffdfa3618c9bfe5696d04b5f0,-273.314844250679,2.61740419738259,True,K562_region_00096
6b6651a23b937a10381a02d0b93857ad28fd89eb571256fb2ac51df8d0ddbb90,-223.97693096613511,1.96724898085571,True,K562_region_01078
6b6b7c99ebfc0e8c8fa5be434f26bf0316fdaf0bd2178058237b07dc1808a5de,-236.97904788143933,-0.0953411591339872,False,K562_region_01896
6b8f70b9a607bd5fd36723c14c6f9121e162c67a940169f16aac9c2694be1484,-266.0801349878311,-0.710027697113738,False,K562_region_01550
6bc76f78bec725776a56cfbb7b9bc2f47d908182a389d10155eaec61ba09b729,-264.818247243762,-0.0225182472122612,False,K562_region_00174
6be6a4ddca145d01830dfadff73d1a8ef652f8f4f56f0c33ff9bcf27d0818be9,-262.7775913178921,1.08339372801398,True,K562_region_02025
6c13af09456192efd0fb4a7dcb5f8436afa7b141a61809c62aa1a69afcce38f5,-242.62559639289967,1.6981636035426,True,K562_region_01345
6c35e91f9036db152057e2bcff42f9287b0dcf0bdb7fa5004d71a787936f3a1d,-267.4853522479534,0.465160285512245,False,K562_region_00437
6c53ed5bfcf551c2005b24ad65414ca8007cee092e0517fee3a15a4e2b29492a,-201.450975144282,-0.0309299142098885,False,K562_region_00167
6c5b9fec2cb25e69b2a217527b0a165857d154a219b6f586d49f21fb79ae2bda,-256.7218011021614,2.20612006092984,True,K562_region_00308
6c951f422beaa6c60099bd05c4eb6cde71131bfd5288d0805426c45d5c5803bf,-227.82677613385025,1.81699349419294,True,K562_region_00742
6cb314aa3d3ac6e9b6a7301242339283d039f4d05b21f36d1b34a685c82a08ff,-240.0322181917727,0.134399185568469,False,K562_region_00734
6cc261767bd66978350402d3621fbc761d225157066af9c31fddb2c59f65fc0b,-254.75683683902025,2.31898956005313,True,K562_region_01284
6ce36f3ca72212de2552aac2c293100149723fb76fbf365e220f8af949393f7d,-270.9019356071949,0.434174315568485,False,K562_region_02137
6ce883ba2d6be166f2a75195dd32db7fb74bbe149e09ca167d5ec9425c36a06b,-258.8123319755541,-0.020578159765242,False,K562_region_01815
6cfc574516ebdb00b011692a90e701c100768784523def3a0250a640f5383e4b,-257.455740749836,0.438200894029446,False,K562_region_01156
6d1ac4b3b78a36ed15e5adb0244579b28adabcd2c4d374f6f9335ba243b86a5d,-262.46718613803387,1.50991518709919,True,K562_region_01993
6d3065a666c1ddfe505ea84f580726c2105d6d9c370eb958d0ef9d37b0e71654,-260.9817072600126,5.38594475410778,True,K562_region_00586
6d31b697ee7ffc0feefb0158883f7f363fb74916cd8843be11fc1b5de14db6d3,-150.3148164844606,0.50911144125188,False,K562_region_01537
6d45f5f26fae0227d983b90c54882350b8a5e4dfeed50bd0ab8ea4de9080e6cf,-253.5479113906622,0.164376651663103,False,K562_region_00487
6d4985d807071ce2c7072931745da49a1c7da64f9958fe34456af4b56e2fd79b,-265.6390945315361,0.426711183869237,False,K562_region_00716
6d6eada2b249f16cf32d219da1ce8278a91e027947998bcbdc6a9fce19d4ac71,-248.00133872032168,0.0153261258227254,False,K562_region_01067
6d7908a0b690e5d25f81e35ec9d10415dd69e97ae3ac8a2d145150c9445910a6,-249.52707386016849,-0.280000867770611,False,K562_region_00227
6dac718c44ca30e8c34689a93d0582447be6d331bbbd2f832f3938c29ac89f4e,-268.86701503396034,0.898773165748822,False,K562_region_01448
6dea6ac7710f2ea84fc9f64799cfb0bc5f458479fe885c2db531ee930670fcd8,-264.8326290845871,-0.112233102224985,False,K562_region_02082
6e0fd73e267d47e39a339bd1a69ef051b44edcfd84b884168cc28b12aea6bc78,-263.2702414691448,0.161756214418246,False,K562_region_01531
6ebca3abe773fde8cc40a9419879371ec85490e077a42178e65811b8d862b3b6,-248.44808185100555,0.608407943554057,False,K562_region_00945
6ec049e6177b081baafe770dc610c1905a18d311a57306d4d5b97aac67f0e4ed,-112.4653453649953,0.681747426422389,False,K562_region_01117
6f027ee407555b6b18dad1a364baaca33b93a4f84918806306abc07e614e65b4,-259.9150723274797,5.82560344969413,True,K562_region_02025
6f44dda053b1f44ee1f2cb6dc996e9506dd043020cb2ebd418f3c9d0ddc32eb2,-143.50923451036215,0.420475984759265,False,K562_region_01571
6f51737ba5229d9988781f176711da5b7d1f28f3c99451fde0f63ab3ee4877bb,-263.1387874186039,-0.342392966936757,False,K562_region_01661
6f610b0bcd89949612c738887a02184023a322888449ee9f28f110cd91d913f1,-99.0404051207006,0.0540004448795549,False,K562_region_01637
6f646054f31885387828a47cdb91e8c575f01c48a1b1a443327c99426090307b,-272.9967138469219,0.440983349209165,False,K562_region_00867
6f7695d268b3dc4d88cd25d38587bfc3c060a2ceefc35eeb396d017afbcd5f68,-219.7847152845934,6.57336539360488,True,K562_region_00317
6ff8f740ac5e8323596d325bedc7bd4aada05e195f5c96f3c98743d3c5e37f4b,-271.03663247823715,-0.595215819167482,False,K562_region_01925
6ffa5baa10bcd82e54f21974001c5c1e47c3abc78622bc59aa8ecfdd81544352,-263.9503921419382,1.11809872973036,True,K562_region_00202
700553fcba5fe9a6c415a0f870b52edef296d4b17812fe0d0c9b223203309a46,-270.71858564019203,2.60654868260695,True,K562_region_00815
700a91875f8cfd9298c538d867e6e0fd3ae4296eb236e75f391460f9d7991789,-153.87308991223108,0.239006188855219,False,K562_region_00603
7033056276949dca0e5705f295e51865fc7b5b6049c8d8b7d7e4d0781681958f,-254.40331101417544,0.432929467200022,False,K562_region_01329
707c9145a5259540c3c4cd85b6dca170214c251170031d911e282a57b1f6c45b,-261.4987422823906,0.712116636254393,False,K562_region_00025
707ccb0e083473570622fff5eeb4069c1117b671aba09f264090bb54f4eb4b7c,-250.7055203691125,-0.134380625725733,False,K562_region_00726
7085b09887533352ff8fc776430172db7c65dcfb63a9794ed692d218e12f4bbe,-247.83637589216232,0.689265599982442,False,K562_region_00945
7086201a8c76b9f3776a96014462eebe3566c4119663220243fab71b23b389d8,-271.0605337321758,0.0342997611687733,False,K562_region_00069
70921496579a6931a52c8d7439bdcdb0ae0641146476a10f785f3b8e51b3c5ef,-252.28725500509609,6.89367957452057,True,K562_region_00397
70d1053b739cfe70235726a8e80e052f4bd0b7396267e36264fcbb06fb554144,-274.8834770023823,0.869377470892078,False,K562_region_00552
710e1be4f541e0fc9e39d00210ea650cc35ebbe2705b5df1b005c56dde90a94e,-239.80880795419216,0.217301418139189,False,K562_region_00962
71207cc9a4e889f2708e77ccd087e2d6ba26e1da14af5e7eb422696453b77e40,-264.551061168313,0.544593479502257,False,K562_region_00394
715096b0d2ddc3fa8e4551a9988275fb40e3a01b9d5aab5d44afc6fbf0cae2d1,-251.9675135016441,0.93476457707631,False,K562_region_00021
715657211dd1745ea3d40be4d05f537e0ef215ffea116ca467249efd798599e3,-270.37120869755745,-0.0937910995702992,False,K562_region_02155
715719556f29f71ea7518c9d7b7bc6abe4923203dff274e5b7228c190a689b99,-81.79035057174042,-0.265582381820935,False,K562_region_01405
7166820d862d21c1d95ddb1872716b8891b421c82706c00294b1b11382f76b1a,-269.5217559635639,-0.279376985972494,False,K562_region_01198
7170df1fcce62974ff29663b528cca97b8757ddc2ed018e227a9e4a03d052fb0,-244.40476861596107,1.9271238319979,True,K562_region_01358
717c32788efc21b6bd1074c5bccb0a2c49e8b9986da6eadbf8bb05714e0d1a55,-270.79307556152344,-0.046853307423766,False,K562_region_00491
71911ba44b437491c92ba084771adf3fa3410aa89312858dd24fc7feb6ec6a53,-153.4571626870893,3.28990475330124,True,K562_region_00941
71985cb9adeca3c7630ce2a0d25bcf084489b893f84d60b005cd708d387a3755,-263.9441781491041,1.80586451828051,True,K562_region_01109
71b7abceff41366de30a0ec48b58c5b66702e3fa88dd92e9be8750d647f64662,-267.0801250934601,6.56992288889106,True,K562_region_00262
71e874044b79d784b88581c4bb67119403f657bbb837c5b15afa2c2955f66fe3,-266.6107131540776,-0.0564705888211653,False,K562_region_00524
71eec1f81095e38f278d48b941a538497ab48a9dcedf993bf5eaef442f00032e,-199.38594842050225,0.27437793588794,False,K562_region_01444
71f5669d39edba6a17b59625076257c361407d026739eb275363d54841dc7757,-144.67850898951292,0.192486946782591,False,K562_region_00551
71fde885d8a5d0228c2d58671440d63c7bc9ff842bac637c893db8eb5466b3f4,-259.0419887751341,1.49274261427224,True,K562_region_01261
721e954df4a187e75e7199a57392c4b8c9f5dbca4b4a24a5117fc8a0f7da08ad,-238.18561126291752,-0.455185200158643,False,K562_region_00316
72378610be8135f572f3592ab48f37f1d262c0b4f534c8f7e36dd1a741eed634,-263.00867202878,1.65297253727223,True,K562_region_01271
723d2d044b4d05a5a527d8f982eeb5fa4839d0dd310da4a4f28f34e846e44d43,-265.02558067440987,1.73595657869548,True,K562_region_01416
72417135103314443b278ccf6a849e795500f4efe198462374e2e2aafc4d86d7,-250.8537773117423,2.37918266574083,True,K562_region_00030
72543929c4171c79fae44dbcce26d8a9cfbe6bc4e7886739d585f53d151fa524,-255.81691600382328,-0.140355446520036,False,K562_region_00056
72626950fd833ff385e3535f4468e2e16e18d1406faeb84356a7ad30abc0e353,-259.0771849900484,0.835839773108007,False,K562_region_00731
7264367b1e4cdf3124a648f69f2638f79cac4e64a27ef9e92785a99e3b578ccf,-270.5523609817028,0.279850134726267,False,K562_region_01604
726667f82fba291bdef8e475344aa18d52ae2c30be7e1c0353ea95e7d2211954,-277.7221317887306,-0.121758920654069,False,K562_region_00078
7272d4f2cbb3c405321a7485f4bfc2804b8c8b94a6db449947d21af3546c4c99,-275.8722884654999,0.46349551298662,False,K562_region_00368
72967391a535d68de9403b81c58da4213871aed55ef873be95c16ba3acaa5d56,-256.5812330264598,0.431109861859349,False,K562_region_01645
729b7ba6441a8a19a6a06a799a41099ea09af9f63b3858fb837986ca8e9217b1,-249.6090955371037,4.57048924246194,True,K562_region_02029
72bda1b1c68b3f6b78e79555ab8345a7a19049cbce85023fbbd2f9d993addf0b,-266.9170713573694,1.86065421369956,True,K562_region_00237
72f2f6fc29f3dc72fba352063fc4e466be8e49f1fe74b83bdf485d877c7a91ec,-269.9564883708954,-0.226037265060114,False,K562_region_02022
72f4de5951b2dddde505984d18a382956811d2756a5a1b17dac6e0bd413f4d5a,-256.4638747572899,1.71124692869005,True,K562_region_01607
72f735bff0430b634010fce45e44ace6c1df1d204915e067c0d62cd2bd76161d,-252.8224224001169,2.25431559114993,True,K562_region_01508
732c90fc273788e0958f8368db3a225f5904d6968945a82f616842c4fa96de80,-265.42265014350414,0.30049395364579,False,K562_region_00248
73350adfe877d87de3a133c652a7a67ed41d475506d6c98c4ab70f891c69f0b1,-266.4472033083439,0.0090238300934063,False,K562_region_01733
7339313e4c29805994f94e48c83adae6c329255754adc9b84daed1c02c032540,-235.0006911603268,0.213707037780177,False,K562_region_00685
73413d3eb4557d306156cf78187b8bf1247e8bf1ca544639895c1a4144b3d501,-248.2217635065317,0.346620521948288,False,K562_region_01992
735092fdab3d52c1ea20773f6600a0f50b92a1dc75a7cf52605221eb06c89c1d,-221.9894746169448,6.44291866607177,True,K562_region_01878
7351d7afde621eff306dd11cb47adffcd27e67cef9ad5c6b899617d05be3a06a,-265.9962704181671,0.248547461605461,False,K562_region_00001
737fad6399dbfceda607091d2473fe4a252780589c90a119c688bb317df60b42,-261.22276481986046,2.31786258338472,True,K562_region_00622
738f7cf9ed83ed065c17a006f895edce44cc2d7878ca936090f32279bae73815,-134.63152037310647,0.431705920115862,False,K562_region_00289
73b5bc6c25ebdf591b3464dd191c8044e3b44e0aa295f658c5789247417c4ada,-249.8276598388329,6.82876019790866,True,K562_region_01049
73e11b636cc75019b3c3c7ffcc74bae6f2bb8f77e968141e4b3e52bd5247ce23,-114.01878474699332,4.10045623840729,True,K562_region_02001
73f3e7f8497c1eaa24032ac8fe2bf0e14d476e35a5879816d07eba1d05354ad0,-269.07825611531734,0.625219784160107,False,K562_region_00832
74144634dfb69dfe3ae3449e36c65b60b3b61e79b4b5c895687437536bce6f23,-255.4210615120828,4.23809818865067,True,K562_region_01166
744511020efade981378766674f6bedae6c7897eac711ed7797ae0d96f3d04a3,-256.0255605205893,0.694583584517884,False,K562_region_00976
74b73300e004090e30665b000cc40672e9529c6237e4174649e890fa172a8a46,-258.48191502690315,3.34630205143265,True,K562_region_01501
74ec45de56c22ea7f6ddc4af5ba5689f114d2a5033f6f9bb0ebf0b516600f1b9,-270.71397380530834,0.0637127201747413,False,K562_region_01699
750d8cf54beecab80eab8c6140d4663bd6ec7fc49ebf886253c921b1596283b0,-261.6632495075464,0.651863265343167,False,K562_region_02246
7524d43389cb10a692c8d3e556b2071f0657371382d580a4fd61810e3dfd2ac0,-268.0951135829091,5.88554068913458,True,K562_region_00081
7547d8e159fd7b97b61c26f7ed6d5418187d367355f0f2945ec4d625c6536e0d,-126.04994704210549,0.253288792981552,False,K562_region_00723
75535c90342cd77b16e03350c65005421f15072e672a7e58b02faa46eadd31e3,-253.4019614085555,1.19476245557243,True,K562_region_01644
7564baadcc016c39efc1e367589bb6407b1e9da787f601ff59ae527e6c1be74c,-253.33034746348852,0.175779391629079,False,K562_region_01667
75b8f69458aca94a3af745e317eeacc732d89094735f051847e2c2f56c6580d1,-262.5458184182644,0.175848821134427,False,K562_region_01197
75cbb3c69b92aa8767b7aca51eb9b92957f5e57654737c2e6ef46813588d406e,-235.2869107723236,0.649982006928229,False,K562_region_00728
75e52385f599513b18cf12342c36ad2eae72171a278165aa62e7a23d3076cf6f,-232.0718917013146,7.27944104942545,True,K562_region_01190
76091df52edee56b9ed6f005660db5dae0ed51cdf794161070d3ffb5f9459bf3,-270.4754962027073,6.84691642130481,True,K562_region_01784
76158c294034894b00ff4f8335dcf884cb903fdc94c29829667cd431b1a7518f,-148.14027976989746,1.5443365651735,True,K562_region_01378
763b891ea0c0ad2c44b68433fa81faa1bc9a009fb8d0e4ef52ce5c05878b1b28,-255.1940799355507,3.39274236642572,True,K562_region_02145
765e0f0d029edef48e9ddbdef9654b624c58e4c13adc7335f9f045f2e50cf9a0,-269.9282802939415,-0.0416924996025117,False,K562_region_00832
766e0f07cb0f8ff27e547a42e901b7df2060aed5e9e00aee40a41446ba2d8c7e,-267.81620076298714,0.859194074435475,False,K562_region_01822
769bf6406eab3e88599c6067b01d8f3f0c5a3086f60dbf35bdcec6e505818764,-170.69211401374196,1.26647716629447,True,K562_region_00791
76cda0bf8d1a09b06f93fc2ef4f2f74a8b2ea539ab7b4138021062fecd86ca53,-260.0068849623203,0.0513559579515359,False,K562_region_00844
76d587d328ef3e7dde20419f3bb8ef6edbe8cb6a66f503be4441ce057f29727a,-266.3081611096859,0.12645526617873,False,K562_region_01688
77221105798bf5a603d4aa452ee2df62034303743c729c92adc0a21b2984a133,-259.58666029572487,0.236555827487942,False,K562_region_00632
772825be6f3e9789b4f95741cfaa54f33850a1430c49ed3ac350f33e6a3d515b,-260.8814309835434,-0.19619529821915,False,K562_region_01753
77327831b340092550bc58279f9b4385d8167e44a394f91eca909574ac0f3812,-133.24180323071778,0.470551459012666,False,K562_region_00477
7746255b4bfc096c943987ddc4695a00967a66e7b1a1787e6be0454d4f266982,-236.6480722827837,2.74080840543641,True,K562_region_01788
774be1101d9341da679de092078468af42658112f055c087b96e37fa9cf4192b,-257.2547700405121,1.25611520959941,True,K562_region_00964
777ed7e26d243b8070a7469fe4520a77883fd900b69180194a50b16521d51c0c,-207.0315593630076,0.176963966636943,False,K562_region_01708
778975d13caf292177f986bd72e7e6304d1cf2190cd6f5015741a3c98e727129,-251.2133111953736,1.75510538007519,True,K562_region_00995
7797e23ff4f8aac97cd9c40ceba474bb2b0fdf1fed6b64825727dc0af56ae114,-267.0051597803831,1.33002631361027,True,K562_region_00536
779d78cf8f7b38756a26dffa01b67267fea23ca0290f6e56829f253153283583,-279.34627086669207,2.66529855365707,True,K562_region_01254
77e37bd045d79dd8d551b537cd84a78f94670d64f37f6a9ea9910d25427f10a9,-259.6729321181774,0.0687653771038907,False,K562_region_01836
7816094ea3792db6a396c0d5a427c1ea36fc4d02c87d7bec6a5f4abb5e3dc378,-260.8819970935583,0.279552448093888,False,K562_region_00912
7817344a3bc322f7675e255eaad25bdf86462050c09d9a9d2e784845ae324d10,-272.09024938941,1.77745860293048,True,K562_region_00619
782cfb333ceca8628b418ee47c0a704bc9f90854f8e3c5d07edb016e420ce127,-226.2640051804483,1.70913393173698,True,K562_region_01364
7844237e4fc5fd6f7a9497003dc74e5409aa25f56bd1fd59545631145ece737d,-182.6066168066464,0.0684403242077212,False,K562_region_01973
78531929123edca1e84fcf1695072be37da5a2dfb3df1850a883b0e2c4307641,-272.3193931132555,1.63723683374857,True,K562_region_01673
78824ed0b776da78bf3c5d277915e93eed5a54c53202ca6f648a8659c1774449,-231.71125351660885,7.14073342614332,True,K562_region_00774
78b382e67add6fd3a53f8d8bc80294ae7f011fb68ea4e8674fe0b03bf96e9484,-263.8819483220577,0.0674954209766566,False,K562_region_00576
78b6bf4375efa1a94d0144c31ee3b6624855f9373cf5d34c1a025a5acc65a1c9,-262.7420249581337,-0.233142434697748,False,K562_region_01829
78b912940f731cae17595f295387158d74a17ad78dfc757e83c974340e032b86,-257.6341551169753,0.198366546306229,False,K562_region_01097
78bbf3984aa6fa3436711016ce9cfd0b892dd0e01918600a178df91c79e20da2,-227.7765796575696,0.332220538543602,False,K562_region_00695
7940aa2c3ab8eed2aa782b217b8b8afd3ed75162b3063b0f95a0596be19c0add,-264.6388300061226,3.40851243310098,True,K562_region_01019
79468558301e1e302761a92f86242df27d40d0435022c6b088c63cf73b1abb45,-269.3332217633724,2.46618754576615,True,K562_region_00973
794f7bf950959ec66ef9a5e657eceacff10aac7e689f01b174ee24d73d4c318f,-271.98666909337044,0.165249838295676,False,K562_region_00272
7953300f11a4fc2b5b766d6a930d34350169e3019c078485554f4037d058f7ea,-259.3203929960728,2.84420951801688,True,K562_region_02248
795e2b965a29fb801f8a1c820edb4d4759c5710ceb471730608ac6a393417e37,-277.168640434742,1.76109273417105,True,K562_region_00904
79d07e400111da295db09ee0b6418481fdcb19662dc4f02b3f2353604b35e9f2,-269.22707479447126,4.59074750186249,True,K562_region_01327
7a1ad982bec8eee7037f7ce2668910110e74be52ee9a12f124009141f777f67d,-269.7528998553753,-0.247270068445687,False,K562_region_01599
7a3d7ce3b579b1e1606cacaac63e437526a30337fbab4ee42f7e8edfb75e4836,-262.436337351799,0.772736648220937,False,K562_region_01732
7a8a308f8e69911ffa9a8988956737dc8253034c4727cec01d2068b313d7c6de,-268.7320838272572,-0.337760825089963,False,K562_region_00234
7ab8825d45bfbfd01a32a5b1cd5b031800781963d55ac9c251f39516a4ca2c48,-78.67429597117007,-0.198300352471365,False,K562_region_00462
7af1d3fa337bfefb38a40322b2cb58637152d2e21be96cdfd8620cac477f9f97,-187.1150495512411,0.0314730626530396,False,K562_region_01137
7b2bccd9f0a5fef5cb6a39138f000c9bddd643edf4f85fe1437dc5a4008d3c29,-155.51347711961716,4.25172958689867,True,K562_region_01901
7b3cba94616e00a509a5b1e292368f492b6ea7e9ddb70d58bcbdb804ed6433b9,-268.799790173769,0.853080727217112,False,K562_region_00220
7b3e5e48d8c97784f08a6ec09f292510e0ea132ebc0b852b39b3bf6014740b81,-149.7321429811418,0.163616902998234,False,K562_region_00781
7b5b94ff922aa462c8c9d89b56174692e8a92e14b008bf8fd3706483d0e704c0,-181.8298560678959,-0.0371478278018131,False,K562_region_00184
7b6f038e4ef6c85c1cf6eb2eb4a40b95267ad81c1ec095ec1440b3bfb0ca29f3,-253.86770466715092,5.3666756135159,True,K562_region_01169
7bb2296693e3a40927c5e91de97c516a74aef0945de33ce1b8fcfb98675bd2f8,-120.83065542206168,-0.835862228814764,False,K562_region_00572
7bb2796dbc64f0bf41a971f59625a36ffa7e8c6daf7c991db673ef084e6b14ad,-276.4786540940404,-0.117548273714929,False,K562_region_00445
7bbe1ed3bc60afa1c81a640dc1ba44eb346b321262751a4d8f7724b7af18ac38,-256.1935003474355,0.0662272254265743,False,K562_region_00064
7bc70aa3b5ebdbaeada13f53d6f939b42a6911f344bd14746ed15bce1d5523cf,-269.30581456422806,4.09532176541331,True,K562_region_00340
7be11667c58ee70c956c3e1dde80624b4f512581c83c15bcaf32625f70d88b97,-254.5530222542584,2.32124722996997,True,K562_region_00721
7be983a557480e34a393de87498847d2323883c4ea6510a55a246b04ec06a747,-261.3656040430069,-0.843828120755496,False,K562_region_01311
7c15e4ba127c286db7a9f5da1aa1fc3241e0eefaf534061544af3d088f1ef1b0,-209.38640265073627,0.0013603193506149,False,K562_region_01420
7c4190a217ffec6de8b70ecd29a04a5f271dc37c6ada7da9912f2b42dbf8a8bb,-257.13245994597673,5.11706958878939,True,K562_region_00461
7c4626b2867a60e1d82c33c3750a0a4037ede691b312a39bfae945f07c0d9160,-263.327077254653,1.30395177504716,True,K562_region_00400
7c4c8e4a00e5c41d38f3797b6369eb04b458c9db3771c881756608171f1899c8,-257.36128410696983,0.97587695224331,False,K562_region_01653
7c4d9beb5b9b4babf607225854f36aacc2ca08ea5ec9c632a64bd7a053c3bd93,-195.63116051070392,-0.39612561463115,False,K562_region_01045
7c4f0111712966f84978914e3c0e086d6f29dd3924531fc3a2e2b4db7806f9de,-273.93916541337967,-0.48762478893767,False,K562_region_01746
7cb7defd5da6d3a8367c860f726f86372def03b345cea531755875239e12d701,-242.65001425892115,7.44194733654001,True,K562_region_01176
7cd16cdda4743cd16688ebfe4d96ad281b1efe690800e2c3d8ebd3197fc80fa7,-272.1540057063103,2.84873560716274,True,K562_region_02088
7cdead04adbd8422ab0183bc96f664499f0d189644ca848a2e6cc8322d87bf67,-264.79383102059364,0.0661903360098857,False,K562_region_00490
7ce598ddc7a72eae23a5aeb78b3c688b6f5b791c36f843e877ab3829fa2e0646,-251.50196239352223,0.566649499300992,False,K562_region_00378
7d4e817c52edc92d648a7c2fceecaf292a289b8f14030c8ac007c5e6d19f1185,-278.54802468419075,0.121331261817641,False,K562_region_01210
7d59a002e1c234028b76b613aa3a685067390cf433486c42046b55f5eac229d4,-258.7072815448046,0.695399372008813,False,K562_region_02118
7d5b8f307da9dcfc19c54481bd21511abdfbdd27d0044230340f15a40d8f5de2,-263.48965832591057,2.67286295695672,True,K562_region_00576
7d640f9a0794151081a4cbbb8737b32b8ed2d9738f01524ac7a885e9dbedb9b9,-255.2339352965355,0.636103280518092,False,K562_region_00621
7d841b1cf0429d45c51fe27ce0ac6495fd27a9b1cb269ee94e66aae9b0e3e0a0,-231.955223063007,4.12144318726549,True,K562_region_01464
7d89208d11957b37f0ca3022ef925fced8912c8f781c0ce4ddf77eb6d6e5864c,-272.5574823617935,5.61707676910785,True,K562_region_00555
7db2a63cf71a68fcd7c24020c73b277afb3770fcc1aad2fdbb4174e5a549f950,-261.0887689590454,2.3994949233495,True,K562_region_00314
7dcb66f3f181cd3d650d1a6fb2a43d38f7490fec59d753f9e9585210cde9ff52,-268.72054064273834,-0.21755462890047,False,K562_region_00921
7dd997f1107c123e348776b898b4dd54c83e7f8b4cc0794ed381a647918935af,-236.28005527332425,5.65570671715405,True,K562_region_01465
7df81e97cf3c4e5235834893daaeb15ab69feff04498539f75eedd8db84b2002,-67.30489504057914,2.81895563006651,True,K562_region_01683
7dfc989bfa5bbacf500c40c2f91cb86579db0cc87fb52a541b0917eeb1c48a23,-250.9625091738999,1.81360023490919,True,K562_region_00729
7e0adcdd8e3dc1ee36d1ded343922c8c7984641076579544aed9c03d493dce2a,-262.6564611196518,0.351832237093405,False,K562_region_00315
7e0cd6f008fd834ccb9b5a9b1bbef366dc240fe773a4138b0dc0f5789779ef93,-112.3285311665386,-0.412961872035864,False,K562_region_00194
7e0d3de39c6b67f77750864b9df5ba29b90b1e0b2bfad927993fbfaed03d1199,-246.9078516587615,0.141314234545547,False,K562_region_00516
7e10d90fb1928902435825040890d55cd0169aaaf0f908afdcdd36c6e46bf365,-265.4321587383747,-0.61977853260895,False,K562_region_00101
7e662d9de4331527f2b281ffc4ba85110fde491ddbc93fc2058584b40d9bc5e9,-251.1425071656704,1.32795598955135,True,K562_region_01017
7e685049099faf8de27cb9a97a8e0fadc00e18372a68a9164a9628c2c679c5c7,-270.2517161369324,1.89112436554388,True,K562_region_01280
7e775480a8715b94d53b842b1c3727531d7bf2403ee36c881942ff8647f9a818,-270.7566876113415,-0.456286630514982,False,K562_region_01678
7e8dfbd0df0a9eecf67d57e36d9e98dca901fa1717bcf5b6fbc7f6968473e4e6,-278.8677328079939,1.70108067472743,True,K562_region_00981
7ea03446a7d4eefc5e93bcad7ae09bb77f59c7df808dc295bbecb9e6d0ec4de0,-261.3625400066376,-0.516685345276548,False,K562_region_01389
7ead30448bd7a343aa3d4930e9dc769f1b226b472bd1eb97db0e0100acf91042,-260.32819479703903,3.44659074013133,True,K562_region_00599
7ec58a7375aa57659ce172376011651d09a0d8d50beda98af0857ea671035c41,-254.6775496067712,-0.259762296608125,False,K562_region_01164
7ec67ddfc26afc3f2b4b7053c292e2926e708ffc9de060c0d381c4d156640fb0,-260.00206880271435,0.0248651387157535,False,K562_region_02103
7f08880c3df365d553bb9cff99e1818cf3b956a07f0882132c3c47a6425ee0d4,-268.20584401860833,-0.435304812402486,False,K562_region_00356
7f443bbddb09a33c164a0bd3cef16c06d3bdda7ed2d6c11e81e1fe8d98aa3b51,-266.0157655477524,0.0642962467368407,False,K562_region_01435
7f92573b8918fa53df65cf2cdbab3f4dc24f9a731d9b88bea407c4bacddec012,-272.2858002185821,-0.256510102464587,False,K562_region_00343
7fa139ebee0144305042c72097df6147cc19bde34635c987adbe1336cfb569b7,-247.79529546014965,2.99317488198681,True,K562_region_01062
7faee037401329d5df851c44c89f46bbe2cb5d55c061aa3aefd2b0d5744bf785,-213.36720876395705,-0.001888179779569,False,K562_region_01880
7fb2415b35dcd795b6cbacf495b7718eb0810c6143f8592b3072def2392884b6,-263.3346055448055,2.09073516667853,True,K562_region_00132
7fb5bdc3cc5bbbef8605c04869dfb40cded06ddbe3db48e85c0431bf2b8a16eb,-267.4463099837303,0.170744860237358,False,K562_region_01854
7fcdd1918955be113a6b473bcfcd68944b579ac32c51dbfd22bcfb7ef2a10fc8,-245.6464435569942,0.177119090094535,False,K562_region_02164
7fd3dcc8fea3f6db3a69c76303dfa18a8b6812131d061c647badb16f83832f88,-268.4775224328041,-0.0082521105770057,False,K562_region_00755
7fd417367d8bc97776f1206484df077f3493e976d3da331c4bbd385ce5b9a254,-262.8087094426155,-0.0057597585367991,False,K562_region_01870
7fe0537998dc11503bf4c8575b1bd03dbb14fd9e3882b01f42eea8d2dec7ea80,-210.8828850518912,3.90968953032269,True,K562_region_00881
8005d3f06f174f40d97a8e51a3e9aa82b183aa8911662f8fc40d4e5d1d3a7204,-250.46332554519176,2.23410257703007,True,K562_region_00479
8015a09826e473993eb76cc9549897cadf7fda6d85664511e0d2e0b48bf6ca60,-255.0711745601729,0.392791170154126,False,K562_region_01424
80261613973e0eaf90a96735f0355af9cb316d5be1ba000acb957b7c2a49ae05,-271.59536738693714,0.212467974904573,False,K562_region_00079
80281d01227e9540a8d1ee815cb60104e6283a1b17ddc32eab0124a0b54912a1,-263.88368463516235,-0.203628530562248,False,K562_region_01228
802b6275815d513ffa196396a81b59a809272ede72dc3afa638c6d9a1b1747a6,-180.11855768971145,0.398299107571646,False,K562_region_00606
804d78af2f4d2cbf8b00d9359514d4bb031fec5ef069c6642d6283e3b681ee21,-258.28565307706594,2.1525196420107,True,K562_region_01549
80556c614f8ab2c7971087a39705e9bec9fa618dd001b323b953ad105d6a29a2,-255.3118990510702,5.35769180253693,True,K562_region_02153
8067cd11a707a56a665d47d55f133fbdc01f41c92da6b76a85b964e51f0daa81,-140.79178655799478,-0.0063893812873214,False,K562_region_01597
80bad2fb344986c33e4c873454ba9bbc1494a045d0f5cdeabca195b15418e393,-264.0638349503279,4.91018263193988,True,K562_region_01382
80d726f522103cbe087a92548ee1d5f9717930181cdbfbc3a47c2d7ce91b3152,-272.7249126434326,0.534569543361676,False,K562_region_01148
80dbf7d065e95431c0838da139e04989df831097bafb5cc33e94d42268ae76f8,-266.18170580267906,0.221321741695453,False,K562_region_01685
80e11ff7df109cad74fda6f917024120d97f38b5c52dd13acc878ce8fd245403,-98.12386569753288,0.0907065807469748,False,K562_region_00475
80e6a09dc823f881d804abab29fef316c51d271f4b09fddea07cdb4964f9c3ce,-271.0378561913967,6.52096319761249,True,K562_region_01784
8153db0cd47ea85b763fa0f7d3ebcc6985f59f5b39fb4520e3bda4a6cdd4a402,-276.8346989899874,-0.309712332742344,False,K562_region_01243
815e69c122a5e4c51c1ee787e9316a38149790ad2c76d85fd22d228c11f302c2,-266.6203709691763,2.3038383998652,True,K562_region_01803
817d935d4520176ce1f432ff91db893ed477a81657b6d4a04ecbd2d709ed7697,-261.05108328163624,0.152291814787289,False,K562_region_01256
823122cdc0de812cb3870da200d257a1435351ec6ecd06e33484ad2f4c1c3e3a,-231.84349488152657,0.381744547358889,False,K562_region_01131
824ba16dc45d2a5221d243699ec10bb8fe1b14655fd2d1918f5452d2e3a52d70,-250.3517130166292,0.257029827361869,False,K562_region_01402
825ee3017fa262e3af6c379afa8681f065f2162dee572aed3ab4519b51918456,-179.35960459522903,0.129281741110437,False,K562_region_01523
826a025567671fd746c6e6557116fba31d11d2ee54bb005b97e349d9285dc142,-269.0391527414322,-0.735350198114731,False,K562_region_01582
827d15da169096159889a0aff9cb7e4301c4ec4ebae2d0eb4b5c2439130a142a,-158.30775221530348,-0.331325485397713,False,K562_region_01917
829aa5c8b5c9e884f32fb9e82e8b594d23b017d8af475411495d5a837d5a8b79,-270.87792205810547,0.229510629170143,False,K562_region_01761
82a312a788bcfbe67723c06b6497c50879f106dcc24ef1edc36f25049bcc13af,-228.7734376937151,-0.0321089825572956,False,K562_region_02006
82aa69450fe651074b3e5647ce16e151075d81f08e94cf96768328ce52286d7e,-239.39616441726685,0.118239831792513,False,K562_region_00057
82b10ce1f3a790e82bccd24f271dbb5e78c90757df2380bc0ad6ed348145d5fa,-246.6035596206784,0.0739390177786257,False,K562_region_00720
82bc7472008d3bf2a58d4a1e7c8ea4d5540da65bde858e7cda788d8c76795115,-230.0416786037385,0.852752825536245,False,K562_region_00923
82c4f37742edc18401eb5e4c0aaab9669c2dd662949b1f05c845346943460e28,-266.8962008357048,1.2093037869298,True,K562_region_00275
82d496770fd059bcd4e77bd3379d72ae0cc1d9a20c6716b9a96647e4ba1bc306,-263.715419664979,-0.222957485048349,False,K562_region_02097
82eee421a46a9ddde47d67c3132297092e86834ac939999c6a869b60fdc4eee4,-261.84320148825645,0.715825952967449,False,K562_region_00507
82f3167fc7e92c26bd71152155761ec7fffad63e2909af615381a2478832d06c,-264.61426800489426,0.905495171872028,False,K562_region_00087
82f367e777d00cc5b4bdb1097812a1a0e5deb2cb2aeaa587d2c62f8b6e75d74e,-259.0651984827128,-0.0843053248202452,False,K562_region_01978
8308593dca7b5c95eba0a48bd5520f14f7cd16c041fea1fe1488c1516e12fe3c,-219.4694994427264,0.117743702797284,False,K562_region_00648
830e8ad2d5f430e9abc572ae4551a73c272f41f7cf6280bf7cf385503eed3aa9,-252.0335687994957,0.0045491997267822,False,K562_region_00615
83387ad31f2b561b373f8f88275ccfcff26cbd92fabb67b718c1704b9f989c79,-225.1760646775365,0.584978286451868,False,K562_region_00801
838e82783be04261ba917153ff1a41164d4ff74b0fd7befa5de768f4b5beff70,-266.18325981497765,-0.20659022060527,False,K562_region_00478
83aecd30ce54aef25670b74eed2740252e70a5f61bebb41bb4453f58f332406a,-265.8465904891491,1.92533185199082,True,K562_region_00092
83c10a50bd390dc7f6ee475184972c2ba27d4dbbf6b85730984e151b9d950f3c,-262.4799176007509,-0.276079694675533,False,K562_region_01500
83c94fcd00d699abfb9c4eb251902b692c4cf78f9b81a7e6b0f902b9af641756,-262.92535719275475,0.841811444457326,False,K562_region_02115
84273cef6f3cea9f93854deb93ba64fbd1156bdeaa6a856e092c25fecbe4ddb9,-269.4128032624721,0.265180074455703,False,K562_region_01949
842e7005992b48c47ae5d1c30e50f269b544e7364f54e1e70f660d615b1dcb14,-270.6203014552593,2.09553655172947,True,K562_region_00796
8435531bbc2b597190a131203b3353ef5f7e177072f78ab3d368bd74da7197c9,-268.0273523926735,1.3864687598852903,True,K562_region_01015
8462f8513f8868d74a8f2b563f6aec7ca98955e2577ea7aa8c1512ef390d92d9,-252.7160701900721,0.553666761812125,False,K562_region_02140
846ad1fa89304533a42b15edacf262add3584cdfca06911f6eb6e44534acc4ab,-130.8904180568643,-0.254304447185228,False,K562_region_01497
846b090851669690bb5571682a56fd41c38dbbc199d9ce98b8964bac2118fbfa,-268.9718780517578,6.84696060241462,True,K562_region_01784
8470ebb375eb45c71202e1f425804d372226b643041fa10fe5dc587f1f5d7e03,-264.9342222213745,1.5002564856971,True,K562_region_01865
8491bdb69fe980860c0ad22a0238e5ec59107f66a114990e98de27c8b738be3c,-229.565342836082,0.135063371914003,False,K562_region_01636
849b3b4e7f6a71adfbef91d394b7a9b95d505734573003cbd0c732b39c0b3fcc,-238.3338688276708,6.34905513640976,True,K562_region_00829
84b3dc12de835fe9f661d17a38a229b2eb96ca507526f9c5961bd269c5921d54,-272.45652428269386,-0.200041762989944,False,K562_region_00204
84bf700a0f813fd35903bc1e0d238cdacf4bfbbf217ad064ea9b98a77038ab3e,-159.96502682659775,-0.301754246666601,False,K562_region_01314
84bfba8cafb9e8990fed98de445e970b341fcecf7046ea8b61b9514bd4256397,-261.49962428212166,3.04735908622275,True,K562_region_00319
84d5f30442b5fbbd6fa851634c61901bd7df609caffdaa49fa058af260165ebc,-91.61087900726125,0.0012525659045231,False,K562_region_00590
84da998b0381f20de494595a0d3f3dcb590ac887016b7f92c200e6c54d8dbb83,-125.48487228667364,-0.575484311092588,False,K562_region_01498
8520e9653a3f91614ad02553f90391f4c9e5230584e33de661f1f042007ce7ac,-236.0118559896946,0.521088393593253,False,K562_region_00282
85601d59eaac54582b21fcc95b668c1d54ea4edd951bf365d9750e0e7da3c1b2,-273.7978359758854,1.02486217371822,True,K562_region_01460
856ece90cf6fc2c9fc6426748963d353693ed3f7022b2a4e37fc7b3bb195e2c5,-268.382856734097,2.16431142191899,True,K562_region_01986
85986cd752dd0a4ead39dfdfe26c56f6d468a19006bedbe7864d0fa0a89a8455,-262.2210374176502,0.841588970553352,False,K562_region_01705
85cf30743e8c04cb02220a75471df71c8e036a5e3b1d25db7494fdd67f23e7c4,-258.7225283719599,3.53552357014497,True,K562_region_00350
85d0841f544f6ddf4b47be17f36bb9bc56dce11244ddf1a0a8811eba596b85b5,-263.4884213358164,0.609389915246401,False,K562_region_01604
85e426381073b976a5b5ce21899147eb51d7e9f270dc55bcff49ef1e891c73d6,-275.0895444750786,-0.0699043788132614,False,K562_region_01292
86187009c484ed2c7bb77672aa9408ee25f037edff23236f9e2cf621fc40d8a0,-259.1442823410034,-0.288240423923992,False,K562_region_00522
861e9a78ee58abecc2f84845f67925c21f946727480984aeb8e71ca54ed410b9,-274.8747203350067,-0.200592474402785,False,K562_region_01573
8628f0b63e1a2f53ae0cc5ea38d530dd4e6e3ac1df13164dbbfe6c2ad71f5f2d,-262.0857922136784,5.76307004984883,True,K562_region_00038
8642e593c853efeb81e779bfd5ef4098bc236edb58f5da6fcf66af2eb60f4d10,-245.9996131658554,-0.0822547184739743,False,K562_region_01189
864319c806bcb3fccddafa9c387aeba6d7a3638304b21cdf909a77e1e6926843,-269.4702530428767,-0.0318783026918767,False,K562_region_01719
8666e8f4689b162c8d6e8ad0654942d60d5130b4c8ed41fc7a94f8e4106ff9a5,-259.35281252861023,0.122062027348401,False,K562_region_01647
8674789b26ffe6418e4b5b6baccfb65958c8c8ddee7301a9660902df073eb2a6,-229.0029085874557,5.25106095875981,True,K562_region_02216
86a8a2353d970254e32b528d215ff733e712b0da75592273812aa551e6e39d4d,-262.85165007412434,0.956411219916683,False,K562_region_00413
86b6a90ce59d0bdd4c15b4329a1547d7b1c734ee9ff25d8d268a741c31d46e18,-266.6288079917431,1.31407224986049,True,K562_region_01937
86bd1d67e0687aa6e0e2ac3fad63b9a8a9c0afd4ba735572fbaa3165dc8f8b97,-270.2281805276871,1.26841634012852,True,K562_region_00640
872d261b2baeff2b8bddb015897412a1af9a39b8f577990d94181684915dc2fb,-270.21320351958275,0.530055846878147,False,K562_region_01687
875abe189e312a04b3348bee26dbad988938b7f84d8f5b1b566c6e1bf899e250,-107.16968798916788,0.285123355907829,False,K562_region_00187
877f2765f3d4ae61cba3bd562b11ff1c599930ecc818799243b5ea4711652e47,-259.3978205770254,0.241164683837362,False,K562_region_01317
878049b592f3ee209d604961be5f99559af44eafd3f63247f2f95688859f7d0f,-276.15813916921616,0.468524541526681,False,K562_region_00112
878cfc9469eced308d8271c6ab196310e5d53c20a71fdb3ea3231d7891c804f7,-269.4033049941063,1.75374490050836,True,K562_region_00515
87d732a1aaae1f6c1c2c47f4a3b1e4a0a6332a9e8b414d6bee67b67c43e4ef48,-257.0169021487236,4.62509632001462,True,K562_region_01150
87e3121a3989755ab022d9089a83dc2d3de06551ce39bb0fc05af1bdb38eddc1,-266.6419994831085,0.0347295295648921,False,K562_region_00271
8819533c4468683eb019e76ae1140f72ae45160a9dbfc7a8ad4f8d339d06fb63,-277.17357447743416,-0.115015002002011,False,K562_region_01980
882786b65e020685a10d6b227068a79e3ed83cda0e9e1da20a43621f05760eb5,-254.2255481183529,0.546481008410663,False,K562_region_01021
882b1901ef4435933a97184f52a69f8c1f17d5fe4cfb9629544b9c1db0dba6f0,-252.20010016858572,4.0072002385176,True,K562_region_01291
8837d45cdc2d909d5ca33328d26dd697312b25879ba0f9b392fe1ca457eec556,-269.745359480381,0.475937379347467,False,K562_region_01367
8876bbff3d68a5ae6f22f3d8a68777663a5f3c9818504f81c8c82a4202382502,-234.7705911360681,1.58267778760441,True,K562_region_01529
88776223d99a064ef8e6d783c89a4a3ef131bcc3af121a2cca8d8b36c21872a8,-253.1871060431004,4.93457481403489,True,K562_region_00690
888881ece1cd22ccf87bb202b9a816c63248fad5ab5d19920c2395771431489f,-256.96818283200264,-0.436537508930246,False,K562_region_01700
88902c11f5e8f60229119452c7c74953e8715d8a4a77311341636ae4a3f589f4,-195.03898826241493,0.36989000104457,False,K562_region_02170
88cc016b48203fd7a9a026d5c0e355ad5775cc9fe9e595e0f0589628fb632ee2,-233.16406974568963,1.09682811858621,True,K562_region_00744
88ea6fd9bd524cf660fd599702fe20247902da13567373fe524e2a8b9e84df2a,-108.83126699598506,0.769953900785774,False,K562_region_01034
8916f7ae006780ceb5afdd155623044147f7938b8bc3a8cbcf95812a9c064284,-257.4038297533989,5.88387790793267,True,K562_region_00317
891cede094b735b0a22fab15e8639e87b1c43e64b3cc4863273ad0eab26c414b,-108.00652039889246,0.908184171131053,False,K562_region_00535
892315dcfab340dd4a49ea9c1f9ff72b1340503dfa3a73db94229701fb8ac047,-226.89313825964928,2.32409967970121,True,K562_region_00997
892c89349735dbccc1c748796b7c8d966663b5d92e8f24812f4d793da55cbc8a,-250.8438461124897,2.41423067733394,True,K562_region_00964
894984a9152950608aaacf29eafb34fd2af7f4399aab39338f454d79cba659f5,-268.45238626003265,0.484383280154847,False,K562_region_01334
8979dc738c5e4339c986177d63a18496bf2b58d59bf9731ecf0e7e23c6d3ede5,-253.0624359101057,3.41202728178008,True,K562_region_00304
89816d60313dab1a7067ad06a5c88640188494306101e63174e2a4797d076898,-261.2648449987173,1.14336777645832,True,K562_region_00482
8997ab645dadcec5979ae32d7fe347e7bebce04afe27b9fd3e721f600235943a,-201.858029909432,0.839785585588128,False,K562_region_02006
899daeb3e72901845593719aa626097b11c77f4185283bd67c6f7a3ff5d3bbf0,-257.2430663406849,-0.119512964065771,False,K562_region_01624
89acc1ac15476915cc008c1cac8db13ecc6de50d4f578aa3abdde943844b8018,-258.5434539020061,0.0187084047055352,False,K562_region_01234
8a107b9e68466f91014480fa9a5a98888ab2bf3b1ec68df93add8c4d1bc65a5d,-274.6363761723041,0.790892282582258,False,K562_region_00593
8a2e7d933923d176223b61c0c808545c66766356dff581f2561ccacb45401d56,-256.34212375525385,3.5182351745479,True,K562_region_01745
8a3a6e8a6fd9b11a93ae5b812ddc32abfe475e3b03b55b671878b1e2a3b9acfc,-250.5937757492065,0.60078536427391,False,K562_region_00683
8a401f29fd726a26b7bf7db06cc35c867f0f6cc7a04d8b66077670817a71afac,-208.8698109127581,0.910772486154094,False,K562_region_01186
8a4f8183b44a58854d7da06c0ab1b4b53b43ca104d1069f8408bfe48f4a28d75,-271.2971565127373,3.95034742088121,True,K562_region_00233
8a50ca82f21aa7833f6f8fb8fb18bd042db2c3a03bccf3e37abbc8cc40c3c3fc,-267.1093662083149,2.03619583710449,True,K562_region_01994
8a5c4d290c7b17f0ef66af7cbfcf4bccc17e8e65dff8bae3c6828ac3a615ec4b,-76.92616096721031,2.32074602385187,True,K562_region_01739
8adf3c9d5dd405eb9206ede8e5c5e7b6b933d61345d18088e48eb42905f01f00,-262.1405690982938,1.69870062356916,True,K562_region_00320
8ae9d87517ef5a41a3a625be9ec4f20c1750e9974cec2cf9e3d7f545d7f444b7,-273.9670094847679,0.160790448448252,False,K562_region_00166
8b01ac9e8d3d2bdfe198dd4c1c909f9fad624f8faf20b20d786f0613b6eacdf7,-226.22398967016488,1.18762632744296,True,K562_region_01087
8b1bb2887f42d1881e714c15e6afecc050f9438daf3cb2fa0dc216cfe0d4d401,-266.70680379867554,2.86081057886676,True,K562_region_01620
8b2f61ba4ed20b1260c41617ff82a3b3624d6ba50af3e1b54c88b73cf3ce29bb,-123.029078646563,-0.670432422107085,False,K562_region_00140
8b409f8db1a9d7cf3ccc298fc109745ca00c6b1a0a1248ab7de21b0f07840170,-243.4735743725905,0.421134360300726,False,K562_region_00059
8b62413e4a1b00d2a940698c83c5ccc70a79eab6d7440380a9edd8cbc0127b81,-264.482199402526,3.10908582451824,True,K562_region_01951
8b68824be3b2ee73a7f9ee174052db889a02fdd98c2cff6e523557d0e6084611,-128.9869445571676,0.466076251758757,False,K562_region_00468
8b8554d80392c5d2fbe1377f9416e4e7d75ed703c03a85c525dca02fa126ee13,-265.41154259443283,1.17515451667574,True,K562_region_00323
8b85fba1a5dbbb5952f234a6230b12eca79a44e40ed65827e90c86d347ed9717,-178.2920855866978,1.06598577949142,False,K562_region_01065
8b8ec019882b4af6fe823f1eea7b25cb2eed243dff2db2a67fa4acdcddd83773,-271.6432399749756,0.785716783262922,False,K562_region_00438
8b9e2790c265c8dd4a8a6b6bdbb8f1cc0d5c3bbfe5f9369c6394acca7664707a,-267.75383001565933,0.109147360209305,False,K562_region_01560
8c0303e4c7cbbc29f4e0c99cf1cb4e50e9056ad326820d7b04866b9a97ebb8a1,-220.4472212344408,3.14739690373348,True,K562_region_01266
8c134a551d8f8e52bd4267f1613a7f32abe51862203f58381198c95a35f55441,-271.9203107953072,0.0073103343197051,False,K562_region_00670
8c421e37d89b6da43f6272167830dc39fbb8168e835818a9f19e9ed1c50916ad,-272.46853813529015,0.30471684544592,False,K562_region_00582
8c50b971620b0e84e1d22c9498f5e1ae36f3e917f91041a6dceb2165ac9e830f,-265.8035184144974,-0.249596124748691,False,K562_region_00871
8c585d01d8a2cdbbcd7b879f239a95de5b919d42756727e1506d5f01b42b62d0,-188.786720527336,0.150006610050648,False,K562_region_02156
8c653b011623ad1b0dd71363985ba1e22adb404c40de7b652a1606583354b39d,-255.85700146853924,1.30730831346678,True,K562_region_00948
8c6f5bda36a9d03e29e0c8055eb52a26ed1eb458e530d1903bc495e59162b142,-261.62469232082367,0.869330706300198,False,K562_region_01059
8c87ac547409814b47c700d989d2ada8d9a0db5da4c4dd67893f1365688debf0,-265.465941414237,1.28011309806518,True,K562_region_01246
8c8a68d05b32c2aa2873fa077dc6f5ef37de4b03aef05f899015e02bacc7837d,-257.8559720814228,0.242023973372978,False,K562_region_00750
8c8ab3b69ad791d180e1c642574fe458db90452a55867d07833dc185a3fe79bc,-247.60187703371048,4.5651279863279,True,K562_region_00373
8ca829af40aab698b19b76acaf1c75d297b13b7047ade06d5b48a065c32f88d9,-147.00468707457185,-0.17044391605688,False,K562_region_01506
8cd18cad4d3e8254eb0d505522a610847c7cee30e37c9ef4c08a3d4bd3af881a,-264.0897818505764,0.253939127962741,False,K562_region_00567
8cdcc0225993e654c2140d19c97d93abc0ec87d425dce33338cc9d2a7337140f,-243.8258296977729,1.86775190430405,True,K562_region_00376
8cf06ca3a9ac82dcf7fb089051e247a190592c9dfd50753006e493660133bcd8,-271.7352345883846,-0.242755556692724,False,K562_region_01935
8cf34a039eda5c14c7c53d4d80f90326e705dbe0194e8cd6a95e69e0fdabb3a4,-268.34087187051773,0.531238040127738,False,K562_region_00061
8d03452e124c0c5415b40c5876e240874426580948a80faa2fc3e25c7b4dcfaa,-255.90607092902064,-0.291448141096473,False,K562_region_01897
8d22708789c60c94d218c5db0013ea7cc0c4f87e59c9c16df69f07a3c74a0fcf,-266.4815423488617,0.23864602159077,False,K562_region_01600
8d2b4c2127462fea681ebab7ade86cd6c6ad14d0de7887ab57beef4f50f7fe0a,-241.82280230312608,-0.0851027154670974,False,K562_region_01942
8d45355eda219de5ba9c428a5d2ea0d23986bab3c28a6f9582123b93906937e9,-250.2852817475796,2.91839745504265,True,K562_region_01596
8d4c88f4453e517dfd5857d18731d79e942e4e4e00af20bdcb45d81b871e77e9,-266.3252755999565,0.289300537266561,False,K562_region_00620
8d4ed841df3c5c389caf7c550bcabf312c414950c5692cafb8a879bcdd351c8c,-193.94406882300973,-0.0014671666940995,False,K562_region_01504
8d647f66f459f19715905820527ad7f7c93f4d09bbde9b903c8ef9ae5ce04d21,-230.971003565006,4.98449754874222,True,K562_region_00208
8d7efe374b9c7ec8eb882a430d420b329a3cf0728443bfeabf18a0eded2df3f1,-271.4523314535618,-0.767259785307752,False,K562_region_01002
8d9a6a4e660363c8faf116b6a42630f1f2915ea074ddafb16975eec4400c8101,-139.46497537754476,-0.813252851303735,False,K562_region_01443
8db935ed2bec8e35cadda5206a0163b2d51ff5845b53df796e54bbd3bf6c0d00,-204.3733801692724,-0.0943384278688344,False,K562_region_00799
8de99b3135154f0d8ed64455d898978292f6b7999001c6f144a4c556867217cc,-241.81954371742904,2.91251407217409,True,K562_region_00287
8dff1b83135d3bd1f08e59c022a91a5783ac76f93a30cfa02348138a6bae5e6f,-254.7279591709376,1.17445205739578,True,K562_region_01864
8e02526a80d7f3aa9efe48047dccc4d5475a5179b2ca95b948d29eb60d4b6e7c,-273.4347597807646,1.27534854240444,True,K562_region_02038
8e08193686ff4dfa3e2f53a1c2d65ecaa66104204fe4d197d40cf70005b6425d,-267.4165515303612,0.279752778132072,False,K562_region_01257
8e1745cfc81664d6d0ef7194e107a8db2f6305c4abef5eaceb8378cc657ed932,-262.0108252465725,3.16887287833707,True,K562_region_00322
8e25e0522bc8973af36924bce78ef66b3c6735c261ae531c47fb00cd95db5c30,-242.07225547730923,2.29211630567377,True,K562_region_00238
8e427ea7c1a739ad44f083074fcd63787be7289c2766d46ccf070f2fd7fff3d0,-264.8612027466297,2.15756951948359,True,K562_region_00557
8e4be822dc43f31676a1c4addb1aa35a31a231d370092dd6d421ed59b6621fb1,-205.0487377140671,-0.226790952650881,False,K562_region_02075
8e5691039bc987f4c88821f98a0131d6937c69b4e64dad9bf8348b8cc94d8b50,-54.86192514607683,0.875439308166438,False,K562_region_02100
8e58364497502d4c0cd6f91cb3929ba1ad9a3376fcc61bdf0773fabd2c7f7039,-272.37074345350266,-0.294381947690772,False,K562_region_00752
8e6510cf1fcc69c33005d2c4a8d05c3d81023aec4cf3c661f7b98b3d5a2286b0,-262.7891288548708,-0.410139445512785,False,K562_region_02004
8e8022e21694e9cf19c9ebf9063a0babdc426fc32f1fee1266bf860273250b6f,-241.8732846006751,2.56131317345789,True,K562_region_00678
8e8d4aa59addfd3cfc83a4e58e7a54edd7f7474738f5ca81b18bc3501d82b37d,-261.1102617233992,1.56609333961647,True,K562_region_01133
8eb9a18342b0d00f2ab108c0563fbcb5c2ee94025de817beef8a25dba402da44,-247.8468009829521,3.72045544542484,True,K562_region_00214
8ed395fd447e7b99956e5e9ba8960cf5f0f089e2b54a52261289a3ee17ec4c28,-80.56765847932547,0.136622053342481,False,K562_region_01697
8ee6dbd06973183998a0054b4f8c8c43fde50393cd8d508e8e0f2759b0eb3d56,-265.8844815045595,0.660131711460421,False,K562_region_02011
8f0df84975ffa990dff5274932d14bfdc54ddcfcd77b260208efb9160d783a32,-271.007159024477,0.680407482924165,False,K562_region_00760
8f15384376842987c0a264ee811157b7bba15b7ec7bf6f6b1a70c9d63945db79,-199.1831226227805,-0.0749303894018063,False,K562_region_01976
8f64bdb2d8cfbe1030066e7a0ab3e679b9f285f20ac18e5dafa755de91b250fb,-257.6559723652899,4.56848341997799,True,K562_region_01159
8f6bce4c6320efb30f5482a5b3f8b40dc7273786165f47161b6610ac612c14b6,-261.7496952712536,0.729906423680188,False,K562_region_01175
8f8e66d28794237f7c81adbac7bf699f223d7c53b782517128a388fd3ada3a0f,-264.94241754710674,2.80801449111547,True,K562_region_00915
8fadbe52980856794187b88f057c072f1d8b21b9439bcb59e59784f56a3f0ebd,-260.3571234792471,0.0107247222551335,False,K562_region_00314
8fd8b818a4035e3d07acdc684a017f2fd16c153ac88092ae8a2fafd7322b9054,-250.52217953652143,0.641346143773079,False,K562_region_01577
8feaede067784746584ce3ff3861b6d0fd6bf6e43f13a27bc32c6dcd9a10c4e5,-271.0994579195976,0.87899892918783,False,K562_region_01735
8fecbadfec85c92227dc0eeab51f86968d906df7a4f82aa7ff41d38dc8d705f3,-266.1822547875345,-0.75411673525099,False,K562_region_02154
8fedf752a5919a8dd25c77d4203f7537462223f015051b55fb1c216d20c9f507,-273.4150525927544,2.33861696386508,True,K562_region_01478
901c19bf0275d87f7127cfd4881701604e922c18bf918aabf52e30aa2c3a3953,-257.68165193498135,0.732742454001704,False,K562_region_01603
902884dfd9bd3744df92335007226a67c9a2d2702afc330a85fbef4db419779e,-253.13492215424776,1.31376089338421,True,K562_region_01439
90418cb2353f1591933548a7ce55f2c0f4f4b990f25423a879bfba5ba21643e0,-264.932390332222,1.65105373028478,True,K562_region_00662
9050f7766cf66d2d125ffdfad594154b2901123a6327e122a891561748e39257,-248.54769971081987,0.090845297753105,False,K562_region_01837
906faf278f0e5e7d7b0e2724510e556b318ff59fcf546052171997ce76bc8f51,-262.43583334982395,1.19657929645123,True,K562_region_00692
90793170917094b33ce6f9d923d8e511c09911cc7d477159ef45560520ea3d46,-266.0343524813652,0.190503360158715,False,K562_region_01056
90c85c5cbcdf89abde15fbb39cc56311582e79cce69cf7b7f007358250bdf288,-271.04669534415007,3.66852613699213,True,K562_region_01988
90d8d95c267bc4e18bec246c4b5d35e29812086f6bc258f507ccefc8cc9adfff,-106.61788874771446,-0.0018305926815631,False,K562_region_01093
90d9162ad1a6ec99563e689e6bc027933ce8f74a2715eed58892ea7a00981676,-266.66315135359764,3.31477650810893,True,K562_region_01335
91183c7856dac8e279a88483aecd562f606eeab44bbcd188fb6f6c1b0097aef4,-249.7206719070673,-0.11753161550356,False,K562_region_00000
913d4f33e0f063697141592f1d290ad5521307b13d6ede4bb4e626557d9af1a0,-269.4018981419504,0.65205862687732,False,K562_region_00905
913ec4252180a500bdddb66329c86012726d2077b7d373c5332fc505a9c31ac5,-270.17276179790497,0.0591827159244253,False,K562_region_00419
914157514586f229395184c9c62077d1a9fb1d5f277a75a46644c3e8bdb2465a,-118.54647376108916,-0.334356526643413,False,K562_region_00597
916e064f1f8ec3e53f6745f21c83b45cb63f005fe070066d1465d843873da18c,-273.4979825615883,-0.512668332429443,False,K562_region_02101
91734f05f211e0cffbc3025d519c873649efd73f2ca76d949f5dea82f7f640ed,-229.25111676752567,-0.0185807455334377,False,K562_region_01768
918582071ba1f1adee98f4594197fbdcb983fe5bbc9dd58c110a2a0e9b70adce,-213.2731347680092,-0.233641396300787,False,K562_region_01239
918e7d143d404ad1d024eae6b03a993fd5f3c9a36de7d0b2d576c9940aee66a0,-243.61851248668967,7.68665485331924,True,K562_region_01932
91a80d0bf36c1fad2d5d660b79655d8365fdfac6bfd3e450db360cf1b81f9392,-279.73995849490166,0.393456127518883,False,K562_region_01348
91ea8ac18155ca606ded1260ea0f212c15fc6c5fb5160358f3d1bcd57f0a9aec,-220.35126189142463,0.197415552713147,False,K562_region_01691
9238fd0f0f467f2983c9973580f509125e57006fb7904bc99c41869f51b45b52,-270.6597353219986,2.0446681775202,True,K562_region_01670
924ba98515000be5f9d09114b0c06d8450b7318f4db29c03c95bce8d4cdcbc72,-259.02720250189304,0.392259687442343,False,K562_region_02215
925609e86d76d1bff214184afbb4d392a4ce244323f8fabddc64c3bd7f66d91f,-272.2062462568283,1.21155738980675,True,K562_region_00075
92598df5f7c3d4f75c0b13226ed50f46088e1abbb17fcac88376380e673b2c24,-269.75279083848,0.289932889319211,False,K562_region_00082
926072f93847976bfef03fa861ad7e890e6b6c6cdfa7ce93bb6bb12984e36d53,-273.5288146585226,-0.145959386590457,False,K562_region_01960
9263a305e5b1b420c67a64609a23ec31ebcc111aba6fe7694758d135e27bef6d,-260.96004255115986,-0.359952957561546,False,K562_region_01296
9271f283688f7a5f49eb8092c79d2bdae01382a12748c5b83190086d0f8bf18a,-270.9977551996708,1.9987181522518,True,K562_region_01936
92c7d862d0f8ed581f6a241c4583468d884ea3a844eb09e8aca342103ba69426,-111.34191174805164,-0.266012292637255,False,K562_region_01229
92dbe45c61005cf490f2089b5091aeec0e50a71e2c5cc32b4acb888c55dbc175,-255.4012525826693,0.507885327667264,False,K562_region_00739
92f270b26bbfaba1b59b3fc990e07c03ef02ce3da4a95cd1fe43e61a4f0cec86,-128.01146740093827,0.28317820963941,False,K562_region_02056
92f9e2cbd92eb7f3943d41c4a4f4329274cf29b7497df19f39fcd2a130d554a4,-266.7841528058052,1.17209067267507,True,K562_region_00125
931df09061e71a4f62a4448a3846b92dfb2b802f25a0ce97a74ece15cabedb2d,-245.62810473889112,5.31534985365494,True,K562_region_00631
93238f9612e1b80215898c1cc581816ef6914a0241456ab4cd2270291c313d73,-113.06462843716145,-0.983069641025923,False,K562_region_00511
9330ae8f8ef4f1b3316a061d0b9991893e96bf313205e113613aea1fa17e6ea9,-246.9653988853097,0.58541125177625,False,K562_region_00959
933816d7205c256fbeed10c2745046acee03eef3f364d662b6beb57e611778db,-267.8176622092724,0.0690924144765709,False,K562_region_00418
933881ef32ea9942b16b5caf075a31a442c4552b22dea24bc4ad3f9a2168c36d,-256.1759924441576,-0.0243097140004519,False,K562_region_02016
933c532fe9999da50c996bd2c4835902200e5aa2bebce7025b6e1f8e0d7733a9,-261.45267428457737,0.541072786072318,False,K562_region_00875
93420aa59545e0a6adde8fc5fa2ef64ebf6f5c20ee994cb8b08523fdbbcfebca,-205.1671368284151,4.70021724816849,True,K562_region_01282
934de8fcd110abb613a7caa436c9699386cd1f0a0f1eb72d751b69e9a01073ad,-247.32020796090364,2.06183837408426,True,K562_region_01436
9366d10378c8a8fc3649a84c21c2100ebb38496bde2a36a0becff488111f9769,-268.9202122092247,0.0479830870558589,False,K562_region_01367
93861f53f9ba2d09272ccf3f2ecfe8d600b5ae7d9f7d9c95be74c7b6405bb1a9,-118.12392168375663,0.463647157476981,False,K562_region_00561
93a3a634c59e05dc8ecdb40b89308a2020e7dfcd9537f5a759b9717f873b12ad,-264.9563639461994,-0.130120389363312,False,K562_region_00994
93a9f5469a2a6630457b3a942caeceaa892530af85a81fdcd8a312e54302916d,-106.7793535203673,1.66627817593523,True,K562_region_01016
93c0e73797a0b6d9b6c8a3a007b850e3edab2b5f5200e86bb751119fa12965b8,-159.6148577928543,0.194036974522618,False,K562_region_01079
93c67efbeb2d9e4828ef1b45a52389783f3a41c73799bb695bd1d46eaf79f2f5,-267.4966799020767,-0.339324052526592,False,K562_region_01391
93e206bc265653b18eea922cc61640b818bfe7a68bae056bf3f46a258cd76745,-264.98376029729843,0.600597667931717,False,K562_region_00715
93fa29ce9985e120ca855efa060f126c7a6567ba996085804dc2f32dacea2ef6,-268.0892232358456,0.92446270592027,False,K562_region_00538
9421e75c9bbfc88eb7b0d0a9bec339a3b5eee92f9a4525054e23cc50806d417b,-248.92036521434784,-0.0147272866895622,False,K562_region_00734
945c64103d3c867716dbfa03957f343ef253601ea7e8e54142623ccf186d12c2,-262.2588101476431,0.0572141246077909,False,K562_region_00486
9464bef97cec6a5f44ee33649c3a5a49ee6c017764ac5e65401914126fe7fe3b,-161.2726957332343,-0.241809095706726,False,K562_region_00189
948e2601452ac7566a8602767588f92b9cde2d884cc93c7c71396ba3e7b3a252,-125.18559341412038,1.24188081979516,True,K562_region_00355
9491ebe49ae1f95f95a507b3df3cd7f9cee5beb5b3bc3ae0d2160a39d9948ac2,-277.7934021502733,0.478243865722155,False,K562_region_02249
9493c816ca651eda72cbfa67cb9338082f900e7d5fc63a3fbf9ebc483468eaaa,-248.44543723762035,0.654684907040207,False,K562_region_01434
94988fea4e00e2c414578802dab283f3e741ebdb4de8251806192053dbb7b9c1,-162.88333764579147,0.0936779143476776,False,K562_region_01445
94a9afea8f33d6777810c5b39e16f04068f1abfa16378aff0749441afba6387d,-266.20113602280617,-0.172077933031616,False,K562_region_01286
94e7957336e8ffb803bceeb81a62be89c39a63c6b1862e992ecd04c969b2ef17,-263.69704350829124,0.0847071738196954,False,K562_region_00341
9505d3b5f352225887629582e333fcafb214cf3c7932c0cc693cd743e795f528,-270.34852263331413,1.52133297044168,True,K562_region_01927
9516972de36300e12cd74e6ba205e4a78af8991954d567937d5e1e83eeecb494,-270.6674430072308,2.38148486354785,True,K562_region_02151
951b7dbf28583bb727245265598992e7ea2b13447f562d77149ac5ae686c7e04,-262.2072219848633,-0.562525870677933,False,K562_region_01046
954089bdb6465cb9ee478a69ae7682ea39eeef3e2e7135d06d3c378f026dbfa0,-260.06898522377014,0.252606483281358,False,K562_region_00391
9551806a69b756639ae780b5a6e06eb3a78bc94396748aeeae2d486650c93b36,-255.2172210663557,0.276004973588226,False,K562_region_02000
9556abbb2311c20aedc7e5b58085d35a3e9ccbc73a8fe6a6b16e9a4d330d296b,-256.37327189557254,-0.0980210600996823,False,K562_region_00324
957dc2ad3903d00ce65ac414615100c457e55e48ca909c55fa16aa99142e5f1a,-272.2372028529644,2.13190535815793,True,K562_region_00213
95c71d6353ed3051c802062e366b3373633e0657178f6cf32cf474889d0699a1,-106.39792092191055,0.342091714937714,False,K562_region_01675
95dc301485e768b53b0c6913bc59cd0f15db853834a23dbf6cc147a36988d402,-267.22742430865765,4.5517464577132,True,K562_region_00528
95f7efb69bd6bc83ab81c52438213c293c766e1d7d2db55b8a541a89b48fd2fb,-263.676091440022,1.36695845317648,True,K562_region_01382
964863d777a43396bfe1fb4dc9965f8761658d6d8a9f31dd6cdcb24d69d00bff,-256.8087000846863,-0.106745349858061,False,K562_region_01760
9649e4e88c1461b6bcd59625accc62415b278fe51fc883b7a1869d781ca7b685,-266.730374366045,0.100634348466397,False,K562_region_02143
964da13c1f2d18c065ffc4478aa6bceaf726f859e493811fcbed68db18eae7e8,-272.7269439101219,1.71301752863539,True,K562_region_01939
9660f4665226609fd2e9a057d90bd36e12564797bfa628b98b71a102efaa546b,-211.82510455418372,0.734525168964497,False,K562_region_00957
968e8f5e200a708e5e6e98ea73330c2cb8a329868d58a495e7ccf25caf759769,-270.9803200364113,3.21976469938095,True,K562_region_01710
9691a9d8bcf75ead002bc0543c5842ba0054a2ee4b9e76ac32e30a23468bfaf5,-262.5022055208683,0.164909575364492,False,K562_region_01972
96946cd8a79654cee199ec8f625b32432e76b0470c5b0e4a3cb2ee31cb0cfd65,-270.2278307676316,0.585935428440818,False,K562_region_01488
96aa13250417fbfd1c9b7827ad5ef8be4bea32a16b95bbe37059b9e383c6cbc8,-231.5062085398822,0.199482969918789,False,K562_region_00053
96ac0b6cba4fb87d0565feea5f6814b7a78b565a21d39b5c8bfd0d3463ee12da,-264.56583228707314,-0.0040284084719653,False,K562_region_00261
96b1667796ac6ea72252ff71eb790918df689f533804df653667c7be85b4720a,-276.60581147670746,0.740804888969444,False,K562_region_01100
96c8af72a0ee6a2def705f2249f2188934ae3c60e2b60171397bcb3888cbbdf1,-259.61125050485134,1.07536287168136,True,K562_region_01047
96c9c8b381c57f141bd25d7626aada3c90dd10925ae344e4aa584083e834ef13,-252.77525235712528,2.06866507264544,True,K562_region_00171
96e0e50672ca62b541f085988da503b46cfa641c1f2cd4ca1698156601a747df,-257.13326904177666,-0.354709368397858,False,K562_region_00683
96eee674a3710a551a9b13301cd0d18d88ab0baafc5ba9ad318da063e672811b,-268.4818595945835,0.0562523786986377,False,K562_region_01359
96f03691b2d5ff196d32b9ac414229e41a90743ba6523e863beaa996a1c3c92f,-260.560824662447,3.89940548529779,True,K562_region_00854
9709b286d87fcb1911760a282d2c2f036869cdbec9519963d26a72ab8a80de8b,-236.6258560251445,3.88745107677099,True,K562_region_01426
970a1364f21190d44e8593db36e6f2045466d21419745f38d807ed648473c562,-263.8873781338334,2.92262267828835,True,K562_region_01478
97160d76d6a92623d17604f6c08dd40bbcfe4057543e0453b7ceb883d6f91a75,-265.3361560367048,7.18220935295604,True,K562_region_00680
972181a5206d157a5ee522a0e0d09e7492d3f1a36ebc9e1475710ae82825a2aa,-270.5917178988457,2.50486364176424,True,K562_region_01533
975c46a1b989de41e1114280795b5919b8143f5ff7595ada538f697a901f7e11,-149.05559745058417,-0.161064265142358,False,K562_region_01218
9760022e0213b1e58704f7b53e2684073371782c37e5da2e9d690bea75d85957,-270.03057503700256,3.32536476938802,True,K562_region_01628
97677d929cdb7164eb10afa5a595745df79727e0db6346d3d0244b07de5ff7a2,-198.3454635590315,0.450799346768948,False,K562_region_01428
9772b1a95533c5c24f16225e9b81441eb6d8b587dbff2d7f8ac1895067a8af0b,-263.2348447740078,-0.225468745109125,False,K562_region_02182
97c4c98768963cd8d607dad62a0a1edf9663a5d1def65ba11a521b0eae49fd00,-270.1122249662876,2.51165968038999,True,K562_region_01741
97d225db134bd65c410802b72334fc528dfba3d9b055a1580cbd3fdc38a7a24f,-261.5574031472206,0.534428188857613,False,K562_region_00439
97d3cdd19b1e2389e2ac47ea139db3c650e0753f931f2c9f4bec1d4b817fe40e,-272.3047122955322,-0.369235040917908,False,K562_region_01892
97d8a97297e2dc45456b56b14f99bd190b1d126fa93023b499a0120ec1335fac,-266.66768753528595,-0.542488613204977,False,K562_region_01185
97f6c3addc9ad1d77c83e713ebb5296d0ef276c6471ba14d1a0964ec5efdfd12,-258.1146011352539,-0.306325163141995,False,K562_region_00128
98017f13445d245f71804c38c50d1d03bca4f970efeefa88801b0afb96fcd473,-264.6397849917412,0.426983615942961,False,K562_region_00861
98a57fdf0cf99624acac89440133d77e76553b8932c44366d704af78e2a493e4,-265.99022756516933,0.24204119072347,False,K562_region_00109
98de7f817f9f0feddd25c8e6c21c66e46b8b76cf75c8e73dc8d1ca1f8e2d1dab,-266.11916172504425,2.59766146948365,True,K562_region_00639
98e67f15603f1de0ed6f3850e9f071fad799693e9ad082f6f76aecbeef2876f1,-248.93396918475628,-0.292312586405341,False,K562_region_00041
98f076e6f716f5fdd8c6b29d525ea1ef80727b511dbf57ceb057c25d2c4ce4c1,-259.23357793688774,5.55371429091624,True,K562_region_02153
9927d9bb4a31cb86123d9f28a9391c5f0e21aa3c01e66c46e6538e02b1808dae,-265.4742621257901,7.40466601455929,True,K562_region_00038
9928942b26a46c1ca599c9df79468b4dd003a029eeab6ee9f52cdee0b0c37c96,-265.7643481949344,5.26303110163442,True,K562_region_01532
992c7ebaca62d82c0c60f66cab43b2d8df067614b6e1690cf49c398662ef2cee,-266.92283368110657,0.479318221575331,False,K562_region_01122
99903e6df5352eed49e3c72ef3c8b2bdbcfc186f96f83d9a1cbc7e50c80720e5,-253.0651081725955,0.523218672939205,False,K562_region_00086
9990e22c59d0aa66709cd157c28788897652cf4a6ff60df9b3ebb82451a708c5,-272.8691013157368,5.02404613800924,True,K562_region_01592
99937189ab447b4467ab72f08cd54e824a43f82746ecd2f906ba7f6386f76c9d,-263.67919358611107,0.104337584381206,False,K562_region_01569
99b37f378c19ed6ace2da8b675b8c7613a0ac6d337267d67d6935a2f319d3c02,-262.4112221002579,0.0057485204656705,False,K562_region_01499
99eaba423ca8f67c58f6041236381aa972feaec5c49e05405f8694d45c02bbcf,-261.6862259507179,1.34869717387227,True,K562_region_01196
9a030828eb399ac3a1c355cb4d46c1052a2ad9ec4a437e51e8296bd841fd7d83,-270.85148599743843,1.71575256441599,True,K562_region_00794
9a08bf649e654b252e9547bb2a8ec6faa5727ea6e8326ed9d833193b432bb62c,-264.39212815463543,-0.348777842806641,False,K562_region_01288
9a2a79048326483c878698b3f7d24b3a07fa1d1185432d9afa10c44ac6ffa79c,-220.2220697775483,0.375398695081783,False,K562_region_01369
9a6c1b0bdcdde6af48c178d376ee0ce35dc001e17ce1fcec036f0bbb7326c573,-257.1204299777746,-0.174150533975882,False,K562_region_00003
9a7a6e339c4c0801c08fdb2698770e0c7071795faeebabfea984f2d120a0b555,-274.7794111520052,0.130028149000635,False,K562_region_00802
9abaf4e6b65424a4edc6b7a08019d1606c6bede142b963d2b5cc66edc18e133a,-260.4433657154441,-0.682659393108526,False,K562_region_02044
9acc8185bbba3fc9e45e4aada440c63e5bdd35c394a3ba3569321402509ffea6,-81.4065467165783,2.0961834177193,True,K562_region_01955
9aeec5d75c093249601c904484affb10baadbd7ebed306a6d5363e2e161e968e,-267.4279937148094,1.33375507075554,True,K562_region_02047
9b1666793256bf51c75738da2e3f906af7d15e1294b9bf07559dba0e2b8d79d9,-263.47473549842834,0.386890737391568,False,K562_region_01083
9b1e70e3ec08b8a7b7a9ac121fe7200c3e03aa0e747696aff6f84d43e719fb9c,-257.0021710395813,-0.241448849197517,False,K562_region_00266
9b4b10407df4e22252cc7d0cbad5ca55e8e44b79a57823f7b8849ba035121ce0,-254.0363135971129,6.62962833379045,True,K562_region_00051
9b4e90ffae6be0f0cef0a947504921445b89c0d12881e42b72a71a0fe3571edf,-268.2198997139931,-0.333541932898043,False,K562_region_01676
9b59b1496ed5a46f0f4d038ac1a11c4150c1de6e2d51cfbbadc6697271f07227,-149.39156831614673,1.40970875158417,True,K562_region_01852
9b7ed915e5d34dff1e222bf1eda6921fd33c298a1b4f89d83147595313387558,-265.9636409580708,-0.174691672131104,False,K562_region_00207
9b8ae0e556bad35c0a3b62125d93cfaedf50590ec18bc5cb46cbdbcf1897dcf7,-259.1576345190406,-0.619847666782476,False,K562_region_01640
9b9b049b26bada8f558aced9980ca35b3b5f591b8f1c929975d312c2ff1f38d1,-225.6615712722996,1.53671202298897,True,K562_region_01087
9ba65b7f90e28d908e55fbdc7d1ce319e5a90a47d2d04ae6b010c72579c34042,-244.95504321088083,8.58217458724392,True,K562_region_01165
9c0865b6afb783535ba88436c3c3bc0d5c1a8af36c162767d152b34b607f569a,-247.4985964037478,-0.394484526112564,False,K562_region_00706
9c12cef43781ad19e58b6db1130110ac62f946dd61b0ae70df197ca2a6f11344,-250.15366734564304,0.910156187019853,False,K562_region_01033
9c166b444398156655b46496d5fdc3078838b7b1e253abd272e51ff931f35808,-269.74874567985535,0.188634895078035,False,K562_region_01854
9c2300e20330e1fdbc4687ab84362b1d3cd86d83efce7c5827f33160b4f59f9c,-256.705675765872,1.63566427886804,True,K562_region_01905
9c4126dab2e520a26eee090ca46d2353252e36ff139bdeaecac131fb55e7430d,-252.81208864599463,-0.457015500757214,False,K562_region_01916
9c9e7b9a1099d080221809a83c52c7cad9107d3fc5af6c65fceaf763a2297314,-265.4267468005419,0.227129217999144,False,K562_region_00156
9ca7cebe07be2561e64d0ae9c99ab98082d58c02b0263a77f3cad5553f115562,-104.83908350602724,0.0711715260825196,False,K562_region_01808
9cb0713870c77ca6a35b91155deff31bbd83d311c475fe8c53a3b8495ee81dc9,-258.3985419720412,4.18502478216676,True,K562_region_01081
9cc638c310a52fc24cb81752365841f8eecc2c01954a699f278e783dc8ed5308,-208.66861723549664,0.185445233390194,False,K562_region_01595
9cf7f3b840a45ebffb4c3831879bcd4ece8a45847676e4d048032db6561be6d9,-254.64144718647003,-0.0628350888611473,False,K562_region_00936
9d37989e928e29a6355809047671aeb46a4707a7c0521a5a17aad9120a9bc72b,-100.05511843971908,2.19929519717159,True,K562_region_00467
9d4c9817173f67384e2fbd272ac0e36165ea7ecf2104477612079afa96145ed4,-272.42331489920616,0.579393837118753,False,K562_region_01858
9d4e157adce88b4027eabf8497745bc4218115892f9b5c25479da4a70abafd4d,-125.63436329364777,-0.132956236261203,False,K562_region_01092
9d7279cab94241b9c8f3caba6777fc87e297e24a26e3efc00c925c1ffcba1d80,-252.637878857553,5.14898114306626,True,K562_region_01807
9d78e51da101d2893a82a145e750bc1ec1bbb5ceb3cf742957e90e52ded89064,-263.3581198453903,0.156343164901512,False,K562_region_00740
9d7f4c1246c62dab3cbf65891ba6f8df156ab754b17179c9542410ba95d6b66e,-261.94797436892986,-0.158253118985331,False,K562_region_00803
9d994b5685e7ae02a30ab2197108744cb6c587c2b8765bdb51a1acccaed3670f,-235.79344526678324,0.116181092020162,False,K562_region_00221
9d9d757b946b03f872ba61934bc5455e7287a83bd91963c93128516303fde9e4,-267.2855256795883,0.0311552472262619,False,K562_region_01679
9da89c3339f17c2fc97a247be8c3d40feee95afd468a797a390d5d563120a5af,-251.8865098953247,0.731083394242894,False,K562_region_01975
9dd59ea750ea13242f6ae1689143e288120a185f279b03d68d952a93c49b64ec,-258.386795476079,-0.232311298369585,False,K562_region_00738
9df4e909f7698893708be6377e0bc6e63dd880c92740b829d4c60e0dd0bfbd05,-269.13694202899933,2.77590009591664,True,K562_region_00198
9e06da825f5b50719eeb2aaf86851f9e000d4c8e72a85879257e16b4e2c4bc55,-270.121130913496,0.749242871977936,False,K562_region_01684
9e424e5d81862c3c87bf37f4b821fa0eb3ba8c36e4da014026ef8ad26db61fcf,-263.55941078066826,-0.335497278546692,False,K562_region_00826
9e55c35b6f9e32fb9876a2ba9c20b800d585f0edb82e1d90b028a06069695ec9,-262.19320660829544,0.0129392545830008,False,K562_region_00252
9e619b0b173ed94d43104127e6358f004605056350e32a563d1c655180a26bd7,-262.73733872175217,0.165098254499041,False,K562_region_01829
9e8e608b95e4ff7e1c4a5aa1674ec325391b3d2157c95899420d62efed47d4a0,-252.18322151899332,-0.239405885674628,False,K562_region_01555
9eba6977d7d3895219b7d98a59b5296378d62e189622be93256bbf82bc863dc7,-273.10199055075645,0.46700352478251,False,K562_region_00195
9ec877ddafb649baa1f2b01a66b88df966d7535d1e0210a211b09aab1ae81486,-211.61622872785665,2.01615839326052,True,K562_region_00766
9ee28f27f35eff7224a64c7089251feceb1a3f51d9e628ba132b87f46ae34802,-178.64342057798058,-0.261283004694402,False,K562_region_00517
9eeee2007570d9e3e0e108f3278640756ed8d28059a863bdc212d2c5ac7a488d,-272.1793525516987,-0.0797836289543487,False,K562_region_00118
9f117843281b202040b7d6a0393919f2e1264bc45ded5377f90229a5c81a6873,-214.73954673483968,-0.710561734003891,False,K562_region_01400
9f21437f498182349d16c00c1b9fb805a715918902211485ac41172303f67bd3,-264.7808635979891,0.236800337923007,False,K562_region_02054
9f2469327407019a8036a1f2ba833f2525c35f5de554f61feeb8f10f2ce05067,-206.67152047157288,-0.29956697503578,False,K562_region_00609
9f79b6fbc229f45e179ff2593d341be7f4d3b41f047dccedcd91adba883fb292,-271.2106455266476,0.08270763584118,False,K562_region_00446
9f7d647ea1774c8b81a6b35cd0301c8fa88c7466c5b9707c33865602a89415d3,-262.31248331069946,-0.294761725320107,False,K562_region_00139
9fadb8bfc1ca0c4c32426289a45c51044cc6d9c1ebfbf5ba601aafd01365c807,-77.87033246085048,1.50545721168816,True,K562_region_02003
9fd3a29ad7a316c0cd24eb41af361e842d987090dfcf4811ce9853c7ae728fe1,-272.52155032753944,4.65010540916306,True,K562_region_01860
9fd7390c069280f55aad41a50452be8e4229dc6898bd6c90845365df0f9d7900,-270.0536344796419,0.474943409613527,False,K562_region_01409
9ffb9ffa683e1d47a16ee3fedc833472c8ea041cf2f628691e9550443ec26ccb,-275.45951983332634,0.355552141472546,False,K562_region_00158
a016dc9444889d538111c4bb848dc7724a0d8ab1eef00ac2324eb0a92b9ad605,-276.597583591938,-0.0349093856201073,False,K562_region_00671
a01de1609102cd3f69d31393bc7fd06bf30572dff7ec7c6728f2e34e315c208c,-262.62381199002266,0.378815359780949,False,K562_region_00549
a02575e11274ca0f6f668f2b18805b36eba557bc586e28293d996a284fa82065,-108.07793433777988,-0.559353488290986,False,K562_region_01824
a049fe01425635a16960590d5a25b33792238492ea839997005704e0a5ac7257,-267.70018005371094,-0.0984434196007984,False,K562_region_00530
a04e318b845884f907541f18745f6c155450f3ebbd94f3d2b14fefa954fd3c02,-263.66683922708035,6.32378451472698,True,K562_region_00141
a05833bc3dd3a2860b81155e9ec4c8fe6a965614970b3e4339330fc4a2293a58,-258.71020329743624,0.0373508571977452,False,K562_region_00464
a070ea4f52eaa60052625d17bd3adcb9d5dd315b23760ecfb47609bc5894bea2,-267.6063145697117,1.85083621514847,True,K562_region_01787
a0cf515f7e330f3d4b035d6d210009c4417802f4ec7e209359442bdd5d7e9140,-260.84709168970585,0.0711311054978905,False,K562_region_00398
a0ec4bc0c4435761d08902119699d01be882ec2b174c68ad6c7d1ea9c75b79b6,-265.4603548645973,-0.182715174655633,False,K562_region_01558
a12231734ee2f18e719a56d47c56303c0c65cfdd48bee9aa72527bb8321fec85,-269.11518305540085,0.0712569250239884,False,K562_region_01876
a13263db4a5b20347947c8d7d7d96d91b51b05fc5031ad9128dfdf4b4f6fad44,-85.99391758348793,-0.0032403953106126,False,K562_region_01480
a15bb82c47b9e4409331e4cbca479822dc563a04bc3a4e3cdad3e531d0cce37c,-84.8619340849109,0.337496742798739,False,K562_region_01475
a179ac7cadd67d187bf4d4114a84a9b1ddfb43a6bf23d807a8bc7936702d7957,-265.6513438820839,0.482995471701444,False,K562_region_00776
a192d8801fef3198b4e42f95419d00b65897432d0c2138414ada45a1199e4303,-277.6062383055687,0.117866207387837,False,K562_region_01799
a1a5f663b00385ee35710450727b3943bb5bf61b931b296b38365b4427143af8,-91.91432960517704,-0.312192208118258,False,K562_region_01248
a2107bb6df519822b2704307709f3e1ceaa42c6446fce9a10fcb143e1a801867,-269.82585859298706,-0.32572974795256,False,K562_region_01322
a2165be2adee692fa347c042a2fa5aed34707cb597426da351f16251245a578c,-254.49590003490448,0.293082869274583,False,K562_region_00382
a2170352b79e54ed72bd5265f057aa6b24d2dc0f1d3be0a3ec24581dfccee51a,-251.8658625930548,1.06189153949435,True,K562_region_00417
a2401e4100939a69616c9ee213819af0f621f2032597943f38e12ca6098d53bf,-269.1977447271347,3.4201315263366,True,K562_region_01700
a26150bba6ac7575933cbe4d07339de960068a364145ace30fc479457dbcb5c7,-273.25037026405334,0.756997083944322,False,K562_region_00525
a27587609798001b6b9febe3d598f6bc960f1b9fc37b2c2fd6c77b678b2baf6b,-268.19008216261864,2.97461007089092,True,K562_region_02137
a2c9053bf9be7821c13da56ce29f80abb3e220bcd6bccf0d50b09a5cfc1d80ce,-128.98713975772262,-0.0014994617184813,False,K562_region_00886
a2eb59b9edc23d8615e5716f1fa7f5b19c793ddcb1827fb6e9b0c24cd2362974,-249.46506428718567,5.84509755260416,True,K562_region_01007
a2f66cedae9499ffa0c4c7fc2d8eeb6bcc296c37db4dfdd5ec20f8919c710a93,-151.38421798776835,-0.589680794209634,False,K562_region_01413
a2fcaf4aea1e447bc3606bfb867140018b0bee333cc583864c0850656b631a00,-259.3980298638344,0.0022510432503337,False,K562_region_00450
a30f7e9228d2bbcd3d5e6289732c186235491eee939b537308a0cd6ca70c08a4,-268.7831752896309,-0.130224960865042,False,K562_region_01456
a32fe7ab9d3d44a29ed77624521d701e5e18684685cd5809f5b7c15e6eb11078,-236.64076121908147,5.48208224010083,True,K562_region_01843
a34987b6a3126ec4d0061e40b177ae76bdaeccb5ba086ae48382efd524c6a145,-267.2421247065068,4.29341703782549,True,K562_region_01124
a3570ebfb5dc4c9dc05ceed764e90a3cc311fb15da1e2abf26b671b263766543,-272.51887717843056,0.571659512572755,False,K562_region_01232
a37e8f9c72414f1ac79df795223f3a7fa82946c529acf4cc88e131b1a1f025a6,-259.4466909766197,1.63692862590777,True,K562_region_01948
a3879b98cb10d103d5f5099dc7efb7676b45e5b7281d9ce6e8bf1bb9e2baf14d,-266.83640080690384,0.98659538890712,False,K562_region_00534
a39ac25c457c667fbd6c6351965c7230c6649800e2e65be112ab8ffdbe22f651,-262.1474416702986,6.13280805498399,True,K562_region_00002
a3b5da51fbe716403842bf764cc06b2f2b039469a8cdb46ccbd9cba545052164,-268.3346015512943,-0.0060973853303888,False,K562_region_01909
a3cb35ae2242fd0212d3274f5291f84e93ae3e0e60fea9b6ef8f5c9d9da75dca,-253.1234718859196,0.259320696503522,False,K562_region_00739
a3d4da9be9820ce3c8841b1761124858cc3df54c3db617faa77648be491957e8,-274.75203462317586,-0.0317393534914538,False,K562_region_00809
a3d72833b727b3c55345472acf93271900b73e8f7d44be15293e9ad7a706222a,-252.7402239739895,6.78131276976842,True,K562_region_01385
a3dbb3f35b62c84ac2c1ae27d5302d3313daa21f44bfae220877f87f5d6b4419,-261.1185857951641,2.60682546269411,True,K562_region_00294
a409e40d27a0220f6feb25e1ed553a895b3c44f223f5d2acc90c75ed919eef50,-273.5287465453148,4.29133341551395,True,K562_region_01918
a4434b0a919bf75b9145eeb24f091ef33e18b4fe0991bac72ac1ebf014d64a59,-231.3123883698136,0.788080616909249,False,K562_region_00352
a45b760b1aec3383528a37b28185155d88f4320d714f9eac1321e90f8d8f3872,-267.1433984339237,0.195753422311763,False,K562_region_01084
a496fb0f010081f91c08a2bc1c82f2d0fa46c503af568e8e9fff8ad9de141e46,-256.37246042490005,0.15763274946534,False,K562_region_00050
a4b25b84c8966fb5f62a325f4da0a1a79b95c1893ed62dac18d8febcbaf3ba99,-123.31281017465516,-0.202187979346453,False,K562_region_01703
a4e8b857e1c0a1e7002c0b3818a32c7ca0ca53f321ff793e4e5ec1c9158dac04,-203.7657253406942,-0.0297405635241284,False,K562_region_01324
a4f6c2a55656ba91822ba78a5f356e70dc2ac88a3df94f88aa2b7286c24b6ba7,-261.61747205257416,0.579708806798448,False,K562_region_00840
a559db82f814ba546144018f0442b6f91bceaaf99eb132862efe9324d148ef4e,-266.9783436357975,0.435823880804224,False,K562_region_00483
a55bbcb13116d9a9a144da2ce6877927c54b8fa660ffecf54ae48fa212f2df9e,-229.0630072224885,-0.344203541998123,False,K562_region_01721
a57faafe418c07ee567c1f73859bf188670ce5e63bab16316a84d458e57ef38a,-251.92527372483164,-0.0632102047217,False,K562_region_00367
a580ad00c19a13d08f35bfb5a9095aec49d15766beda65b16ca0ed8a48afa3f3,-255.0223854035139,2.49708614081743,True,K562_region_00290
a6403c753393a46cc60608b817d7f97095a884722b7a199ef6d5e0b50aba8cf1,-46.11194023350254,0.829130309675616,False,K562_region_01031
a6584e6fbf94a30baec221f31a9fc389f9037213ef2d2d26b59257cbea7f9e63,-264.465443700552,0.0957201422561516,False,K562_region_01662
a668f50eec333c8a85e8dd1de741011df33a537db923333803441f85275ac096,-258.57492512464523,2.5601090722063,True,K562_region_00950
a6725ecb0adb490c8f0f91b117fc222d0032adf52f0ffd07eb26810a43344257,-262.1892444565892,1.16849461617115,True,K562_region_00658
a677872b523997e6cfdc7e5a7e6eb4654bdc31cc4c0eae4b215f969d9f48a0e5,-269.4023755043745,3.80929488919665,True,K562_region_02078
a6779d8c688719ea133ff03359ece3a056781492bf691706eb7a189ecb14a3d9,-267.21005406975746,-0.132870527447632,False,K562_region_02178
a68d2831b5b00773a82e8c9a5b813e14e9b4710ed164ae6db322d344b2b87779,-273.2955130934715,-0.23183431644531,False,K562_region_01657
a69aa5359c3cb30da99b58569165d1b7563818e243663cd52c9e14e862b2be2f,-271.6109060794115,0.0728435617810086,False,K562_region_01915
a6aa4b3565c7ac2c99a135a5833ee0728e279412136a64b3037a23d1cbf82634,-245.1046478189528,1.45598264909825,True,K562_region_00767
a6d0ad8518cd637053553c2c84c02423acec8ddd0ca08f7e4cad81dfb9d2577d,-246.155675355345,5.04423641666197,True,K562_region_01510
a6f67dd3465c7ba17307295cb6332545477851b0733f12a66897ba2167476365,-258.6721334606409,4.36100430887915,True,K562_region_01174
a74afa3a5a793096dac1adfb622f9c8d9d64571685c9fbc6c8ab8d9849144aff,-245.82948233932257,0.355218331715933,False,K562_region_01554
a75c1dfdf1fcd69d66f19cc269a44ec373259b0962e3b38d712637b790fbccc0,-271.1482358574867,2.45786698160645,True,K562_region_00096
a76c3712e3653769598ba05e613e4a940698e8b71c47be5f9c05b1a6b62fa7f8,-265.9524640738964,3.03409937890144,True,K562_region_00574
a778c9be593991196ef6297fcfd4fd13fd91b5d78c368596b49f95217ec18b5b,-264.2828576117754,0.113445901577104,False,K562_region_01234
a77d1f3ffeeaee838c8608900e69b51a8fee09ad6617e73526dea9ea1394b662,-257.6789313182235,6.19319640193791,True,K562_region_00349
a7bb1f1b72d388277977a4a603fbda07372c46236ef6b525b35b3a29a4a626aa,-273.8243795335293,0.555823657602292,False,K562_region_02067
a7d48ba4f7df3a7bff80b7a160a1d1d040fbd3fc5395e9639fb4e77f7cfee5f5,-274.7615301311016,-0.243303607127912,False,K562_region_00863
a7e062f03a9729694e676b8caa91f1ced69b4f90ea951f17c282ee8c23be099b,-261.0941011607647,5.35102752902778,True,K562_region_00014
a7fa8d604c7a3bdc7db7171e900c96488859a489755b25d4f4d71418620ad87d,-260.8226823657751,0.351674267487786,False,K562_region_00605
a8011c2ec3a81f92ca70a6506000655441aaa67273fd20e4bcf8fae9326aab77,-260.3852752149105,1.11710134940331,True,K562_region_00148
a847eeef0cd108a809437eeee57c0ec27858c1b9af461361f13dee22cf40904a,-242.148999363184,-0.0749229456272719,False,K562_region_00369
a84f5f36c933a7ec1fd0295c9c4db720b97710419372f14ec1812834cf9df6f0,-268.02718129754066,0.571025117676882,False,K562_region_01446
a854cd0d09c8ee7f03c6cb506421c3a5857fd79f87ace7b14d38e884e0afa8d4,-264.9054201543331,3.05460314018361,True,K562_region_02112
a8c0d18868332f118e6fd17ce75a34ee40aae1a0f0c857821bac3c7458e48bdc,-233.8451184369624,0.320869089808431,False,K562_region_01244
a8cb72e8554fd6005e4e8e20668ee6bbccc5cf0e3412e445669363b7d097b2e9,-267.65090253949165,5.09891993556788,True,K562_region_00633
a8e2cd39f8d2b971ff97334e85cc3ee4c4c0443b7fa93fd304661cf203f77c0c,-266.28709860146046,-0.279284608509649,False,K562_region_01598
a8e337569c459fd85c9a3cd2a9e16ef07a6c7dd7570c8fc81feb372973adb2ae,-250.6367209814489,-0.410807832002818,False,K562_region_02250
a8f8ec8c009d261eb0d03a8efdcd296f65b34c62677d18a91d7611f32a5cf23e,-191.02391550142784,0.169729136036026,False,K562_region_00024
a8fe89af4eac00a9375a841cd29f01a1873cf3ce186538ebbc82e39a3c05c9bd,-252.23177465051413,4.96087348299612,True,K562_region_01465
a90cd5c153dcb32d2626b6b7ea603149f59261df3bf15f94d5fd64557ed09737,-67.62136167660356,0.866952411948271,False,K562_region_01963
a91fbd0f023b8a92f1149e4313ef684572b9c6b85fcf489f4e6a7de07988870b,-203.2691060230136,0.711161840664036,False,K562_region_01923
a91fd65629997ddc40e915f67bc662d8beb5feaa9dc240baee3df6ab7a948d62,-172.3400910794735,-0.0810680432211054,False,K562_region_01099
a953d4625353b11d4c9b01fc079c8801d6c7aa35a99c3bf71eabef761c8a8d0b,-275.42152294516563,0.152372256304917,False,K562_region_01859
a95d01a242c2b4bfb29f9bcb7b21b0ac3077904209dfff186487f59d06b44d7f,-118.14096128288656,-0.293930178308408,False,K562_region_02095
a964f7e80ad8613764002b87da97d3cd2a95397d17b0b7ef1dee2cec29509dc7,-176.35165843740106,-0.239689034643955,False,K562_region_01790
a970e68fded14530f3a2dbcc30ac4d9d7e397ed2baef0a3b7ee34cdf93833985,-268.01282462477684,0.246707071626776,False,K562_region_01557
a976f82cb9ee93b212b0ddc531adfe461b077a7ade395a89c8ab892edaee4131,-259.88238067924976,1.58605514772656,True,K562_region_00383
a98d2cf46ace8ad074459d889103f5c9587a013bb63a56a690f0b0f691bbb82b,-231.2127464264632,0.234762658370938,False,K562_region_01097
a9a06d60697c356cb1d633a1aa231a1493223ef8553fbbb3947fe870fcb5edb4,-272.40680876374245,4.66943784807035,True,K562_region_01375
a9af6f45794e3312fff64dce4e6617ff50c7fbb11b7c585926947ab36d181282,-252.7304290891043,1.68230709103269,True,K562_region_00289
a9beaca616e6ab1011b57c0dd8847ada869650d95e0d738d3301627e0885d5ad,-248.0364463552833,1.947301802096,True,K562_region_01751
a9c2da1749577fb37a2534762a81a554ba508cc4fb5e6552beae08ac4761397f,-245.0697477683425,0.156858007919889,False,K562_region_01615
a9d19257c55bce6762496f4c7ee99a2ac579214e99234c25e56b715f6785f8f0,-263.1018644720316,1.24465571272887,True,K562_region_01913
a9dade46054b39b64c6d8a19563ad3150f0690dc7b0c4cf5372b10da063087ae,-269.479541271925,3.58306142445078,True,K562_region_02113
a9de656ad3fb402f29bcf6e0524a7b2a2addb2742407c6ba4dbc5b335a6f9230,-268.4435425698757,-0.117146215531893,False,K562_region_00820
a9ebb9f802065570856d1d1a9c860888acfcaf3f4cf39ba4700db2da98da9e69,-250.49602362513545,0.288464975371163,False,K562_region_01502
a9f0c4a7e290a8b5e0fcfe2a4d23af14ae5624f8852a98dc070c15a88f5b1b9f,-257.5704662054777,1.03628137760238,True,K562_region_00137
aa01681ef2e40942a4629fe667731e0f53f4a2715d342b5abe264e21d44525a2,-131.1681736567989,-0.130705976272462,False,K562_region_01824
aa0ac22c4efc0c12bb89d7e20cecbe08d12e2478da8c84335ec047173c182ab8,-154.9205807382241,-0.674063243332499,False,K562_region_00807
aa10ac172fb3198324ac6a31af3471a484507a9d67cdf3000b0fda807820d067,-254.50779220461845,0.49982388914814,False,K562_region_01365
aa1a6c4d4cef93251a83dcb7a8702216be18c77004cf55ba677b115122f77fa5,-252.2377554178238,-0.330894388870302,False,K562_region_01764
aa454e15cb57cf78719973018059578da6571acd2b0add739eb4dc7ed2dd3adf,-246.9227428548038,8.10656370266134,True,K562_region_00581
aa50012ad18c7937626e5a211f86b87b085527b37deaa69314e147e5dd7f9977,-104.10370577638967,0.302226248495906,False,K562_region_00274
aa6ad0e5f5f714a86dc5820a89a8387d8bf818a717aaff06d5ee7981b2f37bc3,-271.548404738307,0.748761463029869,False,K562_region_01802
aa7ba3f2b96b6526f19fa6c0af75658314e6649f416ef7de15cdab56046166cb,-262.68102392554283,1.8948861591428,True,K562_region_00470
aa8091cd5874067b0d7353acbabf2805657d68eda7a7bd13ee2627751d19a216,-258.269567206502,3.0459536364992,True,K562_region_02124
aa80cf5426f53ad5a827695efd77b73d9c22d8a43b6ad849dc6f4ad1248aca01,-264.26978139579296,2.32712575774564,True,K562_region_01184
aaade61c71791398f74d0e993dfcf193380386ea21a0f713b980be8c6148dc07,-239.02213733270764,2.90576966274171,True,K562_region_01581
aabad59dd1d80872f1b4c8b401c838250b8e3cfeb9ceca0973e8f2537d227ac9,-257.96706968545914,3.6984422749605,True,K562_region_00354
aae36d4597251598e30612f10b83e3cbf15d230e4c813a982233645576e6a310,-270.42191565036774,0.896882351204933,False,K562_region_00203
aaeb3d59fcd09ab1a9f0ea1ba4e8db2bb62a3d0a16dd3e04733c5110365f6d3f,-239.3770016152412,6.30445132104957,True,K562_region_00757
aaf7a413a9055d91e4f48c6bf9a1e67b397fd5ce9d2006f86ff6c9e14ae30b31,-241.683693241328,0.4919204024644,False,K562_region_02009
ab367841ed22e533699d266626372bcccdecccc505af00d3af32d2f20e72c8d7,-269.8614776432514,-0.0116472775293335,False,K562_region_00952
ab394bbb0727ff0492766335624d69211c6f8a4287f6d4778e4f2c230d128a1a,-254.13459020107985,3.82808189249607,True,K562_region_01071
ab4e4a56e94a3f42bd764dcaf84c263741a3742998858d4c82c7c8138b08d64e,-261.0426250845194,0.970474037759333,False,K562_region_00716
ab762daf02b3a2a9ad75b16a09d175652b990a95cf9e7075c3ce6c3af97213f0,-254.0584730654955,0.612625168071841,False,K562_region_00722
aba9135f842a012716959d4a5ffcbfc8ec9d5133c4eb7eb683c5920b6e602853,-265.7552982568741,2.8273480443853,True,K562_region_02223
ac0e8b5dc8595e45ae4e3de39bc9fcc3f645295dec5b55e4dd094154888af53a,-270.9129501879215,0.485334762941469,False,K562_region_01777
ac259945c820b656c8730196e84e6d1c7ee7ae9e615152cb9bd34bbd21f65bb6,-268.72512924671173,-0.466199102555325,False,K562_region_01035
ac3f5c1165a772db5086ca663950504909145d3229bae2ee36fa540c00925335,-266.532023370266,0.400169293208821,False,K562_region_00653
ac67649c4ea6cbf2a509f07bbe522690679b920af7d1bdae529501637ad735f2,-259.1395810768008,-0.445718672256762,False,K562_region_01543
ac9fcd9b5d083fc22fff0a6f9318a39deb652506bbcea41800ec6d0c01b0751f,-206.3777340278029,-0.0403678956396409,False,K562_region_00607
aca87010ea15bc782cf36e4819deec6760b914572a522257f1860edae1be039c,-253.8210619855672,0.104892230459226,False,K562_region_00673
acbc62370c2c1b20ad61ba68b0f0f5a487581b41316801173c34db768ea83cb9,-270.2522673904896,-0.267289994045436,False,K562_region_00937
acee6b6ce74b19a4244081359ced3fefdfc8a3d868cfc014e7fedda3447283aa,-242.54997852258384,1.12119538879204,True,K562_region_02091
acf5cc3509776b62547a8a23a39c13ed8992fb5ae101e82787439042206a2711,-252.82985535264007,0.586941537439428,False,K562_region_00617
acf8ad4b0054206255f116892bc8eb9a890dbd6278e16f259f880de4a2dc79d2,-203.0188951101154,-0.510077393011092,False,K562_region_00725
ad019898d47dcb1dbc5a9bc93063366cba6076d3117174220afb58f53fee1c3e,-263.577349871397,-0.261899138007321,False,K562_region_01396
ad09a557bf627b3f952ee7cef5971e26fce9a36e8aa4cedd52b7807bbb563a99,-265.5096600949764,-0.044126243835664,False,K562_region_00109
ad12dc8593061907c9bfb6c6076b2ab93d1dcf583cea4ccb42e2f775c790f459,-255.16256724298,1.27697130391238,True,K562_region_00046
ad2b883a1689afee760eb1020723a35b442e94c207914847c58ffb1c483e339f,-272.14250010252,-0.123667948357707,False,K562_region_00042
ad3d15c96c93841e69063f86de9b1eefbefd5fcf13add90db70ef0afc5a737f1,-265.7791581451893,0.426707002995784,False,K562_region_00966
ad47ebf906ce1bf51d8c13dfcd11dfedb841905315245f1aef7b1d5c125eaafb,-258.19709357619286,2.29980230579035,True,K562_region_01301
ad4f3199df3bc05498d788f61ec0f53b8aa1234880a4dab0fc3b49cbb15014c1,-209.0343129877001,-0.12768740675115,False,K562_region_01877
ad61fbc00dc9addbc0a0f8f64111664e74b20963872f1e612cc10aa53e8c10b7,-247.69225710630417,-0.5040952879636,False,K562_region_00974
ad89de34b12e6ae9129c6703c30cba54e85cdc13183a6af5b3ec8cb270551f97,-263.1274555027485,0.508661539975762,False,K562_region_00145
ad8baa309eaa020e722c85edb804f9c91328c8d344d8fd6ebc8ec630bedf3bf3,-139.67773199733347,-0.45388260596535,False,K562_region_00103
adc7ab6865e4132aad5c521ad478870942a8e08e0c8799325bf8e4a38d965920,-267.37112836539745,0.194863689288618,False,K562_region_01214
adf0e7cb27f079ab88b79234812a92e9ac9932c7105eadb2aa1b57c9033a36a0,-144.89086529053748,2.18660784626815,True,K562_region_01914
ae63ad8ece8068f106ca6384db2521965462717d1a1df3f7fa7ae18d09e99dcd,-248.499285325408,1.14688979153575,True,K562_region_02197
aebeafa4177868a489e7e120bdeffa1eb23c2425b982161ed858ba630266bae5,-153.09296919964254,-0.189455961730395,False,K562_region_00759
aecdf2951ff42be74a579728f1efd7269927e461bd59e7bf69d9411d39bd9343,-261.85642886161804,0.956928836822917,False,K562_region_00150
aeec7e4766c1c4fdc5119b4256ea89c8fbdbbfeb06c55c500a595a1acd4cc7cb,-263.86624163389206,2.23552906028225,True,K562_region_00913
af055a7aced61afabc114413a62809509eb2ed9ad1f2c004811fe7d376418ed5,-251.06805877387524,0.143532618932852,False,K562_region_00159
af370a4777d07d6f81a4df589a3d439f485d3142d784facdba0fb3b0d7e618e0,-269.1125672161579,-0.0617468594332623,False,K562_region_00954
af425c55d6cd3c0fc34f3db1cb2d8cc69d34f803a6041c40c86b2e0d04d3d3f1,-267.51978051662445,2.46449796826659,True,K562_region_01568
af6890362a88c34d37ef20a50c322c80a92985f0b4c5b7b41b78435463458b64,-260.74715891480446,0.0107422698250117,False,K562_region_01380
af73d85e5c47dfd70b5178f31f2dec611bbc3b0ddfd5babbebabfaf422ee35fd,-259.739975720644,0.0256653241910661,False,K562_region_00816
af84a1134b80ab8779c3fa7ff5958b7793f1f45135c8cb32dff0d0434305ea1e,-266.59288914501667,4.85784899044903,True,K562_region_00110
af9ede0db612288d411c0f40759077694884ca7fe81097b9343ef77dd4c61029,-257.35414534807205,3.52765142062353,True,K562_region_01501
afaaa4b73052f4d36bb1fdffad1cfb47b54522a6c64e21be8f580f80e6c88507,-253.16310827434063,7.52560120059387,True,K562_region_01541
afafe916602f10c588718d4bf20113a9dbd9bcf372662c44b1ca6e21457f180a,-246.23545542359352,-0.214611800185117,False,K562_region_01240
afe2b83c92a77a4b338e45ed353218a711497b78dcba7136a7a9588721620e1c,-269.0118610560894,1.46640576370665,True,K562_region_00839
b011c16e5b58fa485b8535863e09be8b5da7e200f9a786c1ab5bf81b6dfb8314,-228.1809467412532,3.92394935930587,True,K562_region_01663
b018bcc697180985eab930cdde6232bee0768795cc3e39e1cece4a94e04edbb3,-271.1495403945446,0.141437508272066,False,K562_region_02060
b0334978ba370c4e0a6356495c7817d8140564b2eb75fed9126e963080be2299,-259.45144551992416,0.430310516868471,False,K562_region_00412
b0493c027a363713d0563b57c07261d7e7f0f4b2dda239a615f5e19854356555,-276.2065403610468,4.46078231468145,True,K562_region_00047
b0604bd0c1981e20799f3df0b6ba46da5dba23408df72a93b38f35d9cbd63e3a,-148.0913939094171,0.336504538916073,False,K562_region_02069
b071e775fd4fde82444be997215761afa24500976a5338c3d65d6d7674d8ec7d,-267.7258853018284,3.54586038262099,True,K562_region_00026
b09f73830947fa02e1a28d4e29e82a739c8dc7bb3fbacf90ef005e1fc000658b,-270.82622730731964,-0.218357422780413,False,K562_region_01367
b0c243e00604db38ae1b755fbaf8a0a3cfb3c9efbc59d8aa758ed6dcca91c97e,-219.8866752978647,6.09268186810802,True,K562_region_02083
b0cd4907055af0f026691067399df4daeb57e2c2c785720171082197323ef9f3,-242.74724789574967,1.1598020663288,True,K562_region_01146
b0de9ccd984e011488fe33c65ef9e73447843a8274fa9629d635061541219251,-266.72815047204494,6.20291058063896,True,K562_region_01168
b0eba12276a942df99605f0e83c2a80049860c0c53dcaa745f1a4873d5dc75da,-67.67953975172713,-0.659254257468494,False,K562_region_01563
b13ac50595df4925c031dec0d8966311b71ae78786d2a5410677ba105e1c96ee,-268.38366958498955,0.408126805148044,False,K562_region_01211
b14798149f5e30acb9b98c95c4e62b3d7b46b9ffb654c5e9e9aeaf3be826f01c,-261.56821328401566,0.298959123224649,False,K562_region_01874
b14bebab6b60e5d791d8146f836d2b10bf59afe248ce801e2bbaca36cb0f6ce6,-253.9183574989438,-0.10613023912908,False,K562_region_01954
b1801c9655cf720856ba6d7d23fa1b294256329fd3dd6fafe970541dc1ecf138,-267.26698733866215,2.0691786061285,True,K562_region_00951
b1b50d3c1fe9ae830f660bc30bc61f3ea0f59ca764f33312e898404f482b279f,-227.79832816775888,0.451355006889267,False,K562_region_01149
b1be19efaf47e4924d5a5ee7f2294b5fe6f2994f50a60e5d2c1d6b91360b19bd,-257.8014245927334,-0.674205579199842,False,K562_region_00628
b1c7e6af1d3443728c6c60b8000f1d5f7df22eccf5a572edb14532f3c7c9b2ee,-274.6609284579754,0.458043894036857,False,K562_region_02181
b1df1a3e2e736cd4453ca9e06b419a52091a8a7fc0747e56afc5a49e80193dc8,-261.62741845846176,-0.166100574757056,False,K562_region_01650
b1e374f86cdfc152e809d317215fb2edffb936556f7102c02ef7613fc6ba70c1,-126.58457359205931,0.549303484690253,False,K562_region_01368
b1e5c2ee3197ec3119caabc61f5b49badf9f74bd4b20619d0427cdc9388f4ce3,-95.8215329637751,1.02465201419285,True,K562_region_02169
b1ff8781919ed7b032d86f89377fecb06ff0ec5223920d1331a701089e2c6729,-236.25014996528623,0.384903613184934,False,K562_region_02106
b211f3ffeeed1ca259442300d414f95b3b4d6689827e03f73172e3791525dbc4,-130.6793998768553,-0.0949622356383064,False,K562_region_01608
b235fe29ae65997a40ecaa252808ac8680e0074be4b41aee288c42484933c7f9,-272.85208739340305,2.58400499662282,True,K562_region_02037
b26fbbdd66fd316e1febe42e7aedfd2c5d4bebca59373b19f4ff2be5127b34bb,-261.74358935654163,0.467998206111855,False,K562_region_00968
b285a8eabb9496e2560bcce451500fc98401970ccbd4481d79fec11da6812a7d,-252.94183578866068,0.892234158498986,False,K562_region_01552
b28625ccd2ac1394b2696d750b1a3599fb1064b5307a8fa9b38055738925b831,-258.05567276477814,5.51277348019596,True,K562_region_02153
b2c5005020e7d88cdff734b03e9e0fb0d9b3b4fac07b7aa6b7523ae06b432ba3,-261.96527468413115,1.73764557617042,True,K562_region_01208
b2c8aa8d5640e08f87f0d6ef02f01afd4082363b10a67893fd7015a938673f61,-171.28443278558552,1.47922723537049,True,K562_region_01178
b306c34178e25523582f9dfbfe254ff92c966dd32820a55f7bf7c7d60fbcd79a,-242.8143640942872,4.371514781969,True,K562_region_00724
b33a9cac5e3b334027fa5d9b87577a2b5205c8f4ccf316ac840b08fc7f5b62ff,-268.67240273952484,-0.0634330115386995,False,K562_region_01709
b34fa18f7852501ad0d912dbdcc533c78c6191f6f4c1a25a58c0afbd39fd9b92,-239.36707070237023,2.45993537324951,True,K562_region_00843
b36790b15cf94623af2c69edac83d9000f9ea13ff628ace462587a931f0aa78b,-248.8193944990635,-0.0807460375360362,False,K562_region_00155
b36c52d48728cb8d52d0760c3ee0d625737a6a1a17e251aeb4ce8f2317bf8da6,-263.1522103995085,-0.121207043369925,False,K562_region_02175
b379f6b065872b4d8b034aad6f44d344e0c19d91e4083c07fb445471ae9b0b26,-266.60338908433914,0.810529307751103,False,K562_region_01711
b37fbfdda14c1482504719ee2dcfb002e8e349a10e61927ff85d8298ccecaf98,-266.71796903014183,-0.315615268209596,False,K562_region_01622
b3bec0cf4e3f841f1f0f9509043c4b37cc9281bc460b806cfc1e010e0acf948c,-204.19381795439404,1.33233307282469,True,K562_region_01040
b3e61dcf58b26dae46f8fc2742a1799f780ec8494446b08ec8444eab6ab8edf5,-256.0914673656225,0.504385574664687,False,K562_region_00243
b419754c533e0b64d8d5edf88c06d60b47908a67650f56cf79cb47dc8b8d5401,-216.6509466894204,0.178001229476397,False,K562_region_01163
b424ef595ad6fb908a79243cfae23256263377d86661941c8f18d41a71377e8f,-270.98239950835705,1.66881683683031,True,K562_region_01381
b43307ae386ab3054188605e958443a31358223839fdc3cead099e3e69d7361d,-273.1441284418106,1.30682687544092,True,K562_region_00435
b4424984c5db7cf32aa7d1bb0305945e2877f2524ce674dc8c22963f1eae7645,-258.2318356335163,0.0741321139592658,False,K562_region_00840
b45113bf9fdc01c97f018b7966ba0f02bbe187290cc68fa2b41ea839f14a9d6e,-205.970137053082,0.330438121199244,False,K562_region_00361
b45e94c6e00dfbcbfe1f1ae4580ad2bc7f4a2f20368883ad4a8753d4332d9068,-201.13074686564505,0.205098284101815,False,K562_region_01420
b45f451e8014945bc0279d0c8cd11773e9500944536eedb08e4086e44fa5f9ee,-263.4729194045067,-0.74680802368008,False,K562_region_01315
b48c6d35f7f5edbda03ada7536daaf9b2e7bba200a1551c1cdd41837be7b3b3d,-217.78845713008195,2.4982877198984,True,K562_region_00360
b4a180719d5deabb1f82f76f0a62a5f2c8641c38efe0d2a7bb679465a416393a,-225.9379883147776,0.535570234173931,False,K562_region_00246
b4d46c69c072546efdb3199da0c2e8ea151f84ed936a55465784f31f1a487185,-232.54236243665216,0.470134652004089,False,K562_region_00058
b4e40ec8ef27fb1d424635058327e004fc85792a52bfab0af81da27af9ac8fb2,-227.7731900326908,3.46236116728398,True,K562_region_00455
b4e931089639be04960dba805fc0b77653cbcf22fd2b4c12076cb17ab027abf7,-116.49963177056634,0.231014119464435,False,K562_region_00810
b54bf65e0366029a42ac81ca24134b04998d321e6722b50a1b9451b5c55078f3,-266.2493735551834,1.36209321428086,True,K562_region_00612
b5516cc0e868f2ee1d04a4afa54519745367c990bdcf33133282510f5857cd06,-268.3457908630371,0.612805453343273,False,K562_region_00934
b55caa1d4a01ff829851fcd5f86b3e383a0a98adf871a5db6ed24e5aa1ef0e8a,-257.50085596740246,1.19372435875799,True,K562_region_00948
b583e386120f8603cb0aff0d953b3879365d2ec20cb5cd14661d4b56d655003c,-243.62612974643707,1.03643527244172,True,K562_region_00695
b58ce3e3315c9112e9428db191288989b54bb74a7675f8b41e92f2d647c15963,-274.63029799610376,1.04174199081454,True,K562_region_01684
b5ad0068ebec4caed7bc01bb4b8013dbc7cfa5d80196676803e667c768f76ad5,-263.9343961328268,0.371596048431607,False,K562_region_01283
b5fe3b14d17c7cfd576e4dc346576b1b8911ea225e782b672e749ab4c63d57d4,-261.42490062117577,-0.372546512233796,False,K562_region_01304
b60fdb7211665570050fd310aab5816ca284956743b10e4588dea6bfa62fa298,-250.51971800625324,-0.465866146715645,False,K562_region_01298
b6137207e862ee71876da1a982af9d556a1f5fa21aa9fd69c50fecf7ce5cfaef,-242.1631466150284,-0.664515573155296,False,K562_region_00019
b61901d9793ef6d78d90f442b3ee458bb5ef857e99373e39159074475c1e8fbe,-265.6559454202652,-0.296998452413111,False,K562_region_01343
b61a8e4e5eba00d34f11f5ee6a42c9317c0cdf269d654bb5a516117ae473195c,-223.9622107278556,2.73328983238631,True,K562_region_01756
b645d35cce4b37a43f11dc15976ac5cb569c8ef1d2eda004bd88e3348896c2f5,-274.4371356368065,0.003822419765277,False,K562_region_00845
b6503827cf1b5b7c43d6bbe8768ef9999da814f05d9134c6d74c0af5db4844f5,-262.19656160473824,0.806478269640221,False,K562_region_00540
b656b8610946abca050a1301d7a6b8b3f8a5792300a4a73950ad69af99a41cfb,-274.24155020713806,-0.269846360621829,False,K562_region_02158
b662bb4ee9d610acf5fba23b4a570cf426541b7ca1d58b0f395624d143e4310a,-274.9124913811684,-0.0756037175677084,False,K562_region_00147
b69e6f258a3c5e83f61d6da8948ccba7d0a749431a859e28666909a066492821,-253.45787918567652,0.731339746058858,False,K562_region_00747
b6b375528c5cbf4c6b451aaf86158cec9dc85bccd4eb570418ced22a5e70e948,-260.6409233454615,5.25187642741117,True,K562_region_01176
b6dcd2c512f472c49e2ce55463ddd6c3b6170e1b868eb0119dbcb54d5f659c2d,-255.7169267013669,2.39226419545083,True,K562_region_00594
b6df8449531146313ccd1ad9035d03f9ce7ead3c06843b6f7aad0afe58a13ee6,-207.49051721952856,-0.434547409486354,False,K562_region_01825
b6e4ba3c7595934e8524c46656246fe37ce7e0235c2bf4be3611fea4384f62ef,-264.6735207438469,-0.231499185383146,False,K562_region_01800
b7103f5bd1578b743cadf3fcd75abd756aa37cdffa6717a1e104ffd1d190c243,-93.38008069060744,-0.110153614127448,False,K562_region_00425
b71ef311e049a4c5047722db945e71a021f3f9c5f7e0528ae33faffc00308836,-265.136875256896,0.32245161211667,False,K562_region_02018
b737f5b9b05a5e6a40cf6723c595dc2b91ca99062352eb7d38079788187514b2,-263.2131837308407,0.186563431055677,False,K562_region_00334
b74edfbb6adef382451be8d54bd3b4f1edc7b40e430cf567d25b8a38d8c2ae39,-166.4861551807844,0.439528697611146,False,K562_region_00381
b756257286787d2ed6259d35c65617dc21dfcfa9e5df09b79b6e1f441fb72e11,-263.9340801537037,-0.0985716184411034,False,K562_region_01730
b773d136902537e7d49c91a330fc1bd63ba84c847059c2f1bc9cac551d37dd54,-250.638707369566,-0.272721333242706,False,K562_region_00417
b77f18fbae07e6c7003ba997a6ad62a58cdf94615e04a770be52868ea6e28b4b,-265.0138694345951,0.0758213557292125,False,K562_region_00710
b7850fc471dddb4fa0d305a6850548c79154a57753f1a8f21e2bdfaff6e8e2e1,-263.8727844506502,1.684212096594,True,K562_region_01447
b794123c1829e23736725d8c67f7e272cfa2009b3465d8299e1d6ae0499ce5b2,-264.50702798366547,-0.111918494823694,False,K562_region_01379
b7bfd563d79a6fd5ae9491cc985a9653473714f073a3eb648371d30daacb82ed,-261.17714527249336,3.1361188729692,True,K562_region_01743
b7c9018f9dab829e6e41a7d59d06bd38df5582a30af3e34727effbff9e489259,-255.23649194836617,2.69467250997782,True,K562_region_01066
b7c98fda2c40711a6fc1edc7bb2e4eebf589d71728be13d6ddf25d27771d932f,-132.30130925728008,1.05231506815364,True,K562_region_00250
b7ece5705acfc99e566b527deb191794d4a6428eb0a2065c7671668d09a48b57,-249.3011679500341,0.991286316805614,False,K562_region_00784
b7efc2511359dd90b36cdb03c190c37c2c5596fc73584e7ec6a7aae2bd9f6fab,-260.60887299478054,0.086240815114138,False,K562_region_00693
b8040a89d34363eefa1b68b2e1c8e86465cbcb6e99f897a6c39bbf05d688427e,-258.5131524801254,0.953176878854971,False,K562_region_02176
b81010fc94d298b46f34746930500e96ccb1db8e7f2a17219d9113cef553b1b2,-262.0199681818485,-0.0999988237905473,False,K562_region_01940
b84835ab1d6d6bcfa7d2d7c4327dddc8e858ffc7ab2371f95ddfc0e0d460a7d5,-263.62385284900665,1.39238346683525,True,K562_region_01467
b85a6d9f0ccb1d09fed65a58158ec62b37dd3848f1f853cc60750dbb1e04a746,-274.0734204649925,0.283109176229302,False,K562_region_01349
b87d9c6198b8fd27e8ff18e3106bdd22e6da6fad6c56d076b7d81b929a2af3b9,-210.565980354324,-0.186135297066072,False,K562_region_01303
b8f90ac24c2bcda653c04dd9462cbaaf87297106c5678bcc46be0cddd878979d,-247.50896116439253,1.14457313182275,True,K562_region_01951
b9089e131e83561a51a42125677a2631a219361cd6bc4cd5d7c796a5d388c149,-261.2109583169222,0.877177183163591,False,K562_region_00228
b922b144b294db5722ff04d28a9538ade6f13a875b414858f0fb80c54bdc1493,-81.90317824948579,1.08108474103172,True,K562_region_00847
b936dd52b1b1cd36bdc145a95b8a414dcbe66705efbeb98d3edfaba07e7ec083,-255.29651142656803,0.612710678160775,False,K562_region_01135
b9438aa1836eba4cd0ce1368d9062fd5d5735f320d1202eb0f4082dd4de0c09d,-267.98900678753853,7.03771955554928,True,K562_region_02090
b961b63938f90c348895205c03cf8b1e67c27efdb7931f6ee498662f1d778093,-256.47943621873856,0.118285430768648,False,K562_region_01415
b973219b80f854ec26b765113449cc65f1f4c216bd1acfedd6e82ccf15252368,-266.4368714094162,0.979295960278182,False,K562_region_02245
b981e774cdc1630fce5bb1ddadef9a31f7c83e435d7a04f6016b497a18b01957,-266.48887741565704,1.46605287963774,True,K562_region_01733
b982d0c53c7462ceacbfe654423289fb3ed65af606a147fc9e5ed91c5e1fa155,-252.57291976362467,1.55113117853107,True,K562_region_00719
b983c1789cb3110a25c59413c8f68cabfd7485957862e2ab06b546ee033f1fae,-264.7953994721174,1.44270052289634,True,K562_region_01015
b9a7acd480838ff9ef5814914261e1856db603369829bc1279c2543a71236c3e,-267.51419922709465,-0.610013590930262,False,K562_region_00183
b9afea55c341e07dffb814c3a5424590851368023b9cc7c1e3aa0e75abbecb35,-248.73289322853088,1.51995478392719,True,K562_region_00900
b9e0ca65164204b17f5487ff47fe474a3a009e60164179c725abb0db7a0e2ee7,-262.92586556077003,3.77307014939957,True,K562_region_02217
ba084a0fbe4ebfd575ee2474c39734692a89c25792c6628e69fa650136145594,-270.32484698295593,0.195632082271852,False,K562_region_00661
ba1c45323ed294890eba0203d6108b511dc806debd33a2a4aa1bf36eeefcee9c,-272.86402103304863,0.495930669444279,False,K562_region_01352
ba3231a1fb33284a256377a96c5b3c1858d888c98036829fa26212e0076d1061,-252.086741194129,0.85128658445519,False,K562_region_00006
ba79086f672448312eae112d809ad92de67e2141f419404c89c102489fb9ee35,-245.75502656400204,-0.116012461000495,False,K562_region_01950
baec7a5b95d488a6a2775bf0563776e74e59943f663191363c7d6be84352dd9b,-264.2018663883209,0.115175972555204,False,K562_region_01495
baf52e9bc764d2eb8f86c4feaa9770e648159d47feea4b12c3d7fe90b8d2ca39,-267.60212102532387,2.47020754735121,True,K562_region_00267
bb18d077a8009362b471cc12fb6bbf0ac685546973f695fc828058a542c4601b,-264.66743490844965,0.568881556377972,False,K562_region_00533
bb207582a4b1b63e36e44205659b37146278f5896c9ed2aca5f835a83287cf4f,-218.3145215138793,0.649344317444471,False,K562_region_01442
bb265e4c0b137d7250553579d1a02ba504b10252b63c6dd874cfb52ead9c6173,-251.40630400180817,3.02645354648123,True,K562_region_01786
bb401c7e27c52688e1a45a18f164edbd17e93ec5ca731459c22014afa0fc8665,-268.07137056440115,3.52410129329116,True,K562_region_02179
bb41494eccee1ab0aa06b1557f223c8cbc8fd92127ef2275b743d78c226cb3ed,-221.88480804860592,-0.37242395633234,False,K562_region_00818
bb898a97f10eaf90516469a120a82b29f768e939e9f692c92b5c1676445a7f69,-280.0551548656076,0.451266697535832,False,K562_region_01241
bbac36e50f60b9d545432ad29f33c7328d771d1912ffc96c1767045f8f7c0961,-271.450953155756,-0.0262169782488919,False,K562_region_01740
bbb08e59feec9d9ee6893dd50d41efe2ada2ef76a1affb83bd5bb31e03f97edc,-272.55534490942955,0.684899354719319,False,K562_region_00254
bbc2d064a3fe6137a034f2e8beed427ccabb0db91f027e6610d12b1fefe25bd6,-150.47204402275383,0.0734804311928485,False,K562_region_00257
bc0434f4e6c4f824bbdabee962e2ca6677edc0230227de1a1ee80590d2d92a44,-255.5612070262432,2.3409809617067,True,K562_region_00644
bc0ac614c034b79cfea001373581bfaad768ed0faad8091278f3da86e0c45295,-116.03846171181068,-0.186345394884472,False,K562_region_01417
bc5546418df8a009315dd599f015f1b259f94977cd08ad5b7836be46d5323c87,-254.99318906664848,0.827072158321394,False,K562_region_00919
bc5c76cea9648fa1145ead70107baeb48bba6c1a06a2538406ead6e4fe0b0bb3,-270.34149289131165,0.381327616541452,False,K562_region_00893
bc5c92c939804c4fb00b8a5c5ab97b6c3c3c4a91ef59ca0c4d2876a20069a259,-271.22324615716934,-0.349309820003554,False,K562_region_00133
bc629256ed4db3bcf4256a136722eff2a2f951dded3e438d55d0efd2bf34c58b,-273.6704691648483,2.43415054463792,True,K562_region_02190
bc7f6c362dfef83c791ad2128ec8365ff1de2d02fbd025876c35d654138221fe,-221.4715045467019,3.13958369126998,True,K562_region_00650
bc815154fb841de7c01cb2cbe9e50b452b8b0adb65fff61e40d9892031c5629c,-232.77166394516823,-0.226289505338809,False,K562_region_01255
bc91ebb90d7c32ee8f2c0a32987ce05f3470ddaf5928f62b3d380e52a71c286a,-270.6225456595421,0.581235784382796,False,K562_region_01904
bcb802ca1d18887dea8f44b6bd15e0300d4839faaae6fcad43d168f571f4584b,-259.20922477543354,1.35095448279821,True,K562_region_00370
bcea7329e78d18c2c5d39ef72dc052034aebfb945aef40c9be6414da2f82e383,-272.616013020277,4.57544848121275,True,K562_region_00077
bcf361e14925b677aa8c31f264d673409f8fa86e06d9f9a5f3c671d5dcde4ff8,-263.7876264750957,0.0040684590993347,False,K562_region_01227
bd0490068e7106633dc833c9021263e3f09d7606efe099f56ee23b29e136faff,-264.0462156236172,-0.112778033629323,False,K562_region_01922
bd32526b184614de36a7fa8e7adc59b12debae1d1932b895bd8912badc093cae,-175.1707052155689,-0.249879681058603,False,K562_region_00377
bd3c6a1446d659e1fea6b4c52e70da4eb02905583845cbf59a3169f83ad61596,-231.02367409318688,1.78825528623719,True,K562_region_01613
bd432e295b31a23990b84d8892b0285e5fb73dca6f6fb9254551fc7a7e91616f,-115.14807973988354,-0.224400847243178,False,K562_region_01070
bd4e46517e638da27ed22e8cb8982dd7cda13585fede5a67b11244474b4bf805,-258.570291236043,0.518070665288657,False,K562_region_00064
bd554656088eda62c98461e382b18524d9a4889df4c2d1e8309b031dbf631c3b,-268.7490463554859,0.625054129209494,False,K562_region_00652
bd5a59b92708e76da9f519bafce6910ce994645d44d49084e792fee0d096ca39,-261.3112271130085,3.11675736848963,True,K562_region_00260
bd936434215feb8569bc9a9fd7f38be6a782dd9d4410efc9436adf596d30152a,-222.7270901724696,-0.501884166491772,False,K562_region_00325
bd9a111f0bd5f942970e0a07e35f879393392ae9026925d25329256923f1033e,-99.68211038596928,1.59616614564507,True,K562_region_01016
bdb227f23e073cbfa6f5031805688e9658937e65616e5accb1181e0afc9bfdaf,-101.98920552805066,0.495225224589525,False,K562_region_00770
bdb25bf3035280623c9cd31e6aa52d56aa0eaa713ae91d90145c0ff39a42ab61,-194.4946155436337,-0.279548333970146,False,K562_region_00268
bdd8943958ba52fe287fe8cca166313aa45d2acca018d004b709960ae44eac2a,-272.50656020641327,0.348519068894268,False,K562_region_01270
be00301c2f3f60a20f45da0abc48931f8f6cab8c26960f53c8b93678a9a19a44,-246.05701930820945,0.025629321227401,False,K562_region_01350
be1c7d12844d5bf87b55a16fcb12236bcabd34cc6b28f0d974875b46b0e266ef,-221.54326237458736,1.52159127536418,True,K562_region_01342
be4f9932c9e259129a0d1cab50af70a21eb27fc3204af78babea1806ae0f3989,-259.6497972756624,0.0091063524513138,False,K562_region_00470
be51949bbca2fe6950ef4c535add000d88914a628d34e62850173ab313876836,-260.8144714832306,0.289246017937838,False,K562_region_01889
be5cc0f57ddac02a87253aa7d56099c7f2d72fd1deaf4a4ecab36e8b7f1aebab,-269.6341346502304,0.522895832997152,False,K562_region_00226
be68fcb7ab57723e2ec63f2ba3da99a7cfa5ad32bf351981f9c85fee0449247a,-257.9354153573513,1.69669931222887,True,K562_region_02012
be8b8482ce8b76df0fb25e59e78d8af04eee58c3b2770ca94ea0364089f75968,-220.3834880179784,4.30826341810885,True,K562_region_01127
bedcc2f8efdcd2ec88780a015f04cfb230f8c1d5150e25b2c4ed2e5f4aef5a40,-254.2453352510929,0.0996066939963988,False,K562_region_00698
bee54d0fbae8d8d5256c91fa739071ef9e766a41f1b5c0958cb000a6c5e85ca0,-217.06506963074207,0.206689017333563,False,K562_region_02203
bee7fb46043c3318af56a2e3689753080f2dc3986cde247383f177dcec7ca9ac,-247.23998929560184,0.301163201930819,False,K562_region_01881
bf3b90a673753d47707c7ae76f389921ecdbb77e58eda31a8c611880e3cc78e8,-153.3836684897542,-0.620747013155622,False,K562_region_01147
bf57d7a968549c8325db1e028cb05c7d30432647bae716fe649cf1773dba0179,-263.75527116656303,0.288786951916936,False,K562_region_01281
bf699046ed1d2120c247561163882097d9503935c8d11534874321fc3052e934,-76.91775554884225,0.353342621396726,False,K562_region_01958
bf7bb0b081ed3a3e8726d48d6c1cd757f40e707161f367279a64b6cec7f6300c,-265.6308531537652,-0.281799682398151,False,K562_region_00109
bfc764484717ee1250d4605ac65e1214b694046288206e1c49522fca23eba945,-266.65228804945946,0.607034545740779,False,K562_region_00663
c00499871f2fe0cbb45a01d5a85f059602f8610fc56b9443f797e1971ed92b36,-266.7131193578243,3.46820647378216,True,K562_region_01654
c013d2e42b8bd353d7be2cbe409020bb67263989b65be420fb5bac611e77cb65,-261.9949559569359,0.620324261835821,False,K562_region_00840
c016258a4e85297e43b1205c4f4dd96af76e30243bd6fc5638d865391d5c9592,-213.73837195523083,0.293007728217412,False,K562_region_02040
c01add6531c6eeef7fda6d8854113ac742e7813ffc348b95b3f606311a0649f8,-222.71861641993743,-0.157433301465972,False,K562_region_01094
c02067ea3b2576823540f05c896db3ebcf8bedc52accdf19df7b7c2e84aa1760,-273.97067296504974,5.70586727011171,True,K562_region_02224
c034d439994270f423dc720f671e90e0f0e3dd6064256dfca6681606a1ca7d54,-258.5048898309469,3.98189971848766,True,K562_region_02213
c0480094de4e17e90661f9f4bcc3bc29b6bf57fa159a3828ea194c21e96ba97e,-259.4137519598007,-0.360997593744002,False,K562_region_01536
c04f7baec8296fc01c3bb51417df142b8047c3f4cb15b8c7eab3b71c75c3a879,-259.83086651563644,0.86749628542365,False,K562_region_01438
c06849af6e34836c63dfae1c42b5c7687ea2268a26a65bcdbe5fea08efb1a3cc,-256.8533762022853,0.123271310480767,False,K562_region_01245
c07aa428abb7687c0d87d2edfa492bc7b790b97287bf651542a30e4f0500efdc,-211.7158352360129,2.48214127139269,True,K562_region_02114
c080e1d8c5f6abbe98f481fafe1d1171a9066c164b596a45f5ee590f4ba9b35f,-260.0805387124419,0.323862417480098,False,K562_region_01230
c0a52aaa9119ac1edc7868733bd79e1211f5dfe7f1c1e1a16bd6a87b3ed80212,-235.4743861183524,-0.325093027982433,False,K562_region_00316
c0ea957248afd16dca8eb012b50f840c62e8a67935bbb654190d4a04db90aa55,-263.29339019954205,0.222060266354683,False,K562_region_01902
c0f293fc3d6d61a744637bbbff76cfbe68fc7e75bb8c321d5866884b6e7cf93a,-269.2419320344925,0.335506049883723,False,K562_region_02042
c0fd899821035f0ea7d303b74982bf1e0bc78fae8930e9161e0c10c1c637dc2c,-234.85970962047577,0.883922029715239,False,K562_region_00646
c10c34431c9088bf535b080e04f37982a20c9b7a857f16da3f6a6b3cf70170bc,-265.90951812267303,-0.256908067658179,False,K562_region_01639
c12943a64038392edf793c7e0af3e383fb78241f2f8d0544c07d8086c5f966db,-265.1119251549244,-0.376327508835595,False,K562_region_02229
c132a0404842a512648969f45696fc0bbf8fb083823650604f609528e7211b35,-258.5144127905369,0.137213637659808,False,K562_region_00521
c1397805df9a3d1cc4d0504616377498464ab1f1c2ea5ced8dd6ecf7583606b5,-260.48402884602547,0.372161282219172,False,K562_region_01101
c1662d5b2650f87738d465039e8af3d32208b40701828ce75ebb604162287d92,-266.4975836575031,0.725932442371723,False,K562_region_01219
c1825987fa9b965acc390fed4471c7e9f04bec25a6cc2ac0705a47d8872da67e,-270.6175858080387,3.11007382368947,True,K562_region_02111
c18fda5652a023cf8a682023ce6463676e4290188246c7567863a9a7fd1ce212,-259.3399509638548,-0.0728694963050155,False,K562_region_01263
c1a45915f32a170d9bb2909ce3ee6b42e4c2dc5ba1dea2b57e75240d982fa9e4,-262.4791238754988,0.706107425137677,False,K562_region_01264
c1a6b848cc19a0de6def874f6fae3a2dceb1119e4a8ff40f4401ee7f9267c0d7,-269.6538875102997,0.500483870502278,False,K562_region_01744
c1b336c931c140b2ab5edeff5c4597968fb73673e6f3f9178d1286aac9d44e4b,-262.4687538743019,1.6919472380089,True,K562_region_02209
c1d55cfa0a063129ad52f717034de0dd9b9a83665001c8b9cf70f76115b260b7,-268.8415617644787,1.79726784900966,True,K562_region_01294
c1f54341248802a27c34b1a02a230b667639f8ee921b2f54b7ccb464159c7c1a,-262.29283118247986,0.822396464987899,False,K562_region_02228
c1fe132d2215d2b384fba6f0cd90bff342b0e4e881a7786197499c84c62880a3,-175.9222547331883,1.22990222380184,True,K562_region_01412
c23560cd9034a3c3b538fb3468619424d0d806410cfd6474af5c8b7537a405c2,-267.1835343837738,0.15798101434839,False,K562_region_01560
c2c1db3b9035962758b49c9993f62a98d501fce93563043ac4e699199e4b4630,-270.3406426012516,0.937755013714928,False,K562_region_00800
c2d0f7ab64acc02e3639e0eb86c2501a8d05da0356f3e69c5f2e46d8ba872274,-265.47645512223244,1.06525198924786,True,K562_region_01477
c2e53ec55455662519cb0aaf28d6d3b124dac7d313a4a3f9d0f909802fb49242,-247.6217809766531,-0.021702537647823,False,K562_region_00041
c31acb71ef0edf5f3c0ca739360a8a501a81ce4942ec39cd9e28fb9f0c405aff,-259.20404954999685,-0.04752199516318,False,K562_region_01189
c31ec6a17413e70a534ee562b8170eb9ea7a8843b703fb2b01de40fbd1a292f2,-262.87388537079096,0.0271914638581798,False,K562_region_00591
c33b783a10cc9a1106c6df6ce1d17d9a092e01fa6f0cb1080bb13124327eb77b,-255.95199124515057,0.572388438884839,False,K562_region_00930
c35f3ec9165752a3eb106664ef1c640a9353f9c02b6aadaa9f5f3eba7915f0ae,-233.0760384672321,0.390723773784661,False,K562_region_00699
c36a3302ecc0db10ebd24626b9650d24bfb96694c552e37c8cdf7194c7b784ca,-263.67788657546043,-0.423605075511322,False,K562_region_00365
c3772caa6ab0be58539971f18e9d186c558ccea5fee4a3b591e8a4c64387ca2f,-266.0272841900587,5.70203580439953,True,K562_region_00494
c3cafcc9ace8203e72e72853475b6271871621c4ca690f3b7cd540ced149ef41,-260.13258129451424,-0.0527637966643561,False,K562_region_01341
c3f9348025b0ee7ec5a7ec6d05c826bea7f1beb0488706f3f17c03c005986a91,-276.6103141009808,2.28498731848765,True,K562_region_00423
c420e9a307c3d4e4a1d77335458507b36c0698f44fcbc2f51f5d3aaf09d516b0,-271.0905428007245,-0.122062776532714,False,K562_region_02066
c427f5df0444fc94d1d31f1c59af9f585182c0e3d6e29ed82ec6f96280b64506,-239.77282325923443,-0.104914593041256,False,K562_region_00924
c42fad164ba4ab08f0ea77dcd79472371d7a487af45fa43ee83dbe33e4a25b28,-171.5811139345169,0.0358670593706291,False,K562_region_01572
c44aa805e087d1e0a4849b85bff7d04d93dd61bc88978cdb47fdc62dfb8bc571,-156.5828500839416,0.711828327640541,False,K562_region_00104
c47dcce3b4522c7c73fd600bb24e4651098bdf241905cea9708eac96856a60b2,-250.44377883523703,3.40982808670934,True,K562_region_01780
c4840a0d484e1ab6451a05ed361dd28238ded74362fdfcf197c31b8975d7689d,-267.8732226938009,-0.36165386435012,False,K562_region_00066
c48ed48e577db12505326e722728156f97df2eb7664e19be8466825c0c66156a,-264.06132209300995,0.135602072818852,False,K562_region_00674
c491904ed2f343e26b3e7ca14da5e9538a2cc5a6c4513883fb2d959976194904,-251.0111303627491,5.72653481970887,True,K562_region_01162
c49f225679277802b01bfdc3642d914cd0d94a788f4302a2646cf09e56c29243,-257.5913349837065,1.0263776882391,True,K562_region_00745
c4c75340cbfb594a1d5097e90a83d11af2bc8ef43d8fcb7c6fc6ef9df8cc64f7,-255.31834382377565,3.68326340502421,True,K562_region_00928
c4e5f45d6a15e93b6c7841411259961b7246f8ba5a66f0a9fccd9274d5ded831,-235.10722588934004,-0.372452376400798,False,K562_region_00772
c50bb1e6a2be326185fd26502ace1635e4ec8e62ad17942e9550a867801a772d,-270.6416428089142,0.868714417678857,False,K562_region_00782
c5255ef8c9f3cf5bb7d5d0476268dadc473ede632e0c2bfd1d91804178aa4c2a,-268.89437794685364,4.63726284539962,True,K562_region_02195
c53a4ff239295fba1b10228c4f25f667138b0eda103082a6f9646e63832d53e3,-270.96494603157043,-0.448031133786155,False,K562_region_01911
c5417a6dd99b24f98c7f9d48e1beb25e39973910820f02daa30c8b7ad023a390,-272.9604187011719,-0.196577154276365,False,K562_region_00756
c542fb1e69f83c0b24cf72a9c0f2b7cdc23431a8acc0223935c806dee45ebf56,-223.368020541966,-0.0945878973755563,False,K562_region_00573
c5568bd8cd18a0b3f85aed1627733eadfc8bfe7ecc1952655949d221e0cfde42,-245.67712019383907,0.583009079692798,False,K562_region_01295
c55ff3aff524a3eef2808244905f04c723e21d28d562e0cda4cd866b096ceb80,-256.9564911723137,2.89470208780481,True,K562_region_01177
c5ca976db0fbca0089f62c833a13621fdad058bd1be850a77abed1a33afaf6e1,-268.518306851387,-0.137130748346435,False,K562_region_01911
c60c5c0e1f4e42b5cfb5775748920fc46cd0b319af9d4aeb333746f9068839f1,-226.07614876364823,-0.281415032699457,False,K562_region_00683
c64a6f42b3e8cf1499feffac3db5bb22e6a625d654ec3cf764ce40786132e66b,-262.9089809656143,2.12824639129107,True,K562_region_00541
c6561a3be111b97e69d56b27f43a39b565405034398b9e08ffc6b8293248b1d6,-268.16534124314785,0.54455875073308,False,K562_region_02047
c665589129e9b9efdffecde9518520fca6cca7f909bf21d7d363f9fce0567fc0,-145.36321761645377,0.581753202765234,False,K562_region_01537
c666b51ca16e5e56025858cfade25af2dafcf241655c8ab5aea7cd338416253b,-259.6983097791672,0.0810095997430777,False,K562_region_01000
c66aa5be8c72e21fb9760a3e2c718f3fe58c3a7c3c14822de6e8f4534865c514,-271.66788867115974,0.194771916579788,False,K562_region_01512
c6a1158083fe4201d2d4d222919fd66418ae2d34392cedf576d1b552abed460e,-280.1588238179684,1.86660966350339,True,K562_region_02196
c6accba1c8f531711ef2235cd431a1e8b95f0dc8a801e056ddcff29631f5bb6b,-155.9590247864835,0.164778717922032,False,K562_region_00512
c6ce7da239b78df847f1cdf3d3194d3c6abe72a85b10f9e0b5e86692591753e7,-269.7045792490244,-0.411840032145859,False,K562_region_00018
c6fa0d622fbe729e5208f5e8622dc68d0895ba5811504dad69ba80a81cd3a7a5,-255.52940559387207,-0.133130429023673,False,K562_region_02026
c710f199fe9a5d8a6e6d103f55abb9af9c904f800ca91efe0519c159b1213e25,-263.7610084116459,-0.300801414498833,False,K562_region_00473
c73318e03dd05406160877b8be85f244069f639545cb3ce4d6172faae258cbe1,-237.29356336413184,6.33366129225537,True,K562_region_02083
c7386fcda7c03159e63acb43b13df4794687987af969b12e2ef65ae4e00af198,-258.2402446568012,-0.219310413821878,False,K562_region_01875
c78601b039c828c2bdd5f70469d85f747f736470c170bb5a3132e8f83a712d07,-258.7594094723463,1.78300800590256,True,K562_region_02025
c7a2ad27eaa05d086ad149f049379627fa6dfdc56a4535513bcfc996bef65e48,-229.8880425132811,-0.163925855935151,False,K562_region_00799
c7b0275de871a54108e72a2e7aabd153aac9536543207a0335164ab0a33ae8e0,-242.3688563958276,1.15440000007238,True,K562_region_00598
c80d877bfe7f87a2533dda5a89674947521150f7c00f3042cb27dd0b0ee1813f,-251.482886493206,0.388623345923475,False,K562_region_00029
c810fd5fe4f8a606558eae35ec53901a750208a39ad178357b8aa754f1990e74,-255.1333406046033,-0.416501638291211,False,K562_region_00443
c81491c988c52dd13fcb9d3bc731475ffb897764d28467d34f899091a8c063c1,-269.0390557050705,0.958080630825379,False,K562_region_01107
c827ebeda9d1d436488f554b640b39c0d65bb9c51dde36883b0a7fc8846083a1,-256.7532402127981,-0.0512099368327668,False,K562_region_00302
c829d348a7e805690805599c6586cabe882c7b3c574918ec85d9042edc09d68c,-265.45963004231453,1.76451926808178,True,K562_region_00737
c8310461804ce6816a24e896c3b262fcc222db286de720358db482a7fc69af5a,-260.8339927643537,2.82801440050244,True,K562_region_00765
c835194887af86f95e100bad06cef3a83219b4a2bfb3f18a3dba44ea59ae1e1b,-251.4568608403206,2.11694691136534,True,K562_region_01462
c83e9965550b782f0e8ee8d6707cb54ee2412cc186119842e1638c01b9dbee48,-250.35802451893687,-0.142520582225399,False,K562_region_02008
c84376bc144c237003e862210926aff3e5c90d42d8fbd3f9a8f9e8f4c04e2250,-272.18233463168144,0.406518892862276,False,K562_region_01236
c84cbfd54643350006aaede5b13d6688675da292ab808d0c098d9adfce94c19b,-127.89857936929911,1.609175595442,True,K562_region_02220
c8599329481341493089071d7004ea0b3cde65e77abff08127a29d7280a21bea,-263.8966131582856,0.434520402591019,False,K562_region_01835
c8850c4f5f8ef2fa1bfbb41302365b74a7a2eb6a887a23c5bf880ed583c13ec8,-263.5750377178192,0.227262784966992,False,K562_region_00857
c89676e66e951c93d97d1a3f334cd57f22628e36a99c962044975066a3400066,-196.1454078722745,0.306892361578233,False,K562_region_00811
c914fdcf95fe68058c0a33cb0511e25b04f362ac6246ef446b4824c18611efb9,-252.3126633837819,3.96400176754894,True,K562_region_00410
c92ad68cbc2d7ffff6a89f165809f306c11528763c0d721bdf2a41f8e7b0be68,-270.11705935001373,2.33008905241283,True,K562_region_01755
c94201706e72f768fcb70e1a0f03348c6e5c78a94457cf28aab6fb470cde3ed7,-261.4289929866791,0.527716253742113,False,K562_region_00841
c95610bc1052d9080f39de49c7e83c28fbba0efe19f254edfbac5ac8d75da0e4,-275.4996716976166,0.128037232201324,False,K562_region_02226
c9947da5ff1941cb037ef09f0fced4e8fac99fe51d55fceb9e2c1c55e8e7ef19,-270.31752824783325,-0.434417378870433,False,K562_region_01267
c9a4d79d4c64f71696d74075791d34540f61cd9497f5cde4de811b0908c0f809,-144.70971364196157,-0.260664959156507,False,K562_region_00117
c9af09eb3305fd4e3dcb49203189960d2f7f2b1c559e1dba092335c3a2ef3224,-250.58048160374165,0.582955913266485,False,K562_region_01253
c9bf74fc00e21d2b65790b2ff8b3648dd77e34b1805317a10f5b729d4f5150f2,-265.5273350775242,0.910444149478214,False,K562_region_00531
c9d70585bf72c6ce23afe41d1450b6cfc3baf7ab3ff7029f009846b4ba947f7f,-229.2576411738992,0.554167254526982,False,K562_region_02016
c9e44df1b1964c6da7d602f363f4c28d55a889c38bc9375101a0511abdc19bb3,-265.3456332832575,0.122324274861475,False,K562_region_02030
c9e908688796f0b76ace55a8c4bab3abfd6045f74852a275928c2a5980f73515,-262.23272264003754,-0.237270720825589,False,K562_region_01659
c9f6e9d184042ec1786e689def28178406c79002f2a3cf7fa87a1332d26df935,-266.867867551744,4.44323352279675,True,K562_region_01151
ca4d6ebf3eb77614a8ea4e5bafa441f4580457a5cd5ac1688e31a78cf737dbcc,-265.3578320592642,4.78744049480825,True,K562_region_00518
ca6cca2fff49db2bc4bae4af142ef464c4fc0e4b09375a0917cc5ae273553f2b,-272.592336833477,6.0521505612995,True,K562_region_01277
caa84dff7bc5006f35c4d29b76186280503dd2c6b6b20620b180e76c37dbf4c4,-269.5679784715176,-0.168972676186508,False,K562_region_01979
cac45adb96bd32cb0ecc365ec84dc341ca0730b6cd424492c08d1509167245a3,-259.6713964641094,1.10018373599209,True,K562_region_01594
cad35f1ad37231c6c1cf1c661614b691b765b84ff5a196d24e2fa4ceca4c2597,-237.1590604931116,0.233938725763931,False,K562_region_00339
caf6857591346041c53584e64b5241f824a73174c2ec1f45056185f75a782790,-221.76426270703087,-0.152060673426833,False,K562_region_01318
cb073c04fbabc80dfc4d3bd5e1ef59841bfc35cba974ea3d63a1d0bcbf8f5cc2,-265.3756486475468,-0.112469244446983,False,K562_region_01845
cb089489f401ac601cfdc16e1f94270a02e999c01119ce63b63482153538fbf1,-185.76895287260413,6.49578256926566,True,K562_region_01878
cb6ad9326ea41577447cf30f407849d7276a177dc6f5ab7d052d32207d0e43e7,-273.35091057419777,-0.157698201679747,False,K562_region_00389
cb76382d2a4e2910659919c7b582d265160ab95551a4ff7eca89c2c70d8edca5,-244.7376371100545,0.24423922139584,False,K562_region_00610
cb7b17f1c052ec9814fe62a50f0b0b21375936ce781951c340f9896f1ad75b61,-264.9918834269047,1.17320397925096,True,K562_region_01903
cb8153daab3a1c9424d6f814bf3cf9469160254694dc3820f19f4b5e5ff850dd,-258.45957577973604,-0.306689178518789,False,K562_region_01987
cbaf38b35e8019ab7d7c51b19c01c776903747fb6426a90658853b4a3b466c04,-270.7497632801533,0.347671372074639,False,K562_region_01220
cbc199e28fc8d203336d9653e12973745ceeb3924abe9f90ef82e1ec0ac26c87,-91.48049041302876,1.77213071253042,True,K562_region_02152
cbc27f55236607ebcad0d13a05cbbc3557deea5652b70e99ae2562a9c4905f46,-253.4963239878416,0.168477432022322,False,K562_region_00960
cbcc47a4c8feff14d3c43046da07d1d536306d54efa7107da7c9e4daa07081c9,-252.4446763396263,-0.0958592028938679,False,K562_region_02176
cbede50f2aa08eb81c2493df4ae1ea31bec02bdfa2d9c73e6a916a3ad175fa66,-248.73980529606345,0.264134963102725,False,K562_region_02081
cc02445cae1d103e09ca80f7f8b97633e51e1093602a3938b15bae59dc568eec,-273.4605274945497,0.39301190355562,False,K562_region_02064
cc4bd96e1ebcb7e418b3f7c8acb51e89cb2212cf28c0a62170c2ac2b8f72ed7e,-259.62249706685543,1.1636383622678,True,K562_region_00387
cc54020dd95a628b3d22d23201a9189c7567e02e56ac9bc9ae70228e56809996,-139.84642701037228,3.20122623815755,True,K562_region_00938
cc65ef6c18f963d057f8f2abaa4961900a8042b6d23ca44c5d433cbbdf88dbf5,-261.8471112251282,1.22452631637633,True,K562_region_01486
cc710e5a1814d3c6b2ccb94bbd97eb2dccf0e0506a5bced65ac37628cc896ac9,-268.94646495580673,-0.356330550155671,False,K562_region_02125
ccb24c1c1c5e580301b32e16e7422dfd5dbb04cb52213ab5593d2515e3cc5980,-238.0142539791996,0.441650840429914,False,K562_region_00713
ccb7efe22b7e0585be47745864227168f55a4cb5636f8148ab21795e1bab006c,-233.0241386964917,1.73334887416254,True,K562_region_01776
ccbc9fcaac979085977c5d90ab6e311d6b22ed09e87c88a310152f6567883ab6,-268.5964170694351,-0.196032288363965,False,K562_region_00634
cce79bbb587e7c744007a7d55176a09aed97715323eade0d31426608d83949fc,-268.5823434442282,-0.0825483203747915,False,K562_region_00746
ccf5b52c8d53d641572ed48d28cafc16e394013dced39d11848c55282bf6e74c,-266.17111940681934,0.309805699748332,False,K562_region_00223
ccfd689def5e86a7d3fc393254c207df017005cb53e918d2413971726bb7c239,-277.1268246769905,0.282183872540248,False,K562_region_01943
cd131c0ee7681efaf2451d512c25a05e90fa8f0722670539cee9a0650b2617e4,-243.316095598042,0.904179017339689,False,K562_region_00240
cd20aa8b7be807419a567c6999b87a3c556b4bc344fb282423d852ea9b494b3d,-254.02885534148663,4.34294372037372,True,K562_region_00154
cda4f50baa61dd6cf6e402259fbcbf0b7f6cceccda2bf65633e3f05e6f441af5,-264.47862377762794,6.2521064107375,True,K562_region_01784
cdb974bcae78c3947b7fb3c64890a46b1170d08ea5a678ef46b8e7c35390e31c,-224.2789052277804,-0.170277892438955,False,K562_region_01910
cdb9b080a64a646f3ca5ed19019c59ddec71721134561519ee6ce675dddc941c,-265.382873699069,0.917069327478625,False,K562_region_00109
cdcac6a1744a9df9f1f5c38171ece7c3b6e307285c685b929108aa4f1476459a,-199.4881552262232,1.32516254317816,True,K562_region_01072
cdd150ed3e07f4b25721d73a84b532ab648429594c4528bee4398dfb9d7a62a3,-264.2287250161171,0.0653501531515108,False,K562_region_00903
cde803d0c56a368cf9aa804340e8e5e47efcc15a1f3072ea303b0a093620524a,-59.58044568775222,0.743280918584562,False,K562_region_02089
ce00949ae589e49573726416121fc6c2ea784045cbc7ddc6c34f9a6014cdafe2,-267.84729462862015,2.3171299844026,True,K562_region_00707
ce477da752ccffda8aba6ac6e9c7fd9676f0590e476936c9e9d86a8ea8ba330d,-273.9558615684509,1.06889928125788,True,K562_region_00493
ce85ea867850df4d159fe17db9005646056209ad4ddc8a9c23e1383e9fac953e,-209.6479804217816,-0.0388047445933255,False,K562_region_00502
ceca1d8dbfecdd58c551164949d9583f7da5af6705ce3a3db9144810039007a9,-108.44836343079804,-0.162541510096962,False,K562_region_01090
cef3501d9fa78daf991156d8921ba25f30455069eb03c92a6e2b2afb518479c3,-269.3197835087776,0.632889710954438,False,K562_region_00495
cf20a744ede68d2dcf7f3452016d18745039f1ede5a3bde16f48059df5ab9be1,-93.07758892094716,-0.417546993652146,False,K562_region_02079
cf264fb65513ae4df10ac94d255872f0c402f57bcf1e50d0873c2be6184c30d8,-268.0932967364788,0.377803921827235,False,K562_region_01279
cf330853d70b92bc90dbf84f56c72622db87a25cd8e1dc5ec90de351cf32a78a,-116.4457449130714,0.625874724950406,False,K562_region_00177
cf5213cc3b1b77a6f80f1b14b9ea49c3f0f917ed61541bf0bf69b8981605706f,-269.5101870596409,0.56244727322426,False,K562_region_00547
cf62bb11ff32a77b5f31fcebae28bdcbb154ecb65068efa0d78bf0cb71051ae7,-114.44524539727718,-0.695757578617213,False,K562_region_01871
cf6ca6341efa7a7e0e39864a537fe217032c459171c4ed43f9c45f5356d5f3e5,-250.4411627948284,-0.238225553031317,False,K562_region_01080
cf7541af5cabe79fc1f5d3c34c0f22596bbad7514e0703e2c7514c6b6a266a8e,-266.3707897365093,-0.0774131599390915,False,K562_region_00779
cf85ba6113346ebceeaaf54f785b860c81228a88b5521b4ce47109b6a5658692,-94.28797705168836,0.346113914561266,False,K562_region_01826
cf9108048c56cfbd663facd7bed3760d079e87727e26cfaf2fe4a0a86602e93c,-264.082775130868,2.72767197890282,True,K562_region_01427
cfa707c7d3ee880e31de50c943f74e7916dbb453d50a88ab96bb7388f40873da,-249.4793429598212,3.26185245627868,True,K562_region_01725
cfa8cc3c737877d24d1e02c7f7fd68767d8d8f775786f3c09b3de6aa4fcedf3a,-195.13711827620864,-0.033659401850552,False,K562_region_00348
cfa9ed15eeefbb18a24fdd86cc2300dcf7189d40ff5bba334a3af6e5acaee9d6,-266.6214650869369,0.923350522657232,False,K562_region_00094
cfb17fb4fc988d624d89bcd30af03d85b1c8675374a69c2f364e8ed3d72f542f,-263.4782621562481,0.0884949440841868,False,K562_region_01907
cfc3ee4c9f501109c3d4171c12e7747fbc546e6ea6ec8f579e32f78065f00730,-250.0262626521289,-0.0040825239775435,False,K562_region_01527
d03d90b9c3452bd3b5d1633e69bb12daa2bed752b66fdc7447cf87d4c77a92da,-263.9941715300083,0.0016657739570821,False,K562_region_00107
d04152d44f6db8295dfc195fd5fb9927cde7d4e259e82b86c8ae7ef9411240bb,-250.63221231848,0.821205517663406,False,K562_region_00736
d0420c49fe1b668aecb86364b2b67c3853271fb2cb718b3d4e053279176d3b69,-263.4419211000204,-0.0969194441617686,False,K562_region_01957
d07b3925c4a75937404dda9e1fe1bd0922e99ec8194e48e839d9f5955f02897c,-257.8239036500454,0.779476210523102,False,K562_region_02146
d0888aec07e7d4af0165fa8a0374775d9317f50a02b2879f582ba8400846bf5f,-265.05916127562523,-0.48751398810153,False,K562_region_00570
d097015f40dab0515078f34874f898dee50ce762f86e8a432c50658ebe625b17,-169.81559170223773,-0.125066974109519,False,K562_region_02149
d0a937cc4fd13bc4e10e00cf6a86f4e2a8284f9867e865764f5f557d67b9ea2f,-244.8029960468412,0.202440054353424,False,K562_region_01407
d0aacf2381af924547a06963fa7c8c459163ecf58e4de47b5327619730fba7ef,-270.2694861590862,5.03678947442342,True,K562_region_01485
d0d60e47e0d37272510db5321cbe34bb79cb528fd8006e897770ac3a6c96003d,-253.51069894433024,6.21650163290435,True,K562_region_02172
d0da47c11623eece95bb5423f2a0e3f6d7813df674fbf89e68efcadc5fef5d93,-147.52666590176523,3.103265362727,True,K562_region_00216
d0ffe06cb4b03dd4fc83773aad6c1e93827e2b4ef219b121158647e22b0cfc1c,-261.169813156128,0.279607916799266,False,K562_region_01265
d1146a5c0f576eb518961fee61cbdaf9896414c3682b3d3767272b800fca83c5,-68.17123039579019,1.08805378195342,True,K562_region_00172
d1be673ace7b194562a0ae68d7b9ce324826e89ac1727582977230a40b4abee3,-271.11503913998604,2.07630330340314,True,K562_region_01868
d1c7609bbc7bdafe00d75aa30f2569bf3461ba9c6b7516e7b64339a46dd23169,-233.2476661093533,0.120396400940338,False,K562_region_01938
d1e59a445efb6e09945eb86109bd612f1bf798613c24a4e114f03ac2e4de3c19,-245.7276299521327,1.8956746935039,True,K562_region_00224
d214f252f24b807f395507ab211f63291bcb639a15a8a20d3d5db6e722190fcd,-257.523946583271,-0.134170516584864,False,K562_region_02204
d2388a09df1f019ab7528856ec3caddf6b1d90625fa69d276df2d956e0fbe0ce,-260.5784791111946,1.11694925938672,True,K562_region_00004
d23c7b5aa209fdcabd9491e2b86e616603f5618dc92548f4e9b75708f3bde555,-274.3511455357075,2.87047011803513,True,K562_region_01384
d23e50946b7d3da36274919a1f95fbc5ce738ae0927489625b69a56d63ecdb5c,-234.91293747909367,5.97649522748638,True,K562_region_01811
d250a1b2670dd603d8eaf6cf7f3946c72ace570b4b99acdf6d3c466c6b742f58,-256.40888300538063,1.73295428693107,True,K562_region_01587
d2682bede9c2c1cf24fb2816163dc6342fd4255421dc9b3e1e690606d2213aaf,-263.5134924352169,1.23042824342303,True,K562_region_01467
d27bec965f122f3b118411f2a4e681a5a5845c09207e66383ff2625df1daf7d8,-274.27899238467216,-0.0848769212789397,False,K562_region_02034
d27fe87883565ea0bdbe05f4787ee35d16a8147d797f31c00568e65069d21351,-262.88358119130135,0.968445423136142,False,K562_region_02046
d284f2fc5aa1cb87fea9461d86ecdfff7f3207dff3c407abf95c2414719a509a,-273.6268239617348,-0.213184224127142,False,K562_region_01712
d2bbb502e075ed44b10419907a5324aa155c1d944199501ac89a4cbd6def8913,-253.21082817018032,7.57841882188915,True,K562_region_01642
d2c58c173315be4e5bcf5939878c1d5cca8e5aefb875616021234ce32eb3646a,-253.67278496176004,6.04737917551011,True,K562_region_02172
d2cd6ee6349b48b270298fd52b6b2b6266ffcb307d8b3ad0abdf7b50319bd72b,-264.3001934289932,1.08395432356624,True,K562_region_00642
d316c9ed783e3dc984e08fbcf9b78c29d07605c0d4f742e056b8cbe401a2d7d4,-266.513046503067,-0.0402593072622387,False,K562_region_00192
d33fcdf95461b80f3a269d78cf1aa828143246f470ae2885a63fb94bf3897df7,-268.2051599919796,-0.118876061747208,False,K562_region_01526
d3437bd1c627b3cf58c4b6b5b5341919b55c7b6be5b5df70437feed265ca01cf,-163.95431808568537,5.20893785483181,True,K562_region_00188
d35f9c86eb03fba944557e16a73d08b952c0595d25cb7269e7f17ee8c4958d45,-248.7982775941491,-0.271851048146266,False,K562_region_01207
d3657c47d00eb600e66b32b76f7f625622fe0b02ef00b9f4dedcc792744763fd,-174.06654736492783,0.560421311968118,False,K562_region_01966
d36cb32290c5135bc36114883a6dcfbd45473df1511567b86a4709eef4698e16,-266.3035047352314,0.555455877917328,False,K562_region_01813
d373621644306deab446285f840e5d234e37daa1f0dbf04e24552d12795d0ca7,-261.84815384447575,1.4423221861934,True,K562_region_00040
d3a080662469d42481e8174675c7e3fe84e1b5db5b02efe81279e4854346f51f,-262.3443906605244,1.44637748919936,True,K562_region_00090
d3b8cdcf3782af5f7be5c3afc9db5c163bf438d62045ad5bbd5ceea5e18ff7ba,-266.6817228347063,0.149470918074341,False,K562_region_01750
d3be3564ed978029d82e2b7a32172fa7b45e0e2b3511a540140a910ca4c6f816,-190.42018420249224,-0.202221362496842,False,K562_region_01947
d3cf11464aa37ef831647fc0117f7ffc24c4f37cd3996b0e3a0a711e2b51d361,-263.62144526839256,2.0030303604107,True,K562_region_00245
d3e1f0217f84ac64da4452b3cdeb9dd63a84c2adc076e89d113dac7c939ddc42,-260.50715930759907,2.90374202722018,True,K562_region_01605
d3f3218c45e7a68cd900bb02d750b448a5f519452c22ec29a14d709db70fa112,-252.37940577045083,0.51540554962616,False,K562_region_01043
d41138342fbcbd76640f4b265f759414eb939bdee40e126469c96462e03bfe51,-251.9873382151127,-0.0711167243646745,False,K562_region_00116
d41ec2c3bfbb5146623a84a6201e0be01d1c21eda5abca838d98cf897d0cff06,-272.3107518106699,-0.681230175978982,False,K562_region_01452
d476502b8767b50a7bb6112db5721f86ff7faa379d3f6bcbbdd685e85bcfcabd,-224.2151554345328,0.996481698738741,False,K562_region_00669
d4a8b06719785cbe35e6f14edb3e5822f5b81932c543039617ae22cad620e0df,-99.04495319258422,0.460319835333999,False,K562_region_01971
d4aa247cf0c411c07640a3fb6c8791d544061b3e1170a2f2a80e10a87a182c68,-255.2473219120875,4.21833972181408,True,K562_region_00862
d4b1a22a898d9f85e1d1e66fe6a2108486cbae0ae6cc779cce1572a940ff7fb9,-273.0242704898119,5.75465647810144,True,K562_region_00262
d4c820d007eea4b271bd35f98200cf042bb3f5894f257cd0ae3637d6f7f2074f,-151.48465377977118,0.851862585596678,False,K562_region_01537
d4da2d85732b282fb75870407c85a6366984bb8be7744439d1556f9bc2b5da2e,-248.32684763893485,2.54625162908391,True,K562_region_01510
d4f03348b719fe40b024033a87fa890984fd4cdb9f2d6b52eaee0fcfe368c842,-184.3452356867492,0.452645089209979,False,K562_region_00063
d51940dc146c1b7f64487198b0d40c0b5d0509305601fde3a3e8ac268d4bc2b4,-223.38081276416776,0.0347546878029086,False,K562_region_00828
d556f60c6dfdc1878a1f2fd00f60dded84f81b61050583d08ca6c9fe0f89ee73,-229.5574846304953,0.120704503940891,False,K562_region_00031
d5711b2641bc51caa0a7cef7eea8f1dddae5eac3fddbb63b266859d0377e8e69,-255.4018571972847,4.48428606315476,True,K562_region_01496
d57abe34aeb7e3839c26a2a91e9694ae493b0d5709998c47c0b6a7ec1bcba4af,-264.1416369974613,-0.0666021082938528,False,K562_region_01887
d5a1942803129b7dd4e129161cf0ff4c2e2b693175108ac8b81c022320ba1790,-228.09172828495505,3.0645699059359,True,K562_region_02168
d5b5621945ca6a4fb52d8e74bc8b4d034d13c565163d1e88e1d38f48d0b81045,-273.8568705618381,-0.316821722076938,False,K562_region_01866
d5d9d2a220c9d430c70f735f7b8fdfd868839b07358335a56b8cde402f08d0dd,-268.4648229777813,2.62926912505204,True,K562_region_00267
d5dc2765877e56860079f383b6adcf56d21c547db5081a4fc145401473fee3d6,-170.78281192854047,2.08146794051759,True,K562_region_00687
d60fcb901c261a9b8bd470a62db68117d39279506968beec99c59ca7d8dd241e,-264.72259372472763,0.0617144578198417,False,K562_region_01586
d6225914d162e3c6606979000f26b91aff394e093756dc4bfba999a064391883,-271.23505783081055,-0.0713139637009083,False,K562_region_00160
d628bebf28fa32651f7deb7001c9c8799a3e3a8604595ca1c76a211ec9623b75,-272.734635412693,1.30295580719307,True,K562_region_02048
d634b2c5f3929ec202bcbe2dc7be81a31e295083cd72a1d0accfe39fa4a72f5a,-274.8510706275701,-0.125025052276405,False,K562_region_00276
d67183c537074b2f409315ae1d722a773acf22899e8533f71ef1a862148f6126,-264.4364325553179,-0.115173508315073,False,K562_region_01773
d689be226a682f73f4898f2e15b3b7bb54b77a50d3bee4ea4f9efb392a6cf798,-266.08438643068075,6.67060468375039,True,K562_region_00680
d6bdcef952c908428acf03d22859b104060f43fbf4e2f754b371025baa19f0ed,-272.1496751904488,1.70197717576047,True,K562_region_01944
d6c244776cbc74a8509de18cdc7f3a8a87e3028ceb443d4c690449a403e24891,-250.1730942577124,-0.538362392326903,False,K562_region_01110
d73a8338659ce6f99eaecabc70934153a01f17966f7476a12a0b8a525fbfa726,-271.88174775242805,0.64043434732702,False,K562_region_00089
d797c31031c6d222892f879328f090f91f5ae6d339243a56aae3e4bc73f0c12a,-277.36303237080574,-0.22455749653575,False,K562_region_00273
d7998bc0c39f080710d4069ef8a7718081c78805c2d225d6d95b9924d39ead0d,-268.0976690948009,0.481495303159691,False,K562_region_01585
d79e2728e4511a5b33ee5b51fae248b757d6b89b26bcf248af732a77b637e887,-259.3007011078298,-0.0405060194892881,False,K562_region_00236
d7a9a612708d2f863927c548e226d538761b3c32e30aea03acc3f888283fab54,-193.4897523634136,-0.341542116218798,False,K562_region_00232
d7b843c3477b88cd23eec29e45529f6dd409e8343f66a1848db3cf7024d6263c,-98.1687037795782,-0.121418566987205,False,K562_region_01579
d7de5db76c6a22c8bc3bec09e979432c48f88038425d815fe9772e17e9d6b664,-266.1117971688509,2.16508289092592,True,K562_region_01395
d8050bdaa78e7e12ab10aef7e492485c195b4c725ebfe1c1053b3f27efe732cc,-247.3801591396332,0.461945678737587,False,K562_region_00068
d8180eda623061b640eb003f7eb9c3372a1bc8dd0d8ead69a55dafdf02a04187,-264.46784599125385,5.51321367569128,True,K562_region_01718
d89f582e59543a0608956cc90f2790bd6b8856034c064de6fd168d04cd923186,-268.36825363337994,0.0381192843798557,False,K562_region_00623
d8c2b4c6a2d5eb45a6054e60a92af4d84ff1a85fbdfe4d9a461c4e63737780de,-265.3480822816491,1.05412365560964,True,K562_region_02138
d90b1adc3d3104e6ec7877fef9786ddd1b99e7914d2d059dd8f8684f0729391e,-260.9453314319253,-0.0794597150779697,False,K562_region_02182
d914005e118b5c942fac6bf2e033c04ec03efe5c593b828f262d029beeb4d337,-255.4982290640473,3.27595262825255,True,K562_region_01540
d92be60b56629adf3341fa6e21c0bba61a35237d8f622ca60f2333d770d76712,-229.37464315630496,4.66882100331163,True,K562_region_01038
d948169817a0806f14c6b483b171f62deea71960a1a69881fcc6ba31a5f63b37,-266.6559615135193,1.43726997181958,True,K562_region_01590
d953d742c4f24db9edd24681944ce10452286c33c4524c26e13ab494433e29ad,-278.55949157476425,-0.21909896477861,False,K562_region_00033
d95440ffcda755578d38d86c8f2d36108aa9b52c69615ab31eda94ba38263651,-262.3393828868866,-0.106970600652313,False,K562_region_00725
d959454bb2b5678fcb485f412b0f044081b6d812777e04bb7e1cb440328d54df,-266.10212625563145,0.371652693474832,False,K562_region_01748
d959cc765f25ad099d605777997a6c2bfbf61043526e5fe32e06933822b7c950,-203.0099902483053,1.51958356855991,True,K562_region_01132
d96197a6a621eb3c062266f8e5b03935a58eb44193e9e55aa7a033c85e1923e6,-268.6018658876419,1.180097201409,True,K562_region_01372
d9f3ed1f4a66b3ad80ea0edaff9414643d53bf7354b5bd235f7a5e6fde03ad27,-267.01334515213966,-1.12947862238789,True,K562_region_01736
d9f706bb5af7cfdfce690a7ae359f04632478fff309fc616f4b6a1d1fbf00c0d,-274.6212964951992,0.146664724930256,False,K562_region_00780
da08051b14e9255336c62a9d56e96834ac438a3f3261f98f74ad65a10594d700,-236.98228182271123,2.42879526327294,True,K562_region_00953
da0f6c69c456904dd21521f108f0acde271096df6e5648a03323b8cdc55faceb,-252.01329405233264,-0.322666126751586,False,K562_region_00688
da27ac00bed8828c9c18791d0edd7989ffe81a9424ebb4f3e45a7eb7316395fd,-147.960691309534,4.09269881255095,True,K562_region_01116
da442c461775001ddbd84dba36906a69507e7e10ea528bfcfd10e4e8466e7a86,-250.7308577075601,1.86951042058266,True,K562_region_00559
da59a7483d40db3fe7f40671c0bf6a36be07c44e8349107fae230ce8731523e1,-268.01971980929375,0.123548922472842,False,K562_region_01106
da64f40c29fac5a06464a5d9790be17831150e5ef961d19848d5d1d7ac33b58d,-270.52011373639107,0.110661789463444,False,K562_region_01487
da718cb32a10ea4ed59290850ba93b8230472ce4e0900d43ee39cb043bf45c8f,-275.15105575323105,0.309495072756744,False,K562_region_00153
da7488c72a15a57bf60277bc4081fa226df1b69ccb1492f62f9012fb947c5305,-267.68706181645393,2.75233285284202,True,K562_region_02166
daa5c2c31660109f52ccaaa4b130b91d90e733ab8b9af5c87886f3243316081f,-264.80889758467674,-0.336021347668276,False,K562_region_00500
daaecc82795488e529c2b26545cbdd6565210d6b376e77b63cb890ec70c009a3,-275.21099320054054,0.264203281450265,False,K562_region_02159
dac521713e8eac258ff8ae2acb310a8c5a3b134dc92423f015867fbd4e50a7da,-262.266837194562,1.90564928044453,True,K562_region_02025
dacee9152b590f8a9900a405b4cd8cf0c20d17edd7275ca7c80a4da00ec4baa8,-224.2035585269332,-0.255930470617995,False,K562_region_00773
dae29b75a148b2cbd7e445692bc81978b0bb3e0e146bd279205eea0ed98fce13,-256.8255543783307,-0.732747875653998,False,K562_region_01140
dae6b2a848c1725307b92c08d61f3d37086e4c9b587e705310410654d4fad40b,-265.9352578818798,2.21551204621612,True,K562_region_01518
dae6d1337cd410f8f144e1529aac9abc2a8b054260b09abcb514d50f7a2e9ebf,-116.0179453836754,3.44465891437595,True,K562_region_02020
db1b9ba42acdedf80d805bc3ab0012215d4849ae77b0e89b5855c901825a8755,-232.4586711726152,3.77006199912015,True,K562_region_01538
db1eb173f5c3a9c31adb0bed197eeaa3c7e93aab75892770cec028e068320717,-267.1613127589226,4.40398153692031,True,K562_region_02050
db23f50b7221a16ca15903b2d9cc1bf465aa61c5d6e7e19056f8bf08055d26ed,-150.9270239379839,1.11552937608011,True,K562_region_00289
db45160508cec8320265647348358f9931a83a76ff61beb5a25cc68fcc25125e,-268.9559060931206,-0.390559304117919,False,K562_region_01411
db6e772698aa561e23221d9642e9a3fffe2b4bec8b71ba924442b733ca288aa9,-238.002109979745,1.17695550425574,True,K562_region_01613
db7ea760efbae2f514911da487d7bd6e78c570ab2b5a22ac4dfcd68804fcf196,-253.091381251812,0.918887198012187,False,K562_region_00647
db9efaf626fa6f9aa00f760bf98f50dde9a83179534e79b0e710ece25b0b9188,-158.40099534392357,4.88170350675651,True,K562_region_01901
dbc0ae500b0798eafc783a49db0284d40f840dc72d9e5190da321eac235dcb05,-222.51127805374563,1.29810762633156,True,K562_region_00777
dbe8b8773590b08351487d9b24d7342477df7a451f4f77deab51060cf5558c7b,-271.2588210254908,0.0348939917338531,False,K562_region_00817
dbe8cac465d69317258be64951c5a2dfb7e39ea6813487ad80446281820d67fc,-258.0610431879759,1.30568755117505,True,K562_region_01150
dc0dcc37fa49901cf828700b97d8c8839938334b900f13ca519b47d35d0bc943,-243.7651003152132,0.393407932728516,False,K562_region_01404
dc3ce1fdcb951b617e4b8fe7b710b449506759481eeddeea8b157a9bf458374f,-262.41898100823164,5.53833202668202,True,K562_region_00255
dc40f215caf6250102011c3ca022bb26caeda2f8bc2b2d74839ffc9020cad243,-264.67468655109406,4.22989651986001,True,K562_region_00329
dc5b075f65f669ba0c3c761eb2584eaaaf18be6840b8e63a4824dc4d73bba2ba,-259.1478074043989,0.446012187825626,False,K562_region_00178
dc6f5f0c9b9584494771b667d42577c367847b1971b9cd4884a784641505ac81,-178.02021107263863,0.456207393599079,False,K562_region_00353
dc9dc027cf928ab857883165e279685fe55ac18dda21e336e8df5e4deed9c58d,-264.5376079455018,-0.573190886927561,False,K562_region_01060
dca5873c044ca75ee56b8c546f6e2c61254fea536ac44aadccbd99364ea38248,-269.1984578818083,1.20079515199456,True,K562_region_00431
dcb7549a50d17f4e1ceeda369bf33df9e7981b8d70c1cfee8a07159108339b20,-264.00190126895905,-0.121112366487525,False,K562_region_01392
dcbd05eca833679c50e4c4c65522456d5627628c6db1cc92caf224ecd6cdcafa,-64.33158229338005,-0.43450917940238,False,K562_region_00469
dcd4655bc25d49b7d3e6e8e684610089b6a65fce520cd355149a59a8cd2a5736,-164.9948322130076,1.22923138186965,True,K562_region_01412
dcd62255fc3453393b7a250392ac575ad89fdfa4b43f691a7928c86c59285d18,-273.36480513215065,3.85262511681751,True,K562_region_00460
dcdcb5b9d8612d8ade71e83fab159f056ced40d78be99971c7e2599d093701f2,-271.9870658814907,-0.121897182009825,False,K562_region_00910
dce14a91331674809b0316754d42326d494d574874856b94515333da35707a4d,-268.8244309872389,-0.0187556223877721,False,K562_region_01867
dce635816f52526cbbbcb6009212a897d694aad9e010b1b1f49db61709a16518,-265.7543361969292,5.81516835915552,True,K562_region_01888
dd16504d7160968c6a3cc2d0ba045a4e6e0ab766e42d30ca267d1bf096e0d19c,-249.513462215662,0.146588938158313,False,K562_region_00560
dd1bf2aad54e02a39cb9e3c1b1af5509e66edc3026b125512fb9d1ad86fd3130,-261.0825510919094,1.05163513893342,True,K562_region_01302
dd23aad9c901f910c86338f14882255d499a23a3c65947f59f9f13f523badcd4,-274.4580056667328,-0.293766503011125,False,K562_region_01463
dd62450cf900a15553ddb2c2fb2bdc6cb49946cfa3d6836f7523dfc5efd7d54a,-253.61553705483675,2.83237557952603,True,K562_region_01297
dd77de2fb9efe26b78134913098c936a9c17ff80410340d1f3046c7680a6ea73,-257.60434848070145,3.21132949916625,True,K562_region_01223
dd918b68532d4b8a1a02403d895d07338a18782e0a48cfc2507e63170c69a528,-157.64772196114063,1.30320476523705,True,K562_region_00865
dd98f6754703fed1e79a68b73958baf7ed2ad2dbbe1e008317d0ce423323031a,-268.1829799860716,0.107132446126808,False,K562_region_01816
dd9ace6b5dd23810445f1109d89be1449ac0ead4db90082b5b709b3431acc725,-160.45369224622846,-0.0371858884608341,False,K562_region_00453
ddb4ec21b6edd200e055fe63759db986b8ecec09d1d6063487a8f2030db58042,-260.6060673296452,1.40990881527035,True,K562_region_02221
ddde172b6a2d338f7425f4fb96d0f5c91cdb597e4e8d57e5fd07117d50084d0a,-261.1504555642605,1.95386198127353,True,K562_region_00301
de0761d100ab5d9ba5441188f36c731b0770d78610a95dcf23bb209565213a7f,-232.2170703783632,0.848587222055687,False,K562_region_02237
de1021d1e5c244de7252ff58db6551ce51d5e19874c75c6668194b96c0934782,-266.96116538345814,0.363636647722626,False,K562_region_01326
de15f56637974319a5cc9b05d4c1a4c9ea3ef945bc06935b2b10d940be73ac96,-278.54856738448143,0.0195747419277231,False,K562_region_00544
de288548105dcf588934c18b2ae6060a5b955ecd5ac79a61fa67032a8fb0180a,-214.8578286683187,0.977299022852757,False,K562_region_00959
de30d4e3d52116770c783ed57424f67c71343c589784bca19ed7bb61388a0e06,-265.2213549166918,0.817175793761543,False,K562_region_01803
de38fe9dc2c54632061ce6fe9436cfc1ede1315dea083bf5662393a0ccdf6c7b,-268.19075801968575,0.105919176232164,False,K562_region_02151
de8682c935ac0a12cabd6ebf7d5dd07a612fadce7d6e588a93155755a26029ed,-269.4493554830551,0.180875899079459,False,K562_region_01134
de876f711b36aa1f01bbe3825499e9bd16efce05a913ad0290eca00afcb545f0,-191.17841881606728,-0.177672561733323,False,K562_region_02087
de87a6271dc95c4a4ff63212f1b59bf08a38140ebc47e8a80ce5123f9d0ba42a,-265.69353997707367,1.50884852807049,True,K562_region_00114
dea8589ade0c765bf4b843d21114c96fbfe1fb091495157f197e45febf6e6d96,-258.8720577657223,-0.0345551977173301,False,K562_region_00017
deabaf292e8fda78996b48b698398c52d52485b0092316136bf6d76012ee9e41,-135.47777469549328,2.11680301043969,True,K562_region_00076
deddf18b8a8e56fb146c762b268c6bc450481a80f04e3d70aeddc7412cbdf7c1,-259.76498951017857,0.603271319482412,False,K562_region_01912
df16c3cb386b0b9e7db8dec1f4ea7e3bff635d9fb1253d9b954ba92e77a6faf5,-267.936433814466,6.01143744084396,True,K562_region_01532
df2e935fe15835e0e2c7d829e8c8740702521c96d51f19edd54389b2f8db75e8,-257.69785848259926,0.955577179827901,False,K562_region_00689
df2fc2ccf11f21ab808c6f33c05d635ec4e8a3bb31c31102cf386d61e526f8ec,-267.8959550261497,0.437282532306096,False,K562_region_00629
df514a3b1bfc73d4b4fbd684e93e3919fe023a03a92e0ed04242b94f69e8222f,-244.4136703759432,1.94281100570797,True,K562_region_01075
df53584dcb87459f93c778456e047942c172f96ce5750700838cdcfb43368a65,-104.54850320145488,0.371592452667591,False,K562_region_01862
df575686640a3d79200e4ce7564e94c4a3c2340a1193bee264ad533e3eed47b0,-271.9498163163662,2.73787134865617,True,K562_region_02105
df73c0eabc85e5d5fd7fcd61a4b6e56a49d29b69c324b736b23caaf08886999c,-262.6346467137337,0.741281321828289,False,K562_region_01032
df8aeaeb4f5619fec27ebce1d495d101183c6f68090410ce01fa0129a9a54a66,-219.54880770901212,2.36620479903766,True,K562_region_01373
df938f9e71f01fd294bfbf554128f529ca57daa907e704a71430ffe811138ee8,-269.4271422177553,-0.153971426668342,False,K562_region_02161
dfb6ed15c6038126cec79a90bd40ee94ec95667ff49c67f6ba646a8e91a92c27,-208.4900898772757,2.42342204984188,True,K562_region_00866
dff5e6b62451d8145d57a997096469622103d5093fe1835219bb261bbbc19b89,-96.519454754889,-0.236062536661748,False,K562_region_01437
e00b022ea5f9db70af40e2389d68de05d43a1fc0b29144004a71ad9356ae4ef7,-244.0567910298705,0.467725768133286,False,K562_region_00065
e029b7607259da9d23c5150f77c1126f223a3af88eeae3979f9c6b60354fbf1f,-282.05825141072273,0.596430014381346,False,K562_region_02196
e043d763d4a4c85b687bac85ed42b4f20d855d9ba93c8eff0224fd69427cb8c3,-154.88002325966954,0.0414544124012841,False,K562_region_02002
e05f6b1b64c628ca1da0f418bd5782998c5127963d22749024788346a79f9eb7,-255.49878805875773,0.135538473010309,False,K562_region_02160
e0765bd1f8e91a9addf4978943ca9bfc28eb46b7aee726b47a377fb1aed9b930,-279.15657864511013,1.78589461288161,True,K562_region_00624
e07b948488b5afa07ddd87d1a8ccd5eabcadc6ca826d233e554dd6b44aabc0f6,-272.89122784137726,2.33625936875107,True,K562_region_00961
e0b77d42fca65f3ee8996852974fdd9ce285992eb715c87def54215add617507,-275.00513979792595,0.35085552480988,False,K562_region_00711
e0c437edcce8757fcad4b4d4b5f6e6e0dca8c4499af0fdd87d3185017c9890e4,-266.6146348118782,1.16095051617076,True,K562_region_01473
e121f650b77d2233dbd0d8337f6f1272c0a870ac89d2a27812b0d15abd95f666,-160.11275370046496,2.51340568158763,True,K562_region_00922
e152fec5d098df9fe8eb36eff5e9ab513a6868d2d1612234e4801ffad3615865,-193.79686696338467,0.952455281118741,False,K562_region_02218
e1575a2be89339eaf80462b59a02762040981e093c01e0d31a12a34b05d2da38,-270.2151435017586,4.94517113088944,True,K562_region_01820
e1864c9f6cfa2cf4714b5d344c31d618d19c22fe9f7099593777a857ed1b3dd8,-265.7831378467381,1.08561944608673,True,K562_region_00846
e18bcc267be7570374d63decabe0ddfe90a99f128933feaf960b3c46cb2b7b8b,-261.02206614613533,0.0434839127712031,False,K562_region_00626
e1ba665e3a1a099f4c26defecf241f871d15c2262cdec9ba56708997bb71805d,-104.3118467014283,0.377779849108906,False,K562_region_00526
e1bd5bcbdb7210f12763022e16106558fc59892d3358e572326317debcae06ec,-221.992730922997,0.265614231303202,False,K562_region_01061
e1ec6679ff05bb281dba632e73eaf29a3a7b4171d55c80d8d4ae6ceaf95abf30,-260.783365085721,2.58445016798077,True,K562_region_00122
e20a11df5f20e3acb3154d157f3a8811b643be8f862c31816ea7b7dcd4cafa9e,-245.6893663555384,-0.0121454694639169,False,K562_region_01387
e20b7f8541d9839710b46bc4b622fee3fc61e7c6eb3a769dcafb36f983bd7d51,-266.8417232632637,0.0031970599807444,False,K562_region_00947
e22273265569683b7cbd3b9b4abee085aa0fa8d545581c83b53efb58ea45eeaf,-113.5296401772648,-0.0536264930985613,False,K562_region_00608
e249d57b4ee81b14676db492421a5f5024b8461b09076422f4f04b4d02d7a232,-247.96201042342,-0.563351331309091,False,K562_region_01041
e24aced0a066bc1222ff567af1c1d2bc9785c4c31f347a3e0b7210ed5a99e627,-262.43427489697933,0.261092675282316,False,K562_region_00656
e24e9033a43ec55a0b4d665c1d6ea8d6f2b313123995919dec7586bf6ba90c2e,-254.1646749973297,3.58149570070052,True,K562_region_00306
e258e49fca0a49de4aa40440cf4936330bc839d351d27199823c23bb2002e4c5,-180.99896303704008,1.60707186071217,True,K562_region_01551
e271d3d0e5fc56f2a9bb76f420f0cdeb9a9c8e7e0347f0ecd4fec45cd43d29f4,-175.17689846549183,0.641733786643093,False,K562_region_01611
e27f07dcf8d107a6e4da7505e8fbceb0170ac30c4fc3b8e5bd3caff996aed4ab,-263.6117848604917,0.168588902306908,False,K562_region_00878
e28ddea53a2b0c5567139cd54f8d12f5d6af517aa0456faf6dcce57d8787b65d,-201.6547499597073,3.94959840666967,True,K562_region_01945
e297707243a7c978ac36862e0201cf60097c1e9f0b6e796b465636dae64d85f5,-83.11325229983777,0.28379968398234,False,K562_region_01077
e2b9572bc14caff3d01fc696d466ae7ea6f8cb4038ed1eebcc22eefdd832ebdc,-242.3155966848135,-0.685320066588332,False,K562_region_02019
e2e6ef75f8b0b460bbccc9cc7520c4d93f8ee7048b11a7ef3cecf322b9f9ca59,-267.0334810912609,0.0936960122906717,False,K562_region_00977
e300ae2d7db90c79d12a40ce8453a987f6847a192f355d531f00b49e93c1d9d1,-267.5742079168558,1.49375561431467,True,K562_region_02230
e302f02dd18495d707c99502f6e0dbb3e48428cdce44376d213d6d37d82dae86,-197.42771200556308,-0.215030105016758,False,K562_region_01443
e326e6497fd705bd67ef879d64fcf09bc6645f787d962b21e66b74df22487c76,-106.09127110801636,-0.376729195986506,False,K562_region_01507
e32c0962e21a91d986855faed73b4a25c750e9c10d99851073f15fffef5e9e38,-262.40991777181625,3.8174471180714,True,K562_region_00247
e35ab635b77f083d15b275af04cdf5b8e7795ac03c423275025362c4511048ce,-257.5263182744384,0.416461591387946,False,K562_region_00704
e3824c3b34e00b427f5591b8bdd6b75869ef400055f359b3e816112a41ce3e97,-258.350797817111,-0.211263608823495,False,K562_region_00507
e388dc69e8cb7246cc40732fb597dacfebea48b7e92d5c166a00e8d6269ea0eb,-255.68573263287544,-0.0503533418049947,False,K562_region_02026
e3a2a6642e5ad7b0ce4082d1877e7496983d906dbfa7671dfa5f3457d6685bdb,-265.4782127737999,3.41798561415195,True,K562_region_01474
e3bb5f6dbfbb844f11c2b25179300f749d1f072f28326fb6308086e4baebbeee,-268.2225704193115,0.291782399596365,False,K562_region_01440
e3c317f0fc033e4d9f98210138e506acffdc69fc35fbde851d6d28e1312e11a5,-267.7318063303828,7.21564741056142,True,K562_region_00038
e3f0730ca31d5a57570c8e2a1de2640965d5f49fd8124183e0482a7259d5d8f8,-259.01954747736454,1.02537662626502,True,K562_region_01765
e40c15ca202811c383b5f6fc2fc3af3b3ac55bb9a6530b4639840370d5329326,-252.5819051712752,2.3230039140835,True,K562_region_00806
e41f2c68bc8330b994702f89da7fbf4dc010bf030053f1756384e550da0220c1,-254.7720591649413,7.09441700460308,True,K562_region_00838
e420bbd022e21cb530ddf231705f649176a16af4295de0f9a98b883061cd9aab,-272.60765266418457,0.426607120799033,False,K562_region_01783
e4661177cc3ec359f86414b36ae486967d046db52b3cb777548a9e6a0f395083,-242.9831216931343,2.46411186876365,True,K562_region_01734
e46a00e6c5039dbe6a7307fc1f962766287a5700ae71a568e6946581d0b8bda6,-275.51670530438423,-0.217129766225449,False,K562_region_00113
e499adf5d2140ca8a8f95f1bc787b56986ec8525c48df73be41f3bfd056e85e3,-261.92210054397583,-0.267037563654245,False,K562_region_00637
e4c94004c967dc3beb215ea67efa6a10cda0987dacf2f210907787de1f0ef959,-211.2285567820072,1.40588685108818,True,K562_region_01231
e4d1ec5245480c92d9969a2d74a634eb04ef5691e375929b03603c95a9e2e1b3,-261.3422470241785,5.19214688951604,True,K562_region_00337
e4d28888308ba08cb6d1d59daf66d44ef9dace2000dffed1e9e469a30b1a1532,-265.9176613688469,0.197811759144249,False,K562_region_01238
e4dd28f59585300262e2c86b207dc6c964698078808e74ccf20729c7f2276e7c,-227.50221151858568,0.122813601992709,False,K562_region_01471
e4e652a84837e98ed7d64d442e9a141a0d0268c2cbedc459f5dbb2470e237ea6,-112.5864306241274,1.12354813745962,True,K562_region_00987
e4ea73efeba8560e847ab162fa8e67dda78b76bfb8128c4dbba3a948964f75c6,-241.3414862500504,4.25732590749082,True,K562_region_00287
e50d6b279980e1890608423f102c0b19fd69730f9b9f45379f488fb8caa93991,-260.483089864254,4.34715159353485,True,K562_region_00046
e51757a26cda1c9da2096fe445b0c1789b54784ffdc699cdcdc0aa6b38fa034b,-262.3142984211445,0.517672067126393,False,K562_region_00994
e51a4b9e3a26366f70bb856ff5174c9a7f8f1a590a3eed767372aca7581b0905,-261.935024112463,0.386839131001305,False,K562_region_00887
e55674f769ae83a1f483690d667b0ec5f14a582d07e4e4e81e739bda6f8d7330,-185.4090825933963,0.551147438352802,False,K562_region_00309
e56933d931223679a79a3a348a87052849cd765660184b9f02d6eb43122b18ba,-266.7377609908581,1.09212398750446,True,K562_region_02119
e5858b5864c8a01b413209d897eb9275b1ed9f9bc4af125ad0b1db1af47e31f5,-247.68061354383823,2.46129660983771,True,K562_region_01528
e5957d826c8bed14d0245eeee04d8dfc3e0e55c1d9891d664a08b47f15d41544,-64.4643004569225,0.808443226338626,False,K562_region_01963
e5ae5f7b18818b458e3610185de32abc0477ac9f3d4c5a236233b16018e14a2e,-99.90451110340656,-0.255422508977707,False,K562_region_01287
e5d4759611dba1980d86810c318a50d8700693bf959aaaa1fdb911e573828e9f,-271.1178661286831,0.375495262866617,False,K562_region_01632
e5ee036f214fd61f09c8c8343561a68af9fde227068a0eee3c52bbbb97f29ab5,-252.9659024626017,0.237838092252894,False,K562_region_02148
e5ef837a85a0b9d746ee7a24f4b421f52fcaf28c892a46e6f1a763f9fe579734,-259.5522714704275,4.2827127724213,True,K562_region_00434
e5f781c0bb9e3abfc0f765e251577fb11c0a91f6656f1956c460e641826144d8,-264.3463526368141,1.74386328718565,True,K562_region_00576
e5ff2030a5c76f3653c004e3dee67470a4b50c55352789d9dcaa6c9b13e621f2,-258.17039370536804,3.14986255880135,True,K562_region_00497
e600aefe13f7f5c613fe8b7db36c416d20bf59077abc29c3c9ee5da7bdf90c5a,-269.6526245623827,1.22210148605499,True,K562_region_01011
e6434ed3aebb4af53e40f8d961a524c0a2c1792310a27f0ef59586e64a023b1d,-221.63748423894867,1.71522724662887,True,K562_region_00616
e658589f0bfcd3da4e24fe123c44916e02c88c33f848ebe1fa34ac1cd8b76077,-262.0014833807945,1.36689306036073,True,K562_region_00145
e66247dc30780d741dbd0692d956ea216c262faa0a347d58853cbefb4fd81e15,-258.1309412717819,0.91964016202796,False,K562_region_01451
e666bf34aa380bbb345a4da95a9ab1836c202bfcfb4a7f12222f493189189605,-53.01816593226977,1.34778254557768,True,K562_region_01546
e69a4925f7a6060ec97ce9fd9327e8086436e9823bff5b4484aa144d57faa62d,-262.54115957021713,2.96932890049153,True,K562_region_01941
e69de54a39e63f2c3a4e2fced8fb58877de03c3cc914556fd18034942dc2659f,-271.3346189558506,0.0922332939873837,False,K562_region_01562
e6a32cc280a7340aa711dfa9cc48c8ed92d3960e95fb713a2b7b4a4114f43929,-267.3796657323837,-0.0016972542515309,False,K562_region_01421
e6bd718d979d783788e67c0f589f6106e046e057575cbba8b8d4836ed3675600,-266.07459135353565,0.779582915407123,False,K562_region_00613
e6cae980684cdd7dc6cbba23d9d4fb678f07c7d17b6ecc2e62887d534a6e05ae,-236.0590210929513,-0.0576471199582806,False,K562_region_01369
e6d2940f2c100a97e0e10a5628493bcbc33645195906c1c59cd5166f8dd41585,-266.4857052862644,0.731981315312529,False,K562_region_01246
e7126883e246680ee32fb225a8a933dac8246b36949822119fad49f989feb9a5,-257.0499778389931,-0.161725490284694,False,K562_region_01037
e74b1412184564b0b9bb39107821eaea90205ce6191742abaabd3a5b027caaa0,-263.98917381465435,1.01114608719675,True,K562_region_01144
e74c4f8aa282ee36d7d9597eeaf0dae430b7ba05ed39e8b600c89eb48f86bc8e,-227.3591355010867,2.66369992818304,True,K562_region_02077
e76fa70dd3a1f85acc66fb3d878d5cca1dfed1cd28f69f10fc634bd8072407cd,-273.1556803286076,-0.234226782697295,False,K562_region_00580
e7946f0387326e09e598d0ba324657edc6e015bd0432204f2cf81131ebbd6ccd,-151.7427941923961,0.189611549083596,False,K562_region_02076
e7c808187077ffca5f69f984ca3f4e592a50c005fc2f5b29a3a389ae26b32bfe,-166.67242921236902,0.483814630828596,False,K562_region_00197
e7ccc84a1eb5b22f41c84f80e8944ecaeaf13fe17c21b1ba3935f0bce99fbf32,-258.5930729061365,-0.126566329659025,False,K562_region_00876
e7d344f9a68b3114681162df85c394d5120272f40d434be3907599d2fefd2104,-252.97482097148887,0.230455409242428,False,K562_region_01638
e7f403a107c68dbabd19163d7d5f32117efe88664d0b1e26ade89193de34d231,-275.32930502295494,0.206108090692101,False,K562_region_01422
e80ec5c40fe554a3e39f3559a7b157d4d50dc8c05f7781514f12ef1f1f79ea04,-272.87086021900177,0.953560547828072,False,K562_region_01635
e825c3f7bd4cf2e6e184d3b3be9ac4b53483880108dd4f4a2c7a0a3eba53f27b,-189.4427774250508,-0.608778861347022,False,K562_region_00481
e8485ca8a1f4d623fb79525bbc1263024e22ab2f44082582c052785f0102b93e,-250.45094524603337,4.88075993158684,True,K562_region_00032
e84910f22481e1bf3f44a19099727aaa26f98e03296adbcd5a53f0a600b3635f,-241.1271403580904,0.0995490446990631,False,K562_region_01574
e8737a3005de8c96360a897b1a27b54bafc38d5e966266140fc9e38c61ccf1a7,-215.10357870999724,0.481579104842106,False,K562_region_01057
e8762a49b9b44df5000f68a855ee80d3d76cfddb4b2149f26baa395dbb2835eb,-271.33454263210297,0.397529052616071,False,K562_region_01631
e883c05f0a0820df40f8cfb341051dce7424a9be3dadb47f1fd144f2a2b9c421,-109.529726899229,-0.241866708263557,False,K562_region_00403
e8ab1f1da1d4f8cf3db586a65f38114625d1b5e21f8dae27a93c715e81217b6e,-262.8999592959881,-0.0838031822874681,False,K562_region_01895
e8b95ad6698802f902a19087e528743b9254227d071b3ca717eaf5a3209f7924,-273.5740028619766,-0.115800274935435,False,K562_region_02236
e8bdd93df77760a65cebe09a7de884e5d15840704dcdcd53481ad511c5179121,-145.98344153817743,-0.572354098348104,False,K562_region_00569
e8ece69424e7577bddce5164ff86f1e530c9d19d1b397e69a804526bb2d1a57a,-270.5745064616204,0.492745350166895,False,K562_region_01525
e9064e2f457cb82600e5b9a3a8ea512f15b8685ca0f49f5e6c3b1b7c985e53ed,-239.24734430015087,0.780015110858572,False,K562_region_00869
e9110f10078c28cf3ade3fb6cf47f3b5d3bff0cf13c27416571f285f668ef03a,-249.75492775440216,0.256158846836367,False,K562_region_00700
e92f086004a5352fb9ad17f40858d12d1e2ce6c7c90ca8ed7bbd0973bde90c7f,-215.68512657284737,-0.630058428383661,False,K562_region_00374
e93aadb4c581a7b8787651b14ada876058bd406df270d348638464fd70d1faeb,-211.4308527233079,0.538119574549978,False,K562_region_01431
e962a33e13eb90340758999da50260e7a0d263520eaec99946a3e8ef5c2473cb,-229.35367603320628,0.275147286112485,False,K562_region_01269
e9813eae42c5322a7aaf76e8d2f95a67627595fdb81f07a13dcc3a818ae6750c,-269.49956941604614,0.292043374618647,False,K562_region_00395
e9902e45874e976d56c503a9d055937fa64fd6edae6c945603cf768db95cb34f,-262.6958788186312,-0.230662831596944,False,K562_region_01729
e9b5525c35b9040c6b8054830645aa42b9edaf5c3d456a8bdf0f8a82fb51e51a,-282.4983468055725,0.43422806661762,False,K562_region_00568
e9beb6f5637b3f79e846250f5e3b26f285059bd86b8b30a600d272501e14b529,-252.192508764565,2.58329323519586,True,K562_region_00005
e9c15de64f466afab15244d32ed0525e2d1bb4f610614dcde43d644318db3c83,-272.8157965838909,-0.321478485955067,False,K562_region_00931
e9f4523465a4bb114b47329b0193cfdd79be9693834a087897152aba97055d81,-268.31478601694107,0.153739451511931,False,K562_region_00996
e9f7073e3e5091854e7acea085e1fedff97b83139567abd6b366863188c471b7,-201.4979511089623,1.1373003966548,True,K562_region_01738
ea02f7969c0a122b798afd1f1f20d020630f34817810784f8fcaab1f41429aad,-261.3469452559948,-0.0535337631609851,False,K562_region_01027
ea1580ce7a889595414ce0571310589e2291664217223d548581c97aa3c2f20d,-191.1608052058145,0.422890783749525,False,K562_region_00720
ea1a735ba02af84909426dc7ae27c3c7fac301609e08562c3979aec447188496,-267.69771325588226,0.0424282797305516,False,K562_region_01809
ea38462cb5ca98730844437b6c02a599ea52419841789e3af4c6b6552fda06e3,-268.1153144836426,1.04659714383649,True,K562_region_00091
ea4495de11913bf4637c186f819b9b67b2bf10ba68106aade5cf9c8c8250d23c,-276.7106682360172,1.21063111681549,True,K562_region_00277
ea4667cbe8b6e4d4fb2b43343d30ed8475d3bbc2cde902280825b8ab5b46ab7d,-259.4856815189123,0.062088407124691,False,K562_region_01560
ea738e3a7988d0a4177f2465f99965fca8d1a05d62ea64fe4a31f037b98d4a2d,-263.0190056860447,-0.200662779483276,False,K562_region_01316
ea8e7ccd1340b2f57beca31002de7f870db59fb5936483006f0cc7aa8b478db7,-267.8897221982479,0.387514973669561,False,K562_region_00174
ea97094c974580c1f1a75078e8ce092286f356b549a814eda75cfbc374c22051,-103.03624733211473,-0.281154123747978,False,K562_region_02202
eab630ecb11444aa98e056c89e31325ee0c13a3804c549b3132c0dd57f087ed3,-214.48531064484268,0.224571529434119,False,K562_region_01355
eac55f29dd728a1d81d6aa0c0603be23622ac48b785bdf48ea4214aa696913fb,-252.54857257008555,0.310540691568334,False,K562_region_00677
eafff34dff23e380d7be01abd33bcc9cb9d24899512e8027515985cbcd9bba3d,-244.673057610984,-0.31338511022671,False,K562_region_02024
eb00d53c86377e9eac80e0cd354b5e91cc14ccbdb0b4e567a875970ccfa63ad4,-275.6451742053032,0.400607448042262,False,K562_region_02059
eb09e11e24338309f993daa3fec04734d61c2290e4911b6976d459c421b4ae41,-271.5745878517628,0.996279347361642,False,K562_region_02058
eb10f5a11cdbd5e88a4af099d7897f4cb583a77aa8964f04436adccedd240f41,-262.6375929713249,0.173557236628873,False,K562_region_00513
eb36856a0d297e7dbac7fe54e00097fdda0894e6db4d807cd52d0723e4eb6ddb,-107.6349442144856,0.616118441480465,False,K562_region_00884
eb3914c50d7bf7e71cd04c5a44f4720a51946c4b7a10a592d29ec64202b915c8,-249.8410169109702,0.380506182475832,False,K562_region_01374
eb5cbe908bf671cbf1dfe775ad60d6bc27f4e8a7a4b619be107efdd8337bd047,-266.0463652610779,2.86608675175834,True,K562_region_00577
eb6a3db6c96104f73708064fef4500ce98d945ed93b16460cdecfeb5a42fb33e,-224.58326725661755,1.44365094019963,True,K562_region_02036
eb7b873a5aca79c18a11e77dd212499973dd7bf88c5ad307d5e9603331a9136a,-272.1627000272274,1.41053149102831,True,K562_region_00193
ebe94ff8ba0c51f203aa93be151deb62fa80f420fb1bb7c30d5208834f081a25,-267.73241367936134,0.417728236110824,False,K562_region_01633
ec0f8f647e74f18a6bf4cb07a0668c9ff90d0b45ace5d06dfad2f5ca4da142ca,-265.0938177406788,0.30439097789889,False,K562_region_00323
ec3098dc8d6e6c919512dcfb8dfcc94d62371adc120eee2a231f374c9bcf96fd,-219.5761093050241,2.83417405574119,True,K562_region_01423
ec329d9f0cd128a4bbcdfc1e12d3870daedece4fefe3415e2e6e1f32cef77cb9,-238.1832179349149,0.929949257650429,False,K562_region_01040
ec3c363f815d12f8ddff62d0c34a6b1da770b91c506e03bc7ea7808adcb627a0,-258.2708859667182,0.0466950085816343,False,K562_region_00364
ec3c9f36c132a3f727b86e527efacc1391d76ff24d1e9c84cacfced0d3de3aa9,-224.8222563248128,3.84625664616617,True,K562_region_01838
ec4f53c6b51c01fe4144e7bf973c3fe660d157486d0cc45a170d4ff10231dc20,-139.4420648150408,-0.279784832502443,False,K562_region_01702
ec5c8ce528567ca097ade82b1d3f4889448beb23007498ccacdb1104b3a5b7c9,-252.83934286236763,2.13624426692918,True,K562_region_00396
ec613921131416b077533fbbca041bd01294f0abe394f180c1925be45ccb5005,-264.3278154283762,0.041089434757172,False,K562_region_00874
ec63a32f37c43c4cea080bfe3a20d05bcc4f1718b87459d5df143a92c9103669,-267.91972503066063,0.517451978156317,False,K562_region_02227
ec6cf401ff3a531c754ec6fab2cbdb9453e312bf3a2a4ab42f93ba4d2c7aeaa3,-271.48699820041656,-0.0304266627353229,False,K562_region_01306
ec927b4ffc474298e4dfa67dd279576f2ffd047ae065443a90090301cef3f889,-270.087203770876,0.228050146633275,False,K562_region_02121
ec966de2d034460b6057f4387e99c7c51cfcd5e738214f50a02a4a88bc79ed0f,-266.12669706344604,-0.122798441067357,False,K562_region_00326
ec999fec3be69b8578e33f8765ee06b2c5e1e67748becdef75daf74bda596376,-263.2049492895603,0.265475036792262,False,K562_region_01891
ec9c590bf913ba9ba6e426886f09da2a8fd31bd5b8c30fdd05df3c36e9725705,-262.6017677858472,1.75784684019159,True,K562_region_01128
ecbdaafaededce908be257e99196aadf1b42112113ac0fc5523d9d65e4e0e09c,-212.50953303650024,-0.111168724439171,False,K562_region_00119
ecc120565ba800375525ae4daa9557750c80c455725910392beedfaedc88d4fa,-256.7144887149334,0.358112384344485,False,K562_region_00942
ecc5bbf65a1bc6950b59b7135a424464b7c8d050e4b1700f44d9a7cc87ea7423,-210.7787265884108,-0.207359048873248,False,K562_region_01069
ecc710b56dc0181cd3a5164c2b1e6d681597e0a2af40892c2eafca64d244a1db,-271.39240005612373,0.03744504754559,False,K562_region_01894
ecd6e3c0a82344260043879c091ef0a4629a7992215c5c4a85ff739063f13e06,-268.2330789864063,-0.0174228874208795,False,K562_region_00638
ecdcec2362451be67e439cda1a50b69842802cd46e4d89ee8f92037adef0754a,-262.35463686287403,-0.786579390676322,False,K562_region_00798
ed3cccd50447ccac1139a8b0dac8d99245e4351f5c2de3086134896c60144a34,-272.3390576541424,3.1437317914724,True,K562_region_00980
ed595e681a9fee8b183a0842024fd395f5f3b623872c857e1bb4ee5d20bb8b1b,-263.606262549758,0.33306246475135,False,K562_region_00676
ed5ce51261d6d274be694e776502913e33c133e3667957bdbe038e111d9d66aa,-169.51248892396688,2.6810713626808,True,K562_region_01201
ed75459af8d16a0104d668e0fa172d6c0b7c03b5b685833b604b47f02d81dee5,-248.0095509625972,-0.299419963438864,False,K562_region_01012
edd3b80afd9ccc41a9949f900cfd3e828e8e1ef34031db3b74b42497e5134b31,-262.6695557832718,-0.650290228141604,False,K562_region_00100
edd70fa4d047515c2f3e00cac3b3dc04d5909c9ab5d93d059313c6633d0509e3,-264.9752279222012,0.929763939972989,False,K562_region_00161
eddd8b6540c0209bce6e84f6cb81677c51fe1b7459374dfb7368780da26ae2b8,-254.9986294861883,5.35204685780828,True,K562_region_01096
edf3e6f266343ec592762f2c07e05d01e6685fea40472ff60572062858d0a3cc,-132.85112434998155,-0.457111000406146,False,K562_region_02052
ee1fa35d9f3e8809ded3f93199b011594c1164cc47fabe6b5024d5268b023fc3,-267.8012716919184,0.108703513766444,False,K562_region_01020
ee271584c4e35b04c39c684f702cb9e645dc7b3c22d37fccbf1c26812e94c0f0,-269.4069264531136,0.232213624179701,False,K562_region_01926
ee36370ba50bf755119f08460bf6767688cac55da264f4e5e77a49fd3c804846,-260.70407278556377,0.215751935188504,False,K562_region_00508
ee478243dc02e0b9ddeaa22ad0b980ddd664743af6849597b0a66b445432d6ed,-272.27665597200394,0.110671233639912,False,K562_region_00083
ee570d5e4e64ebe827c3d9484741487768b2a0e516f934da8329cd0d1ec90568,-260.4717506468296,0.899858390525346,False,K562_region_00105
ee5d792936a6d0e3ae33c816a805ae632fca695e3bcff44597b8cfa9699b61ab,-183.8134999871254,-0.0436403113005919,False,K562_region_01794
eeb188d3658bd7758dff48a22f42f29c1187098d23bdb5ece1a16844f0638974,-266.9258788228035,-0.50677247381528,False,K562_region_00975
eee5e57094029962af7c5a61514db53215f9073220470383184efe3e2ea62ca3,-251.08075219392776,0.553690566892586,False,K562_region_00681
eef496edc6fedc62294dea058010749d5e493a5f0cbe95704e00278fc6d6a923,-260.4036364927888,0.354127415161107,False,K562_region_00583
eefb5264ba70c6a40d42a238456decb216cdec95fdc925638d0ec03ac800e722,-267.0299437046051,0.427673546518874,False,K562_region_01006
ef1f46f1db62dc779d566bba6bcba8686533c2268f32886514aba228ca463f9d,-239.4897045232356,2.37736499846958,True,K562_region_01581
ef576421493c791606079331daf0f2b854fb325cb7c68bdd19e62b38b533357b,-262.5886186808348,-0.160189496414457,False,K562_region_01817
ef64bd2d25563d87cfec7d5a79f59f7f998bc0ef224e8ad5a2d4b6f194ff7773,-244.2059597242624,4.85038457920005,True,K562_region_00225
ef8a76d1ffc12a800f25ccedd637559ab656bb25227b7957af896ab9c29ec6ba,-54.653024684870616,-0.0971671804173285,False,K562_region_01290
efa9b01ae06025c0fbe4f9f9175654896edcc8343775b46def014b1e833ab94b,-266.7372240573168,1.867587093405,True,K562_region_01757
efc3d2ab2f6f1396db1a00cccad5230b80971b499903461b87fba79d7bdfee56,-272.50188940763474,0.0635738323776724,False,K562_region_00667
efd376d09a8e8849f7c347dea47dd124db6c8fbc60023fbaf442e1fcaa337ebe,-266.5642350614071,0.0631164100367206,False,K562_region_02121
efd4f30105cff2d954f140f1a2381da8f8cbf1b5de017a5697f346eef7312215,-229.2437921389937,0.0272946224634506,False,K562_region_01618
f011370953aeefe15fd724d9208c5b1da213face026f285df270fe1a195c3210,-201.6582932434976,-0.0158967028796567,False,K562_region_00988
f020dae707cfa85106cb0f3ceccdc6c2f2239bc2a15fa36257d4006efd731ea3,-273.7082550227642,0.163047891595273,False,K562_region_01707
f02105ac9e9685e415d4099a95db79caa7d81371113c9e2545a65a65cbcc4422,-273.0585640445352,1.65254851332387,True,K562_region_01649
f028984156b61c9be0812fa2a8fa17766d14cf6091df338961344bce4dae817c,-253.07830846309665,-0.478907932768389,False,K562_region_01102
f02ad2890afb93e1a891b18a928269205a601fd2ba1527d5cc70c621e0d7acb2,-258.5027812184999,0.701857222522481,False,K562_region_00727
f05e4d79279af642b95766c535220535e0adfe44f3e4274184f14b80af70a55a,-268.4552698172629,1.01614025974477,True,K562_region_00121
f0986f82abb4de03b80f3671709402064f33bf790eaff1e0a28b60526668b80a,-211.34890410862863,4.69616581584463,True,K562_region_01139
f0a0241f742b5a25f60478ab80a94c702a7ec2cd80df514cb03a46049031a00d,-222.43380763509776,-0.152741493804444,False,K562_region_00587
f0a104a03d66a9bc8584cf0e3175c5e5f81ec648ec636b44aeb873e77fbf43fd,-255.80022144317627,4.06716807669052,True,K562_region_00044
f0d5ac466945866ff7a59b53eae664cc079220c89d5d201898ba2f2d442f8a10,-273.892178863287,-0.143081597012639,False,K562_region_01747
f0d648efd64cc126ce147806b045ec375e3f7b32da6f5160a76bd4b97a3dae2f,-256.4524118602276,0.575835957862701,False,K562_region_02194
f0fdfee97ef4c9a692d58e9afad448b85df3838aa8c0f78e0297aeeb0c61156a,-247.7400795891881,0.439162335259786,False,K562_region_01564
f10c50d111065c304e9887d8254b9a18eb8edbe4ab0b945c1a771dec1e06ad64,-268.8285978734493,0.303565735531183,False,K562_region_00222
f1241e5901fe8e3bdb26be2ded15667d37abeb138fac3053dca77fb7adc4d4d9,-263.63165982067585,-0.190483152051174,False,K562_region_02188
f1259a6d8e042654b739f3e392474136ac5693b8c10ff7e70b944f3891e75ee4,-262.90178929269314,-0.50186235767929,False,K562_region_01217
f13c3e5f21bf0cbaf844df921c9735392e010fdb241fa9221921957f62c198ba,-268.2489663362503,0.260804880166393,False,K562_region_00022
f14f1d3247d5b1d3184bac47e733b23fa9e58bdbb448e59f278b1576b8980378,-234.2235803101212,1.01403078099392,True,K562_region_00850
f1526acfdecb5ff2ac6f4989dd4458285824dcd431b1be2df5f7debb5d7b83c2,-201.6645356304944,4.86966017161106,True,K562_region_01393
f1615e604f4fb0a5833e73e117c3a7d2fab9de23f5c0a466b13466bf63e3bc31,-174.66007725987583,0.0468365827712933,False,K562_region_01609
f1702770ea22fc0272c35eaf3b5ce79d1061fc3fbcba9628bb42dad5cbdf6701,-238.1950068678707,5.84323522802828,True,K562_region_01602
f17268a7ce4d44eaefc4ea8ac236f71a168acf4a79d0c110a756166a69e15a99,-232.85039671245613,0.501114771510691,False,K562_region_02134
f1800ae0e77a8c1fc85277011ae9ff976f09f7654e503c6a2573c6e61e33f15d,-273.1056432425976,-0.187337212654028,False,K562_region_02184
f187aa55473fea05c54dc66b6f1e880640db2b526e61d84622edb4011e0cf72f,-193.6163106933236,0.410770288369549,False,K562_region_02170
f1caf03dd1b21ad14c127a1f3bb207f63894c54dc5aac237853367307c63f3a9,-273.137513846159,1.14612266175182,True,K562_region_00709
f1d719aa3844e44724963711b88d2c49b4fad621edf9d459558093a11ddc2ae4,-271.19473895430565,-0.0612193375607336,False,K562_region_01798
f1db60cf81ede4f84f38f3499c6754ea3b30788f34d3ee4d89b281c77279aa98,-269.1503287553787,0.0969942883114579,False,K562_region_00571
f1de775727903ccb8495a85f2925ccafe311f78250de754cf65910d3dfd8c993,-270.05044481158257,0.145899351252717,False,K562_region_00385
f1e4825827a2898a4b1038137c55ccfc55aed5578d62ad433012c157008a523e,-267.5635721385479,0.0677485839584969,False,K562_region_00244
f23c788bc08be100af1f331038e8905bd3b30ab2c6ebeb42638d6b6311f105c1,-252.7405409067869,1.09301119887053,True,K562_region_01029
f248822a847fa9fbd76828b05f497beda65d112c6e185d29800ad19f6ed6c54b,-256.4961654469371,1.46120349256903,True,K562_region_02061
f24d3949902af3a3549f949b2f8e1491b092bf6b83964bd636ad338e63d0b9dd,-269.8145274072885,0.787868713653657,False,K562_region_01956
f25af90d673d88a7a6a531710276dada70d9ac2e2a7d86d735276e2788cdd6d5,-259.3742967545986,3.43595253006314,True,K562_region_00126
f2a0d98a1225966b4b93311441f1aac22d7877e63f626a031289df1096d46b40,-88.90204015327618,-0.0844868664882939,False,K562_region_01974
f2a31f0295edce643d1d6fd433111b6297c4bd152d4f58f4da43f4f99347cf9c,-267.5284162759781,1.11909120882477,True,K562_region_00173
f2a3c3cce43cec8a302482503ba775d93d0935c86e5bb71cb0020326404565cd,-266.6850331127644,0.407805929638545,False,K562_region_01200
f2babf9839340874852a4000e9776f87a896d1278e79b3bb9533605089c055ba,-269.1544197201729,0.980325853070222,False,K562_region_01589
f2d6dbb3c2e76333f263477cebd50a1f62637d757c136127b2633aa54070b100,-232.8632403239608,-0.403117557221382,False,K562_region_00998
f2f010c5f413dc23824a3b33aa8fdec272e832690fe9770d13ae7eb724802b7e,-262.4283267259598,1.51648903476677,True,K562_region_01073
f30ab6b48feeb4612eb11048be89ecca264072b9c0bb6b79c2f914440bd27695,-273.56225191801786,-0.344221428775778,False,K562_region_00645
f339324dd853340251c2746a2422bd0048d821ad5ae65630c71f5873a5a15164,-271.67000299692154,0.0110880459809908,False,K562_region_01044
f34f91036f95b6621106d9b48c407245bedc46890bf48eed3182c8d7b0b3447c,-270.8351230621338,-0.0537817119687342,False,K562_region_00098
f353aadaca6583765e46d96ebd697a66ce15df7208ee4b7b0f19e182f4ea240d,-263.5626690685749,3.43198346763656,True,K562_region_01328
f35ab46ad6b857719f89a6adf7a7ebc7a0f0b4944c33f697599598dd4849bda5,-238.03287061676383,0.670689330220318,False,K562_region_00239
f36e411b824df6fae9a1be47069740146b86c828098f403a6caab13203aa5bd3,-273.7020633518696,1.21464613593989,True,K562_region_02093
f385e2f4f3f0fcb50593e42ddb29966e9824327299c86d2bfd0efe09ac8184c6,-263.5980847477913,0.593335300383813,False,K562_region_00152
f390be5ac5fa19048317a5959e784e3853059ee744b7efde3551420c40771c71,-239.59064332116395,4.49208916134157,True,K562_region_01461
f39e963a6da7d810221a3f8ea967d506453e683ac2a269f4607df6a5da1bb90f,-184.0029552495107,1.32219311051595,True,K562_region_00935
f3a4ee19ac763d8994a1a4ef60a9ebdbad18cdb7a75f00614583280dea306aff,-276.8299199528992,4.65817301893175,True,K562_region_01479
f3e07961523729f50368e7aacbc7a9ea590ce0e4382e9843e248e203480cb194,-273.009593129158,0.690447549177313,False,K562_region_00209
f40468886299cbb609191235f2d1f2020ea0c63b27b4c342f27a60fdb04dc8c6,-141.01369989756495,0.0018578541887714,False,K562_region_00392
f41f9476c189ae59b5165f4267db70d8658c0ceda10249a9df3eb091e2789a8d,-255.6994751356542,-0.561800021316761,False,K562_region_00943
f42a480415369ca64021fbfc1f05fa74c6e1325cda16aeeb947b4c7135f2c817,-266.0404286682606,-0.116043242870214,False,K562_region_02227
f42a8d45ef7634240d8c0b314b057772eb3c8c97249f0ad8cd557a102492b4d2,-192.38593391835457,2.62943998287221,True,K562_region_00768
f431ac6fd34fe35936cf8327a3887f0631ff74bfe1504c209a4e2f1b5a712bb6,-271.6027822196484,-0.25013493310771,False,K562_region_02129
f4490cc2ffc1a905c2fce9e3a73764a0a534b21f658f81856e679104639bdd26,-261.469246506691,1.05159666236998,True,K562_region_00983
f4666bb2ff7850bc23fd4f8dd9968b8bdcab9dafd7e1fe6dbf68bca4a6eea198,-234.91058411076665,0.34334636028263,False,K562_region_01656
f4777058fb77555cda46c944b3cd51b0564453fdb8cdc3815f30c042617b0a52,-257.92183555290103,2.10523220247785,True,K562_region_01490
f4839683c76edfe9ff29be2f4c59db83da2bdc2bb70f9db6478db5a155521d6c,-255.62151772528887,0.254859833514795,False,K562_region_01991
f4858c3c410f6a2969cbdbc86a91c59a395cc43acb7b3c7b7d7e65e51783c782,-263.11535143852234,3.86084630847318,True,K562_region_01142
f4858cd9839391854d7203a177c59d666146703c6be6dd719d28f1b46e3f0abe,-127.08695770334452,1.30187626613219,True,K562_region_00097
f4a3818f6f77c79be7a434202f184d45e294a744f9a9516e8db757788ad0bc68,-257.6601327555254,-0.579850559212558,False,K562_region_00492
f4b0f4947886445eca1096fac9c39e07502bf5883c1fa74930aba6f3a6439da4,-274.45282523334026,0.111211055940959,False,K562_region_01011
f4c0373b895746beefd3658e2610c80197ebf9b833912946d67ac2f5edce2a60,-268.3948964625597,0.371210818523836,False,K562_region_00584
f4c23fc3f7aa6d379ec45ab782c977b4a289523825448ac1933b213501e99765,-258.14206533133984,1.01773622399161,False,K562_region_01173
f4d2db37611e6c37e20aee939b32060ea95c940c9d83e9a73e1056c3b437bb8a,-99.7800943152979,-0.752310384297352,False,K562_region_01321
f4f984c79c4ed1f263dbea80b579cf429736041c25c7a41b7b997432cd973256,-265.82494324445724,2.12315579473244,True,K562_region_00657
f502be006ae344a06d23e656e2ac023b1bf782cdb29c4b486dc0e0b236095371,-261.962092127651,2.16661746443486,True,K562_region_00643
f50ed612ab815e4bda534440a00d8f0eaf529b1d0935d5bc6484e5c035617484,-269.9973432421684,1.25288434710829,True,K562_region_00027
f532288852aaa7e145c44ac15a48c50654b7e7a6647da3a3b124e8edeb1ed08c,-209.59172265604136,1.66365447404962,True,K562_region_02045
f5515c32566238e6ee7e13ef4dcbf20e7484450b8f29971e63ec1c7fa52fa3a7,-62.058271603193134,-0.293966420799524,False,K562_region_00469
f57918f9c88aea71ed352753a31920cbc3f995179fc370c80d39e4b00f458a9d,-226.99978685495444,0.750677388860173,False,K562_region_01180
f58c106c791463f936eb05a8f91df22b36e0ee596cf89a386f2f6261bf47785f,-273.4251696765423,1.98295227052758,True,K562_region_01352
f59659ecc8288ad9699fca93407a60f864e178d93d6358acc5e6a29936d630f9,-259.67888583242893,-0.649346226443436,False,K562_region_00424
f5dcc3ceb3547cdb960a1443031d67a090bf51318e15a761a90e039c2538f925,-259.2122008651495,-0.0916963464996575,False,K562_region_01641
f5ea2acda8822c5f999a8fd44dc7a641f03c7c4b81251e72e4a9aaa9b231b32c,-265.09983932971954,3.0468753377876,True,K562_region_01655
f5edd993b848adc9526e9989b6c63e828b122b8b9d4f4023ac99197a96993c2d,-276.14650651812553,-0.930826003345557,False,K562_region_00778
f5eed6cb5fa3ca3a21ab48b58c0ef0f0eb14ecdd2ea46fedf1db50d9c7afc9f0,-219.77031715214247,1.10174257843255,True,K562_region_01648
f5f135196031a318f90d8e4e0d0a30e95c5dfaf487df0ce77f7e31c0106e4cf7,-259.2015519887209,2.44226235063443,True,K562_region_01250
f5f2dad09be2a136cf06d7955cd24ef3104e9b711039c61672a97103b5627806,-264.50752690434456,0.506770571418293,False,K562_region_00169
f5fafc99b247090658f3f3c7e6f0cf5183b3994c4739b7c28a331d17af496d4b,-267.17842051386833,-0.187716911135571,False,K562_region_00124
f6433809eae99a9e164b5755eecb10feff4968c0dcae29a0e7c58b590f2d4fea,-248.92508237063885,0.498157671061429,False,K562_region_00120
f661cd49b8dda4a62669d87e2158c916419280d457a54ffaef7896f0a1009670,-259.1071082353592,-0.443524355839482,False,K562_region_02219
f69948ddf1e23973555eb98418b1962ad9bb2fbc3f7ff7d37c740b8b79d664a6,-177.48094683885574,0.31864118344714,False,K562_region_00971
f6b313699978e1dd72bfa5a3670b021e15c7640cb11f8c8681982d2ee141f53b,-264.8167826831341,0.546300278330411,False,K562_region_01565
f6faa99b2ed93c0d7fa330b892d28031cbf49c8069e1c2895776cdd8822051aa,-199.49703480675817,0.209032680007948,False,K562_region_00466
f70257abc77c5d9f3b33a2ec679e55bff92368afbc3c3d25b7ac823202fe4526,-267.2397519648075,-0.117036636480249,False,K562_region_02162
f74e80fe5819d73f7d05d49e0df798750cc29b31460f48c46927bf85576be061,-262.3037403225899,1.0151867908058,True,K562_region_01749
f7782022128f4fd66d2dbbf33f4f761e4b31a7e48f85407d497c60d38de03cff,-263.9400423318148,0.402826134651777,False,K562_region_01313
f7bc022532769d12d99e2deaa16056d5d22acaa5d9637b7d03791a957b3e83e6,-268.1787333786488,1.98405490181704,True,K562_region_00284
f863a750484e29887646a00384e472186a0ae42a7a7fb5867f0f34ea85e9b70b,-267.00262597203255,-0.0449948568369877,False,K562_region_01766
f871b34567b672b973e7ac8d99a0491416e87c4a13026202a52732eb9b3b00d6,-75.3535195584409,1.09552599374098,True,K562_region_01731
f8ac25fc6857785e327da43bc8878117549fcef265e8f07eb4befad6b52406c9,-165.6237789466977,0.385792863227024,False,K562_region_01178
f8b034be3d80760add9931ab46626df2dfe7b1eb0b9edb048bc141d5410e2f03,-152.29755626432598,0.403549503161179,False,K562_region_01547
f8cb209e01e7fbe2d1e88d31b8ed2949288764b48ab631596cb20c6a4087fb18,-106.54690627381206,0.0278478109995082,False,K562_region_01249
f8fba00ec31119461ad3a8c823afa89cf53ffadba4345df91e24c9d9914a1974,-263.52154007554054,-0.208921792557889,False,K562_region_02201
f913da0ed426f8448ef5c6c5d255708ff0884490a6ee174d7e2bba7f4639d1a6,-271.6204873919487,1.47828157016134,True,K562_region_00027
f935773c6858c0a6b63ced438c53c14791de24febf6a9baa46a7da329d410c12,-109.77668569982052,3.32010417152771,True,K562_region_01850
f93654bb47d19d569bcc324f9bb67f071e7c0b62d54a4f51b780719ddca07599,-265.14034140110016,0.0972246936255321,False,K562_region_00532
f95a439a574bd29f46d820c52f48f9afe7960ae5c260aee90c6bc2f91da82c35,-268.74410432577133,-1.01039032124145,True,K562_region_01051
f95f948982e88af5c7eacbed68b0ea51d32376f1f3b8dc4ce71d147502e902cd,-250.83000343292952,-1.09439408222997,True,K562_region_00485
f99274b7f686d40f602fd24137451693eb4aaed0f22fbf0c333c79fe6fff97e7,-270.7764553427696,0.008662329466349,False,K562_region_00084
f9a32e8c246ad8084a5fa14b24f521a35252d86416602db5fbb252f858e35b8a,-261.42519119381905,0.130582392810076,False,K562_region_01401
f9a9f620c27dbbc0a3e417252394c9b5cfbd9ce4fd67e421c4e3cf30f56b9664,-242.98352459818125,2.25003326065331,True,K562_region_01450
f9c8d9abbf507d5876281f6b08297690b4855299306386038f46a3f5f03d00e3,-266.97231228649616,-0.224840459874781,False,K562_region_00804
f9ddacf62946f41982a8745a5e1889a71a89fe129037dacaddd3e61519c47d4e,-272.5784545838833,-0.381857620663463,False,K562_region_00278
fa056c736f2219af9ec9938c3b8a44bdef252f0c40e9102fb7907ac6ac821465,-274.72412887215614,2.7308218392895,True,K562_region_00509
fa0f730c38e16e9e6317a2f688aee90d9b6af91123e7220d559a918629f47031,-106.09119092999026,0.417678956857337,False,K562_region_01840
fa12c4cdd2f3b50e174eb724fa9267b197600e2d71c5f39aff73109804e7f7ae,-234.58971229288727,0.395905176989282,False,K562_region_01143
fa3c9b7f798ffc664549afcc6dacccbddcba92bf47643c48c1cecf64b70e336f,-266.49833568930626,-0.0660208062426008,False,K562_region_00127
fa6d4956a2f185338af8a6f6af2400cbd9dee4d9971177738499660480ca3488,-270.9524217247963,1.55622434880838,True,K562_region_01576
fabff79363c0c128a8cba4ae06ccbdcce73a797665ed128beb38e3c235704fc1,-270.37862902879715,0.797514424841649,False,K562_region_00668
faffcfa5d3444e8ccb1c0e81c2792644b39e6b682f48292c28e9a4d736a7aead,-258.4820211455226,0.0666619334532066,False,K562_region_01138
fb0ddc13e203268c9ce840adb891d5b70cc84e0d8091e3dddda1a37f7464b052,-230.02667059004307,0.721666606650088,False,K562_region_00440
fb0f82492093b46ed7356e59ed1b700b104b1aa0f526300e4e2b6a6b439312fd,-252.9632203131914,1.65780225404833,True,K562_region_01672
fb2aa029d55e29874cd63b2c17182845870f4526e13a0789d6b57aa7c3a77ea8,-159.97426709532738,0.707799931987813,False,K562_region_01908
fb2f27c7ffd591351d140624f0c3829b117f7c65ac19b5c2de95e7c57c024b1d,-271.41686061024666,0.905712396241215,False,K562_region_00254
fb3882197a60c6e3875d76d11b831f03e2b0262ca4e1450938fc09a506425d1d,-201.24101146822795,0.48050800244765,False,K562_region_00831
fb5c0bc8970a731f94afeb80cd12acb87d7fe6baee6acf6485675f2ebbd24150,-223.9349573589861,-0.151040779409293,False,K562_region_00761
fb5d1903af796d0b47e58990b4a9b895e2c8f640cf094233a1e9f9cb65aa9da1,-267.016036093235,0.904908319654247,False,K562_region_01213
fb712292f7820049584b8b2b958926106890e4d40283f8ad880b65637358f80c,-258.29405499994755,0.960782040394066,False,K562_region_02108
fbc61062d9b1a2516f880b16b9dcc754cee4aea716c9e6531d1fbd33fa183338,-260.533826649189,1.02180267121624,True,K562_region_01982
fbcf8a1e889c8d0935cd6045a433700732cb3e227ac003762e4806fb5e2ba549,-264.0699270963669,0.102154384103086,False,K562_region_01762
fbf9e1774d5f8762785b0d4e4094b2780c90cceecdc913afa05b135433491da1,-268.6799801290035,-0.102214925433537,False,K562_region_00909
fc2551706c3b7e1cf4ee59026e9b67f48b273560dd4d7a653c8b78d96dd60dfe,-271.4427885711193,-0.190130026142517,False,K562_region_02163
fc3404e9b5b5443e71841e6a97dd0418e59d79a125862bc4d50d42f62525f0ab,-257.2756137261167,6.56974519354346,True,K562_region_01715
fc4128d1528a7ae7c41d2157ebc426a4fbc4a2f10d8dd07d02199af0c2f52aeb,-269.7907109260559,-0.0044034698601035,False,K562_region_01834
fc4cd958f2c0f9258d7c2df529f6c932e3df7573b74db30b9d3481ed79b2ec5c,-109.90689787920564,-0.375361228367895,False,K562_region_00970
fc898111c5edf76a234673bf3bee910c985c6035c289c869be2ac2fdf94e8e10,-229.11400466784835,0.415807798897603,False,K562_region_01363
fc9d4fd120a595e623d615871263db68e8f1738057d22c3556efbcc64af68524,-221.73266798898112,2.8128353772209,True,K562_region_00501
fcd29d3f9e2ad10bcbe61802c3ab76349a360cdb4f9453395ccbd373715daad1,-266.32229578495026,0.0645424588119787,False,K562_region_00524
fd18ba81877cb39f43d6b97369e04dac9b43b767fcbc14d6f74b8d1e91e7ef6b,-260.8541541993618,0.71026346716204,False,K562_region_02110
fd3094b043918324d94808b38958ae9ae180c07f997ed7625025d50f197a3cbe,-274.9864914119244,3.10583505564435,True,K562_region_00543
fd3148e301085eb6291c6d427f34cf2924c10f3af04a45b103996c1816832965,-225.57208886742592,-0.673867213837508,False,K562_region_00162
fd56556537a5babf10e0fc070f209b6d59d738df73f9fc6afbc7c5238999c7db,-217.22144859470427,0.360708550124088,False,K562_region_01225
fd596d410796fab13c058d75e06357f21687a3ee9606be528c30a68379a285d3,-261.7610754296184,1.00241225868925,True,K562_region_01336
fd5e6ecf9bd5bf13ba22c92c309b33d41bb66b32b9f3afcacd1c52594d807f57,-269.0565565377474,0.1718468593939,False,K562_region_00130
fd7294362ef4a476c6037e5ba88477f507ce3c076bd7816869e6cba0c6c9b9e2,-263.5243631005287,0.0934055559833835,False,K562_region_00135
fd94b62a2f821eaf6cd5022e810b926f95a1d3afbcad6d4c35fcf26569bd5e61,-154.70528014050797,1.1824904528747,True,K562_region_00016
fd9864a6767e413e646477c32f7430bf549dd833cf6bf46c7b3fab0459f6e8b2,-257.2173304706812,3.72520173070891,True,K562_region_01705
fd9e709209271487dca370a402b5658ce15f492f21fc285a475fb8379f2bd11f,-150.69525829795748,0.312240373147116,False,K562_region_01307
fdae50ee70766d68bcc13bc1b598a27ec19917250734e505aaf64f70b7a0be0c,-257.52492236346006,0.239872063157766,False,K562_region_01299
fe1b9efbaab881fd429a9e4df1a33a17b050f031db2ea9490090085bbef05cfd,-255.24517852067947,0.413028499700627,False,K562_region_01429
fe34f8d884cc4c79c858192f7f5024890a8b57f64febcdcbba34c5f832ef0bd6,-275.03165474534035,0.73721958460935,False,K562_region_00219
fe3dbd669f5bd198184c082df2b56daf3f18e7b18c29859070055af0abfcc157,-270.0021757185459,5.93468635073149,True,K562_region_01763
fe71c6ed8f0b8904be627aad3fac10d74e6b7c9d28515a72f49f39eae9915756,-273.842839628458,0.602402891552603,False,K562_region_01646
fe79d34f6941e8d56b65502fa9f66c350275383239b47ad31d6b315ceb5ac626,-277.9899031370878,0.244951285254412,False,K562_region_00078
fe7aaf7dc35a893f4e7f267f6266f95b500d5b4b4605dfd64b72be8e3f664d21,-224.81091474369168,2.18936326674947,True,K562_region_00896
fe979d879ab0a21ec3210ac73f0c719d5d51e3954ada27ed926958dbbde2b84e,-131.73665128089488,0.611968027856105,False,K562_region_00055
fe9cb0027b99d06651b7fbe1acbb3b3e8142139bf0fcf015cd638b38b75b2694,-209.3815625308198,1.10152360082242,True,K562_region_00102
fe9fac0a902cd47723969258187e02172a4a5273cdfd61503452ddda45166b89,-265.8298904299736,-0.0211637091250617,False,K562_region_02187
fea8c1ebc3e1217c00605824c2a0aded8e72b58fa0b73e32d471f4afcb2f100b,-202.93973320908844,3.81975059315835,True,K562_region_01728
fec466d680f7f3b80aa4da971830fcf4d68711212664d5df6f20ebc10044602b,-213.8671995550394,-0.206753572785315,False,K562_region_00362
fee6e542b751fbf70e71551e7bbeeef32a6c3e8d51165483808f899d374b8bc7,-227.08632225322071,1.10560471501693,True,K562_region_00545
ff0e2a299be89f7c082c3a51407bf63f2f34ba001909791f57246b99d4838917,-259.15947458148,0.5452541379025,False,K562_region_00575
ff1bd21a376e5b1af663008acac40fe603a4e228c3ed34b37fa118f87e0ada10,-266.451025724411,0.252720944289835,False,K562_region_01689
ff7a4d25dbb4b511e8f4c62dd449cab14be6423303d820281eadf13c44db8da6,-241.30935302376747,0.441955953450825,False,K562_region_00211
ff7ff24bfb595a68a3ef1781bd4b20159898d93e56d52abad1e5409b648d5b4e,-273.85841485857964,0.433471033400018,False,K562_region_01331
ffb52602e399b033c9e73682f02e3cb596a4e3fa32dbf70d0a4c47f6ce231f15,-268.7006637454033,-0.0106305746470771,False,K562_region_02034
ffc798b600718dd13609fab8f3965976c89fabe9491a9ae26a6a7017068eeb6e,-117.03617731342092,0.788808166986982,False,K562_region_00990
fff2fe533e5e908268a51667ba8894d6d23fdabfc4cca910cad30df5979393de,-266.85283264517784,-0.131053664413975,False,K562_region_02233
fffe1b523977e3373ab3aff64064bf31d43ea7a46ba6945a082fb2addb7cb17c,-259.7920400798321,0.792049612684705,False,K562_region_01433
